STRUCTURE,STRUCTURE_ID,ACTION,FREQ,REF_AREA,GEO,ESTIMATION,INDICATOR,SEX,AGE,URBANISATION,COMP_BREAKDOWN_1,COMP_BREAKDOWN_2,COMP_BREAKDOWN_3,COMP_BREAKDOWN_4,COMP_BREAKDOWN_5,MEASURE_QUAL_1,MEASURE_QUAL_2,MEASURE_QUAL_3,MEASURE_QUAL_4,MEASURE_QUAL_5,TIME_PERIOD,OBS_VALUE,STD_ERR,CI_LOWER,CI_UPPER,N_OBS,N_POP,N_OBS_NUM,DEFF,DF,SERIES_ID,UNIT_MEASURE,PRECISION,OBS_STATUS,SOURCE_ID,OBS_COMMENT
dataflow,WB.AFW360:AFW360_HH(0.3.0),R,A,SEN,SN01,SURVEY,AGR_CULTIVATES,_Z,_Z,_T,_T,_T,_T,_T,_T,_Z,_Z,_Z,_Z,_Z,2021,0.01,,,,,,,,,AGR_CULTIVATES,SHARE,0.01,A,SEN_EHCVM2021_LEGACY_v1,
dataflow,WB.AFW360:AFW360_HH(0.3.0),R,A,SEN,SN01,SURVEY,AGR_CULT_AREA,_Z,_Z,_T,_T,_T,_T,_T,_T,_Z,_Z,_Z,_Z,_Z,2021,0.66,,,,,,,,,AGR_CULT_AREA,HA,0.01,A,SEN_EHCVM2021_LEGACY_v1,
dataflow,WB.AFW360:AFW360_HH(0.3.0),R,A,SEN,SN01,SURVEY,AGR_LIVESTOCK_ANY,_Z,_Z,_T,_T,_T,_T,_T,_T,_Z,_Z,_Z,_Z,_Z,2021,0.26,,,,,,,,,AGR_LIVESTOCK_ANY,SHARE,0.01,A,SEN_EHCVM2021_LEGACY_v1,
dataflow,WB.AFW360:AFW360_HH(0.3.0),R,A,SEN,SN01,SURVEY,AGR_TLU,_Z,_Z,_T,_T,_T,_T,_T,_T,_Z,_Z,_Z,_Z,_Z,2021,0.18,,,,,,,,,AGR_TLU,TLU,0.01,A,SEN_EHCVM2021_LEGACY_v1,
dataflow,WB.AFW360:AFW360_HH(0.3.0),R,A,SEN,SN01,SURVEY,CONS_SH,_Z,_Z,_T,_T,_T,_T,_T,_T,COICOP_CP01,ACQ_OWNPROD,_Z,_Z,_Z,2021,0,,,,,,,,,CONS_SH.COICOP_CP01.ACQ_OWNPROD,SHARE,0.01,A,SEN_EHCVM2021_LEGACY_v1,
dataflow,WB.AFW360:AFW360_HH(0.3.0),R,A,SEN,SN01,SURVEY,CONS_SH,_Z,_Z,_T,_T,_T,_T,_T,_T,COICOP_CP01,ACQ_PURCH,_Z,_Z,_Z,2021,0.31,,,,,,,,,CONS_SH.COICOP_CP01.ACQ_PURCH,SHARE,0.01,A,SEN_EHCVM2021_LEGACY_v1,
dataflow,WB.AFW360:AFW360_HH(0.3.0),R,A,SEN,SN01,SURVEY,CONS_SH,_Z,_Z,_T,_T,_T,_T,_T,_T,COICOP_CP01,_Z,_Z,_Z,_Z,2021,0.33,,,,,,,,,CONS_SH.COICOP_CP01,SHARE,0.01,A,SEN_EHCVM2021_LEGACY_v1,
dataflow,WB.AFW360:AFW360_HH(0.3.0),R,A,SEN,SN01,SURVEY,CONS_SH,_Z,_Z,_T,_T,_T,_T,_T,_T,COICOP_CP02,_Z,_Z,_Z,_Z,2021,0,,,,,,,,,CONS_SH.COICOP_CP02,SHARE,0.01,A,SEN_EHCVM2021_LEGACY_v1,
dataflow,WB.AFW360:AFW360_HH(0.3.0),R,A,SEN,SN01,SURVEY,CONS_SH,_Z,_Z,_T,_T,_T,_T,_T,_T,COICOP_CP03,_Z,_Z,_Z,_Z,2021,0.05,,,,,,,,,CONS_SH.COICOP_CP03,SHARE,0.01,A,SEN_EHCVM2021_LEGACY_v1,
dataflow,WB.AFW360:AFW360_HH(0.3.0),R,A,SEN,SN01,SURVEY,CONS_SH,_Z,_Z,_T,_T,_T,_T,_T,_T,COICOP_CP04,_Z,_Z,_Z,_Z,2021,0.19,,,,,,,,,CONS_SH.COICOP_CP04,SHARE,0.01,A,SEN_EHCVM2021_LEGACY_v1,
dataflow,WB.AFW360:AFW360_HH(0.3.0),R,A,SEN,SN01,SURVEY,CONS_SH,_Z,_Z,_T,_T,_T,_T,_T,_T,COICOP_CP05,_Z,_Z,_Z,_Z,2021,0.06,,,,,,,,,CONS_SH.COICOP_CP05,SHARE,0.01,A,SEN_EHCVM2021_LEGACY_v1,
dataflow,WB.AFW360:AFW360_HH(0.3.0),R,A,SEN,SN01,SURVEY,CONS_SH,_Z,_Z,_T,_T,_T,_T,_T,_T,COICOP_CP06,_Z,_Z,_Z,_Z,2021,0.03,,,,,,,,,CONS_SH.COICOP_CP06,SHARE,0.01,A,SEN_EHCVM2021_LEGACY_v1,
dataflow,WB.AFW360:AFW360_HH(0.3.0),R,A,SEN,SN01,SURVEY,CONS_SH,_Z,_Z,_T,_T,_T,_T,_T,_T,COICOP_CP07,_Z,_Z,_Z,_Z,2021,0.05,,,,,,,,,CONS_SH.COICOP_CP07,SHARE,0.01,A,SEN_EHCVM2021_LEGACY_v1,
dataflow,WB.AFW360:AFW360_HH(0.3.0),R,A,SEN,SN01,SURVEY,CONS_SH,_Z,_Z,_T,_T,_T,_T,_T,_T,COICOP_CP08,_Z,_Z,_Z,_Z,2021,0.07,,,,,,,,,CONS_SH.COICOP_CP08,SHARE,0.01,A,SEN_EHCVM2021_LEGACY_v1,
dataflow,WB.AFW360:AFW360_HH(0.3.0),R,A,SEN,SN01,SURVEY,CONS_SH,_Z,_Z,_T,_T,_T,_T,_T,_T,COICOP_CP09,_Z,_Z,_Z,_Z,2021,0,,,,,,,,,CONS_SH.COICOP_CP09,SHARE,0.01,A,SEN_EHCVM2021_LEGACY_v1,
dataflow,WB.AFW360:AFW360_HH(0.3.0),R,A,SEN,SN01,SURVEY,CONS_SH,_Z,_Z,_T,_T,_T,_T,_T,_T,COICOP_CP10,_Z,_Z,_Z,_Z,2021,0.03,,,,,,,,,CONS_SH.COICOP_CP10,SHARE,0.01,A,SEN_EHCVM2021_LEGACY_v1,
dataflow,WB.AFW360:AFW360_HH(0.3.0),R,A,SEN,SN01,SURVEY,CONS_SH,_Z,_Z,_T,_T,_T,_T,_T,_T,COICOP_CP11,_Z,_Z,_Z,_Z,2021,0.15,,,,,,,,,CONS_SH.COICOP_CP11,SHARE,0.01,A,SEN_EHCVM2021_LEGACY_v1,
dataflow,WB.AFW360:AFW360_HH(0.3.0),R,A,SEN,SN01,SURVEY,CONS_SH,_Z,_Z,_T,_T,_T,_T,_T,_T,COICOP_CP12,_Z,_Z,_Z,_Z,2021,0,,,,,,,,,CONS_SH.COICOP_CP12,SHARE,0.01,A,SEN_EHCVM2021_LEGACY_v1,
dataflow,WB.AFW360:AFW360_HH(0.3.0),R,A,SEN,SN01,SURVEY,CONS_SH,_Z,_Z,_T,_T,_T,_T,_T,_T,COICOP_CP13,_Z,_Z,_Z,_Z,2021,0.03,,,,,,,,,CONS_SH.COICOP_CP13,SHARE,0.01,A,SEN_EHCVM2021_LEGACY_v1,
dataflow,WB.AFW360:AFW360_HH(0.3.0),R,A,SEN,SN01,SURVEY,EN_ASSET_AC,_Z,_Z,_T,_T,_T,_T,_T,_T,_Z,_Z,_Z,_Z,_Z,2021,0.02,,,,,,,,,EN_ASSET_AC,SHARE,0.01,A,SEN_EHCVM2021_LEGACY_v1,
dataflow,WB.AFW360:AFW360_HH(0.3.0),R,A,SEN,SN01,SURVEY,EN_ASSET_COOKER,_Z,_Z,_T,_T,_T,_T,_T,_T,_Z,_Z,_Z,_Z,_Z,2021,0.14,,,,,,,,,EN_ASSET_COOKER,SHARE,0.01,A,SEN_EHCVM2021_LEGACY_v1,
dataflow,WB.AFW360:AFW360_HH(0.3.0),R,A,SEN,SN01,SURVEY,EN_ASSET_FAN,_Z,_Z,_T,_T,_T,_T,_T,_T,_Z,_Z,_Z,_Z,_Z,2021,0.03,,,,,,,,,EN_ASSET_FAN,SHARE,0.01,A,SEN_EHCVM2021_LEGACY_v1,
dataflow,WB.AFW360:AFW360_HH(0.3.0),R,A,SEN,SN01,SURVEY,EN_ASSET_WATER_HEATER,_Z,_Z,_T,_T,_T,_T,_T,_T,_Z,_Z,_Z,_Z,_Z,2021,0.03,,,,,,,,,EN_ASSET_WATER_HEATER,SHARE,0.01,A,SEN_EHCVM2021_LEGACY_v1,
dataflow,WB.AFW360:AFW360_HH(0.3.0),R,A,SEN,SN01,SURVEY,EN_COOK_BIOMASS,_Z,_Z,_T,_T,_T,_T,_T,_T,_Z,_Z,_Z,_Z,_Z,2021,0.26,,,,,,,,,EN_COOK_BIOMASS,SHARE,0.01,A,SEN_EHCVM2021_LEGACY_v1,
dataflow,WB.AFW360:AFW360_HH(0.3.0),R,A,SEN,SN01,SURVEY,EN_COOK_CLEAN,_Z,_Z,_T,_T,_T,_T,_T,_T,_Z,_Z,_Z,_Z,_Z,2021,0.6,,,,,,,,,EN_COOK_CLEAN,SHARE,0.01,A,SEN_EHCVM2021_LEGACY_v1,LEGACY_SUSPECT: Implausible pattern: higher in Rural and Q1 than in Capital and Q4.
dataflow,WB.AFW360:AFW360_HH(0.3.0),R,A,SEN,SN01,SURVEY,EN_ELEC_ACCESS,_Z,_Z,_T,_T,_T,_T,_T,_T,_Z,_Z,_Z,_Z,_Z,2021,0.97,,,,,,,,,EN_ELEC_ACCESS,SHARE,0.01,A,SEN_EHCVM2021_LEGACY_v1,
dataflow,WB.AFW360:AFW360_HH(0.3.0),R,A,SEN,SN01,SURVEY,EN_ELEC_INFORMAL,_Z,_Z,_T,_T,_T,_T,_T,_T,_Z,_Z,_Z,_Z,_Z,2021,0.01,,,,,,,,,EN_ELEC_INFORMAL,SHARE,0.01,A,SEN_EHCVM2021_LEGACY_v1,
dataflow,WB.AFW360:AFW360_HH(0.3.0),R,A,SEN,SN01,SURVEY,EN_ELEC_SPEND,_Z,_Z,_T,_T,_T,_T,_T,_T,_Z,_Z,_Z,_Z,_Z,2021,10796.67,,,,,,,,,EN_ELEC_SPEND,XOF,0.01,A,SEN_EHCVM2021_LEGACY_v1,
dataflow,WB.AFW360:AFW360_HH(0.3.0),R,A,SEN,SN01,SURVEY,EN_GRID_CONN,_Z,_Z,_T,_T,_T,_T,_T,_T,_Z,_Z,_Z,_Z,_Z,2021,0.99,,,,,,,,,EN_GRID_CONN,SHARE,0.01,A,SEN_EHCVM2021_LEGACY_v1,"LEGACY_SUSPECT: Implausible: 0.96-1.00 in every cell, including Q1 and Rural."
dataflow,WB.AFW360:AFW360_HH(0.3.0),R,A,SEN,SN01,SURVEY,EN_GRID_USE,_Z,_Z,_T,_T,_T,_T,_T,_T,_Z,_Z,_Z,_Z,_Z,2021,0.95,,,,,,,,,EN_GRID_USE,SHARE,0.01,A,SEN_EHCVM2021_LEGACY_v1,
dataflow,WB.AFW360:AFW360_HH(0.3.0),R,A,SEN,SN01,SURVEY,EN_LIGHT_IMPROVED,_Z,_Z,_T,_T,_T,_T,_T,_T,_Z,_Z,_Z,_Z,_Z,2021,1,,,,,,,,,EN_LIGHT_IMPROVED,SHARE,0.01,A,SEN_EHCVM2021_LEGACY_v1,
dataflow,WB.AFW360:AFW360_HH(0.3.0),R,A,SEN,SN01,SURVEY,EN_OFFGRID_USE,_Z,_Z,_T,_T,_T,_T,_T,_T,_Z,_Z,_Z,_Z,_Z,2021,0.04,,,,,,,,,EN_OFFGRID_USE,SHARE,0.01,A,SEN_EHCVM2021_LEGACY_v1,
dataflow,WB.AFW360:AFW360_HH(0.3.0),R,A,SEN,SN01,SURVEY,EN_OUTAGE_ANY,_Z,_Z,_T,_T,_T,_T,_T,_T,_Z,_Z,_Z,_Z,_Z,2021,0.37,,,,,,,,,EN_OUTAGE_ANY,SHARE,0.01,A,SEN_EHCVM2021_LEGACY_v1,
dataflow,WB.AFW360:AFW360_HH(0.3.0),R,A,SEN,SN01,SURVEY,EN_OUTAGE_DAYS,_Z,_Z,_T,_T,_T,_T,_T,_T,_Z,_Z,_Z,_Z,_Z,2021,2.72,,,,,,,,,EN_OUTAGE_DAYS,DAY,0.01,A,SEN_EHCVM2021_LEGACY_v1,
dataflow,WB.AFW360:AFW360_HH(0.3.0),R,A,SEN,SN01,SURVEY,EN_OUTAGE_DUR_CODE,_Z,_Z,_T,_T,_T,_T,_T,_T,_Z,_Z,_Z,_Z,_Z,2021,1.78,,,,,,,,,EN_OUTAGE_DUR_CODE,INDEX,0.01,A,SEN_EHCVM2021_LEGACY_v1,
dataflow,WB.AFW360:AFW360_HH(0.3.0),R,A,SEN,SN01,SURVEY,EN_PREPAID_METER,_Z,_Z,_T,_T,_T,_T,_T,_T,_Z,_Z,_Z,_Z,_Z,2021,0.49,,,,,,,,,EN_PREPAID_METER,SHARE,0.01,A,SEN_EHCVM2021_LEGACY_v1,
dataflow,WB.AFW360:AFW360_HH(0.3.0),R,A,SEN,SN01,SURVEY,HE_ACCOUNTS,_Z,_Z,_T,_T,_T,_T,_T,_T,_Z,_Z,_Z,_Z,_Z,2021,0.01,,,,,,,,,HE_ACCOUNTS,SHARE,0.01,A,SEN_EHCVM2021_LEGACY_v1,
dataflow,WB.AFW360:AFW360_HH(0.3.0),R,A,SEN,SN01,SURVEY,HE_AGE,_Z,_Z,_T,_T,_T,_T,_T,_T,_Z,_Z,_Z,_Z,_Z,2021,10.9,,,,,,,,,HE_AGE,YEAR,0.01,A,SEN_EHCVM2021_LEGACY_v1,
dataflow,WB.AFW360:AFW360_HH(0.3.0),R,A,SEN,SN01,SURVEY,HE_BUY_FIRMS,_Z,_Z,_T,_T,_T,_T,_T,_T,_Z,_Z,_Z,_Z,_Z,2021,0.23,,,,,,,,,HE_BUY_FIRMS,SHARE,0.01,A,SEN_EHCVM2021_LEGACY_v1,
dataflow,WB.AFW360:AFW360_HH(0.3.0),R,A,SEN,SN01,SURVEY,HE_CAPITAL,_Z,_Z,_T,_T,_T,_T,_T,_T,_Z,_Z,_Z,_Z,_Z,2021,3072975.7200000002,,,,,,,,,HE_CAPITAL,XOF,0.01,A,SEN_EHCVM2021_LEGACY_v1,
dataflow,WB.AFW360:AFW360_HH(0.3.0),R,A,SEN,SN01,SURVEY,HE_COSTS,_Z,_Z,_T,_T,_T,_T,_T,_T,_Z,_Z,_Z,_Z,_Z,2021,100619.09,,,,,,,,,HE_COSTS,XOF,0.01,A,SEN_EHCVM2021_LEGACY_v1,
dataflow,WB.AFW360:AFW360_HH(0.3.0),R,A,SEN,SN01,SURVEY,HE_CREDIT_ANY,_Z,_Z,_T,_T,_T,_T,_T,_T,_Z,_Z,_Z,_Z,_Z,2021,0.14,,,,,,,,,HE_CREDIT_ANY,SHARE,0.01,A,SEN_EHCVM2021_LEGACY_v1,
dataflow,WB.AFW360:AFW360_HH(0.3.0),R,A,SEN,SN01,SURVEY,HE_CREDIT_FORMAL,_Z,_Z,_T,_T,_T,_T,_T,_T,_Z,_Z,_Z,_Z,_Z,2021,0,,,,,,,,,HE_CREDIT_FORMAL,SHARE,0.01,A,SEN_EHCVM2021_LEGACY_v1,
dataflow,WB.AFW360:AFW360_HH(0.3.0),R,A,SEN,SN01,SURVEY,HE_CREDIT_INFORMAL,_Z,_Z,_T,_T,_T,_T,_T,_T,_Z,_Z,_Z,_Z,_Z,2021,0.14,,,,,,,,,HE_CREDIT_INFORMAL,SHARE,0.01,A,SEN_EHCVM2021_LEGACY_v1,
dataflow,WB.AFW360:AFW360_HH(0.3.0),R,A,SEN,SN01,SURVEY,HE_ELEC,_Z,_Z,_T,_T,_T,_T,_T,_T,_Z,_Z,_Z,_Z,_Z,2021,0.62,,,,,,,,,HE_ELEC,SHARE,0.01,A,SEN_EHCVM2021_LEGACY_v1,
dataflow,WB.AFW360:AFW360_HH(0.3.0),R,A,SEN,SN01,SURVEY,HE_EMP_EXT_ANY,_Z,_Z,_T,_T,_T,_T,_T,_T,_Z,_Z,_Z,_Z,_Z,2021,0.9,,,,,,,,,HE_EMP_EXT_ANY,SHARE,0.01,A,SEN_EHCVM2021_LEGACY_v1,LEGACY_SUSPECT: Implausible: share 0.96 while mean non-HH employees is 0.54.
dataflow,WB.AFW360:AFW360_HH(0.3.0),R,A,SEN,SN01,SURVEY,HE_EMP_HH_NUM,_Z,_Z,_T,_T,_T,_T,_T,_T,_Z,_Z,_Z,_Z,_Z,2021,0.27,,,,,,,,,HE_EMP_HH_NUM,PERSON,0.01,A,SEN_EHCVM2021_LEGACY_v1,
dataflow,WB.AFW360:AFW360_HH(0.3.0),R,A,SEN,SN01,SURVEY,HE_EMP_NONHH_NUM,_Z,_Z,_T,_T,_T,_T,_T,_T,_Z,_Z,_Z,_Z,_Z,2021,1.07,,,,,,,,,HE_EMP_NONHH_NUM,PERSON,0.01,A,SEN_EHCVM2021_LEGACY_v1,
dataflow,WB.AFW360:AFW360_HH(0.3.0),R,A,SEN,SN01,SURVEY,HE_EMP_NUM,_Z,_Z,_T,_T,_T,_T,_T,_T,_Z,_Z,_Z,_Z,_Z,2021,1.81,,,,,,,,,HE_EMP_NUM,PERSON,0.01,A,SEN_EHCVM2021_LEGACY_v1,
dataflow,WB.AFW360:AFW360_HH(0.3.0),R,A,SEN,SN01,SURVEY,HE_HH_OWNER,_Z,_Z,_T,_T,_T,_T,_T,_T,_Z,_Z,_Z,_Z,_Z,2021,0.7,,,,,,,,,HE_HH_OWNER,SHARE,0.01,A,SEN_EHCVM2021_LEGACY_v1,
dataflow,WB.AFW360:AFW360_HH(0.3.0),R,A,SEN,SN01,SURVEY,HE_HOME_BASED,_Z,_Z,_T,_T,_T,_T,_T,_T,_Z,_Z,_Z,_Z,_Z,2021,0.18,,,,,,,,,HE_HOME_BASED,SHARE,0.01,A,SEN_EHCVM2021_LEGACY_v1,
dataflow,WB.AFW360:AFW360_HH(0.3.0),R,A,SEN,SN01,SURVEY,HE_PHONE,_Z,_Z,_T,_T,_T,_T,_T,_T,_Z,_Z,_Z,_Z,_Z,2021,1,,,,,,,,,HE_PHONE,SHARE,0.01,A,SEN_EHCVM2021_LEGACY_v1,
dataflow,WB.AFW360:AFW360_HH(0.3.0),R,A,SEN,SN01,SURVEY,HE_PREMISES_FORMAL,_Z,_Z,_T,_T,_T,_T,_T,_T,_Z,_Z,_Z,_Z,_Z,2021,0.62,,,,,,,,,HE_PREMISES_FORMAL,SHARE,0.01,A,SEN_EHCVM2021_LEGACY_v1,
dataflow,WB.AFW360:AFW360_HH(0.3.0),R,A,SEN,SN01,SURVEY,HE_PROFIT,_Z,_Z,_T,_T,_T,_T,_T,_T,_Z,_Z,_Z,_Z,_Z,2021,128498.37,,,,,,,,,HE_PROFIT,XOF,0.01,A,SEN_EHCVM2021_LEGACY_v1,
dataflow,WB.AFW360:AFW360_HH(0.3.0),R,A,SEN,SN01,SURVEY,HE_RENT,_Z,_Z,_T,_T,_T,_T,_T,_T,_Z,_Z,_Z,_Z,_Z,2021,0.73,,,,,,,,,HE_RENT,SHARE,0.01,A,SEN_EHCVM2021_LEGACY_v1,
dataflow,WB.AFW360:AFW360_HH(0.3.0),R,A,SEN,SN01,SURVEY,HE_REV_PER_WORKER,_Z,_Z,_T,_T,_T,_T,_T,_T,_Z,_Z,_Z,_Z,_Z,2021,313096.07,,,,,,,,,HE_REV_PER_WORKER,XOF,0.01,A,SEN_EHCVM2021_LEGACY_v1,
dataflow,WB.AFW360:AFW360_HH(0.3.0),R,A,SEN,SN01,SURVEY,HE_SELL_FIRMS,_Z,_Z,_T,_T,_T,_T,_T,_T,_Z,_Z,_Z,_Z,_Z,2021,0,,,,,,,,,HE_SELL_FIRMS,SHARE,0.01,A,SEN_EHCVM2021_LEGACY_v1,
dataflow,WB.AFW360:AFW360_HH(0.3.0),R,A,SEN,SN01,SURVEY,HE_TAX_ID,_Z,_Z,_T,_T,_T,_T,_T,_T,_Z,_Z,_Z,_Z,_Z,2021,0.02,,,,,,,,,HE_TAX_ID,SHARE,0.01,A,SEN_EHCVM2021_LEGACY_v1,
dataflow,WB.AFW360:AFW360_HH(0.3.0),R,A,SEN,SN01,SURVEY,HE_WATER,_Z,_Z,_T,_T,_T,_T,_T,_T,_Z,_Z,_Z,_Z,_Z,2021,0.33,,,,,,,,,HE_WATER,SHARE,0.01,A,SEN_EHCVM2021_LEGACY_v1,
dataflow,WB.AFW360:AFW360_HH(0.3.0),R,A,SEN,SN01,SURVEY,HOUS_FLOOR_DURABLE,_Z,_Z,_T,_T,_T,_T,_T,_T,_Z,_Z,_Z,_Z,_Z,2021,0.96,,,,,,,,,HOUS_FLOOR_DURABLE,SHARE,0.01,A,SEN_EHCVM2021_LEGACY_v1,
dataflow,WB.AFW360:AFW360_HH(0.3.0),R,A,SEN,SN01,SURVEY,HOUS_ROOF_DURABLE,_Z,_Z,_T,_T,_T,_T,_T,_T,_Z,_Z,_Z,_Z,_Z,2021,0.99,,,,,,,,,HOUS_ROOF_DURABLE,SHARE,0.01,A,SEN_EHCVM2021_LEGACY_v1,
dataflow,WB.AFW360:AFW360_HH(0.3.0),R,A,SEN,SN01,SURVEY,HOUS_SANIT_IMPROVED,_Z,_Z,_T,_T,_T,_T,_T,_T,_Z,_Z,_Z,_Z,_Z,2021,0.95,,,,,,,,,HOUS_SANIT_IMPROVED,SHARE,0.01,A,SEN_EHCVM2021_LEGACY_v1,
dataflow,WB.AFW360:AFW360_HH(0.3.0),R,A,SEN,SN01,SURVEY,HOUS_WALL_DURABLE,_Z,_Z,_T,_T,_T,_T,_T,_T,_Z,_Z,_Z,_Z,_Z,2021,0.99,,,,,,,,,HOUS_WALL_DURABLE,SHARE,0.01,A,SEN_EHCVM2021_LEGACY_v1,
dataflow,WB.AFW360:AFW360_HH(0.3.0),R,A,SEN,SN01,SURVEY,HOUS_WATER_SAFE_DRY,_Z,_Z,_T,_T,_T,_T,_T,_T,_Z,_Z,_Z,_Z,_Z,2021,0.98,,,,,,,,,HOUS_WATER_SAFE_DRY,SHARE,0.01,A,SEN_EHCVM2021_LEGACY_v1,
dataflow,WB.AFW360:AFW360_HH(0.3.0),R,A,SEN,SN01,SURVEY,POP_HE_SH,_Z,_Z,_T,HEO_MSTAT_MARRIED,_T,_T,_T,_T,_Z,_Z,_Z,_Z,_Z,2021,0.92,,,,,,,,,POP_HE_SH.HEO_MSTAT_MARRIED,SHARE,0.01,A,SEN_EHCVM2021_LEGACY_v1,
dataflow,WB.AFW360:AFW360_HH(0.3.0),R,A,SEN,SN01,SURVEY,POP_HE_SH,_Z,_Z,_T,HEO_SEX_F,_T,_T,_T,_T,_Z,_Z,_Z,_Z,_Z,2021,0.36,,,,,,,,,POP_HE_SH.HEO_SEX_F,SHARE,0.01,A,SEN_EHCVM2021_LEGACY_v1,
dataflow,WB.AFW360:AFW360_HH(0.3.0),R,A,SEN,SN01,SURVEY,POP_HH_SH,_Z,_Z,_T,HE_COUNT_0,_T,_T,_T,_T,_Z,_Z,_Z,_Z,_Z,2021,0.41,,,,,,,,,POP_HH_SH.HE_COUNT_0,SHARE,0.01,A,SEN_EHCVM2021_LEGACY_v1,
dataflow,WB.AFW360:AFW360_HH(0.3.0),R,A,SEN,SN01,SURVEY,POP_HH_SH,_Z,_Z,_T,HE_COUNT_1,_T,_T,_T,_T,_Z,_Z,_Z,_Z,_Z,2021,0.57,,,,,,,,,POP_HH_SH.HE_COUNT_1,SHARE,0.01,A,SEN_EHCVM2021_LEGACY_v1,
dataflow,WB.AFW360:AFW360_HH(0.3.0),R,A,SEN,SN01,SURVEY,POP_HH_SH,_Z,_Z,_T,HE_COUNT_2,_T,_T,_T,_T,_Z,_Z,_Z,_Z,_Z,2021,0,,,,,,,,,POP_HH_SH.HE_COUNT_2,SHARE,0.01,A,SEN_EHCVM2021_LEGACY_v1,
dataflow,WB.AFW360:AFW360_HH(0.3.0),R,A,SEN,SN01,SURVEY,POP_HH_SH,_Z,_Z,_T,HE_COUNT_3,_T,_T,_T,_T,_Z,_Z,_Z,_Z,_Z,2021,0.01,,,,,,,,,POP_HH_SH.HE_COUNT_3,SHARE,0.01,A,SEN_EHCVM2021_LEGACY_v1,
dataflow,WB.AFW360:AFW360_HH(0.3.0),R,A,SEN,SN01,SURVEY,POP_HH_SH,_Z,_Z,_T,HE_COUNT_4P,_T,_T,_T,_T,_Z,_Z,_Z,_Z,_Z,2021,0,,,,,,,,,POP_HH_SH.HE_COUNT_4P,SHARE,0.01,A,SEN_EHCVM2021_LEGACY_v1,
dataflow,WB.AFW360:AFW360_HH(0.3.0),R,A,SEN,SN01,SURVEY,POP_SH,_T,_T,_T,EMP_FORMAL_N,_T,_T,_T,_T,_Z,_Z,_Z,_Z,_Z,2021,0.48,,,,,,,,,POP_SH.EMP_FORMAL_N,SHARE,0.01,A,SEN_EHCVM2021_LEGACY_v1,
dataflow,WB.AFW360:AFW360_HH(0.3.0),R,A,SEN,SN01,SURVEY,POP_SH,_T,_T,_T,EMP_ISIC_G,_T,_T,_T,_T,_Z,_Z,_Z,_Z,_Z,2021,0.22,,,,,,,,,POP_SH.EMP_ISIC_G,SHARE,0.01,A,SEN_EHCVM2021_LEGACY_v1,
dataflow,WB.AFW360:AFW360_HH(0.3.0),R,A,SEN,SN01,SURVEY,POP_SH,_T,_T,_T,EMP_ISIC_H,_T,_T,_T,_T,_Z,_Z,_Z,_Z,_Z,2021,0.07,,,,,,,,,POP_SH.EMP_ISIC_H,SHARE,0.01,A,SEN_EHCVM2021_LEGACY_v1,
dataflow,WB.AFW360:AFW360_HH(0.3.0),R,A,SEN,SN01,SURVEY,POP_SH,_T,_T,_T,EMP_SECTOR_AGR,_T,_T,_T,_T,_Z,_Z,_Z,_Z,_Z,2021,0.03,,,,,,,,,POP_SH.EMP_SECTOR_AGR,SHARE,0.01,A,SEN_EHCVM2021_LEGACY_v1,
dataflow,WB.AFW360:AFW360_HH(0.3.0),R,A,SEN,SN01,SURVEY,POP_SH,_T,_T,_T,EMP_SECTOR_IND,_T,_T,_T,_T,_Z,_Z,_Z,_Z,_Z,2021,0.32,,,,,,,,,POP_SH.EMP_SECTOR_IND,SHARE,0.01,A,SEN_EHCVM2021_LEGACY_v1,
dataflow,WB.AFW360:AFW360_HH(0.3.0),R,A,SEN,SN01,SURVEY,POP_SH,_T,_T,_T,EMP_SECTOR_SER,_T,_T,_T,_T,_Z,_Z,_Z,_Z,_Z,2021,0.65,,,,,,,,,POP_SH.EMP_SECTOR_SER,SHARE,0.01,A,SEN_EHCVM2021_LEGACY_v1,
dataflow,WB.AFW360:AFW360_HH(0.3.0),R,A,SEN,SN01,SURVEY,POP_SH,_T,_T,_T,EMP_STATUS_EMPLOYED,_T,_T,_T,_T,_Z,_Z,_Z,_Z,_Z,2021,0.56,,,,,,,,,POP_SH.EMP_STATUS_EMPLOYED,SHARE,0.01,A,SEN_EHCVM2021_LEGACY_v1,
dataflow,WB.AFW360:AFW360_HH(0.3.0),R,A,SEN,SN01,SURVEY,POP_SH,_T,_T,_T,EMP_TYPE_NONWAGE,_T,_T,_T,_T,_Z,_Z,_Z,_Z,_Z,2021,0.5,,,,,,,,,POP_SH.EMP_TYPE_NONWAGE,SHARE,0.01,A,SEN_EHCVM2021_LEGACY_v1,
dataflow,WB.AFW360:AFW360_HH(0.3.0),R,A,SEN,SN01,SURVEY,POP_SH,_T,_T,_T,EMP_TYPE_WAGE,_T,_T,_T,_T,_Z,_Z,_Z,_Z,_Z,2021,0.5,,,,,,,,,POP_SH.EMP_TYPE_WAGE,SHARE,0.01,A,SEN_EHCVM2021_LEGACY_v1,
dataflow,WB.AFW360:AFW360_HH(0.3.0),R,A,SEN,SN01,SURVEY,POV_HC,_T,_T,_T,_T,_T,_T,_T,_T,POVLINE_PL300,PPP_2021,_Z,_Z,_Z,2021,0,,,,,,,,,POV_HC.POVLINE_PL300.PPP_2021,SHARE,0.01,A,SEN_EHCVM2021_LEGACY_v1,
dataflow,WB.AFW360:AFW360_HH(0.3.0),R,A,SEN,SN01,SURVEY,POV_HC,_T,_T,_T,_T,_T,_T,_T,_T,POVLINE_PL420,PPP_2021,_Z,_Z,_Z,2021,0.03,,,,,,,,,POV_HC.POVLINE_PL420.PPP_2021,SHARE,0.01,A,SEN_EHCVM2021_LEGACY_v1,
dataflow,WB.AFW360:AFW360_HH(0.3.0),R,A,SEN,SN01,SURVEY,POV_NUM,_T,_T,_T,_T,_T,_T,_T,_T,POVLINE_PL300,PPP_2021,_Z,_Z,_Z,2021,20000,,,,,,,,,POV_NUM.POVLINE_PL300.PPP_2021,PERSON,10000,A,SEN_EHCVM2021_LEGACY_v1,
dataflow,WB.AFW360:AFW360_HH(0.3.0),R,A,SEN,SN01,SURVEY,POV_NUM,_T,_T,_T,_T,_T,_T,_T,_T,POVLINE_PL420,PPP_2021,_Z,_Z,_Z,2021,130000,,,,,,,,,POV_NUM.POVLINE_PL420.PPP_2021,PERSON,10000,A,SEN_EHCVM2021_LEGACY_v1,
dataflow,WB.AFW360:AFW360_HH(0.3.0),R,A,SEN,SN01,SURVEY,SHK_ANY,_Z,_Z,_T,_T,_T,_T,_T,_T,_Z,_Z,_Z,_Z,_Z,2021,0.54,,,,,,,,,SHK_ANY,SHARE,0.01,A,SEN_EHCVM2021_LEGACY_v1,
dataflow,WB.AFW360:AFW360_HH(0.3.0),R,A,SEN,SN01,SURVEY,SHK_COV_CONFLICT,_Z,_Z,_T,_T,_T,_T,_T,_T,_Z,_Z,_Z,_Z,_Z,2021,0,,,,,,,,,SHK_COV_CONFLICT,SHARE,0.01,A,SEN_EHCVM2021_LEGACY_v1,
dataflow,WB.AFW360:AFW360_HH(0.3.0),R,A,SEN,SN01,SURVEY,SHK_COV_ECON,_Z,_Z,_T,_T,_T,_T,_T,_T,_Z,_Z,_Z,_Z,_Z,2021,0.28,,,,,,,,,SHK_COV_ECON,SHARE,0.01,A,SEN_EHCVM2021_LEGACY_v1,
dataflow,WB.AFW360:AFW360_HH(0.3.0),R,A,SEN,SN01,SURVEY,SHK_COV_NATURAL,_Z,_Z,_T,_T,_T,_T,_T,_T,_Z,_Z,_Z,_Z,_Z,2021,0.1,,,,,,,,,SHK_COV_NATURAL,SHARE,0.01,A,SEN_EHCVM2021_LEGACY_v1,
dataflow,WB.AFW360:AFW360_HH(0.3.0),R,A,SEN,SN01,SURVEY,SHK_IDIO_ECON,_Z,_Z,_T,_T,_T,_T,_T,_T,_Z,_Z,_Z,_Z,_Z,2021,0.11,,,,,,,,,SHK_IDIO_ECON,SHARE,0.01,A,SEN_EHCVM2021_LEGACY_v1,
dataflow,WB.AFW360:AFW360_HH(0.3.0),R,A,SEN,SN01,SURVEY,SP_HEALTH_COV,_T,_T,_T,_T,_T,_T,_T,_T,_Z,_Z,_Z,_Z,_Z,2021,0.05,,,,,,,,,SP_HEALTH_COV,SHARE,0.01,A,SEN_EHCVM2021_LEGACY_v1,
dataflow,WB.AFW360:AFW360_HH(0.3.0),R,A,SEN,SN01,SURVEY,SP_HEALTH_COV_HH,_Z,_Z,_T,_T,_T,_T,_T,_T,_Z,_Z,_Z,_Z,_Z,2021,0.13,,,,,,,,,SP_HEALTH_COV_HH,SHARE,0.01,A,SEN_EHCVM2021_LEGACY_v1,
dataflow,WB.AFW360:AFW360_HH(0.3.0),R,A,SEN,SN02,SURVEY,AGR_CULTIVATES,_Z,_Z,_T,_T,_T,_T,_T,_T,_Z,_Z,_Z,_Z,_Z,2021,0.31,,,,,,,,,AGR_CULTIVATES,SHARE,0.01,A,SEN_EHCVM2021_LEGACY_v1,
dataflow,WB.AFW360:AFW360_HH(0.3.0),R,A,SEN,SN02,SURVEY,AGR_CULT_AREA,_Z,_Z,_T,_T,_T,_T,_T,_T,_Z,_Z,_Z,_Z,_Z,2021,3.69,,,,,,,,,AGR_CULT_AREA,HA,0.01,A,SEN_EHCVM2021_LEGACY_v1,
dataflow,WB.AFW360:AFW360_HH(0.3.0),R,A,SEN,SN02,SURVEY,AGR_LIVESTOCK_ANY,_Z,_Z,_T,_T,_T,_T,_T,_T,_Z,_Z,_Z,_Z,_Z,2021,0.54,,,,,,,,,AGR_LIVESTOCK_ANY,SHARE,0.01,A,SEN_EHCVM2021_LEGACY_v1,
dataflow,WB.AFW360:AFW360_HH(0.3.0),R,A,SEN,SN02,SURVEY,AGR_TLU,_Z,_Z,_T,_T,_T,_T,_T,_T,_Z,_Z,_Z,_Z,_Z,2021,1.13,,,,,,,,,AGR_TLU,TLU,0.01,A,SEN_EHCVM2021_LEGACY_v1,
dataflow,WB.AFW360:AFW360_HH(0.3.0),R,A,SEN,SN02,SURVEY,CONS_SH,_Z,_Z,_T,_T,_T,_T,_T,_T,COICOP_CP01,ACQ_OWNPROD,_Z,_Z,_Z,2021,0.03,,,,,,,,,CONS_SH.COICOP_CP01.ACQ_OWNPROD,SHARE,0.01,A,SEN_EHCVM2021_LEGACY_v1,
dataflow,WB.AFW360:AFW360_HH(0.3.0),R,A,SEN,SN02,SURVEY,CONS_SH,_Z,_Z,_T,_T,_T,_T,_T,_T,COICOP_CP01,ACQ_PURCH,_Z,_Z,_Z,2021,0.42,,,,,,,,,CONS_SH.COICOP_CP01.ACQ_PURCH,SHARE,0.01,A,SEN_EHCVM2021_LEGACY_v1,
dataflow,WB.AFW360:AFW360_HH(0.3.0),R,A,SEN,SN02,SURVEY,CONS_SH,_Z,_Z,_T,_T,_T,_T,_T,_T,COICOP_CP01,_Z,_Z,_Z,_Z,2021,0.46,,,,,,,,,CONS_SH.COICOP_CP01,SHARE,0.01,A,SEN_EHCVM2021_LEGACY_v1,
dataflow,WB.AFW360:AFW360_HH(0.3.0),R,A,SEN,SN02,SURVEY,CONS_SH,_Z,_Z,_T,_T,_T,_T,_T,_T,COICOP_CP02,_Z,_Z,_Z,_Z,2021,0,,,,,,,,,CONS_SH.COICOP_CP02,SHARE,0.01,A,SEN_EHCVM2021_LEGACY_v1,
dataflow,WB.AFW360:AFW360_HH(0.3.0),R,A,SEN,SN02,SURVEY,CONS_SH,_Z,_Z,_T,_T,_T,_T,_T,_T,COICOP_CP03,_Z,_Z,_Z,_Z,2021,0.05,,,,,,,,,CONS_SH.COICOP_CP03,SHARE,0.01,A,SEN_EHCVM2021_LEGACY_v1,
dataflow,WB.AFW360:AFW360_HH(0.3.0),R,A,SEN,SN02,SURVEY,CONS_SH,_Z,_Z,_T,_T,_T,_T,_T,_T,COICOP_CP04,_Z,_Z,_Z,_Z,2021,0.18,,,,,,,,,CONS_SH.COICOP_CP04,SHARE,0.01,A,SEN_EHCVM2021_LEGACY_v1,
dataflow,WB.AFW360:AFW360_HH(0.3.0),R,A,SEN,SN02,SURVEY,CONS_SH,_Z,_Z,_T,_T,_T,_T,_T,_T,COICOP_CP05,_Z,_Z,_Z,_Z,2021,0.06,,,,,,,,,CONS_SH.COICOP_CP05,SHARE,0.01,A,SEN_EHCVM2021_LEGACY_v1,
dataflow,WB.AFW360:AFW360_HH(0.3.0),R,A,SEN,SN02,SURVEY,CONS_SH,_Z,_Z,_T,_T,_T,_T,_T,_T,COICOP_CP06,_Z,_Z,_Z,_Z,2021,0.03,,,,,,,,,CONS_SH.COICOP_CP06,SHARE,0.01,A,SEN_EHCVM2021_LEGACY_v1,
dataflow,WB.AFW360:AFW360_HH(0.3.0),R,A,SEN,SN02,SURVEY,CONS_SH,_Z,_Z,_T,_T,_T,_T,_T,_T,COICOP_CP07,_Z,_Z,_Z,_Z,2021,0.03,,,,,,,,,CONS_SH.COICOP_CP07,SHARE,0.01,A,SEN_EHCVM2021_LEGACY_v1,
dataflow,WB.AFW360:AFW360_HH(0.3.0),R,A,SEN,SN02,SURVEY,CONS_SH,_Z,_Z,_T,_T,_T,_T,_T,_T,COICOP_CP08,_Z,_Z,_Z,_Z,2021,0.05,,,,,,,,,CONS_SH.COICOP_CP08,SHARE,0.01,A,SEN_EHCVM2021_LEGACY_v1,
dataflow,WB.AFW360:AFW360_HH(0.3.0),R,A,SEN,SN02,SURVEY,CONS_SH,_Z,_Z,_T,_T,_T,_T,_T,_T,COICOP_CP09,_Z,_Z,_Z,_Z,2021,0,,,,,,,,,CONS_SH.COICOP_CP09,SHARE,0.01,A,SEN_EHCVM2021_LEGACY_v1,
dataflow,WB.AFW360:AFW360_HH(0.3.0),R,A,SEN,SN02,SURVEY,CONS_SH,_Z,_Z,_T,_T,_T,_T,_T,_T,COICOP_CP10,_Z,_Z,_Z,_Z,2021,0.01,,,,,,,,,CONS_SH.COICOP_CP10,SHARE,0.01,A,SEN_EHCVM2021_LEGACY_v1,
dataflow,WB.AFW360:AFW360_HH(0.3.0),R,A,SEN,SN02,SURVEY,CONS_SH,_Z,_Z,_T,_T,_T,_T,_T,_T,COICOP_CP11,_Z,_Z,_Z,_Z,2021,0.1,,,,,,,,,CONS_SH.COICOP_CP11,SHARE,0.01,A,SEN_EHCVM2021_LEGACY_v1,
dataflow,WB.AFW360:AFW360_HH(0.3.0),R,A,SEN,SN02,SURVEY,CONS_SH,_Z,_Z,_T,_T,_T,_T,_T,_T,COICOP_CP12,_Z,_Z,_Z,_Z,2021,0,,,,,,,,,CONS_SH.COICOP_CP12,SHARE,0.01,A,SEN_EHCVM2021_LEGACY_v1,
dataflow,WB.AFW360:AFW360_HH(0.3.0),R,A,SEN,SN02,SURVEY,CONS_SH,_Z,_Z,_T,_T,_T,_T,_T,_T,COICOP_CP13,_Z,_Z,_Z,_Z,2021,0.03,,,,,,,,,CONS_SH.COICOP_CP13,SHARE,0.01,A,SEN_EHCVM2021_LEGACY_v1,
dataflow,WB.AFW360:AFW360_HH(0.3.0),R,A,SEN,SN02,SURVEY,EN_ASSET_AC,_Z,_Z,_T,_T,_T,_T,_T,_T,_Z,_Z,_Z,_Z,_Z,2021,0.18,,,,,,,,,EN_ASSET_AC,SHARE,0.01,A,SEN_EHCVM2021_LEGACY_v1,
dataflow,WB.AFW360:AFW360_HH(0.3.0),R,A,SEN,SN02,SURVEY,EN_ASSET_COOKER,_Z,_Z,_T,_T,_T,_T,_T,_T,_Z,_Z,_Z,_Z,_Z,2021,0,,,,,,,,,EN_ASSET_COOKER,SHARE,0.01,A,SEN_EHCVM2021_LEGACY_v1,
dataflow,WB.AFW360:AFW360_HH(0.3.0),R,A,SEN,SN02,SURVEY,EN_ASSET_FAN,_Z,_Z,_T,_T,_T,_T,_T,_T,_Z,_Z,_Z,_Z,_Z,2021,0.11,,,,,,,,,EN_ASSET_FAN,SHARE,0.01,A,SEN_EHCVM2021_LEGACY_v1,
dataflow,WB.AFW360:AFW360_HH(0.3.0),R,A,SEN,SN02,SURVEY,EN_ASSET_WATER_HEATER,_Z,_Z,_T,_T,_T,_T,_T,_T,_Z,_Z,_Z,_Z,_Z,2021,0.08,,,,,,,,,EN_ASSET_WATER_HEATER,SHARE,0.01,A,SEN_EHCVM2021_LEGACY_v1,
dataflow,WB.AFW360:AFW360_HH(0.3.0),R,A,SEN,SN02,SURVEY,EN_COOK_BIOMASS,_Z,_Z,_T,_T,_T,_T,_T,_T,_Z,_Z,_Z,_Z,_Z,2021,0.34,,,,,,,,,EN_COOK_BIOMASS,SHARE,0.01,A,SEN_EHCVM2021_LEGACY_v1,
dataflow,WB.AFW360:AFW360_HH(0.3.0),R,A,SEN,SN02,SURVEY,EN_COOK_CLEAN,_Z,_Z,_T,_T,_T,_T,_T,_T,_Z,_Z,_Z,_Z,_Z,2021,0.66,,,,,,,,,EN_COOK_CLEAN,SHARE,0.01,A,SEN_EHCVM2021_LEGACY_v1,LEGACY_SUSPECT: Implausible pattern: higher in Rural and Q1 than in Capital and Q4.
dataflow,WB.AFW360:AFW360_HH(0.3.0),R,A,SEN,SN02,SURVEY,EN_ELEC_ACCESS,_Z,_Z,_T,_T,_T,_T,_T,_T,_Z,_Z,_Z,_Z,_Z,2021,0.73,,,,,,,,,EN_ELEC_ACCESS,SHARE,0.01,A,SEN_EHCVM2021_LEGACY_v1,
dataflow,WB.AFW360:AFW360_HH(0.3.0),R,A,SEN,SN02,SURVEY,EN_ELEC_INFORMAL,_Z,_Z,_T,_T,_T,_T,_T,_T,_Z,_Z,_Z,_Z,_Z,2021,0,,,,,,,,,EN_ELEC_INFORMAL,SHARE,0.01,A,SEN_EHCVM2021_LEGACY_v1,
dataflow,WB.AFW360:AFW360_HH(0.3.0),R,A,SEN,SN02,SURVEY,EN_ELEC_SPEND,_Z,_Z,_T,_T,_T,_T,_T,_T,_Z,_Z,_Z,_Z,_Z,2021,18714.21,,,,,,,,,EN_ELEC_SPEND,XOF,0.01,A,SEN_EHCVM2021_LEGACY_v1,
dataflow,WB.AFW360:AFW360_HH(0.3.0),R,A,SEN,SN02,SURVEY,EN_GRID_CONN,_Z,_Z,_T,_T,_T,_T,_T,_T,_Z,_Z,_Z,_Z,_Z,2021,1,,,,,,,,,EN_GRID_CONN,SHARE,0.01,A,SEN_EHCVM2021_LEGACY_v1,"LEGACY_SUSPECT: Implausible: 0.96-1.00 in every cell, including Q1 and Rural."
dataflow,WB.AFW360:AFW360_HH(0.3.0),R,A,SEN,SN02,SURVEY,EN_GRID_USE,_Z,_Z,_T,_T,_T,_T,_T,_T,_Z,_Z,_Z,_Z,_Z,2021,0.71,,,,,,,,,EN_GRID_USE,SHARE,0.01,A,SEN_EHCVM2021_LEGACY_v1,
dataflow,WB.AFW360:AFW360_HH(0.3.0),R,A,SEN,SN02,SURVEY,EN_LIGHT_IMPROVED,_Z,_Z,_T,_T,_T,_T,_T,_T,_Z,_Z,_Z,_Z,_Z,2021,1,,,,,,,,,EN_LIGHT_IMPROVED,SHARE,0.01,A,SEN_EHCVM2021_LEGACY_v1,
dataflow,WB.AFW360:AFW360_HH(0.3.0),R,A,SEN,SN02,SURVEY,EN_OFFGRID_USE,_Z,_Z,_T,_T,_T,_T,_T,_T,_Z,_Z,_Z,_Z,_Z,2021,0.1,,,,,,,,,EN_OFFGRID_USE,SHARE,0.01,A,SEN_EHCVM2021_LEGACY_v1,
dataflow,WB.AFW360:AFW360_HH(0.3.0),R,A,SEN,SN02,SURVEY,EN_OUTAGE_ANY,_Z,_Z,_T,_T,_T,_T,_T,_T,_Z,_Z,_Z,_Z,_Z,2021,0.3,,,,,,,,,EN_OUTAGE_ANY,SHARE,0.01,A,SEN_EHCVM2021_LEGACY_v1,
dataflow,WB.AFW360:AFW360_HH(0.3.0),R,A,SEN,SN02,SURVEY,EN_OUTAGE_DAYS,_Z,_Z,_T,_T,_T,_T,_T,_T,_Z,_Z,_Z,_Z,_Z,2021,1.86,,,,,,,,,EN_OUTAGE_DAYS,DAY,0.01,A,SEN_EHCVM2021_LEGACY_v1,
dataflow,WB.AFW360:AFW360_HH(0.3.0),R,A,SEN,SN02,SURVEY,EN_OUTAGE_DUR_CODE,_Z,_Z,_T,_T,_T,_T,_T,_T,_Z,_Z,_Z,_Z,_Z,2021,1.66,,,,,,,,,EN_OUTAGE_DUR_CODE,INDEX,0.01,A,SEN_EHCVM2021_LEGACY_v1,
dataflow,WB.AFW360:AFW360_HH(0.3.0),R,A,SEN,SN02,SURVEY,EN_PREPAID_METER,_Z,_Z,_T,_T,_T,_T,_T,_T,_Z,_Z,_Z,_Z,_Z,2021,0.36,,,,,,,,,EN_PREPAID_METER,SHARE,0.01,A,SEN_EHCVM2021_LEGACY_v1,
dataflow,WB.AFW360:AFW360_HH(0.3.0),R,A,SEN,SN02,SURVEY,HE_ACCOUNTS,_Z,_Z,_T,_T,_T,_T,_T,_T,_Z,_Z,_Z,_Z,_Z,2021,0.09,,,,,,,,,HE_ACCOUNTS,SHARE,0.01,A,SEN_EHCVM2021_LEGACY_v1,
dataflow,WB.AFW360:AFW360_HH(0.3.0),R,A,SEN,SN02,SURVEY,HE_AGE,_Z,_Z,_T,_T,_T,_T,_T,_T,_Z,_Z,_Z,_Z,_Z,2021,6.74,,,,,,,,,HE_AGE,YEAR,0.01,A,SEN_EHCVM2021_LEGACY_v1,
dataflow,WB.AFW360:AFW360_HH(0.3.0),R,A,SEN,SN02,SURVEY,HE_BUY_FIRMS,_Z,_Z,_T,_T,_T,_T,_T,_T,_Z,_Z,_Z,_Z,_Z,2021,0.12,,,,,,,,,HE_BUY_FIRMS,SHARE,0.01,A,SEN_EHCVM2021_LEGACY_v1,
dataflow,WB.AFW360:AFW360_HH(0.3.0),R,A,SEN,SN02,SURVEY,HE_CAPITAL,_Z,_Z,_T,_T,_T,_T,_T,_T,_Z,_Z,_Z,_Z,_Z,2021,152156.26,,,,,,,,,HE_CAPITAL,XOF,0.01,A,SEN_EHCVM2021_LEGACY_v1,
dataflow,WB.AFW360:AFW360_HH(0.3.0),R,A,SEN,SN02,SURVEY,HE_COSTS,_Z,_Z,_T,_T,_T,_T,_T,_T,_Z,_Z,_Z,_Z,_Z,2021,18671.55,,,,,,,,,HE_COSTS,XOF,0.01,A,SEN_EHCVM2021_LEGACY_v1,
dataflow,WB.AFW360:AFW360_HH(0.3.0),R,A,SEN,SN02,SURVEY,HE_CREDIT_ANY,_Z,_Z,_T,_T,_T,_T,_T,_T,_Z,_Z,_Z,_Z,_Z,2021,0.21,,,,,,,,,HE_CREDIT_ANY,SHARE,0.01,A,SEN_EHCVM2021_LEGACY_v1,
dataflow,WB.AFW360:AFW360_HH(0.3.0),R,A,SEN,SN02,SURVEY,HE_CREDIT_FORMAL,_Z,_Z,_T,_T,_T,_T,_T,_T,_Z,_Z,_Z,_Z,_Z,2021,0.12,,,,,,,,,HE_CREDIT_FORMAL,SHARE,0.01,A,SEN_EHCVM2021_LEGACY_v1,
dataflow,WB.AFW360:AFW360_HH(0.3.0),R,A,SEN,SN02,SURVEY,HE_CREDIT_INFORMAL,_Z,_Z,_T,_T,_T,_T,_T,_T,_Z,_Z,_Z,_Z,_Z,2021,0.09,,,,,,,,,HE_CREDIT_INFORMAL,SHARE,0.01,A,SEN_EHCVM2021_LEGACY_v1,
dataflow,WB.AFW360:AFW360_HH(0.3.0),R,A,SEN,SN02,SURVEY,HE_ELEC,_Z,_Z,_T,_T,_T,_T,_T,_T,_Z,_Z,_Z,_Z,_Z,2021,1,,,,,,,,,HE_ELEC,SHARE,0.01,A,SEN_EHCVM2021_LEGACY_v1,
dataflow,WB.AFW360:AFW360_HH(0.3.0),R,A,SEN,SN02,SURVEY,HE_EMP_EXT_ANY,_Z,_Z,_T,_T,_T,_T,_T,_T,_Z,_Z,_Z,_Z,_Z,2021,1,,,,,,,,,HE_EMP_EXT_ANY,SHARE,0.01,A,SEN_EHCVM2021_LEGACY_v1,LEGACY_SUSPECT: Implausible: share 0.96 while mean non-HH employees is 0.54.
dataflow,WB.AFW360:AFW360_HH(0.3.0),R,A,SEN,SN02,SURVEY,HE_EMP_HH_NUM,_Z,_Z,_T,_T,_T,_T,_T,_T,_Z,_Z,_Z,_Z,_Z,2021,0.06,,,,,,,,,HE_EMP_HH_NUM,PERSON,0.01,A,SEN_EHCVM2021_LEGACY_v1,
dataflow,WB.AFW360:AFW360_HH(0.3.0),R,A,SEN,SN02,SURVEY,HE_EMP_NONHH_NUM,_Z,_Z,_T,_T,_T,_T,_T,_T,_Z,_Z,_Z,_Z,_Z,2021,0.12,,,,,,,,,HE_EMP_NONHH_NUM,PERSON,0.01,A,SEN_EHCVM2021_LEGACY_v1,
dataflow,WB.AFW360:AFW360_HH(0.3.0),R,A,SEN,SN02,SURVEY,HE_EMP_NUM,_Z,_Z,_T,_T,_T,_T,_T,_T,_Z,_Z,_Z,_Z,_Z,2021,0.33,,,,,,,,,HE_EMP_NUM,PERSON,0.01,A,SEN_EHCVM2021_LEGACY_v1,
dataflow,WB.AFW360:AFW360_HH(0.3.0),R,A,SEN,SN02,SURVEY,HE_HH_OWNER,_Z,_Z,_T,_T,_T,_T,_T,_T,_Z,_Z,_Z,_Z,_Z,2021,0.76,,,,,,,,,HE_HH_OWNER,SHARE,0.01,A,SEN_EHCVM2021_LEGACY_v1,
dataflow,WB.AFW360:AFW360_HH(0.3.0),R,A,SEN,SN02,SURVEY,HE_HOME_BASED,_Z,_Z,_T,_T,_T,_T,_T,_T,_Z,_Z,_Z,_Z,_Z,2021,0.39,,,,,,,,,HE_HOME_BASED,SHARE,0.01,A,SEN_EHCVM2021_LEGACY_v1,
dataflow,WB.AFW360:AFW360_HH(0.3.0),R,A,SEN,SN02,SURVEY,HE_PHONE,_Z,_Z,_T,_T,_T,_T,_T,_T,_Z,_Z,_Z,_Z,_Z,2021,1,,,,,,,,,HE_PHONE,SHARE,0.01,A,SEN_EHCVM2021_LEGACY_v1,
dataflow,WB.AFW360:AFW360_HH(0.3.0),R,A,SEN,SN02,SURVEY,HE_PREMISES_FORMAL,_Z,_Z,_T,_T,_T,_T,_T,_T,_Z,_Z,_Z,_Z,_Z,2021,0.21,,,,,,,,,HE_PREMISES_FORMAL,SHARE,0.01,A,SEN_EHCVM2021_LEGACY_v1,
dataflow,WB.AFW360:AFW360_HH(0.3.0),R,A,SEN,SN02,SURVEY,HE_PROFIT,_Z,_Z,_T,_T,_T,_T,_T,_T,_Z,_Z,_Z,_Z,_Z,2021,26530.77,,,,,,,,,HE_PROFIT,XOF,0.01,A,SEN_EHCVM2021_LEGACY_v1,
dataflow,WB.AFW360:AFW360_HH(0.3.0),R,A,SEN,SN02,SURVEY,HE_RENT,_Z,_Z,_T,_T,_T,_T,_T,_T,_Z,_Z,_Z,_Z,_Z,2021,1,,,,,,,,,HE_RENT,SHARE,0.01,A,SEN_EHCVM2021_LEGACY_v1,
dataflow,WB.AFW360:AFW360_HH(0.3.0),R,A,SEN,SN02,SURVEY,HE_REV_PER_WORKER,_Z,_Z,_T,_T,_T,_T,_T,_T,_Z,_Z,_Z,_Z,_Z,2021,3000000,,,,,,,,,HE_REV_PER_WORKER,XOF,0.01,A,SEN_EHCVM2021_LEGACY_v1,
dataflow,WB.AFW360:AFW360_HH(0.3.0),R,A,SEN,SN02,SURVEY,HE_SELL_FIRMS,_Z,_Z,_T,_T,_T,_T,_T,_T,_Z,_Z,_Z,_Z,_Z,2021,0.07,,,,,,,,,HE_SELL_FIRMS,SHARE,0.01,A,SEN_EHCVM2021_LEGACY_v1,
dataflow,WB.AFW360:AFW360_HH(0.3.0),R,A,SEN,SN02,SURVEY,HE_TAX_ID,_Z,_Z,_T,_T,_T,_T,_T,_T,_Z,_Z,_Z,_Z,_Z,2021,0.16,,,,,,,,,HE_TAX_ID,SHARE,0.01,A,SEN_EHCVM2021_LEGACY_v1,
dataflow,WB.AFW360:AFW360_HH(0.3.0),R,A,SEN,SN02,SURVEY,HE_WATER,_Z,_Z,_T,_T,_T,_T,_T,_T,_Z,_Z,_Z,_Z,_Z,2021,0.03,,,,,,,,,HE_WATER,SHARE,0.01,A,SEN_EHCVM2021_LEGACY_v1,
dataflow,WB.AFW360:AFW360_HH(0.3.0),R,A,SEN,SN02,SURVEY,HOUS_FLOOR_DURABLE,_Z,_Z,_T,_T,_T,_T,_T,_T,_Z,_Z,_Z,_Z,_Z,2021,0.78,,,,,,,,,HOUS_FLOOR_DURABLE,SHARE,0.01,A,SEN_EHCVM2021_LEGACY_v1,
dataflow,WB.AFW360:AFW360_HH(0.3.0),R,A,SEN,SN02,SURVEY,HOUS_ROOF_DURABLE,_Z,_Z,_T,_T,_T,_T,_T,_T,_Z,_Z,_Z,_Z,_Z,2021,0.93,,,,,,,,,HOUS_ROOF_DURABLE,SHARE,0.01,A,SEN_EHCVM2021_LEGACY_v1,
dataflow,WB.AFW360:AFW360_HH(0.3.0),R,A,SEN,SN02,SURVEY,HOUS_SANIT_IMPROVED,_Z,_Z,_T,_T,_T,_T,_T,_T,_Z,_Z,_Z,_Z,_Z,2021,0.86,,,,,,,,,HOUS_SANIT_IMPROVED,SHARE,0.01,A,SEN_EHCVM2021_LEGACY_v1,
dataflow,WB.AFW360:AFW360_HH(0.3.0),R,A,SEN,SN02,SURVEY,HOUS_WALL_DURABLE,_Z,_Z,_T,_T,_T,_T,_T,_T,_Z,_Z,_Z,_Z,_Z,2021,0.86,,,,,,,,,HOUS_WALL_DURABLE,SHARE,0.01,A,SEN_EHCVM2021_LEGACY_v1,
dataflow,WB.AFW360:AFW360_HH(0.3.0),R,A,SEN,SN02,SURVEY,HOUS_WATER_SAFE_DRY,_Z,_Z,_T,_T,_T,_T,_T,_T,_Z,_Z,_Z,_Z,_Z,2021,0.5,,,,,,,,,HOUS_WATER_SAFE_DRY,SHARE,0.01,A,SEN_EHCVM2021_LEGACY_v1,
dataflow,WB.AFW360:AFW360_HH(0.3.0),R,A,SEN,SN02,SURVEY,POP_HE_SH,_Z,_Z,_T,HEO_MSTAT_MARRIED,_T,_T,_T,_T,_Z,_Z,_Z,_Z,_Z,2021,0.89,,,,,,,,,POP_HE_SH.HEO_MSTAT_MARRIED,SHARE,0.01,A,SEN_EHCVM2021_LEGACY_v1,
dataflow,WB.AFW360:AFW360_HH(0.3.0),R,A,SEN,SN02,SURVEY,POP_HE_SH,_Z,_Z,_T,HEO_SEX_F,_T,_T,_T,_T,_Z,_Z,_Z,_Z,_Z,2021,0.67,,,,,,,,,POP_HE_SH.HEO_SEX_F,SHARE,0.01,A,SEN_EHCVM2021_LEGACY_v1,
dataflow,WB.AFW360:AFW360_HH(0.3.0),R,A,SEN,SN02,SURVEY,POP_HH_SH,_Z,_Z,_T,HE_COUNT_0,_T,_T,_T,_T,_Z,_Z,_Z,_Z,_Z,2021,0.52,,,,,,,,,POP_HH_SH.HE_COUNT_0,SHARE,0.01,A,SEN_EHCVM2021_LEGACY_v1,
dataflow,WB.AFW360:AFW360_HH(0.3.0),R,A,SEN,SN02,SURVEY,POP_HH_SH,_Z,_Z,_T,HE_COUNT_1,_T,_T,_T,_T,_Z,_Z,_Z,_Z,_Z,2021,0.42,,,,,,,,,POP_HH_SH.HE_COUNT_1,SHARE,0.01,A,SEN_EHCVM2021_LEGACY_v1,
dataflow,WB.AFW360:AFW360_HH(0.3.0),R,A,SEN,SN02,SURVEY,POP_HH_SH,_Z,_Z,_T,HE_COUNT_2,_T,_T,_T,_T,_Z,_Z,_Z,_Z,_Z,2021,0.05,,,,,,,,,POP_HH_SH.HE_COUNT_2,SHARE,0.01,A,SEN_EHCVM2021_LEGACY_v1,
dataflow,WB.AFW360:AFW360_HH(0.3.0),R,A,SEN,SN02,SURVEY,POP_HH_SH,_Z,_Z,_T,HE_COUNT_3,_T,_T,_T,_T,_Z,_Z,_Z,_Z,_Z,2021,0,,,,,,,,,POP_HH_SH.HE_COUNT_3,SHARE,0.01,A,SEN_EHCVM2021_LEGACY_v1,
dataflow,WB.AFW360:AFW360_HH(0.3.0),R,A,SEN,SN02,SURVEY,POP_HH_SH,_Z,_Z,_T,HE_COUNT_4P,_T,_T,_T,_T,_Z,_Z,_Z,_Z,_Z,2021,0.01,,,,,,,,,POP_HH_SH.HE_COUNT_4P,SHARE,0.01,A,SEN_EHCVM2021_LEGACY_v1,
dataflow,WB.AFW360:AFW360_HH(0.3.0),R,A,SEN,SN02,SURVEY,POP_SH,_T,_T,_T,EMP_FORMAL_N,_T,_T,_T,_T,_Z,_Z,_Z,_Z,_Z,2021,0.78,,,,,,,,,POP_SH.EMP_FORMAL_N,SHARE,0.01,A,SEN_EHCVM2021_LEGACY_v1,
dataflow,WB.AFW360:AFW360_HH(0.3.0),R,A,SEN,SN02,SURVEY,POP_SH,_T,_T,_T,EMP_ISIC_G,_T,_T,_T,_T,_Z,_Z,_Z,_Z,_Z,2021,0.25,,,,,,,,,POP_SH.EMP_ISIC_G,SHARE,0.01,A,SEN_EHCVM2021_LEGACY_v1,
dataflow,WB.AFW360:AFW360_HH(0.3.0),R,A,SEN,SN02,SURVEY,POP_SH,_T,_T,_T,EMP_ISIC_H,_T,_T,_T,_T,_Z,_Z,_Z,_Z,_Z,2021,0.06,,,,,,,,,POP_SH.EMP_ISIC_H,SHARE,0.01,A,SEN_EHCVM2021_LEGACY_v1,
dataflow,WB.AFW360:AFW360_HH(0.3.0),R,A,SEN,SN02,SURVEY,POP_SH,_T,_T,_T,EMP_SECTOR_AGR,_T,_T,_T,_T,_Z,_Z,_Z,_Z,_Z,2021,0.21,,,,,,,,,POP_SH.EMP_SECTOR_AGR,SHARE,0.01,A,SEN_EHCVM2021_LEGACY_v1,
dataflow,WB.AFW360:AFW360_HH(0.3.0),R,A,SEN,SN02,SURVEY,POP_SH,_T,_T,_T,EMP_SECTOR_IND,_T,_T,_T,_T,_Z,_Z,_Z,_Z,_Z,2021,0.31,,,,,,,,,POP_SH.EMP_SECTOR_IND,SHARE,0.01,A,SEN_EHCVM2021_LEGACY_v1,
dataflow,WB.AFW360:AFW360_HH(0.3.0),R,A,SEN,SN02,SURVEY,POP_SH,_T,_T,_T,EMP_SECTOR_SER,_T,_T,_T,_T,_Z,_Z,_Z,_Z,_Z,2021,0.48,,,,,,,,,POP_SH.EMP_SECTOR_SER,SHARE,0.01,A,SEN_EHCVM2021_LEGACY_v1,
dataflow,WB.AFW360:AFW360_HH(0.3.0),R,A,SEN,SN02,SURVEY,POP_SH,_T,_T,_T,EMP_STATUS_EMPLOYED,_T,_T,_T,_T,_Z,_Z,_Z,_Z,_Z,2021,0.57,,,,,,,,,POP_SH.EMP_STATUS_EMPLOYED,SHARE,0.01,A,SEN_EHCVM2021_LEGACY_v1,
dataflow,WB.AFW360:AFW360_HH(0.3.0),R,A,SEN,SN02,SURVEY,POP_SH,_T,_T,_T,EMP_TYPE_NONWAGE,_T,_T,_T,_T,_Z,_Z,_Z,_Z,_Z,2021,0.78,,,,,,,,,POP_SH.EMP_TYPE_NONWAGE,SHARE,0.01,A,SEN_EHCVM2021_LEGACY_v1,
dataflow,WB.AFW360:AFW360_HH(0.3.0),R,A,SEN,SN02,SURVEY,POP_SH,_T,_T,_T,EMP_TYPE_WAGE,_T,_T,_T,_T,_Z,_Z,_Z,_Z,_Z,2021,0.22,,,,,,,,,POP_SH.EMP_TYPE_WAGE,SHARE,0.01,A,SEN_EHCVM2021_LEGACY_v1,
dataflow,WB.AFW360:AFW360_HH(0.3.0),R,A,SEN,SN02,SURVEY,POV_HC,_T,_T,_T,_T,_T,_T,_T,_T,POVLINE_PL300,PPP_2021,_Z,_Z,_Z,2021,0.13,,,,,,,,,POV_HC.POVLINE_PL300.PPP_2021,SHARE,0.01,A,SEN_EHCVM2021_LEGACY_v1,
dataflow,WB.AFW360:AFW360_HH(0.3.0),R,A,SEN,SN02,SURVEY,POV_HC,_T,_T,_T,_T,_T,_T,_T,_T,POVLINE_PL420,PPP_2021,_Z,_Z,_Z,2021,0.35,,,,,,,,,POV_HC.POVLINE_PL420.PPP_2021,SHARE,0.01,A,SEN_EHCVM2021_LEGACY_v1,
dataflow,WB.AFW360:AFW360_HH(0.3.0),R,A,SEN,SN02,SURVEY,POV_NUM,_T,_T,_T,_T,_T,_T,_T,_T,POVLINE_PL300,PPP_2021,_Z,_Z,_Z,2021,240000,,,,,,,,,POV_NUM.POVLINE_PL300.PPP_2021,PERSON,10000,A,SEN_EHCVM2021_LEGACY_v1,
dataflow,WB.AFW360:AFW360_HH(0.3.0),R,A,SEN,SN02,SURVEY,POV_NUM,_T,_T,_T,_T,_T,_T,_T,_T,POVLINE_PL420,PPP_2021,_Z,_Z,_Z,2021,670000,,,,,,,,,POV_NUM.POVLINE_PL420.PPP_2021,PERSON,10000,A,SEN_EHCVM2021_LEGACY_v1,
dataflow,WB.AFW360:AFW360_HH(0.3.0),R,A,SEN,SN02,SURVEY,SHK_ANY,_Z,_Z,_T,_T,_T,_T,_T,_T,_Z,_Z,_Z,_Z,_Z,2021,0.86,,,,,,,,,SHK_ANY,SHARE,0.01,A,SEN_EHCVM2021_LEGACY_v1,
dataflow,WB.AFW360:AFW360_HH(0.3.0),R,A,SEN,SN02,SURVEY,SHK_COV_CONFLICT,_Z,_Z,_T,_T,_T,_T,_T,_T,_Z,_Z,_Z,_Z,_Z,2021,0,,,,,,,,,SHK_COV_CONFLICT,SHARE,0.01,A,SEN_EHCVM2021_LEGACY_v1,
dataflow,WB.AFW360:AFW360_HH(0.3.0),R,A,SEN,SN02,SURVEY,SHK_COV_ECON,_Z,_Z,_T,_T,_T,_T,_T,_T,_Z,_Z,_Z,_Z,_Z,2021,0.7,,,,,,,,,SHK_COV_ECON,SHARE,0.01,A,SEN_EHCVM2021_LEGACY_v1,
dataflow,WB.AFW360:AFW360_HH(0.3.0),R,A,SEN,SN02,SURVEY,SHK_COV_NATURAL,_Z,_Z,_T,_T,_T,_T,_T,_T,_Z,_Z,_Z,_Z,_Z,2021,0.21,,,,,,,,,SHK_COV_NATURAL,SHARE,0.01,A,SEN_EHCVM2021_LEGACY_v1,
dataflow,WB.AFW360:AFW360_HH(0.3.0),R,A,SEN,SN02,SURVEY,SHK_IDIO_ECON,_Z,_Z,_T,_T,_T,_T,_T,_T,_Z,_Z,_Z,_Z,_Z,2021,0.28,,,,,,,,,SHK_IDIO_ECON,SHARE,0.01,A,SEN_EHCVM2021_LEGACY_v1,
dataflow,WB.AFW360:AFW360_HH(0.3.0),R,A,SEN,SN02,SURVEY,SP_HEALTH_COV,_T,_T,_T,_T,_T,_T,_T,_T,_Z,_Z,_Z,_Z,_Z,2021,0,,,,,,,,,SP_HEALTH_COV,SHARE,0.01,A,SEN_EHCVM2021_LEGACY_v1,
dataflow,WB.AFW360:AFW360_HH(0.3.0),R,A,SEN,SN02,SURVEY,SP_HEALTH_COV_HH,_Z,_Z,_T,_T,_T,_T,_T,_T,_Z,_Z,_Z,_Z,_Z,2021,0.01,,,,,,,,,SP_HEALTH_COV_HH,SHARE,0.01,A,SEN_EHCVM2021_LEGACY_v1,
dataflow,WB.AFW360:AFW360_HH(0.3.0),R,A,SEN,SN03,SURVEY,AGR_CULTIVATES,_Z,_Z,_T,_T,_T,_T,_T,_T,_Z,_Z,_Z,_Z,_Z,2021,0.75,,,,,,,,,AGR_CULTIVATES,SHARE,0.01,A,SEN_EHCVM2021_LEGACY_v1,
dataflow,WB.AFW360:AFW360_HH(0.3.0),R,A,SEN,SN03,SURVEY,AGR_CULT_AREA,_Z,_Z,_T,_T,_T,_T,_T,_T,_Z,_Z,_Z,_Z,_Z,2021,4.06,,,,,,,,,AGR_CULT_AREA,HA,0.01,A,SEN_EHCVM2021_LEGACY_v1,
dataflow,WB.AFW360:AFW360_HH(0.3.0),R,A,SEN,SN03,SURVEY,AGR_LIVESTOCK_ANY,_Z,_Z,_T,_T,_T,_T,_T,_T,_Z,_Z,_Z,_Z,_Z,2021,0.86,,,,,,,,,AGR_LIVESTOCK_ANY,SHARE,0.01,A,SEN_EHCVM2021_LEGACY_v1,
dataflow,WB.AFW360:AFW360_HH(0.3.0),R,A,SEN,SN03,SURVEY,AGR_TLU,_Z,_Z,_T,_T,_T,_T,_T,_T,_Z,_Z,_Z,_Z,_Z,2021,6.38,,,,,,,,,AGR_TLU,TLU,0.01,A,SEN_EHCVM2021_LEGACY_v1,
dataflow,WB.AFW360:AFW360_HH(0.3.0),R,A,SEN,SN03,SURVEY,CONS_SH,_Z,_Z,_T,_T,_T,_T,_T,_T,COICOP_CP01,ACQ_OWNPROD,_Z,_Z,_Z,2021,0.06,,,,,,,,,CONS_SH.COICOP_CP01.ACQ_OWNPROD,SHARE,0.01,A,SEN_EHCVM2021_LEGACY_v1,
dataflow,WB.AFW360:AFW360_HH(0.3.0),R,A,SEN,SN03,SURVEY,CONS_SH,_Z,_Z,_T,_T,_T,_T,_T,_T,COICOP_CP01,ACQ_PURCH,_Z,_Z,_Z,2021,0.4,,,,,,,,,CONS_SH.COICOP_CP01.ACQ_PURCH,SHARE,0.01,A,SEN_EHCVM2021_LEGACY_v1,
dataflow,WB.AFW360:AFW360_HH(0.3.0),R,A,SEN,SN03,SURVEY,CONS_SH,_Z,_Z,_T,_T,_T,_T,_T,_T,COICOP_CP01,_Z,_Z,_Z,_Z,2021,0.49,,,,,,,,,CONS_SH.COICOP_CP01,SHARE,0.01,A,SEN_EHCVM2021_LEGACY_v1,
dataflow,WB.AFW360:AFW360_HH(0.3.0),R,A,SEN,SN03,SURVEY,CONS_SH,_Z,_Z,_T,_T,_T,_T,_T,_T,COICOP_CP02,_Z,_Z,_Z,_Z,2021,0,,,,,,,,,CONS_SH.COICOP_CP02,SHARE,0.01,A,SEN_EHCVM2021_LEGACY_v1,
dataflow,WB.AFW360:AFW360_HH(0.3.0),R,A,SEN,SN03,SURVEY,CONS_SH,_Z,_Z,_T,_T,_T,_T,_T,_T,COICOP_CP03,_Z,_Z,_Z,_Z,2021,0.05,,,,,,,,,CONS_SH.COICOP_CP03,SHARE,0.01,A,SEN_EHCVM2021_LEGACY_v1,
dataflow,WB.AFW360:AFW360_HH(0.3.0),R,A,SEN,SN03,SURVEY,CONS_SH,_Z,_Z,_T,_T,_T,_T,_T,_T,COICOP_CP04,_Z,_Z,_Z,_Z,2021,0.16,,,,,,,,,CONS_SH.COICOP_CP04,SHARE,0.01,A,SEN_EHCVM2021_LEGACY_v1,
dataflow,WB.AFW360:AFW360_HH(0.3.0),R,A,SEN,SN03,SURVEY,CONS_SH,_Z,_Z,_T,_T,_T,_T,_T,_T,COICOP_CP05,_Z,_Z,_Z,_Z,2021,0.06,,,,,,,,,CONS_SH.COICOP_CP05,SHARE,0.01,A,SEN_EHCVM2021_LEGACY_v1,
dataflow,WB.AFW360:AFW360_HH(0.3.0),R,A,SEN,SN03,SURVEY,CONS_SH,_Z,_Z,_T,_T,_T,_T,_T,_T,COICOP_CP06,_Z,_Z,_Z,_Z,2021,0.03,,,,,,,,,CONS_SH.COICOP_CP06,SHARE,0.01,A,SEN_EHCVM2021_LEGACY_v1,
dataflow,WB.AFW360:AFW360_HH(0.3.0),R,A,SEN,SN03,SURVEY,CONS_SH,_Z,_Z,_T,_T,_T,_T,_T,_T,COICOP_CP07,_Z,_Z,_Z,_Z,2021,0.02,,,,,,,,,CONS_SH.COICOP_CP07,SHARE,0.01,A,SEN_EHCVM2021_LEGACY_v1,
dataflow,WB.AFW360:AFW360_HH(0.3.0),R,A,SEN,SN03,SURVEY,CONS_SH,_Z,_Z,_T,_T,_T,_T,_T,_T,COICOP_CP08,_Z,_Z,_Z,_Z,2021,0.05,,,,,,,,,CONS_SH.COICOP_CP08,SHARE,0.01,A,SEN_EHCVM2021_LEGACY_v1,
dataflow,WB.AFW360:AFW360_HH(0.3.0),R,A,SEN,SN03,SURVEY,CONS_SH,_Z,_Z,_T,_T,_T,_T,_T,_T,COICOP_CP09,_Z,_Z,_Z,_Z,2021,0,,,,,,,,,CONS_SH.COICOP_CP09,SHARE,0.01,A,SEN_EHCVM2021_LEGACY_v1,
dataflow,WB.AFW360:AFW360_HH(0.3.0),R,A,SEN,SN03,SURVEY,CONS_SH,_Z,_Z,_T,_T,_T,_T,_T,_T,COICOP_CP10,_Z,_Z,_Z,_Z,2021,0.01,,,,,,,,,CONS_SH.COICOP_CP10,SHARE,0.01,A,SEN_EHCVM2021_LEGACY_v1,
dataflow,WB.AFW360:AFW360_HH(0.3.0),R,A,SEN,SN03,SURVEY,CONS_SH,_Z,_Z,_T,_T,_T,_T,_T,_T,COICOP_CP11,_Z,_Z,_Z,_Z,2021,0.07,,,,,,,,,CONS_SH.COICOP_CP11,SHARE,0.01,A,SEN_EHCVM2021_LEGACY_v1,
dataflow,WB.AFW360:AFW360_HH(0.3.0),R,A,SEN,SN03,SURVEY,CONS_SH,_Z,_Z,_T,_T,_T,_T,_T,_T,COICOP_CP12,_Z,_Z,_Z,_Z,2021,0,,,,,,,,,CONS_SH.COICOP_CP12,SHARE,0.01,A,SEN_EHCVM2021_LEGACY_v1,
dataflow,WB.AFW360:AFW360_HH(0.3.0),R,A,SEN,SN03,SURVEY,CONS_SH,_Z,_Z,_T,_T,_T,_T,_T,_T,COICOP_CP13,_Z,_Z,_Z,_Z,2021,0.02,,,,,,,,,CONS_SH.COICOP_CP13,SHARE,0.01,A,SEN_EHCVM2021_LEGACY_v1,
dataflow,WB.AFW360:AFW360_HH(0.3.0),R,A,SEN,SN03,SURVEY,EN_ASSET_AC,_Z,_Z,_T,_T,_T,_T,_T,_T,_Z,_Z,_Z,_Z,_Z,2021,0,,,,,,,,,EN_ASSET_AC,SHARE,0.01,A,SEN_EHCVM2021_LEGACY_v1,
dataflow,WB.AFW360:AFW360_HH(0.3.0),R,A,SEN,SN03,SURVEY,EN_ASSET_COOKER,_Z,_Z,_T,_T,_T,_T,_T,_T,_Z,_Z,_Z,_Z,_Z,2021,0.01,,,,,,,,,EN_ASSET_COOKER,SHARE,0.01,A,SEN_EHCVM2021_LEGACY_v1,
dataflow,WB.AFW360:AFW360_HH(0.3.0),R,A,SEN,SN03,SURVEY,EN_ASSET_FAN,_Z,_Z,_T,_T,_T,_T,_T,_T,_Z,_Z,_Z,_Z,_Z,2021,0.03,,,,,,,,,EN_ASSET_FAN,SHARE,0.01,A,SEN_EHCVM2021_LEGACY_v1,
dataflow,WB.AFW360:AFW360_HH(0.3.0),R,A,SEN,SN03,SURVEY,EN_ASSET_WATER_HEATER,_Z,_Z,_T,_T,_T,_T,_T,_T,_Z,_Z,_Z,_Z,_Z,2021,0,,,,,,,,,EN_ASSET_WATER_HEATER,SHARE,0.01,A,SEN_EHCVM2021_LEGACY_v1,
dataflow,WB.AFW360:AFW360_HH(0.3.0),R,A,SEN,SN03,SURVEY,EN_COOK_BIOMASS,_Z,_Z,_T,_T,_T,_T,_T,_T,_Z,_Z,_Z,_Z,_Z,2021,0.14,,,,,,,,,EN_COOK_BIOMASS,SHARE,0.01,A,SEN_EHCVM2021_LEGACY_v1,
dataflow,WB.AFW360:AFW360_HH(0.3.0),R,A,SEN,SN03,SURVEY,EN_COOK_CLEAN,_Z,_Z,_T,_T,_T,_T,_T,_T,_Z,_Z,_Z,_Z,_Z,2021,0.83,,,,,,,,,EN_COOK_CLEAN,SHARE,0.01,A,SEN_EHCVM2021_LEGACY_v1,LEGACY_SUSPECT: Implausible pattern: higher in Rural and Q1 than in Capital and Q4.
dataflow,WB.AFW360:AFW360_HH(0.3.0),R,A,SEN,SN03,SURVEY,EN_ELEC_ACCESS,_Z,_Z,_T,_T,_T,_T,_T,_T,_Z,_Z,_Z,_Z,_Z,2021,0.53,,,,,,,,,EN_ELEC_ACCESS,SHARE,0.01,A,SEN_EHCVM2021_LEGACY_v1,
dataflow,WB.AFW360:AFW360_HH(0.3.0),R,A,SEN,SN03,SURVEY,EN_ELEC_INFORMAL,_Z,_Z,_T,_T,_T,_T,_T,_T,_Z,_Z,_Z,_Z,_Z,2021,0,,,,,,,,,EN_ELEC_INFORMAL,SHARE,0.01,A,SEN_EHCVM2021_LEGACY_v1,
dataflow,WB.AFW360:AFW360_HH(0.3.0),R,A,SEN,SN03,SURVEY,EN_ELEC_SPEND,_Z,_Z,_T,_T,_T,_T,_T,_T,_Z,_Z,_Z,_Z,_Z,2021,9043.92,,,,,,,,,EN_ELEC_SPEND,XOF,0.01,A,SEN_EHCVM2021_LEGACY_v1,
dataflow,WB.AFW360:AFW360_HH(0.3.0),R,A,SEN,SN03,SURVEY,EN_GRID_CONN,_Z,_Z,_T,_T,_T,_T,_T,_T,_Z,_Z,_Z,_Z,_Z,2021,0.97,,,,,,,,,EN_GRID_CONN,SHARE,0.01,A,SEN_EHCVM2021_LEGACY_v1,"LEGACY_SUSPECT: Implausible: 0.96-1.00 in every cell, including Q1 and Rural."
dataflow,WB.AFW360:AFW360_HH(0.3.0),R,A,SEN,SN03,SURVEY,EN_GRID_USE,_Z,_Z,_T,_T,_T,_T,_T,_T,_Z,_Z,_Z,_Z,_Z,2021,0.48,,,,,,,,,EN_GRID_USE,SHARE,0.01,A,SEN_EHCVM2021_LEGACY_v1,
dataflow,WB.AFW360:AFW360_HH(0.3.0),R,A,SEN,SN03,SURVEY,EN_LIGHT_IMPROVED,_Z,_Z,_T,_T,_T,_T,_T,_T,_Z,_Z,_Z,_Z,_Z,2021,0.96,,,,,,,,,EN_LIGHT_IMPROVED,SHARE,0.01,A,SEN_EHCVM2021_LEGACY_v1,
dataflow,WB.AFW360:AFW360_HH(0.3.0),R,A,SEN,SN03,SURVEY,EN_OFFGRID_USE,_Z,_Z,_T,_T,_T,_T,_T,_T,_Z,_Z,_Z,_Z,_Z,2021,0.28,,,,,,,,,EN_OFFGRID_USE,SHARE,0.01,A,SEN_EHCVM2021_LEGACY_v1,
dataflow,WB.AFW360:AFW360_HH(0.3.0),R,A,SEN,SN03,SURVEY,EN_OUTAGE_ANY,_Z,_Z,_T,_T,_T,_T,_T,_T,_Z,_Z,_Z,_Z,_Z,2021,0.46,,,,,,,,,EN_OUTAGE_ANY,SHARE,0.01,A,SEN_EHCVM2021_LEGACY_v1,
dataflow,WB.AFW360:AFW360_HH(0.3.0),R,A,SEN,SN03,SURVEY,EN_OUTAGE_DAYS,_Z,_Z,_T,_T,_T,_T,_T,_T,_Z,_Z,_Z,_Z,_Z,2021,2.26,,,,,,,,,EN_OUTAGE_DAYS,DAY,0.01,A,SEN_EHCVM2021_LEGACY_v1,
dataflow,WB.AFW360:AFW360_HH(0.3.0),R,A,SEN,SN03,SURVEY,EN_OUTAGE_DUR_CODE,_Z,_Z,_T,_T,_T,_T,_T,_T,_Z,_Z,_Z,_Z,_Z,2021,1.91,,,,,,,,,EN_OUTAGE_DUR_CODE,INDEX,0.01,A,SEN_EHCVM2021_LEGACY_v1,
dataflow,WB.AFW360:AFW360_HH(0.3.0),R,A,SEN,SN03,SURVEY,EN_PREPAID_METER,_Z,_Z,_T,_T,_T,_T,_T,_T,_Z,_Z,_Z,_Z,_Z,2021,0.25,,,,,,,,,EN_PREPAID_METER,SHARE,0.01,A,SEN_EHCVM2021_LEGACY_v1,
dataflow,WB.AFW360:AFW360_HH(0.3.0),R,A,SEN,SN03,SURVEY,HE_ACCOUNTS,_Z,_Z,_T,_T,_T,_T,_T,_T,_Z,_Z,_Z,_Z,_Z,2021,0.04,,,,,,,,,HE_ACCOUNTS,SHARE,0.01,A,SEN_EHCVM2021_LEGACY_v1,
dataflow,WB.AFW360:AFW360_HH(0.3.0),R,A,SEN,SN03,SURVEY,HE_AGE,_Z,_Z,_T,_T,_T,_T,_T,_T,_Z,_Z,_Z,_Z,_Z,2021,11.32,,,,,,,,,HE_AGE,YEAR,0.01,A,SEN_EHCVM2021_LEGACY_v1,
dataflow,WB.AFW360:AFW360_HH(0.3.0),R,A,SEN,SN03,SURVEY,HE_BUY_FIRMS,_Z,_Z,_T,_T,_T,_T,_T,_T,_Z,_Z,_Z,_Z,_Z,2021,0.22,,,,,,,,,HE_BUY_FIRMS,SHARE,0.01,A,SEN_EHCVM2021_LEGACY_v1,
dataflow,WB.AFW360:AFW360_HH(0.3.0),R,A,SEN,SN03,SURVEY,HE_CAPITAL,_Z,_Z,_T,_T,_T,_T,_T,_T,_Z,_Z,_Z,_Z,_Z,2021,110597.77,,,,,,,,,HE_CAPITAL,XOF,0.01,A,SEN_EHCVM2021_LEGACY_v1,
dataflow,WB.AFW360:AFW360_HH(0.3.0),R,A,SEN,SN03,SURVEY,HE_COSTS,_Z,_Z,_T,_T,_T,_T,_T,_T,_Z,_Z,_Z,_Z,_Z,2021,33460.59,,,,,,,,,HE_COSTS,XOF,0.01,A,SEN_EHCVM2021_LEGACY_v1,
dataflow,WB.AFW360:AFW360_HH(0.3.0),R,A,SEN,SN03,SURVEY,HE_CREDIT_ANY,_Z,_Z,_T,_T,_T,_T,_T,_T,_Z,_Z,_Z,_Z,_Z,2021,0.38,,,,,,,,,HE_CREDIT_ANY,SHARE,0.01,A,SEN_EHCVM2021_LEGACY_v1,
dataflow,WB.AFW360:AFW360_HH(0.3.0),R,A,SEN,SN03,SURVEY,HE_CREDIT_FORMAL,_Z,_Z,_T,_T,_T,_T,_T,_T,_Z,_Z,_Z,_Z,_Z,2021,0.09,,,,,,,,,HE_CREDIT_FORMAL,SHARE,0.01,A,SEN_EHCVM2021_LEGACY_v1,
dataflow,WB.AFW360:AFW360_HH(0.3.0),R,A,SEN,SN03,SURVEY,HE_CREDIT_INFORMAL,_Z,_Z,_T,_T,_T,_T,_T,_T,_Z,_Z,_Z,_Z,_Z,2021,0.36,,,,,,,,,HE_CREDIT_INFORMAL,SHARE,0.01,A,SEN_EHCVM2021_LEGACY_v1,
dataflow,WB.AFW360:AFW360_HH(0.3.0),R,A,SEN,SN03,SURVEY,HE_ELEC,_Z,_Z,_T,_T,_T,_T,_T,_T,_Z,_Z,_Z,_Z,_Z,2021,0.81,,,,,,,,,HE_ELEC,SHARE,0.01,A,SEN_EHCVM2021_LEGACY_v1,
dataflow,WB.AFW360:AFW360_HH(0.3.0),R,A,SEN,SN03,SURVEY,HE_EMP_EXT_ANY,_Z,_Z,_T,_T,_T,_T,_T,_T,_Z,_Z,_Z,_Z,_Z,2021,0.97,,,,,,,,,HE_EMP_EXT_ANY,SHARE,0.01,A,SEN_EHCVM2021_LEGACY_v1,LEGACY_SUSPECT: Implausible: share 0.96 while mean non-HH employees is 0.54.
dataflow,WB.AFW360:AFW360_HH(0.3.0),R,A,SEN,SN03,SURVEY,HE_EMP_HH_NUM,_Z,_Z,_T,_T,_T,_T,_T,_T,_Z,_Z,_Z,_Z,_Z,2021,0.14,,,,,,,,,HE_EMP_HH_NUM,PERSON,0.01,A,SEN_EHCVM2021_LEGACY_v1,
dataflow,WB.AFW360:AFW360_HH(0.3.0),R,A,SEN,SN03,SURVEY,HE_EMP_NONHH_NUM,_Z,_Z,_T,_T,_T,_T,_T,_T,_Z,_Z,_Z,_Z,_Z,2021,0.99,,,,,,,,,HE_EMP_NONHH_NUM,PERSON,0.01,A,SEN_EHCVM2021_LEGACY_v1,
dataflow,WB.AFW360:AFW360_HH(0.3.0),R,A,SEN,SN03,SURVEY,HE_EMP_NUM,_Z,_Z,_T,_T,_T,_T,_T,_T,_Z,_Z,_Z,_Z,_Z,2021,3.09,,,,,,,,,HE_EMP_NUM,PERSON,0.01,A,SEN_EHCVM2021_LEGACY_v1,
dataflow,WB.AFW360:AFW360_HH(0.3.0),R,A,SEN,SN03,SURVEY,HE_HH_OWNER,_Z,_Z,_T,_T,_T,_T,_T,_T,_Z,_Z,_Z,_Z,_Z,2021,0.57,,,,,,,,,HE_HH_OWNER,SHARE,0.01,A,SEN_EHCVM2021_LEGACY_v1,
dataflow,WB.AFW360:AFW360_HH(0.3.0),R,A,SEN,SN03,SURVEY,HE_HOME_BASED,_Z,_Z,_T,_T,_T,_T,_T,_T,_Z,_Z,_Z,_Z,_Z,2021,0.46,,,,,,,,,HE_HOME_BASED,SHARE,0.01,A,SEN_EHCVM2021_LEGACY_v1,
dataflow,WB.AFW360:AFW360_HH(0.3.0),R,A,SEN,SN03,SURVEY,HE_PHONE,_Z,_Z,_T,_T,_T,_T,_T,_T,_Z,_Z,_Z,_Z,_Z,2021,0.97,,,,,,,,,HE_PHONE,SHARE,0.01,A,SEN_EHCVM2021_LEGACY_v1,
dataflow,WB.AFW360:AFW360_HH(0.3.0),R,A,SEN,SN03,SURVEY,HE_PREMISES_FORMAL,_Z,_Z,_T,_T,_T,_T,_T,_T,_Z,_Z,_Z,_Z,_Z,2021,0.18,,,,,,,,,HE_PREMISES_FORMAL,SHARE,0.01,A,SEN_EHCVM2021_LEGACY_v1,
dataflow,WB.AFW360:AFW360_HH(0.3.0),R,A,SEN,SN03,SURVEY,HE_PROFIT,_Z,_Z,_T,_T,_T,_T,_T,_T,_Z,_Z,_Z,_Z,_Z,2021,56449.9,,,,,,,,,HE_PROFIT,XOF,0.01,A,SEN_EHCVM2021_LEGACY_v1,
dataflow,WB.AFW360:AFW360_HH(0.3.0),R,A,SEN,SN03,SURVEY,HE_RENT,_Z,_Z,_T,_T,_T,_T,_T,_T,_Z,_Z,_Z,_Z,_Z,2021,0.95,,,,,,,,,HE_RENT,SHARE,0.01,A,SEN_EHCVM2021_LEGACY_v1,
dataflow,WB.AFW360:AFW360_HH(0.3.0),R,A,SEN,SN03,SURVEY,HE_REV_PER_WORKER,_Z,_Z,_T,_T,_T,_T,_T,_T,_Z,_Z,_Z,_Z,_Z,2021,78948.94,,,,,,,,,HE_REV_PER_WORKER,XOF,0.01,A,SEN_EHCVM2021_LEGACY_v1,
dataflow,WB.AFW360:AFW360_HH(0.3.0),R,A,SEN,SN03,SURVEY,HE_SELL_FIRMS,_Z,_Z,_T,_T,_T,_T,_T,_T,_Z,_Z,_Z,_Z,_Z,2021,0.16,,,,,,,,,HE_SELL_FIRMS,SHARE,0.01,A,SEN_EHCVM2021_LEGACY_v1,
dataflow,WB.AFW360:AFW360_HH(0.3.0),R,A,SEN,SN03,SURVEY,HE_TAX_ID,_Z,_Z,_T,_T,_T,_T,_T,_T,_Z,_Z,_Z,_Z,_Z,2021,0.05,,,,,,,,,HE_TAX_ID,SHARE,0.01,A,SEN_EHCVM2021_LEGACY_v1,
dataflow,WB.AFW360:AFW360_HH(0.3.0),R,A,SEN,SN03,SURVEY,HE_WATER,_Z,_Z,_T,_T,_T,_T,_T,_T,_Z,_Z,_Z,_Z,_Z,2021,0.1,,,,,,,,,HE_WATER,SHARE,0.01,A,SEN_EHCVM2021_LEGACY_v1,
dataflow,WB.AFW360:AFW360_HH(0.3.0),R,A,SEN,SN03,SURVEY,HOUS_FLOOR_DURABLE,_Z,_Z,_T,_T,_T,_T,_T,_T,_Z,_Z,_Z,_Z,_Z,2021,0.86,,,,,,,,,HOUS_FLOOR_DURABLE,SHARE,0.01,A,SEN_EHCVM2021_LEGACY_v1,
dataflow,WB.AFW360:AFW360_HH(0.3.0),R,A,SEN,SN03,SURVEY,HOUS_ROOF_DURABLE,_Z,_Z,_T,_T,_T,_T,_T,_T,_Z,_Z,_Z,_Z,_Z,2021,0.89,,,,,,,,,HOUS_ROOF_DURABLE,SHARE,0.01,A,SEN_EHCVM2021_LEGACY_v1,
dataflow,WB.AFW360:AFW360_HH(0.3.0),R,A,SEN,SN03,SURVEY,HOUS_SANIT_IMPROVED,_Z,_Z,_T,_T,_T,_T,_T,_T,_Z,_Z,_Z,_Z,_Z,2021,0.69,,,,,,,,,HOUS_SANIT_IMPROVED,SHARE,0.01,A,SEN_EHCVM2021_LEGACY_v1,
dataflow,WB.AFW360:AFW360_HH(0.3.0),R,A,SEN,SN03,SURVEY,HOUS_WALL_DURABLE,_Z,_Z,_T,_T,_T,_T,_T,_T,_Z,_Z,_Z,_Z,_Z,2021,0.97,,,,,,,,,HOUS_WALL_DURABLE,SHARE,0.01,A,SEN_EHCVM2021_LEGACY_v1,
dataflow,WB.AFW360:AFW360_HH(0.3.0),R,A,SEN,SN03,SURVEY,HOUS_WATER_SAFE_DRY,_Z,_Z,_T,_T,_T,_T,_T,_T,_Z,_Z,_Z,_Z,_Z,2021,0.75,,,,,,,,,HOUS_WATER_SAFE_DRY,SHARE,0.01,A,SEN_EHCVM2021_LEGACY_v1,
dataflow,WB.AFW360:AFW360_HH(0.3.0),R,A,SEN,SN03,SURVEY,POP_HE_SH,_Z,_Z,_T,HEO_MSTAT_MARRIED,_T,_T,_T,_T,_Z,_Z,_Z,_Z,_Z,2021,0.79,,,,,,,,,POP_HE_SH.HEO_MSTAT_MARRIED,SHARE,0.01,A,SEN_EHCVM2021_LEGACY_v1,
dataflow,WB.AFW360:AFW360_HH(0.3.0),R,A,SEN,SN03,SURVEY,POP_HE_SH,_Z,_Z,_T,HEO_SEX_F,_T,_T,_T,_T,_Z,_Z,_Z,_Z,_Z,2021,0.64,,,,,,,,,POP_HE_SH.HEO_SEX_F,SHARE,0.01,A,SEN_EHCVM2021_LEGACY_v1,
dataflow,WB.AFW360:AFW360_HH(0.3.0),R,A,SEN,SN03,SURVEY,POP_HH_SH,_Z,_Z,_T,HE_COUNT_0,_T,_T,_T,_T,_Z,_Z,_Z,_Z,_Z,2021,0.14,,,,,,,,,POP_HH_SH.HE_COUNT_0,SHARE,0.01,A,SEN_EHCVM2021_LEGACY_v1,
dataflow,WB.AFW360:AFW360_HH(0.3.0),R,A,SEN,SN03,SURVEY,POP_HH_SH,_Z,_Z,_T,HE_COUNT_1,_T,_T,_T,_T,_Z,_Z,_Z,_Z,_Z,2021,0.66,,,,,,,,,POP_HH_SH.HE_COUNT_1,SHARE,0.01,A,SEN_EHCVM2021_LEGACY_v1,
dataflow,WB.AFW360:AFW360_HH(0.3.0),R,A,SEN,SN03,SURVEY,POP_HH_SH,_Z,_Z,_T,HE_COUNT_2,_T,_T,_T,_T,_Z,_Z,_Z,_Z,_Z,2021,0.06,,,,,,,,,POP_HH_SH.HE_COUNT_2,SHARE,0.01,A,SEN_EHCVM2021_LEGACY_v1,
dataflow,WB.AFW360:AFW360_HH(0.3.0),R,A,SEN,SN03,SURVEY,POP_HH_SH,_Z,_Z,_T,HE_COUNT_3,_T,_T,_T,_T,_Z,_Z,_Z,_Z,_Z,2021,0.14,,,,,,,,,POP_HH_SH.HE_COUNT_3,SHARE,0.01,A,SEN_EHCVM2021_LEGACY_v1,
dataflow,WB.AFW360:AFW360_HH(0.3.0),R,A,SEN,SN03,SURVEY,POP_HH_SH,_Z,_Z,_T,HE_COUNT_4P,_T,_T,_T,_T,_Z,_Z,_Z,_Z,_Z,2021,0,,,,,,,,,POP_HH_SH.HE_COUNT_4P,SHARE,0.01,A,SEN_EHCVM2021_LEGACY_v1,
dataflow,WB.AFW360:AFW360_HH(0.3.0),R,A,SEN,SN03,SURVEY,POP_SH,_T,_T,_T,EMP_FORMAL_N,_T,_T,_T,_T,_Z,_Z,_Z,_Z,_Z,2021,0.85,,,,,,,,,POP_SH.EMP_FORMAL_N,SHARE,0.01,A,SEN_EHCVM2021_LEGACY_v1,
dataflow,WB.AFW360:AFW360_HH(0.3.0),R,A,SEN,SN03,SURVEY,POP_SH,_T,_T,_T,EMP_ISIC_G,_T,_T,_T,_T,_Z,_Z,_Z,_Z,_Z,2021,0.16,,,,,,,,,POP_SH.EMP_ISIC_G,SHARE,0.01,A,SEN_EHCVM2021_LEGACY_v1,
dataflow,WB.AFW360:AFW360_HH(0.3.0),R,A,SEN,SN03,SURVEY,POP_SH,_T,_T,_T,EMP_ISIC_H,_T,_T,_T,_T,_Z,_Z,_Z,_Z,_Z,2021,0.04,,,,,,,,,POP_SH.EMP_ISIC_H,SHARE,0.01,A,SEN_EHCVM2021_LEGACY_v1,
dataflow,WB.AFW360:AFW360_HH(0.3.0),R,A,SEN,SN03,SURVEY,POP_SH,_T,_T,_T,EMP_SECTOR_AGR,_T,_T,_T,_T,_Z,_Z,_Z,_Z,_Z,2021,0.5,,,,,,,,,POP_SH.EMP_SECTOR_AGR,SHARE,0.01,A,SEN_EHCVM2021_LEGACY_v1,
dataflow,WB.AFW360:AFW360_HH(0.3.0),R,A,SEN,SN03,SURVEY,POP_SH,_T,_T,_T,EMP_SECTOR_IND,_T,_T,_T,_T,_Z,_Z,_Z,_Z,_Z,2021,0.17,,,,,,,,,POP_SH.EMP_SECTOR_IND,SHARE,0.01,A,SEN_EHCVM2021_LEGACY_v1,
dataflow,WB.AFW360:AFW360_HH(0.3.0),R,A,SEN,SN03,SURVEY,POP_SH,_T,_T,_T,EMP_SECTOR_SER,_T,_T,_T,_T,_Z,_Z,_Z,_Z,_Z,2021,0.33,,,,,,,,,POP_SH.EMP_SECTOR_SER,SHARE,0.01,A,SEN_EHCVM2021_LEGACY_v1,
dataflow,WB.AFW360:AFW360_HH(0.3.0),R,A,SEN,SN03,SURVEY,POP_SH,_T,_T,_T,EMP_STATUS_EMPLOYED,_T,_T,_T,_T,_Z,_Z,_Z,_Z,_Z,2021,0.64,,,,,,,,,POP_SH.EMP_STATUS_EMPLOYED,SHARE,0.01,A,SEN_EHCVM2021_LEGACY_v1,
dataflow,WB.AFW360:AFW360_HH(0.3.0),R,A,SEN,SN03,SURVEY,POP_SH,_T,_T,_T,EMP_TYPE_NONWAGE,_T,_T,_T,_T,_Z,_Z,_Z,_Z,_Z,2021,0.84,,,,,,,,,POP_SH.EMP_TYPE_NONWAGE,SHARE,0.01,A,SEN_EHCVM2021_LEGACY_v1,
dataflow,WB.AFW360:AFW360_HH(0.3.0),R,A,SEN,SN03,SURVEY,POP_SH,_T,_T,_T,EMP_TYPE_WAGE,_T,_T,_T,_T,_Z,_Z,_Z,_Z,_Z,2021,0.16,,,,,,,,,POP_SH.EMP_TYPE_WAGE,SHARE,0.01,A,SEN_EHCVM2021_LEGACY_v1,
dataflow,WB.AFW360:AFW360_HH(0.3.0),R,A,SEN,SN03,SURVEY,POV_HC,_T,_T,_T,_T,_T,_T,_T,_T,POVLINE_PL300,PPP_2021,_Z,_Z,_Z,2021,0.25,,,,,,,,,POV_HC.POVLINE_PL300.PPP_2021,SHARE,0.01,A,SEN_EHCVM2021_LEGACY_v1,
dataflow,WB.AFW360:AFW360_HH(0.3.0),R,A,SEN,SN03,SURVEY,POV_HC,_T,_T,_T,_T,_T,_T,_T,_T,POVLINE_PL420,PPP_2021,_Z,_Z,_Z,2021,0.55,,,,,,,,,POV_HC.POVLINE_PL420.PPP_2021,SHARE,0.01,A,SEN_EHCVM2021_LEGACY_v1,
dataflow,WB.AFW360:AFW360_HH(0.3.0),R,A,SEN,SN03,SURVEY,POV_NUM,_T,_T,_T,_T,_T,_T,_T,_T,POVLINE_PL300,PPP_2021,_Z,_Z,_Z,2021,240000,,,,,,,,,POV_NUM.POVLINE_PL300.PPP_2021,PERSON,10000,A,SEN_EHCVM2021_LEGACY_v1,
dataflow,WB.AFW360:AFW360_HH(0.3.0),R,A,SEN,SN03,SURVEY,POV_NUM,_T,_T,_T,_T,_T,_T,_T,_T,POVLINE_PL420,PPP_2021,_Z,_Z,_Z,2021,530000,,,,,,,,,POV_NUM.POVLINE_PL420.PPP_2021,PERSON,10000,A,SEN_EHCVM2021_LEGACY_v1,
dataflow,WB.AFW360:AFW360_HH(0.3.0),R,A,SEN,SN03,SURVEY,SHK_ANY,_Z,_Z,_T,_T,_T,_T,_T,_T,_Z,_Z,_Z,_Z,_Z,2021,0.55,,,,,,,,,SHK_ANY,SHARE,0.01,A,SEN_EHCVM2021_LEGACY_v1,
dataflow,WB.AFW360:AFW360_HH(0.3.0),R,A,SEN,SN03,SURVEY,SHK_COV_CONFLICT,_Z,_Z,_T,_T,_T,_T,_T,_T,_Z,_Z,_Z,_Z,_Z,2021,0.01,,,,,,,,,SHK_COV_CONFLICT,SHARE,0.01,A,SEN_EHCVM2021_LEGACY_v1,
dataflow,WB.AFW360:AFW360_HH(0.3.0),R,A,SEN,SN03,SURVEY,SHK_COV_ECON,_Z,_Z,_T,_T,_T,_T,_T,_T,_Z,_Z,_Z,_Z,_Z,2021,0.37,,,,,,,,,SHK_COV_ECON,SHARE,0.01,A,SEN_EHCVM2021_LEGACY_v1,
dataflow,WB.AFW360:AFW360_HH(0.3.0),R,A,SEN,SN03,SURVEY,SHK_COV_NATURAL,_Z,_Z,_T,_T,_T,_T,_T,_T,_Z,_Z,_Z,_Z,_Z,2021,0.21,,,,,,,,,SHK_COV_NATURAL,SHARE,0.01,A,SEN_EHCVM2021_LEGACY_v1,
dataflow,WB.AFW360:AFW360_HH(0.3.0),R,A,SEN,SN03,SURVEY,SHK_IDIO_ECON,_Z,_Z,_T,_T,_T,_T,_T,_T,_Z,_Z,_Z,_Z,_Z,2021,0.12,,,,,,,,,SHK_IDIO_ECON,SHARE,0.01,A,SEN_EHCVM2021_LEGACY_v1,
dataflow,WB.AFW360:AFW360_HH(0.3.0),R,A,SEN,SN03,SURVEY,SP_HEALTH_COV,_T,_T,_T,_T,_T,_T,_T,_T,_Z,_Z,_Z,_Z,_Z,2021,0.02,,,,,,,,,SP_HEALTH_COV,SHARE,0.01,A,SEN_EHCVM2021_LEGACY_v1,
dataflow,WB.AFW360:AFW360_HH(0.3.0),R,A,SEN,SN03,SURVEY,SP_HEALTH_COV_HH,_Z,_Z,_T,_T,_T,_T,_T,_T,_Z,_Z,_Z,_Z,_Z,2021,0.04,,,,,,,,,SP_HEALTH_COV_HH,SHARE,0.01,A,SEN_EHCVM2021_LEGACY_v1,
dataflow,WB.AFW360:AFW360_HH(0.3.0),R,A,SEN,SN04,SURVEY,AGR_CULTIVATES,_Z,_Z,_T,_T,_T,_T,_T,_T,_Z,_Z,_Z,_Z,_Z,2021,0.83,,,,,,,,,AGR_CULTIVATES,SHARE,0.01,A,SEN_EHCVM2021_LEGACY_v1,
dataflow,WB.AFW360:AFW360_HH(0.3.0),R,A,SEN,SN04,SURVEY,AGR_CULT_AREA,_Z,_Z,_T,_T,_T,_T,_T,_T,_Z,_Z,_Z,_Z,_Z,2021,5.94,,,,,,,,,AGR_CULT_AREA,HA,0.01,A,SEN_EHCVM2021_LEGACY_v1,
dataflow,WB.AFW360:AFW360_HH(0.3.0),R,A,SEN,SN04,SURVEY,AGR_LIVESTOCK_ANY,_Z,_Z,_T,_T,_T,_T,_T,_T,_Z,_Z,_Z,_Z,_Z,2021,0.84,,,,,,,,,AGR_LIVESTOCK_ANY,SHARE,0.01,A,SEN_EHCVM2021_LEGACY_v1,
dataflow,WB.AFW360:AFW360_HH(0.3.0),R,A,SEN,SN04,SURVEY,AGR_TLU,_Z,_Z,_T,_T,_T,_T,_T,_T,_Z,_Z,_Z,_Z,_Z,2021,2.95,,,,,,,,,AGR_TLU,TLU,0.01,A,SEN_EHCVM2021_LEGACY_v1,
dataflow,WB.AFW360:AFW360_HH(0.3.0),R,A,SEN,SN04,SURVEY,CONS_SH,_Z,_Z,_T,_T,_T,_T,_T,_T,COICOP_CP01,ACQ_OWNPROD,_Z,_Z,_Z,2021,0.08,,,,,,,,,CONS_SH.COICOP_CP01.ACQ_OWNPROD,SHARE,0.01,A,SEN_EHCVM2021_LEGACY_v1,
dataflow,WB.AFW360:AFW360_HH(0.3.0),R,A,SEN,SN04,SURVEY,CONS_SH,_Z,_Z,_T,_T,_T,_T,_T,_T,COICOP_CP01,ACQ_PURCH,_Z,_Z,_Z,2021,0.41,,,,,,,,,CONS_SH.COICOP_CP01.ACQ_PURCH,SHARE,0.01,A,SEN_EHCVM2021_LEGACY_v1,
dataflow,WB.AFW360:AFW360_HH(0.3.0),R,A,SEN,SN04,SURVEY,CONS_SH,_Z,_Z,_T,_T,_T,_T,_T,_T,COICOP_CP01,_Z,_Z,_Z,_Z,2021,0.5,,,,,,,,,CONS_SH.COICOP_CP01,SHARE,0.01,A,SEN_EHCVM2021_LEGACY_v1,
dataflow,WB.AFW360:AFW360_HH(0.3.0),R,A,SEN,SN04,SURVEY,CONS_SH,_Z,_Z,_T,_T,_T,_T,_T,_T,COICOP_CP02,_Z,_Z,_Z,_Z,2021,0,,,,,,,,,CONS_SH.COICOP_CP02,SHARE,0.01,A,SEN_EHCVM2021_LEGACY_v1,
dataflow,WB.AFW360:AFW360_HH(0.3.0),R,A,SEN,SN04,SURVEY,CONS_SH,_Z,_Z,_T,_T,_T,_T,_T,_T,COICOP_CP03,_Z,_Z,_Z,_Z,2021,0.06,,,,,,,,,CONS_SH.COICOP_CP03,SHARE,0.01,A,SEN_EHCVM2021_LEGACY_v1,
dataflow,WB.AFW360:AFW360_HH(0.3.0),R,A,SEN,SN04,SURVEY,CONS_SH,_Z,_Z,_T,_T,_T,_T,_T,_T,COICOP_CP04,_Z,_Z,_Z,_Z,2021,0.18,,,,,,,,,CONS_SH.COICOP_CP04,SHARE,0.01,A,SEN_EHCVM2021_LEGACY_v1,
dataflow,WB.AFW360:AFW360_HH(0.3.0),R,A,SEN,SN04,SURVEY,CONS_SH,_Z,_Z,_T,_T,_T,_T,_T,_T,COICOP_CP05,_Z,_Z,_Z,_Z,2021,0.05,,,,,,,,,CONS_SH.COICOP_CP05,SHARE,0.01,A,SEN_EHCVM2021_LEGACY_v1,
dataflow,WB.AFW360:AFW360_HH(0.3.0),R,A,SEN,SN04,SURVEY,CONS_SH,_Z,_Z,_T,_T,_T,_T,_T,_T,COICOP_CP06,_Z,_Z,_Z,_Z,2021,0.03,,,,,,,,,CONS_SH.COICOP_CP06,SHARE,0.01,A,SEN_EHCVM2021_LEGACY_v1,
dataflow,WB.AFW360:AFW360_HH(0.3.0),R,A,SEN,SN04,SURVEY,CONS_SH,_Z,_Z,_T,_T,_T,_T,_T,_T,COICOP_CP07,_Z,_Z,_Z,_Z,2021,0.03,,,,,,,,,CONS_SH.COICOP_CP07,SHARE,0.01,A,SEN_EHCVM2021_LEGACY_v1,
dataflow,WB.AFW360:AFW360_HH(0.3.0),R,A,SEN,SN04,SURVEY,CONS_SH,_Z,_Z,_T,_T,_T,_T,_T,_T,COICOP_CP08,_Z,_Z,_Z,_Z,2021,0.05,,,,,,,,,CONS_SH.COICOP_CP08,SHARE,0.01,A,SEN_EHCVM2021_LEGACY_v1,
dataflow,WB.AFW360:AFW360_HH(0.3.0),R,A,SEN,SN04,SURVEY,CONS_SH,_Z,_Z,_T,_T,_T,_T,_T,_T,COICOP_CP09,_Z,_Z,_Z,_Z,2021,0,,,,,,,,,CONS_SH.COICOP_CP09,SHARE,0.01,A,SEN_EHCVM2021_LEGACY_v1,
dataflow,WB.AFW360:AFW360_HH(0.3.0),R,A,SEN,SN04,SURVEY,CONS_SH,_Z,_Z,_T,_T,_T,_T,_T,_T,COICOP_CP10,_Z,_Z,_Z,_Z,2021,0.01,,,,,,,,,CONS_SH.COICOP_CP10,SHARE,0.01,A,SEN_EHCVM2021_LEGACY_v1,
dataflow,WB.AFW360:AFW360_HH(0.3.0),R,A,SEN,SN04,SURVEY,CONS_SH,_Z,_Z,_T,_T,_T,_T,_T,_T,COICOP_CP11,_Z,_Z,_Z,_Z,2021,0.08,,,,,,,,,CONS_SH.COICOP_CP11,SHARE,0.01,A,SEN_EHCVM2021_LEGACY_v1,
dataflow,WB.AFW360:AFW360_HH(0.3.0),R,A,SEN,SN04,SURVEY,CONS_SH,_Z,_Z,_T,_T,_T,_T,_T,_T,COICOP_CP12,_Z,_Z,_Z,_Z,2021,0,,,,,,,,,CONS_SH.COICOP_CP12,SHARE,0.01,A,SEN_EHCVM2021_LEGACY_v1,
dataflow,WB.AFW360:AFW360_HH(0.3.0),R,A,SEN,SN04,SURVEY,CONS_SH,_Z,_Z,_T,_T,_T,_T,_T,_T,COICOP_CP13,_Z,_Z,_Z,_Z,2021,0.02,,,,,,,,,CONS_SH.COICOP_CP13,SHARE,0.01,A,SEN_EHCVM2021_LEGACY_v1,
dataflow,WB.AFW360:AFW360_HH(0.3.0),R,A,SEN,SN04,SURVEY,EN_ASSET_AC,_Z,_Z,_T,_T,_T,_T,_T,_T,_Z,_Z,_Z,_Z,_Z,2021,0,,,,,,,,,EN_ASSET_AC,SHARE,0.01,A,SEN_EHCVM2021_LEGACY_v1,
dataflow,WB.AFW360:AFW360_HH(0.3.0),R,A,SEN,SN04,SURVEY,EN_ASSET_COOKER,_Z,_Z,_T,_T,_T,_T,_T,_T,_Z,_Z,_Z,_Z,_Z,2021,0,,,,,,,,,EN_ASSET_COOKER,SHARE,0.01,A,SEN_EHCVM2021_LEGACY_v1,
dataflow,WB.AFW360:AFW360_HH(0.3.0),R,A,SEN,SN04,SURVEY,EN_ASSET_FAN,_Z,_Z,_T,_T,_T,_T,_T,_T,_Z,_Z,_Z,_Z,_Z,2021,0.02,,,,,,,,,EN_ASSET_FAN,SHARE,0.01,A,SEN_EHCVM2021_LEGACY_v1,
dataflow,WB.AFW360:AFW360_HH(0.3.0),R,A,SEN,SN04,SURVEY,EN_ASSET_WATER_HEATER,_Z,_Z,_T,_T,_T,_T,_T,_T,_Z,_Z,_Z,_Z,_Z,2021,0,,,,,,,,,EN_ASSET_WATER_HEATER,SHARE,0.01,A,SEN_EHCVM2021_LEGACY_v1,
dataflow,WB.AFW360:AFW360_HH(0.3.0),R,A,SEN,SN04,SURVEY,EN_COOK_BIOMASS,_Z,_Z,_T,_T,_T,_T,_T,_T,_Z,_Z,_Z,_Z,_Z,2021,0.44,,,,,,,,,EN_COOK_BIOMASS,SHARE,0.01,A,SEN_EHCVM2021_LEGACY_v1,
dataflow,WB.AFW360:AFW360_HH(0.3.0),R,A,SEN,SN04,SURVEY,EN_COOK_CLEAN,_Z,_Z,_T,_T,_T,_T,_T,_T,_Z,_Z,_Z,_Z,_Z,2021,0.56,,,,,,,,,EN_COOK_CLEAN,SHARE,0.01,A,SEN_EHCVM2021_LEGACY_v1,LEGACY_SUSPECT: Implausible pattern: higher in Rural and Q1 than in Capital and Q4.
dataflow,WB.AFW360:AFW360_HH(0.3.0),R,A,SEN,SN04,SURVEY,EN_ELEC_ACCESS,_Z,_Z,_T,_T,_T,_T,_T,_T,_Z,_Z,_Z,_Z,_Z,2021,0.47,,,,,,,,,EN_ELEC_ACCESS,SHARE,0.01,A,SEN_EHCVM2021_LEGACY_v1,
dataflow,WB.AFW360:AFW360_HH(0.3.0),R,A,SEN,SN04,SURVEY,EN_ELEC_INFORMAL,_Z,_Z,_T,_T,_T,_T,_T,_T,_Z,_Z,_Z,_Z,_Z,2021,0.03,,,,,,,,,EN_ELEC_INFORMAL,SHARE,0.01,A,SEN_EHCVM2021_LEGACY_v1,
dataflow,WB.AFW360:AFW360_HH(0.3.0),R,A,SEN,SN04,SURVEY,EN_ELEC_SPEND,_Z,_Z,_T,_T,_T,_T,_T,_T,_Z,_Z,_Z,_Z,_Z,2021,10652.4,,,,,,,,,EN_ELEC_SPEND,XOF,0.01,A,SEN_EHCVM2021_LEGACY_v1,
dataflow,WB.AFW360:AFW360_HH(0.3.0),R,A,SEN,SN04,SURVEY,EN_GRID_CONN,_Z,_Z,_T,_T,_T,_T,_T,_T,_Z,_Z,_Z,_Z,_Z,2021,0.97,,,,,,,,,EN_GRID_CONN,SHARE,0.01,A,SEN_EHCVM2021_LEGACY_v1,"LEGACY_SUSPECT: Implausible: 0.96-1.00 in every cell, including Q1 and Rural."
dataflow,WB.AFW360:AFW360_HH(0.3.0),R,A,SEN,SN04,SURVEY,EN_GRID_USE,_Z,_Z,_T,_T,_T,_T,_T,_T,_Z,_Z,_Z,_Z,_Z,2021,0.46,,,,,,,,,EN_GRID_USE,SHARE,0.01,A,SEN_EHCVM2021_LEGACY_v1,
dataflow,WB.AFW360:AFW360_HH(0.3.0),R,A,SEN,SN04,SURVEY,EN_LIGHT_IMPROVED,_Z,_Z,_T,_T,_T,_T,_T,_T,_Z,_Z,_Z,_Z,_Z,2021,0.93,,,,,,,,,EN_LIGHT_IMPROVED,SHARE,0.01,A,SEN_EHCVM2021_LEGACY_v1,
dataflow,WB.AFW360:AFW360_HH(0.3.0),R,A,SEN,SN04,SURVEY,EN_OFFGRID_USE,_Z,_Z,_T,_T,_T,_T,_T,_T,_Z,_Z,_Z,_Z,_Z,2021,0.22,,,,,,,,,EN_OFFGRID_USE,SHARE,0.01,A,SEN_EHCVM2021_LEGACY_v1,
dataflow,WB.AFW360:AFW360_HH(0.3.0),R,A,SEN,SN04,SURVEY,EN_OUTAGE_ANY,_Z,_Z,_T,_T,_T,_T,_T,_T,_Z,_Z,_Z,_Z,_Z,2021,0.08,,,,,,,,,EN_OUTAGE_ANY,SHARE,0.01,A,SEN_EHCVM2021_LEGACY_v1,
dataflow,WB.AFW360:AFW360_HH(0.3.0),R,A,SEN,SN04,SURVEY,EN_OUTAGE_DAYS,_Z,_Z,_T,_T,_T,_T,_T,_T,_Z,_Z,_Z,_Z,_Z,2021,1.33,,,,,,,,,EN_OUTAGE_DAYS,DAY,0.01,A,SEN_EHCVM2021_LEGACY_v1,
dataflow,WB.AFW360:AFW360_HH(0.3.0),R,A,SEN,SN04,SURVEY,EN_OUTAGE_DUR_CODE,_Z,_Z,_T,_T,_T,_T,_T,_T,_Z,_Z,_Z,_Z,_Z,2021,1.33,,,,,,,,,EN_OUTAGE_DUR_CODE,INDEX,0.01,A,SEN_EHCVM2021_LEGACY_v1,
dataflow,WB.AFW360:AFW360_HH(0.3.0),R,A,SEN,SN04,SURVEY,EN_PREPAID_METER,_Z,_Z,_T,_T,_T,_T,_T,_T,_Z,_Z,_Z,_Z,_Z,2021,0.24,,,,,,,,,EN_PREPAID_METER,SHARE,0.01,A,SEN_EHCVM2021_LEGACY_v1,
dataflow,WB.AFW360:AFW360_HH(0.3.0),R,A,SEN,SN04,SURVEY,HE_ACCOUNTS,_Z,_Z,_T,_T,_T,_T,_T,_T,_Z,_Z,_Z,_Z,_Z,2021,0,,,,,,,,,HE_ACCOUNTS,SHARE,0.01,A,SEN_EHCVM2021_LEGACY_v1,
dataflow,WB.AFW360:AFW360_HH(0.3.0),R,A,SEN,SN04,SURVEY,HE_AGE,_Z,_Z,_T,_T,_T,_T,_T,_T,_Z,_Z,_Z,_Z,_Z,2021,11.39,,,,,,,,,HE_AGE,YEAR,0.01,A,SEN_EHCVM2021_LEGACY_v1,
dataflow,WB.AFW360:AFW360_HH(0.3.0),R,A,SEN,SN04,SURVEY,HE_BUY_FIRMS,_Z,_Z,_T,_T,_T,_T,_T,_T,_Z,_Z,_Z,_Z,_Z,2021,0.14,,,,,,,,,HE_BUY_FIRMS,SHARE,0.01,A,SEN_EHCVM2021_LEGACY_v1,
dataflow,WB.AFW360:AFW360_HH(0.3.0),R,A,SEN,SN04,SURVEY,HE_CAPITAL,_Z,_Z,_T,_T,_T,_T,_T,_T,_Z,_Z,_Z,_Z,_Z,2021,151996.01,,,,,,,,,HE_CAPITAL,XOF,0.01,A,SEN_EHCVM2021_LEGACY_v1,
dataflow,WB.AFW360:AFW360_HH(0.3.0),R,A,SEN,SN04,SURVEY,HE_COSTS,_Z,_Z,_T,_T,_T,_T,_T,_T,_Z,_Z,_Z,_Z,_Z,2021,28241.59,,,,,,,,,HE_COSTS,XOF,0.01,A,SEN_EHCVM2021_LEGACY_v1,
dataflow,WB.AFW360:AFW360_HH(0.3.0),R,A,SEN,SN04,SURVEY,HE_CREDIT_ANY,_Z,_Z,_T,_T,_T,_T,_T,_T,_Z,_Z,_Z,_Z,_Z,2021,0.19,,,,,,,,,HE_CREDIT_ANY,SHARE,0.01,A,SEN_EHCVM2021_LEGACY_v1,
dataflow,WB.AFW360:AFW360_HH(0.3.0),R,A,SEN,SN04,SURVEY,HE_CREDIT_FORMAL,_Z,_Z,_T,_T,_T,_T,_T,_T,_Z,_Z,_Z,_Z,_Z,2021,0.09,,,,,,,,,HE_CREDIT_FORMAL,SHARE,0.01,A,SEN_EHCVM2021_LEGACY_v1,
dataflow,WB.AFW360:AFW360_HH(0.3.0),R,A,SEN,SN04,SURVEY,HE_CREDIT_INFORMAL,_Z,_Z,_T,_T,_T,_T,_T,_T,_Z,_Z,_Z,_Z,_Z,2021,0.1,,,,,,,,,HE_CREDIT_INFORMAL,SHARE,0.01,A,SEN_EHCVM2021_LEGACY_v1,
dataflow,WB.AFW360:AFW360_HH(0.3.0),R,A,SEN,SN04,SURVEY,HE_ELEC,_Z,_Z,_T,_T,_T,_T,_T,_T,_Z,_Z,_Z,_Z,_Z,2021,1,,,,,,,,,HE_ELEC,SHARE,0.01,A,SEN_EHCVM2021_LEGACY_v1,
dataflow,WB.AFW360:AFW360_HH(0.3.0),R,A,SEN,SN04,SURVEY,HE_EMP_EXT_ANY,_Z,_Z,_T,_T,_T,_T,_T,_T,_Z,_Z,_Z,_Z,_Z,2021,0.99,,,,,,,,,HE_EMP_EXT_ANY,SHARE,0.01,A,SEN_EHCVM2021_LEGACY_v1,LEGACY_SUSPECT: Implausible: share 0.96 while mean non-HH employees is 0.54.
dataflow,WB.AFW360:AFW360_HH(0.3.0),R,A,SEN,SN04,SURVEY,HE_EMP_HH_NUM,_Z,_Z,_T,_T,_T,_T,_T,_T,_Z,_Z,_Z,_Z,_Z,2021,0.32,,,,,,,,,HE_EMP_HH_NUM,PERSON,0.01,A,SEN_EHCVM2021_LEGACY_v1,
dataflow,WB.AFW360:AFW360_HH(0.3.0),R,A,SEN,SN04,SURVEY,HE_EMP_NONHH_NUM,_Z,_Z,_T,_T,_T,_T,_T,_T,_Z,_Z,_Z,_Z,_Z,2021,0.57,,,,,,,,,HE_EMP_NONHH_NUM,PERSON,0.01,A,SEN_EHCVM2021_LEGACY_v1,
dataflow,WB.AFW360:AFW360_HH(0.3.0),R,A,SEN,SN04,SURVEY,HE_EMP_NUM,_Z,_Z,_T,_T,_T,_T,_T,_T,_Z,_Z,_Z,_Z,_Z,2021,2.53,,,,,,,,,HE_EMP_NUM,PERSON,0.01,A,SEN_EHCVM2021_LEGACY_v1,
dataflow,WB.AFW360:AFW360_HH(0.3.0),R,A,SEN,SN04,SURVEY,HE_HH_OWNER,_Z,_Z,_T,_T,_T,_T,_T,_T,_Z,_Z,_Z,_Z,_Z,2021,0.4,,,,,,,,,HE_HH_OWNER,SHARE,0.01,A,SEN_EHCVM2021_LEGACY_v1,
dataflow,WB.AFW360:AFW360_HH(0.3.0),R,A,SEN,SN04,SURVEY,HE_HOME_BASED,_Z,_Z,_T,_T,_T,_T,_T,_T,_Z,_Z,_Z,_Z,_Z,2021,0.46,,,,,,,,,HE_HOME_BASED,SHARE,0.01,A,SEN_EHCVM2021_LEGACY_v1,
dataflow,WB.AFW360:AFW360_HH(0.3.0),R,A,SEN,SN04,SURVEY,HE_PHONE,_Z,_Z,_T,_T,_T,_T,_T,_T,_Z,_Z,_Z,_Z,_Z,2021,1,,,,,,,,,HE_PHONE,SHARE,0.01,A,SEN_EHCVM2021_LEGACY_v1,
dataflow,WB.AFW360:AFW360_HH(0.3.0),R,A,SEN,SN04,SURVEY,HE_PREMISES_FORMAL,_Z,_Z,_T,_T,_T,_T,_T,_T,_Z,_Z,_Z,_Z,_Z,2021,0.26,,,,,,,,,HE_PREMISES_FORMAL,SHARE,0.01,A,SEN_EHCVM2021_LEGACY_v1,
dataflow,WB.AFW360:AFW360_HH(0.3.0),R,A,SEN,SN04,SURVEY,HE_PROFIT,_Z,_Z,_T,_T,_T,_T,_T,_T,_Z,_Z,_Z,_Z,_Z,2021,38518.71,,,,,,,,,HE_PROFIT,XOF,0.01,A,SEN_EHCVM2021_LEGACY_v1,
dataflow,WB.AFW360:AFW360_HH(0.3.0),R,A,SEN,SN04,SURVEY,HE_RENT,_Z,_Z,_T,_T,_T,_T,_T,_T,_Z,_Z,_Z,_Z,_Z,2021,1,,,,,,,,,HE_RENT,SHARE,0.01,A,SEN_EHCVM2021_LEGACY_v1,
dataflow,WB.AFW360:AFW360_HH(0.3.0),R,A,SEN,SN04,SURVEY,HE_REV_PER_WORKER,_Z,_Z,_T,_T,_T,_T,_T,_T,_Z,_Z,_Z,_Z,_Z,2021,473642.35,,,,,,,,,HE_REV_PER_WORKER,XOF,0.01,A,SEN_EHCVM2021_LEGACY_v1,
dataflow,WB.AFW360:AFW360_HH(0.3.0),R,A,SEN,SN04,SURVEY,HE_SELL_FIRMS,_Z,_Z,_T,_T,_T,_T,_T,_T,_Z,_Z,_Z,_Z,_Z,2021,0.09,,,,,,,,,HE_SELL_FIRMS,SHARE,0.01,A,SEN_EHCVM2021_LEGACY_v1,
dataflow,WB.AFW360:AFW360_HH(0.3.0),R,A,SEN,SN04,SURVEY,HE_TAX_ID,_Z,_Z,_T,_T,_T,_T,_T,_T,_Z,_Z,_Z,_Z,_Z,2021,0,,,,,,,,,HE_TAX_ID,SHARE,0.01,A,SEN_EHCVM2021_LEGACY_v1,
dataflow,WB.AFW360:AFW360_HH(0.3.0),R,A,SEN,SN04,SURVEY,HE_WATER,_Z,_Z,_T,_T,_T,_T,_T,_T,_Z,_Z,_Z,_Z,_Z,2021,0.08,,,,,,,,,HE_WATER,SHARE,0.01,A,SEN_EHCVM2021_LEGACY_v1,
dataflow,WB.AFW360:AFW360_HH(0.3.0),R,A,SEN,SN04,SURVEY,HOUS_FLOOR_DURABLE,_Z,_Z,_T,_T,_T,_T,_T,_T,_Z,_Z,_Z,_Z,_Z,2021,0.63,,,,,,,,,HOUS_FLOOR_DURABLE,SHARE,0.01,A,SEN_EHCVM2021_LEGACY_v1,
dataflow,WB.AFW360:AFW360_HH(0.3.0),R,A,SEN,SN04,SURVEY,HOUS_ROOF_DURABLE,_Z,_Z,_T,_T,_T,_T,_T,_T,_Z,_Z,_Z,_Z,_Z,2021,0.64,,,,,,,,,HOUS_ROOF_DURABLE,SHARE,0.01,A,SEN_EHCVM2021_LEGACY_v1,
dataflow,WB.AFW360:AFW360_HH(0.3.0),R,A,SEN,SN04,SURVEY,HOUS_SANIT_IMPROVED,_Z,_Z,_T,_T,_T,_T,_T,_T,_Z,_Z,_Z,_Z,_Z,2021,0.49,,,,,,,,,HOUS_SANIT_IMPROVED,SHARE,0.01,A,SEN_EHCVM2021_LEGACY_v1,
dataflow,WB.AFW360:AFW360_HH(0.3.0),R,A,SEN,SN04,SURVEY,HOUS_WALL_DURABLE,_Z,_Z,_T,_T,_T,_T,_T,_T,_Z,_Z,_Z,_Z,_Z,2021,0.84,,,,,,,,,HOUS_WALL_DURABLE,SHARE,0.01,A,SEN_EHCVM2021_LEGACY_v1,
dataflow,WB.AFW360:AFW360_HH(0.3.0),R,A,SEN,SN04,SURVEY,HOUS_WATER_SAFE_DRY,_Z,_Z,_T,_T,_T,_T,_T,_T,_Z,_Z,_Z,_Z,_Z,2021,0.97,,,,,,,,,HOUS_WATER_SAFE_DRY,SHARE,0.01,A,SEN_EHCVM2021_LEGACY_v1,
dataflow,WB.AFW360:AFW360_HH(0.3.0),R,A,SEN,SN04,SURVEY,POP_HE_SH,_Z,_Z,_T,HEO_MSTAT_MARRIED,_T,_T,_T,_T,_Z,_Z,_Z,_Z,_Z,2021,0.81,,,,,,,,,POP_HE_SH.HEO_MSTAT_MARRIED,SHARE,0.01,A,SEN_EHCVM2021_LEGACY_v1,
dataflow,WB.AFW360:AFW360_HH(0.3.0),R,A,SEN,SN04,SURVEY,POP_HE_SH,_Z,_Z,_T,HEO_SEX_F,_T,_T,_T,_T,_Z,_Z,_Z,_Z,_Z,2021,0.69,,,,,,,,,POP_HE_SH.HEO_SEX_F,SHARE,0.01,A,SEN_EHCVM2021_LEGACY_v1,
dataflow,WB.AFW360:AFW360_HH(0.3.0),R,A,SEN,SN04,SURVEY,POP_HH_SH,_Z,_Z,_T,HE_COUNT_0,_T,_T,_T,_T,_Z,_Z,_Z,_Z,_Z,2021,0.31,,,,,,,,,POP_HH_SH.HE_COUNT_0,SHARE,0.01,A,SEN_EHCVM2021_LEGACY_v1,
dataflow,WB.AFW360:AFW360_HH(0.3.0),R,A,SEN,SN04,SURVEY,POP_HH_SH,_Z,_Z,_T,HE_COUNT_1,_T,_T,_T,_T,_Z,_Z,_Z,_Z,_Z,2021,0.47,,,,,,,,,POP_HH_SH.HE_COUNT_1,SHARE,0.01,A,SEN_EHCVM2021_LEGACY_v1,
dataflow,WB.AFW360:AFW360_HH(0.3.0),R,A,SEN,SN04,SURVEY,POP_HH_SH,_Z,_Z,_T,HE_COUNT_2,_T,_T,_T,_T,_Z,_Z,_Z,_Z,_Z,2021,0.22,,,,,,,,,POP_HH_SH.HE_COUNT_2,SHARE,0.01,A,SEN_EHCVM2021_LEGACY_v1,
dataflow,WB.AFW360:AFW360_HH(0.3.0),R,A,SEN,SN04,SURVEY,POP_HH_SH,_Z,_Z,_T,HE_COUNT_3,_T,_T,_T,_T,_Z,_Z,_Z,_Z,_Z,2021,0,,,,,,,,,POP_HH_SH.HE_COUNT_3,SHARE,0.01,A,SEN_EHCVM2021_LEGACY_v1,
dataflow,WB.AFW360:AFW360_HH(0.3.0),R,A,SEN,SN04,SURVEY,POP_HH_SH,_Z,_Z,_T,HE_COUNT_4P,_T,_T,_T,_T,_Z,_Z,_Z,_Z,_Z,2021,0,,,,,,,,,POP_HH_SH.HE_COUNT_4P,SHARE,0.01,A,SEN_EHCVM2021_LEGACY_v1,
dataflow,WB.AFW360:AFW360_HH(0.3.0),R,A,SEN,SN04,SURVEY,POP_SH,_T,_T,_T,EMP_FORMAL_N,_T,_T,_T,_T,_Z,_Z,_Z,_Z,_Z,2021,0.87,,,,,,,,,POP_SH.EMP_FORMAL_N,SHARE,0.01,A,SEN_EHCVM2021_LEGACY_v1,
dataflow,WB.AFW360:AFW360_HH(0.3.0),R,A,SEN,SN04,SURVEY,POP_SH,_T,_T,_T,EMP_ISIC_G,_T,_T,_T,_T,_Z,_Z,_Z,_Z,_Z,2021,0.1,,,,,,,,,POP_SH.EMP_ISIC_G,SHARE,0.01,A,SEN_EHCVM2021_LEGACY_v1,
dataflow,WB.AFW360:AFW360_HH(0.3.0),R,A,SEN,SN04,SURVEY,POP_SH,_T,_T,_T,EMP_ISIC_H,_T,_T,_T,_T,_Z,_Z,_Z,_Z,_Z,2021,0.03,,,,,,,,,POP_SH.EMP_ISIC_H,SHARE,0.01,A,SEN_EHCVM2021_LEGACY_v1,
dataflow,WB.AFW360:AFW360_HH(0.3.0),R,A,SEN,SN04,SURVEY,POP_SH,_T,_T,_T,EMP_SECTOR_AGR,_T,_T,_T,_T,_Z,_Z,_Z,_Z,_Z,2021,0.71,,,,,,,,,POP_SH.EMP_SECTOR_AGR,SHARE,0.01,A,SEN_EHCVM2021_LEGACY_v1,
dataflow,WB.AFW360:AFW360_HH(0.3.0),R,A,SEN,SN04,SURVEY,POP_SH,_T,_T,_T,EMP_SECTOR_IND,_T,_T,_T,_T,_Z,_Z,_Z,_Z,_Z,2021,0.1,,,,,,,,,POP_SH.EMP_SECTOR_IND,SHARE,0.01,A,SEN_EHCVM2021_LEGACY_v1,
dataflow,WB.AFW360:AFW360_HH(0.3.0),R,A,SEN,SN04,SURVEY,POP_SH,_T,_T,_T,EMP_SECTOR_SER,_T,_T,_T,_T,_Z,_Z,_Z,_Z,_Z,2021,0.19,,,,,,,,,POP_SH.EMP_SECTOR_SER,SHARE,0.01,A,SEN_EHCVM2021_LEGACY_v1,
dataflow,WB.AFW360:AFW360_HH(0.3.0),R,A,SEN,SN04,SURVEY,POP_SH,_T,_T,_T,EMP_STATUS_EMPLOYED,_T,_T,_T,_T,_Z,_Z,_Z,_Z,_Z,2021,0.67,,,,,,,,,POP_SH.EMP_STATUS_EMPLOYED,SHARE,0.01,A,SEN_EHCVM2021_LEGACY_v1,
dataflow,WB.AFW360:AFW360_HH(0.3.0),R,A,SEN,SN04,SURVEY,POP_SH,_T,_T,_T,EMP_TYPE_NONWAGE,_T,_T,_T,_T,_Z,_Z,_Z,_Z,_Z,2021,0.87,,,,,,,,,POP_SH.EMP_TYPE_NONWAGE,SHARE,0.01,A,SEN_EHCVM2021_LEGACY_v1,
dataflow,WB.AFW360:AFW360_HH(0.3.0),R,A,SEN,SN04,SURVEY,POP_SH,_T,_T,_T,EMP_TYPE_WAGE,_T,_T,_T,_T,_Z,_Z,_Z,_Z,_Z,2021,0.13,,,,,,,,,POP_SH.EMP_TYPE_WAGE,SHARE,0.01,A,SEN_EHCVM2021_LEGACY_v1,
dataflow,WB.AFW360:AFW360_HH(0.3.0),R,A,SEN,SN04,SURVEY,POV_HC,_T,_T,_T,_T,_T,_T,_T,_T,POVLINE_PL300,PPP_2021,_Z,_Z,_Z,2021,0.33,,,,,,,,,POV_HC.POVLINE_PL300.PPP_2021,SHARE,0.01,A,SEN_EHCVM2021_LEGACY_v1,
dataflow,WB.AFW360:AFW360_HH(0.3.0),R,A,SEN,SN04,SURVEY,POV_HC,_T,_T,_T,_T,_T,_T,_T,_T,POVLINE_PL420,PPP_2021,_Z,_Z,_Z,2021,0.64,,,,,,,,,POV_HC.POVLINE_PL420.PPP_2021,SHARE,0.01,A,SEN_EHCVM2021_LEGACY_v1,
dataflow,WB.AFW360:AFW360_HH(0.3.0),R,A,SEN,SN04,SURVEY,POV_NUM,_T,_T,_T,_T,_T,_T,_T,_T,POVLINE_PL300,PPP_2021,_Z,_Z,_Z,2021,250000,,,,,,,,,POV_NUM.POVLINE_PL300.PPP_2021,PERSON,10000,A,SEN_EHCVM2021_LEGACY_v1,
dataflow,WB.AFW360:AFW360_HH(0.3.0),R,A,SEN,SN04,SURVEY,POV_NUM,_T,_T,_T,_T,_T,_T,_T,_T,POVLINE_PL420,PPP_2021,_Z,_Z,_Z,2021,490000,,,,,,,,,POV_NUM.POVLINE_PL420.PPP_2021,PERSON,10000,A,SEN_EHCVM2021_LEGACY_v1,
dataflow,WB.AFW360:AFW360_HH(0.3.0),R,A,SEN,SN04,SURVEY,SHK_ANY,_Z,_Z,_T,_T,_T,_T,_T,_T,_Z,_Z,_Z,_Z,_Z,2021,0.83,,,,,,,,,SHK_ANY,SHARE,0.01,A,SEN_EHCVM2021_LEGACY_v1,
dataflow,WB.AFW360:AFW360_HH(0.3.0),R,A,SEN,SN04,SURVEY,SHK_COV_CONFLICT,_Z,_Z,_T,_T,_T,_T,_T,_T,_Z,_Z,_Z,_Z,_Z,2021,0.01,,,,,,,,,SHK_COV_CONFLICT,SHARE,0.01,A,SEN_EHCVM2021_LEGACY_v1,
dataflow,WB.AFW360:AFW360_HH(0.3.0),R,A,SEN,SN04,SURVEY,SHK_COV_ECON,_Z,_Z,_T,_T,_T,_T,_T,_T,_Z,_Z,_Z,_Z,_Z,2021,0.61,,,,,,,,,SHK_COV_ECON,SHARE,0.01,A,SEN_EHCVM2021_LEGACY_v1,
dataflow,WB.AFW360:AFW360_HH(0.3.0),R,A,SEN,SN04,SURVEY,SHK_COV_NATURAL,_Z,_Z,_T,_T,_T,_T,_T,_T,_Z,_Z,_Z,_Z,_Z,2021,0.25,,,,,,,,,SHK_COV_NATURAL,SHARE,0.01,A,SEN_EHCVM2021_LEGACY_v1,
dataflow,WB.AFW360:AFW360_HH(0.3.0),R,A,SEN,SN04,SURVEY,SHK_IDIO_ECON,_Z,_Z,_T,_T,_T,_T,_T,_T,_Z,_Z,_Z,_Z,_Z,2021,0.23,,,,,,,,,SHK_IDIO_ECON,SHARE,0.01,A,SEN_EHCVM2021_LEGACY_v1,
dataflow,WB.AFW360:AFW360_HH(0.3.0),R,A,SEN,SN04,SURVEY,SP_HEALTH_COV,_T,_T,_T,_T,_T,_T,_T,_T,_Z,_Z,_Z,_Z,_Z,2021,0,,,,,,,,,SP_HEALTH_COV,SHARE,0.01,A,SEN_EHCVM2021_LEGACY_v1,
dataflow,WB.AFW360:AFW360_HH(0.3.0),R,A,SEN,SN04,SURVEY,SP_HEALTH_COV_HH,_Z,_Z,_T,_T,_T,_T,_T,_T,_Z,_Z,_Z,_Z,_Z,2021,0.02,,,,,,,,,SP_HEALTH_COV_HH,SHARE,0.01,A,SEN_EHCVM2021_LEGACY_v1,
dataflow,WB.AFW360:AFW360_HH(0.3.0),R,A,SEN,SN05,SURVEY,AGR_CULTIVATES,_Z,_Z,_T,_T,_T,_T,_T,_T,_Z,_Z,_Z,_Z,_Z,2021,0.59,,,,,,,,,AGR_CULTIVATES,SHARE,0.01,A,SEN_EHCVM2021_LEGACY_v1,
dataflow,WB.AFW360:AFW360_HH(0.3.0),R,A,SEN,SN05,SURVEY,AGR_CULT_AREA,_Z,_Z,_T,_T,_T,_T,_T,_T,_Z,_Z,_Z,_Z,_Z,2021,4.24,,,,,,,,,AGR_CULT_AREA,HA,0.01,A,SEN_EHCVM2021_LEGACY_v1,
dataflow,WB.AFW360:AFW360_HH(0.3.0),R,A,SEN,SN05,SURVEY,AGR_LIVESTOCK_ANY,_Z,_Z,_T,_T,_T,_T,_T,_T,_Z,_Z,_Z,_Z,_Z,2021,0.72,,,,,,,,,AGR_LIVESTOCK_ANY,SHARE,0.01,A,SEN_EHCVM2021_LEGACY_v1,
dataflow,WB.AFW360:AFW360_HH(0.3.0),R,A,SEN,SN05,SURVEY,AGR_TLU,_Z,_Z,_T,_T,_T,_T,_T,_T,_Z,_Z,_Z,_Z,_Z,2021,3.15,,,,,,,,,AGR_TLU,TLU,0.01,A,SEN_EHCVM2021_LEGACY_v1,
dataflow,WB.AFW360:AFW360_HH(0.3.0),R,A,SEN,SN05,SURVEY,CONS_SH,_Z,_Z,_T,_T,_T,_T,_T,_T,COICOP_CP01,ACQ_OWNPROD,_Z,_Z,_Z,2021,0.07,,,,,,,,,CONS_SH.COICOP_CP01.ACQ_OWNPROD,SHARE,0.01,A,SEN_EHCVM2021_LEGACY_v1,
dataflow,WB.AFW360:AFW360_HH(0.3.0),R,A,SEN,SN05,SURVEY,CONS_SH,_Z,_Z,_T,_T,_T,_T,_T,_T,COICOP_CP01,ACQ_PURCH,_Z,_Z,_Z,2021,0.38,,,,,,,,,CONS_SH.COICOP_CP01.ACQ_PURCH,SHARE,0.01,A,SEN_EHCVM2021_LEGACY_v1,
dataflow,WB.AFW360:AFW360_HH(0.3.0),R,A,SEN,SN05,SURVEY,CONS_SH,_Z,_Z,_T,_T,_T,_T,_T,_T,COICOP_CP01,_Z,_Z,_Z,_Z,2021,0.47,,,,,,,,,CONS_SH.COICOP_CP01,SHARE,0.01,A,SEN_EHCVM2021_LEGACY_v1,
dataflow,WB.AFW360:AFW360_HH(0.3.0),R,A,SEN,SN05,SURVEY,CONS_SH,_Z,_Z,_T,_T,_T,_T,_T,_T,COICOP_CP02,_Z,_Z,_Z,_Z,2021,0,,,,,,,,,CONS_SH.COICOP_CP02,SHARE,0.01,A,SEN_EHCVM2021_LEGACY_v1,
dataflow,WB.AFW360:AFW360_HH(0.3.0),R,A,SEN,SN05,SURVEY,CONS_SH,_Z,_Z,_T,_T,_T,_T,_T,_T,COICOP_CP03,_Z,_Z,_Z,_Z,2021,0.05,,,,,,,,,CONS_SH.COICOP_CP03,SHARE,0.01,A,SEN_EHCVM2021_LEGACY_v1,
dataflow,WB.AFW360:AFW360_HH(0.3.0),R,A,SEN,SN05,SURVEY,CONS_SH,_Z,_Z,_T,_T,_T,_T,_T,_T,COICOP_CP04,_Z,_Z,_Z,_Z,2021,0.17,,,,,,,,,CONS_SH.COICOP_CP04,SHARE,0.01,A,SEN_EHCVM2021_LEGACY_v1,
dataflow,WB.AFW360:AFW360_HH(0.3.0),R,A,SEN,SN05,SURVEY,CONS_SH,_Z,_Z,_T,_T,_T,_T,_T,_T,COICOP_CP05,_Z,_Z,_Z,_Z,2021,0.05,,,,,,,,,CONS_SH.COICOP_CP05,SHARE,0.01,A,SEN_EHCVM2021_LEGACY_v1,
dataflow,WB.AFW360:AFW360_HH(0.3.0),R,A,SEN,SN05,SURVEY,CONS_SH,_Z,_Z,_T,_T,_T,_T,_T,_T,COICOP_CP06,_Z,_Z,_Z,_Z,2021,0.02,,,,,,,,,CONS_SH.COICOP_CP06,SHARE,0.01,A,SEN_EHCVM2021_LEGACY_v1,
dataflow,WB.AFW360:AFW360_HH(0.3.0),R,A,SEN,SN05,SURVEY,CONS_SH,_Z,_Z,_T,_T,_T,_T,_T,_T,COICOP_CP07,_Z,_Z,_Z,_Z,2021,0.03,,,,,,,,,CONS_SH.COICOP_CP07,SHARE,0.01,A,SEN_EHCVM2021_LEGACY_v1,
dataflow,WB.AFW360:AFW360_HH(0.3.0),R,A,SEN,SN05,SURVEY,CONS_SH,_Z,_Z,_T,_T,_T,_T,_T,_T,COICOP_CP08,_Z,_Z,_Z,_Z,2021,0.06,,,,,,,,,CONS_SH.COICOP_CP08,SHARE,0.01,A,SEN_EHCVM2021_LEGACY_v1,
dataflow,WB.AFW360:AFW360_HH(0.3.0),R,A,SEN,SN05,SURVEY,CONS_SH,_Z,_Z,_T,_T,_T,_T,_T,_T,COICOP_CP09,_Z,_Z,_Z,_Z,2021,0,,,,,,,,,CONS_SH.COICOP_CP09,SHARE,0.01,A,SEN_EHCVM2021_LEGACY_v1,
dataflow,WB.AFW360:AFW360_HH(0.3.0),R,A,SEN,SN05,SURVEY,CONS_SH,_Z,_Z,_T,_T,_T,_T,_T,_T,COICOP_CP10,_Z,_Z,_Z,_Z,2021,0.01,,,,,,,,,CONS_SH.COICOP_CP10,SHARE,0.01,A,SEN_EHCVM2021_LEGACY_v1,
dataflow,WB.AFW360:AFW360_HH(0.3.0),R,A,SEN,SN05,SURVEY,CONS_SH,_Z,_Z,_T,_T,_T,_T,_T,_T,COICOP_CP11,_Z,_Z,_Z,_Z,2021,0.09,,,,,,,,,CONS_SH.COICOP_CP11,SHARE,0.01,A,SEN_EHCVM2021_LEGACY_v1,
dataflow,WB.AFW360:AFW360_HH(0.3.0),R,A,SEN,SN05,SURVEY,CONS_SH,_Z,_Z,_T,_T,_T,_T,_T,_T,COICOP_CP12,_Z,_Z,_Z,_Z,2021,0,,,,,,,,,CONS_SH.COICOP_CP12,SHARE,0.01,A,SEN_EHCVM2021_LEGACY_v1,
dataflow,WB.AFW360:AFW360_HH(0.3.0),R,A,SEN,SN05,SURVEY,CONS_SH,_Z,_Z,_T,_T,_T,_T,_T,_T,COICOP_CP13,_Z,_Z,_Z,_Z,2021,0.02,,,,,,,,,CONS_SH.COICOP_CP13,SHARE,0.01,A,SEN_EHCVM2021_LEGACY_v1,
dataflow,WB.AFW360:AFW360_HH(0.3.0),R,A,SEN,SN05,SURVEY,EN_ASSET_AC,_Z,_Z,_T,_T,_T,_T,_T,_T,_Z,_Z,_Z,_Z,_Z,2021,0,,,,,,,,,EN_ASSET_AC,SHARE,0.01,A,SEN_EHCVM2021_LEGACY_v1,
dataflow,WB.AFW360:AFW360_HH(0.3.0),R,A,SEN,SN05,SURVEY,EN_ASSET_COOKER,_Z,_Z,_T,_T,_T,_T,_T,_T,_Z,_Z,_Z,_Z,_Z,2021,0.01,,,,,,,,,EN_ASSET_COOKER,SHARE,0.01,A,SEN_EHCVM2021_LEGACY_v1,
dataflow,WB.AFW360:AFW360_HH(0.3.0),R,A,SEN,SN05,SURVEY,EN_ASSET_FAN,_Z,_Z,_T,_T,_T,_T,_T,_T,_Z,_Z,_Z,_Z,_Z,2021,0,,,,,,,,,EN_ASSET_FAN,SHARE,0.01,A,SEN_EHCVM2021_LEGACY_v1,
dataflow,WB.AFW360:AFW360_HH(0.3.0),R,A,SEN,SN05,SURVEY,EN_ASSET_WATER_HEATER,_Z,_Z,_T,_T,_T,_T,_T,_T,_Z,_Z,_Z,_Z,_Z,2021,0,,,,,,,,,EN_ASSET_WATER_HEATER,SHARE,0.01,A,SEN_EHCVM2021_LEGACY_v1,
dataflow,WB.AFW360:AFW360_HH(0.3.0),R,A,SEN,SN05,SURVEY,EN_COOK_BIOMASS,_Z,_Z,_T,_T,_T,_T,_T,_T,_Z,_Z,_Z,_Z,_Z,2021,0.03,,,,,,,,,EN_COOK_BIOMASS,SHARE,0.01,A,SEN_EHCVM2021_LEGACY_v1,
dataflow,WB.AFW360:AFW360_HH(0.3.0),R,A,SEN,SN05,SURVEY,EN_COOK_CLEAN,_Z,_Z,_T,_T,_T,_T,_T,_T,_Z,_Z,_Z,_Z,_Z,2021,0.95,,,,,,,,,EN_COOK_CLEAN,SHARE,0.01,A,SEN_EHCVM2021_LEGACY_v1,LEGACY_SUSPECT: Implausible pattern: higher in Rural and Q1 than in Capital and Q4.
dataflow,WB.AFW360:AFW360_HH(0.3.0),R,A,SEN,SN05,SURVEY,EN_ELEC_ACCESS,_Z,_Z,_T,_T,_T,_T,_T,_T,_Z,_Z,_Z,_Z,_Z,2021,0.66,,,,,,,,,EN_ELEC_ACCESS,SHARE,0.01,A,SEN_EHCVM2021_LEGACY_v1,
dataflow,WB.AFW360:AFW360_HH(0.3.0),R,A,SEN,SN05,SURVEY,EN_ELEC_INFORMAL,_Z,_Z,_T,_T,_T,_T,_T,_T,_Z,_Z,_Z,_Z,_Z,2021,0.02,,,,,,,,,EN_ELEC_INFORMAL,SHARE,0.01,A,SEN_EHCVM2021_LEGACY_v1,
dataflow,WB.AFW360:AFW360_HH(0.3.0),R,A,SEN,SN05,SURVEY,EN_ELEC_SPEND,_Z,_Z,_T,_T,_T,_T,_T,_T,_Z,_Z,_Z,_Z,_Z,2021,13162.26,,,,,,,,,EN_ELEC_SPEND,XOF,0.01,A,SEN_EHCVM2021_LEGACY_v1,
dataflow,WB.AFW360:AFW360_HH(0.3.0),R,A,SEN,SN05,SURVEY,EN_GRID_CONN,_Z,_Z,_T,_T,_T,_T,_T,_T,_Z,_Z,_Z,_Z,_Z,2021,0.98,,,,,,,,,EN_GRID_CONN,SHARE,0.01,A,SEN_EHCVM2021_LEGACY_v1,"LEGACY_SUSPECT: Implausible: 0.96-1.00 in every cell, including Q1 and Rural."
dataflow,WB.AFW360:AFW360_HH(0.3.0),R,A,SEN,SN05,SURVEY,EN_GRID_USE,_Z,_Z,_T,_T,_T,_T,_T,_T,_Z,_Z,_Z,_Z,_Z,2021,0.59,,,,,,,,,EN_GRID_USE,SHARE,0.01,A,SEN_EHCVM2021_LEGACY_v1,
dataflow,WB.AFW360:AFW360_HH(0.3.0),R,A,SEN,SN05,SURVEY,EN_LIGHT_IMPROVED,_Z,_Z,_T,_T,_T,_T,_T,_T,_Z,_Z,_Z,_Z,_Z,2021,0.97,,,,,,,,,EN_LIGHT_IMPROVED,SHARE,0.01,A,SEN_EHCVM2021_LEGACY_v1,
dataflow,WB.AFW360:AFW360_HH(0.3.0),R,A,SEN,SN05,SURVEY,EN_OFFGRID_USE,_Z,_Z,_T,_T,_T,_T,_T,_T,_Z,_Z,_Z,_Z,_Z,2021,0.23,,,,,,,,,EN_OFFGRID_USE,SHARE,0.01,A,SEN_EHCVM2021_LEGACY_v1,
dataflow,WB.AFW360:AFW360_HH(0.3.0),R,A,SEN,SN05,SURVEY,EN_OUTAGE_ANY,_Z,_Z,_T,_T,_T,_T,_T,_T,_Z,_Z,_Z,_Z,_Z,2021,0.57,,,,,,,,,EN_OUTAGE_ANY,SHARE,0.01,A,SEN_EHCVM2021_LEGACY_v1,
dataflow,WB.AFW360:AFW360_HH(0.3.0),R,A,SEN,SN05,SURVEY,EN_OUTAGE_DAYS,_Z,_Z,_T,_T,_T,_T,_T,_T,_Z,_Z,_Z,_Z,_Z,2021,1.5,,,,,,,,,EN_OUTAGE_DAYS,DAY,0.01,A,SEN_EHCVM2021_LEGACY_v1,
dataflow,WB.AFW360:AFW360_HH(0.3.0),R,A,SEN,SN05,SURVEY,EN_OUTAGE_DUR_CODE,_Z,_Z,_T,_T,_T,_T,_T,_T,_Z,_Z,_Z,_Z,_Z,2021,1.53,,,,,,,,,EN_OUTAGE_DUR_CODE,INDEX,0.01,A,SEN_EHCVM2021_LEGACY_v1,
dataflow,WB.AFW360:AFW360_HH(0.3.0),R,A,SEN,SN05,SURVEY,EN_PREPAID_METER,_Z,_Z,_T,_T,_T,_T,_T,_T,_Z,_Z,_Z,_Z,_Z,2021,0.35,,,,,,,,,EN_PREPAID_METER,SHARE,0.01,A,SEN_EHCVM2021_LEGACY_v1,
dataflow,WB.AFW360:AFW360_HH(0.3.0),R,A,SEN,SN05,SURVEY,HE_ACCOUNTS,_Z,_Z,_T,_T,_T,_T,_T,_T,_Z,_Z,_Z,_Z,_Z,2021,0.12,,,,,,,,,HE_ACCOUNTS,SHARE,0.01,A,SEN_EHCVM2021_LEGACY_v1,
dataflow,WB.AFW360:AFW360_HH(0.3.0),R,A,SEN,SN05,SURVEY,HE_AGE,_Z,_Z,_T,_T,_T,_T,_T,_T,_Z,_Z,_Z,_Z,_Z,2021,4.66,,,,,,,,,HE_AGE,YEAR,0.01,A,SEN_EHCVM2021_LEGACY_v1,
dataflow,WB.AFW360:AFW360_HH(0.3.0),R,A,SEN,SN05,SURVEY,HE_BUY_FIRMS,_Z,_Z,_T,_T,_T,_T,_T,_T,_Z,_Z,_Z,_Z,_Z,2021,0.16,,,,,,,,,HE_BUY_FIRMS,SHARE,0.01,A,SEN_EHCVM2021_LEGACY_v1,
dataflow,WB.AFW360:AFW360_HH(0.3.0),R,A,SEN,SN05,SURVEY,HE_CAPITAL,_Z,_Z,_T,_T,_T,_T,_T,_T,_Z,_Z,_Z,_Z,_Z,2021,5031693.8899999997,,,,,,,,,HE_CAPITAL,XOF,0.01,A,SEN_EHCVM2021_LEGACY_v1,
dataflow,WB.AFW360:AFW360_HH(0.3.0),R,A,SEN,SN05,SURVEY,HE_COSTS,_Z,_Z,_T,_T,_T,_T,_T,_T,_Z,_Z,_Z,_Z,_Z,2021,38306.35,,,,,,,,,HE_COSTS,XOF,0.01,A,SEN_EHCVM2021_LEGACY_v1,
dataflow,WB.AFW360:AFW360_HH(0.3.0),R,A,SEN,SN05,SURVEY,HE_CREDIT_ANY,_Z,_Z,_T,_T,_T,_T,_T,_T,_Z,_Z,_Z,_Z,_Z,2021,0.54,,,,,,,,,HE_CREDIT_ANY,SHARE,0.01,A,SEN_EHCVM2021_LEGACY_v1,
dataflow,WB.AFW360:AFW360_HH(0.3.0),R,A,SEN,SN05,SURVEY,HE_CREDIT_FORMAL,_Z,_Z,_T,_T,_T,_T,_T,_T,_Z,_Z,_Z,_Z,_Z,2021,0.23,,,,,,,,,HE_CREDIT_FORMAL,SHARE,0.01,A,SEN_EHCVM2021_LEGACY_v1,
dataflow,WB.AFW360:AFW360_HH(0.3.0),R,A,SEN,SN05,SURVEY,HE_CREDIT_INFORMAL,_Z,_Z,_T,_T,_T,_T,_T,_T,_Z,_Z,_Z,_Z,_Z,2021,0.32,,,,,,,,,HE_CREDIT_INFORMAL,SHARE,0.01,A,SEN_EHCVM2021_LEGACY_v1,
dataflow,WB.AFW360:AFW360_HH(0.3.0),R,A,SEN,SN05,SURVEY,HE_ELEC,_Z,_Z,_T,_T,_T,_T,_T,_T,_Z,_Z,_Z,_Z,_Z,2021,1,,,,,,,,,HE_ELEC,SHARE,0.01,A,SEN_EHCVM2021_LEGACY_v1,
dataflow,WB.AFW360:AFW360_HH(0.3.0),R,A,SEN,SN05,SURVEY,HE_EMP_EXT_ANY,_Z,_Z,_T,_T,_T,_T,_T,_T,_Z,_Z,_Z,_Z,_Z,2021,0.97,,,,,,,,,HE_EMP_EXT_ANY,SHARE,0.01,A,SEN_EHCVM2021_LEGACY_v1,LEGACY_SUSPECT: Implausible: share 0.96 while mean non-HH employees is 0.54.
dataflow,WB.AFW360:AFW360_HH(0.3.0),R,A,SEN,SN05,SURVEY,HE_EMP_HH_NUM,_Z,_Z,_T,_T,_T,_T,_T,_T,_Z,_Z,_Z,_Z,_Z,2021,0.21,,,,,,,,,HE_EMP_HH_NUM,PERSON,0.01,A,SEN_EHCVM2021_LEGACY_v1,
dataflow,WB.AFW360:AFW360_HH(0.3.0),R,A,SEN,SN05,SURVEY,HE_EMP_NONHH_NUM,_Z,_Z,_T,_T,_T,_T,_T,_T,_Z,_Z,_Z,_Z,_Z,2021,0.77,,,,,,,,,HE_EMP_NONHH_NUM,PERSON,0.01,A,SEN_EHCVM2021_LEGACY_v1,
dataflow,WB.AFW360:AFW360_HH(0.3.0),R,A,SEN,SN05,SURVEY,HE_EMP_NUM,_Z,_Z,_T,_T,_T,_T,_T,_T,_Z,_Z,_Z,_Z,_Z,2021,0.45,,,,,,,,,HE_EMP_NUM,PERSON,0.01,A,SEN_EHCVM2021_LEGACY_v1,
dataflow,WB.AFW360:AFW360_HH(0.3.0),R,A,SEN,SN05,SURVEY,HE_HH_OWNER,_Z,_Z,_T,_T,_T,_T,_T,_T,_Z,_Z,_Z,_Z,_Z,2021,0.62,,,,,,,,,HE_HH_OWNER,SHARE,0.01,A,SEN_EHCVM2021_LEGACY_v1,
dataflow,WB.AFW360:AFW360_HH(0.3.0),R,A,SEN,SN05,SURVEY,HE_HOME_BASED,_Z,_Z,_T,_T,_T,_T,_T,_T,_Z,_Z,_Z,_Z,_Z,2021,0.53,,,,,,,,,HE_HOME_BASED,SHARE,0.01,A,SEN_EHCVM2021_LEGACY_v1,
dataflow,WB.AFW360:AFW360_HH(0.3.0),R,A,SEN,SN05,SURVEY,HE_PHONE,_Z,_Z,_T,_T,_T,_T,_T,_T,_Z,_Z,_Z,_Z,_Z,2021,1,,,,,,,,,HE_PHONE,SHARE,0.01,A,SEN_EHCVM2021_LEGACY_v1,
dataflow,WB.AFW360:AFW360_HH(0.3.0),R,A,SEN,SN05,SURVEY,HE_PREMISES_FORMAL,_Z,_Z,_T,_T,_T,_T,_T,_T,_Z,_Z,_Z,_Z,_Z,2021,0.25,,,,,,,,,HE_PREMISES_FORMAL,SHARE,0.01,A,SEN_EHCVM2021_LEGACY_v1,
dataflow,WB.AFW360:AFW360_HH(0.3.0),R,A,SEN,SN05,SURVEY,HE_PROFIT,_Z,_Z,_T,_T,_T,_T,_T,_T,_Z,_Z,_Z,_Z,_Z,2021,40540.19,,,,,,,,,HE_PROFIT,XOF,0.01,A,SEN_EHCVM2021_LEGACY_v1,
dataflow,WB.AFW360:AFW360_HH(0.3.0),R,A,SEN,SN05,SURVEY,HE_RENT,_Z,_Z,_T,_T,_T,_T,_T,_T,_Z,_Z,_Z,_Z,_Z,2021,0.46,,,,,,,,,HE_RENT,SHARE,0.01,A,SEN_EHCVM2021_LEGACY_v1,
dataflow,WB.AFW360:AFW360_HH(0.3.0),R,A,SEN,SN05,SURVEY,HE_REV_PER_WORKER,_Z,_Z,_T,_T,_T,_T,_T,_T,_Z,_Z,_Z,_Z,_Z,2021,340021.49,,,,,,,,,HE_REV_PER_WORKER,XOF,0.01,A,SEN_EHCVM2021_LEGACY_v1,
dataflow,WB.AFW360:AFW360_HH(0.3.0),R,A,SEN,SN05,SURVEY,HE_SELL_FIRMS,_Z,_Z,_T,_T,_T,_T,_T,_T,_Z,_Z,_Z,_Z,_Z,2021,0.12,,,,,,,,,HE_SELL_FIRMS,SHARE,0.01,A,SEN_EHCVM2021_LEGACY_v1,
dataflow,WB.AFW360:AFW360_HH(0.3.0),R,A,SEN,SN05,SURVEY,HE_TAX_ID,_Z,_Z,_T,_T,_T,_T,_T,_T,_Z,_Z,_Z,_Z,_Z,2021,0.12,,,,,,,,,HE_TAX_ID,SHARE,0.01,A,SEN_EHCVM2021_LEGACY_v1,
dataflow,WB.AFW360:AFW360_HH(0.3.0),R,A,SEN,SN05,SURVEY,HE_WATER,_Z,_Z,_T,_T,_T,_T,_T,_T,_Z,_Z,_Z,_Z,_Z,2021,0.46,,,,,,,,,HE_WATER,SHARE,0.01,A,SEN_EHCVM2021_LEGACY_v1,
dataflow,WB.AFW360:AFW360_HH(0.3.0),R,A,SEN,SN05,SURVEY,HOUS_FLOOR_DURABLE,_Z,_Z,_T,_T,_T,_T,_T,_T,_Z,_Z,_Z,_Z,_Z,2021,0.88,,,,,,,,,HOUS_FLOOR_DURABLE,SHARE,0.01,A,SEN_EHCVM2021_LEGACY_v1,
dataflow,WB.AFW360:AFW360_HH(0.3.0),R,A,SEN,SN05,SURVEY,HOUS_ROOF_DURABLE,_Z,_Z,_T,_T,_T,_T,_T,_T,_Z,_Z,_Z,_Z,_Z,2021,0.9,,,,,,,,,HOUS_ROOF_DURABLE,SHARE,0.01,A,SEN_EHCVM2021_LEGACY_v1,
dataflow,WB.AFW360:AFW360_HH(0.3.0),R,A,SEN,SN05,SURVEY,HOUS_SANIT_IMPROVED,_Z,_Z,_T,_T,_T,_T,_T,_T,_Z,_Z,_Z,_Z,_Z,2021,0.53,,,,,,,,,HOUS_SANIT_IMPROVED,SHARE,0.01,A,SEN_EHCVM2021_LEGACY_v1,
dataflow,WB.AFW360:AFW360_HH(0.3.0),R,A,SEN,SN05,SURVEY,HOUS_WALL_DURABLE,_Z,_Z,_T,_T,_T,_T,_T,_T,_Z,_Z,_Z,_Z,_Z,2021,0.95,,,,,,,,,HOUS_WALL_DURABLE,SHARE,0.01,A,SEN_EHCVM2021_LEGACY_v1,
dataflow,WB.AFW360:AFW360_HH(0.3.0),R,A,SEN,SN05,SURVEY,HOUS_WATER_SAFE_DRY,_Z,_Z,_T,_T,_T,_T,_T,_T,_Z,_Z,_Z,_Z,_Z,2021,0.89,,,,,,,,,HOUS_WATER_SAFE_DRY,SHARE,0.01,A,SEN_EHCVM2021_LEGACY_v1,
dataflow,WB.AFW360:AFW360_HH(0.3.0),R,A,SEN,SN05,SURVEY,POP_HE_SH,_Z,_Z,_T,HEO_MSTAT_MARRIED,_T,_T,_T,_T,_Z,_Z,_Z,_Z,_Z,2021,0.8,,,,,,,,,POP_HE_SH.HEO_MSTAT_MARRIED,SHARE,0.01,A,SEN_EHCVM2021_LEGACY_v1,
dataflow,WB.AFW360:AFW360_HH(0.3.0),R,A,SEN,SN05,SURVEY,POP_HE_SH,_Z,_Z,_T,HEO_SEX_F,_T,_T,_T,_T,_Z,_Z,_Z,_Z,_Z,2021,0.81,,,,,,,,,POP_HE_SH.HEO_SEX_F,SHARE,0.01,A,SEN_EHCVM2021_LEGACY_v1,
dataflow,WB.AFW360:AFW360_HH(0.3.0),R,A,SEN,SN05,SURVEY,POP_HH_SH,_Z,_Z,_T,HE_COUNT_0,_T,_T,_T,_T,_Z,_Z,_Z,_Z,_Z,2021,0.55,,,,,,,,,POP_HH_SH.HE_COUNT_0,SHARE,0.01,A,SEN_EHCVM2021_LEGACY_v1,
dataflow,WB.AFW360:AFW360_HH(0.3.0),R,A,SEN,SN05,SURVEY,POP_HH_SH,_Z,_Z,_T,HE_COUNT_1,_T,_T,_T,_T,_Z,_Z,_Z,_Z,_Z,2021,0.3,,,,,,,,,POP_HH_SH.HE_COUNT_1,SHARE,0.01,A,SEN_EHCVM2021_LEGACY_v1,
dataflow,WB.AFW360:AFW360_HH(0.3.0),R,A,SEN,SN05,SURVEY,POP_HH_SH,_Z,_Z,_T,HE_COUNT_2,_T,_T,_T,_T,_Z,_Z,_Z,_Z,_Z,2021,0.14,,,,,,,,,POP_HH_SH.HE_COUNT_2,SHARE,0.01,A,SEN_EHCVM2021_LEGACY_v1,
dataflow,WB.AFW360:AFW360_HH(0.3.0),R,A,SEN,SN05,SURVEY,POP_HH_SH,_Z,_Z,_T,HE_COUNT_3,_T,_T,_T,_T,_Z,_Z,_Z,_Z,_Z,2021,0,,,,,,,,,POP_HH_SH.HE_COUNT_3,SHARE,0.01,A,SEN_EHCVM2021_LEGACY_v1,
dataflow,WB.AFW360:AFW360_HH(0.3.0),R,A,SEN,SN05,SURVEY,POP_HH_SH,_Z,_Z,_T,HE_COUNT_4P,_T,_T,_T,_T,_Z,_Z,_Z,_Z,_Z,2021,0,,,,,,,,,POP_HH_SH.HE_COUNT_4P,SHARE,0.01,A,SEN_EHCVM2021_LEGACY_v1,
dataflow,WB.AFW360:AFW360_HH(0.3.0),R,A,SEN,SN05,SURVEY,POP_SH,_T,_T,_T,EMP_FORMAL_N,_T,_T,_T,_T,_Z,_Z,_Z,_Z,_Z,2021,0.78,,,,,,,,,POP_SH.EMP_FORMAL_N,SHARE,0.01,A,SEN_EHCVM2021_LEGACY_v1,
dataflow,WB.AFW360:AFW360_HH(0.3.0),R,A,SEN,SN05,SURVEY,POP_SH,_T,_T,_T,EMP_ISIC_G,_T,_T,_T,_T,_Z,_Z,_Z,_Z,_Z,2021,0.2,,,,,,,,,POP_SH.EMP_ISIC_G,SHARE,0.01,A,SEN_EHCVM2021_LEGACY_v1,
dataflow,WB.AFW360:AFW360_HH(0.3.0),R,A,SEN,SN05,SURVEY,POP_SH,_T,_T,_T,EMP_ISIC_H,_T,_T,_T,_T,_Z,_Z,_Z,_Z,_Z,2021,0.04,,,,,,,,,POP_SH.EMP_ISIC_H,SHARE,0.01,A,SEN_EHCVM2021_LEGACY_v1,
dataflow,WB.AFW360:AFW360_HH(0.3.0),R,A,SEN,SN05,SURVEY,POP_SH,_T,_T,_T,EMP_SECTOR_AGR,_T,_T,_T,_T,_Z,_Z,_Z,_Z,_Z,2021,0.36,,,,,,,,,POP_SH.EMP_SECTOR_AGR,SHARE,0.01,A,SEN_EHCVM2021_LEGACY_v1,
dataflow,WB.AFW360:AFW360_HH(0.3.0),R,A,SEN,SN05,SURVEY,POP_SH,_T,_T,_T,EMP_SECTOR_IND,_T,_T,_T,_T,_Z,_Z,_Z,_Z,_Z,2021,0.22,,,,,,,,,POP_SH.EMP_SECTOR_IND,SHARE,0.01,A,SEN_EHCVM2021_LEGACY_v1,
dataflow,WB.AFW360:AFW360_HH(0.3.0),R,A,SEN,SN05,SURVEY,POP_SH,_T,_T,_T,EMP_SECTOR_SER,_T,_T,_T,_T,_Z,_Z,_Z,_Z,_Z,2021,0.43,,,,,,,,,POP_SH.EMP_SECTOR_SER,SHARE,0.01,A,SEN_EHCVM2021_LEGACY_v1,
dataflow,WB.AFW360:AFW360_HH(0.3.0),R,A,SEN,SN05,SURVEY,POP_SH,_T,_T,_T,EMP_STATUS_EMPLOYED,_T,_T,_T,_T,_Z,_Z,_Z,_Z,_Z,2021,0.55,,,,,,,,,POP_SH.EMP_STATUS_EMPLOYED,SHARE,0.01,A,SEN_EHCVM2021_LEGACY_v1,
dataflow,WB.AFW360:AFW360_HH(0.3.0),R,A,SEN,SN05,SURVEY,POP_SH,_T,_T,_T,EMP_TYPE_NONWAGE,_T,_T,_T,_T,_Z,_Z,_Z,_Z,_Z,2021,0.8,,,,,,,,,POP_SH.EMP_TYPE_NONWAGE,SHARE,0.01,A,SEN_EHCVM2021_LEGACY_v1,
dataflow,WB.AFW360:AFW360_HH(0.3.0),R,A,SEN,SN05,SURVEY,POP_SH,_T,_T,_T,EMP_TYPE_WAGE,_T,_T,_T,_T,_Z,_Z,_Z,_Z,_Z,2021,0.2,,,,,,,,,POP_SH.EMP_TYPE_WAGE,SHARE,0.01,A,SEN_EHCVM2021_LEGACY_v1,
dataflow,WB.AFW360:AFW360_HH(0.3.0),R,A,SEN,SN05,SURVEY,POV_HC,_T,_T,_T,_T,_T,_T,_T,_T,POVLINE_PL300,PPP_2021,_Z,_Z,_Z,2021,0.28,,,,,,,,,POV_HC.POVLINE_PL300.PPP_2021,SHARE,0.01,A,SEN_EHCVM2021_LEGACY_v1,
dataflow,WB.AFW360:AFW360_HH(0.3.0),R,A,SEN,SN05,SURVEY,POV_HC,_T,_T,_T,_T,_T,_T,_T,_T,POVLINE_PL420,PPP_2021,_Z,_Z,_Z,2021,0.52,,,,,,,,,POV_HC.POVLINE_PL420.PPP_2021,SHARE,0.01,A,SEN_EHCVM2021_LEGACY_v1,
dataflow,WB.AFW360:AFW360_HH(0.3.0),R,A,SEN,SN05,SURVEY,POV_NUM,_T,_T,_T,_T,_T,_T,_T,_T,POVLINE_PL300,PPP_2021,_Z,_Z,_Z,2021,350000.0000000001,,,,,,,,,POV_NUM.POVLINE_PL300.PPP_2021,PERSON,10000,A,SEN_EHCVM2021_LEGACY_v1,
dataflow,WB.AFW360:AFW360_HH(0.3.0),R,A,SEN,SN05,SURVEY,POV_NUM,_T,_T,_T,_T,_T,_T,_T,_T,POVLINE_PL420,PPP_2021,_Z,_Z,_Z,2021,650000,,,,,,,,,POV_NUM.POVLINE_PL420.PPP_2021,PERSON,10000,A,SEN_EHCVM2021_LEGACY_v1,
dataflow,WB.AFW360:AFW360_HH(0.3.0),R,A,SEN,SN05,SURVEY,SHK_ANY,_Z,_Z,_T,_T,_T,_T,_T,_T,_Z,_Z,_Z,_Z,_Z,2021,0.73,,,,,,,,,SHK_ANY,SHARE,0.01,A,SEN_EHCVM2021_LEGACY_v1,
dataflow,WB.AFW360:AFW360_HH(0.3.0),R,A,SEN,SN05,SURVEY,SHK_COV_CONFLICT,_Z,_Z,_T,_T,_T,_T,_T,_T,_Z,_Z,_Z,_Z,_Z,2021,0.01,,,,,,,,,SHK_COV_CONFLICT,SHARE,0.01,A,SEN_EHCVM2021_LEGACY_v1,
dataflow,WB.AFW360:AFW360_HH(0.3.0),R,A,SEN,SN05,SURVEY,SHK_COV_ECON,_Z,_Z,_T,_T,_T,_T,_T,_T,_Z,_Z,_Z,_Z,_Z,2021,0.5,,,,,,,,,SHK_COV_ECON,SHARE,0.01,A,SEN_EHCVM2021_LEGACY_v1,
dataflow,WB.AFW360:AFW360_HH(0.3.0),R,A,SEN,SN05,SURVEY,SHK_COV_NATURAL,_Z,_Z,_T,_T,_T,_T,_T,_T,_Z,_Z,_Z,_Z,_Z,2021,0.24,,,,,,,,,SHK_COV_NATURAL,SHARE,0.01,A,SEN_EHCVM2021_LEGACY_v1,
dataflow,WB.AFW360:AFW360_HH(0.3.0),R,A,SEN,SN05,SURVEY,SHK_IDIO_ECON,_Z,_Z,_T,_T,_T,_T,_T,_T,_Z,_Z,_Z,_Z,_Z,2021,0.12,,,,,,,,,SHK_IDIO_ECON,SHARE,0.01,A,SEN_EHCVM2021_LEGACY_v1,
dataflow,WB.AFW360:AFW360_HH(0.3.0),R,A,SEN,SN05,SURVEY,SP_HEALTH_COV,_T,_T,_T,_T,_T,_T,_T,_T,_Z,_Z,_Z,_Z,_Z,2021,0.01,,,,,,,,,SP_HEALTH_COV,SHARE,0.01,A,SEN_EHCVM2021_LEGACY_v1,
dataflow,WB.AFW360:AFW360_HH(0.3.0),R,A,SEN,SN05,SURVEY,SP_HEALTH_COV_HH,_Z,_Z,_T,_T,_T,_T,_T,_T,_Z,_Z,_Z,_Z,_Z,2021,0.02,,,,,,,,,SP_HEALTH_COV_HH,SHARE,0.01,A,SEN_EHCVM2021_LEGACY_v1,
dataflow,WB.AFW360:AFW360_HH(0.3.0),R,A,SEN,SN06,SURVEY,AGR_CULTIVATES,_Z,_Z,_T,_T,_T,_T,_T,_T,_Z,_Z,_Z,_Z,_Z,2021,0.62,,,,,,,,,AGR_CULTIVATES,SHARE,0.01,A,SEN_EHCVM2021_LEGACY_v1,
dataflow,WB.AFW360:AFW360_HH(0.3.0),R,A,SEN,SN06,SURVEY,AGR_CULT_AREA,_Z,_Z,_T,_T,_T,_T,_T,_T,_Z,_Z,_Z,_Z,_Z,2021,2.38,,,,,,,,,AGR_CULT_AREA,HA,0.01,A,SEN_EHCVM2021_LEGACY_v1,
dataflow,WB.AFW360:AFW360_HH(0.3.0),R,A,SEN,SN06,SURVEY,AGR_LIVESTOCK_ANY,_Z,_Z,_T,_T,_T,_T,_T,_T,_Z,_Z,_Z,_Z,_Z,2021,0.48,,,,,,,,,AGR_LIVESTOCK_ANY,SHARE,0.01,A,SEN_EHCVM2021_LEGACY_v1,
dataflow,WB.AFW360:AFW360_HH(0.3.0),R,A,SEN,SN06,SURVEY,AGR_TLU,_Z,_Z,_T,_T,_T,_T,_T,_T,_Z,_Z,_Z,_Z,_Z,2021,4.94,,,,,,,,,AGR_TLU,TLU,0.01,A,SEN_EHCVM2021_LEGACY_v1,
dataflow,WB.AFW360:AFW360_HH(0.3.0),R,A,SEN,SN06,SURVEY,CONS_SH,_Z,_Z,_T,_T,_T,_T,_T,_T,COICOP_CP01,ACQ_OWNPROD,_Z,_Z,_Z,2021,0.09,,,,,,,,,CONS_SH.COICOP_CP01.ACQ_OWNPROD,SHARE,0.01,A,SEN_EHCVM2021_LEGACY_v1,
dataflow,WB.AFW360:AFW360_HH(0.3.0),R,A,SEN,SN06,SURVEY,CONS_SH,_Z,_Z,_T,_T,_T,_T,_T,_T,COICOP_CP01,ACQ_PURCH,_Z,_Z,_Z,2021,0.32,,,,,,,,,CONS_SH.COICOP_CP01.ACQ_PURCH,SHARE,0.01,A,SEN_EHCVM2021_LEGACY_v1,
dataflow,WB.AFW360:AFW360_HH(0.3.0),R,A,SEN,SN06,SURVEY,CONS_SH,_Z,_Z,_T,_T,_T,_T,_T,_T,COICOP_CP01,_Z,_Z,_Z,_Z,2021,0.44,,,,,,,,,CONS_SH.COICOP_CP01,SHARE,0.01,A,SEN_EHCVM2021_LEGACY_v1,
dataflow,WB.AFW360:AFW360_HH(0.3.0),R,A,SEN,SN06,SURVEY,CONS_SH,_Z,_Z,_T,_T,_T,_T,_T,_T,COICOP_CP02,_Z,_Z,_Z,_Z,2021,0,,,,,,,,,CONS_SH.COICOP_CP02,SHARE,0.01,A,SEN_EHCVM2021_LEGACY_v1,
dataflow,WB.AFW360:AFW360_HH(0.3.0),R,A,SEN,SN06,SURVEY,CONS_SH,_Z,_Z,_T,_T,_T,_T,_T,_T,COICOP_CP03,_Z,_Z,_Z,_Z,2021,0.07,,,,,,,,,CONS_SH.COICOP_CP03,SHARE,0.01,A,SEN_EHCVM2021_LEGACY_v1,
dataflow,WB.AFW360:AFW360_HH(0.3.0),R,A,SEN,SN06,SURVEY,CONS_SH,_Z,_Z,_T,_T,_T,_T,_T,_T,COICOP_CP04,_Z,_Z,_Z,_Z,2021,0.16,,,,,,,,,CONS_SH.COICOP_CP04,SHARE,0.01,A,SEN_EHCVM2021_LEGACY_v1,
dataflow,WB.AFW360:AFW360_HH(0.3.0),R,A,SEN,SN06,SURVEY,CONS_SH,_Z,_Z,_T,_T,_T,_T,_T,_T,COICOP_CP05,_Z,_Z,_Z,_Z,2021,0.05,,,,,,,,,CONS_SH.COICOP_CP05,SHARE,0.01,A,SEN_EHCVM2021_LEGACY_v1,
dataflow,WB.AFW360:AFW360_HH(0.3.0),R,A,SEN,SN06,SURVEY,CONS_SH,_Z,_Z,_T,_T,_T,_T,_T,_T,COICOP_CP06,_Z,_Z,_Z,_Z,2021,0.03,,,,,,,,,CONS_SH.COICOP_CP06,SHARE,0.01,A,SEN_EHCVM2021_LEGACY_v1,
dataflow,WB.AFW360:AFW360_HH(0.3.0),R,A,SEN,SN06,SURVEY,CONS_SH,_Z,_Z,_T,_T,_T,_T,_T,_T,COICOP_CP07,_Z,_Z,_Z,_Z,2021,0.05,,,,,,,,,CONS_SH.COICOP_CP07,SHARE,0.01,A,SEN_EHCVM2021_LEGACY_v1,
dataflow,WB.AFW360:AFW360_HH(0.3.0),R,A,SEN,SN06,SURVEY,CONS_SH,_Z,_Z,_T,_T,_T,_T,_T,_T,COICOP_CP08,_Z,_Z,_Z,_Z,2021,0.08,,,,,,,,,CONS_SH.COICOP_CP08,SHARE,0.01,A,SEN_EHCVM2021_LEGACY_v1,
dataflow,WB.AFW360:AFW360_HH(0.3.0),R,A,SEN,SN06,SURVEY,CONS_SH,_Z,_Z,_T,_T,_T,_T,_T,_T,COICOP_CP09,_Z,_Z,_Z,_Z,2021,0,,,,,,,,,CONS_SH.COICOP_CP09,SHARE,0.01,A,SEN_EHCVM2021_LEGACY_v1,
dataflow,WB.AFW360:AFW360_HH(0.3.0),R,A,SEN,SN06,SURVEY,CONS_SH,_Z,_Z,_T,_T,_T,_T,_T,_T,COICOP_CP10,_Z,_Z,_Z,_Z,2021,0.01,,,,,,,,,CONS_SH.COICOP_CP10,SHARE,0.01,A,SEN_EHCVM2021_LEGACY_v1,
dataflow,WB.AFW360:AFW360_HH(0.3.0),R,A,SEN,SN06,SURVEY,CONS_SH,_Z,_Z,_T,_T,_T,_T,_T,_T,COICOP_CP11,_Z,_Z,_Z,_Z,2021,0.08,,,,,,,,,CONS_SH.COICOP_CP11,SHARE,0.01,A,SEN_EHCVM2021_LEGACY_v1,
dataflow,WB.AFW360:AFW360_HH(0.3.0),R,A,SEN,SN06,SURVEY,CONS_SH,_Z,_Z,_T,_T,_T,_T,_T,_T,COICOP_CP12,_Z,_Z,_Z,_Z,2021,0,,,,,,,,,CONS_SH.COICOP_CP12,SHARE,0.01,A,SEN_EHCVM2021_LEGACY_v1,
dataflow,WB.AFW360:AFW360_HH(0.3.0),R,A,SEN,SN06,SURVEY,CONS_SH,_Z,_Z,_T,_T,_T,_T,_T,_T,COICOP_CP13,_Z,_Z,_Z,_Z,2021,0.02,,,,,,,,,CONS_SH.COICOP_CP13,SHARE,0.01,A,SEN_EHCVM2021_LEGACY_v1,
dataflow,WB.AFW360:AFW360_HH(0.3.0),R,A,SEN,SN06,SURVEY,EN_ASSET_AC,_Z,_Z,_T,_T,_T,_T,_T,_T,_Z,_Z,_Z,_Z,_Z,2021,0,,,,,,,,,EN_ASSET_AC,SHARE,0.01,A,SEN_EHCVM2021_LEGACY_v1,
dataflow,WB.AFW360:AFW360_HH(0.3.0),R,A,SEN,SN06,SURVEY,EN_ASSET_COOKER,_Z,_Z,_T,_T,_T,_T,_T,_T,_Z,_Z,_Z,_Z,_Z,2021,0,,,,,,,,,EN_ASSET_COOKER,SHARE,0.01,A,SEN_EHCVM2021_LEGACY_v1,
dataflow,WB.AFW360:AFW360_HH(0.3.0),R,A,SEN,SN06,SURVEY,EN_ASSET_FAN,_Z,_Z,_T,_T,_T,_T,_T,_T,_Z,_Z,_Z,_Z,_Z,2021,0.07,,,,,,,,,EN_ASSET_FAN,SHARE,0.01,A,SEN_EHCVM2021_LEGACY_v1,
dataflow,WB.AFW360:AFW360_HH(0.3.0),R,A,SEN,SN06,SURVEY,EN_ASSET_WATER_HEATER,_Z,_Z,_T,_T,_T,_T,_T,_T,_Z,_Z,_Z,_Z,_Z,2021,0,,,,,,,,,EN_ASSET_WATER_HEATER,SHARE,0.01,A,SEN_EHCVM2021_LEGACY_v1,
dataflow,WB.AFW360:AFW360_HH(0.3.0),R,A,SEN,SN06,SURVEY,EN_COOK_BIOMASS,_Z,_Z,_T,_T,_T,_T,_T,_T,_Z,_Z,_Z,_Z,_Z,2021,0.18,,,,,,,,,EN_COOK_BIOMASS,SHARE,0.01,A,SEN_EHCVM2021_LEGACY_v1,
dataflow,WB.AFW360:AFW360_HH(0.3.0),R,A,SEN,SN06,SURVEY,EN_COOK_CLEAN,_Z,_Z,_T,_T,_T,_T,_T,_T,_Z,_Z,_Z,_Z,_Z,2021,0.82,,,,,,,,,EN_COOK_CLEAN,SHARE,0.01,A,SEN_EHCVM2021_LEGACY_v1,LEGACY_SUSPECT: Implausible pattern: higher in Rural and Q1 than in Capital and Q4.
dataflow,WB.AFW360:AFW360_HH(0.3.0),R,A,SEN,SN06,SURVEY,EN_ELEC_ACCESS,_Z,_Z,_T,_T,_T,_T,_T,_T,_Z,_Z,_Z,_Z,_Z,2021,0.19,,,,,,,,,EN_ELEC_ACCESS,SHARE,0.01,A,SEN_EHCVM2021_LEGACY_v1,
dataflow,WB.AFW360:AFW360_HH(0.3.0),R,A,SEN,SN06,SURVEY,EN_ELEC_INFORMAL,_Z,_Z,_T,_T,_T,_T,_T,_T,_Z,_Z,_Z,_Z,_Z,2021,0,,,,,,,,,EN_ELEC_INFORMAL,SHARE,0.01,A,SEN_EHCVM2021_LEGACY_v1,
dataflow,WB.AFW360:AFW360_HH(0.3.0),R,A,SEN,SN06,SURVEY,EN_ELEC_SPEND,_Z,_Z,_T,_T,_T,_T,_T,_T,_Z,_Z,_Z,_Z,_Z,2021,10710.34,,,,,,,,,EN_ELEC_SPEND,XOF,0.01,A,SEN_EHCVM2021_LEGACY_v1,
dataflow,WB.AFW360:AFW360_HH(0.3.0),R,A,SEN,SN06,SURVEY,EN_GRID_CONN,_Z,_Z,_T,_T,_T,_T,_T,_T,_Z,_Z,_Z,_Z,_Z,2021,1,,,,,,,,,EN_GRID_CONN,SHARE,0.01,A,SEN_EHCVM2021_LEGACY_v1,"LEGACY_SUSPECT: Implausible: 0.96-1.00 in every cell, including Q1 and Rural."
dataflow,WB.AFW360:AFW360_HH(0.3.0),R,A,SEN,SN06,SURVEY,EN_GRID_USE,_Z,_Z,_T,_T,_T,_T,_T,_T,_Z,_Z,_Z,_Z,_Z,2021,0.21,,,,,,,,,EN_GRID_USE,SHARE,0.01,A,SEN_EHCVM2021_LEGACY_v1,
dataflow,WB.AFW360:AFW360_HH(0.3.0),R,A,SEN,SN06,SURVEY,EN_LIGHT_IMPROVED,_Z,_Z,_T,_T,_T,_T,_T,_T,_Z,_Z,_Z,_Z,_Z,2021,0.97,,,,,,,,,EN_LIGHT_IMPROVED,SHARE,0.01,A,SEN_EHCVM2021_LEGACY_v1,
dataflow,WB.AFW360:AFW360_HH(0.3.0),R,A,SEN,SN06,SURVEY,EN_OFFGRID_USE,_Z,_Z,_T,_T,_T,_T,_T,_T,_Z,_Z,_Z,_Z,_Z,2021,0.36,,,,,,,,,EN_OFFGRID_USE,SHARE,0.01,A,SEN_EHCVM2021_LEGACY_v1,
dataflow,WB.AFW360:AFW360_HH(0.3.0),R,A,SEN,SN06,SURVEY,EN_OUTAGE_ANY,_Z,_Z,_T,_T,_T,_T,_T,_T,_Z,_Z,_Z,_Z,_Z,2021,0.2,,,,,,,,,EN_OUTAGE_ANY,SHARE,0.01,A,SEN_EHCVM2021_LEGACY_v1,
dataflow,WB.AFW360:AFW360_HH(0.3.0),R,A,SEN,SN06,SURVEY,EN_OUTAGE_DAYS,_Z,_Z,_T,_T,_T,_T,_T,_T,_Z,_Z,_Z,_Z,_Z,2021,2.17,,,,,,,,,EN_OUTAGE_DAYS,DAY,0.01,A,SEN_EHCVM2021_LEGACY_v1,
dataflow,WB.AFW360:AFW360_HH(0.3.0),R,A,SEN,SN06,SURVEY,EN_OUTAGE_DUR_CODE,_Z,_Z,_T,_T,_T,_T,_T,_T,_Z,_Z,_Z,_Z,_Z,2021,1.98,,,,,,,,,EN_OUTAGE_DUR_CODE,INDEX,0.01,A,SEN_EHCVM2021_LEGACY_v1,
dataflow,WB.AFW360:AFW360_HH(0.3.0),R,A,SEN,SN06,SURVEY,EN_PREPAID_METER,_Z,_Z,_T,_T,_T,_T,_T,_T,_Z,_Z,_Z,_Z,_Z,2021,0.35,,,,,,,,,EN_PREPAID_METER,SHARE,0.01,A,SEN_EHCVM2021_LEGACY_v1,
dataflow,WB.AFW360:AFW360_HH(0.3.0),R,A,SEN,SN06,SURVEY,HE_ACCOUNTS,_Z,_Z,_T,_T,_T,_T,_T,_T,_Z,_Z,_Z,_Z,_Z,2021,0.08,,,,,,,,,HE_ACCOUNTS,SHARE,0.01,A,SEN_EHCVM2021_LEGACY_v1,
dataflow,WB.AFW360:AFW360_HH(0.3.0),R,A,SEN,SN06,SURVEY,HE_AGE,_Z,_Z,_T,_T,_T,_T,_T,_T,_Z,_Z,_Z,_Z,_Z,2021,11.39,,,,,,,,,HE_AGE,YEAR,0.01,A,SEN_EHCVM2021_LEGACY_v1,
dataflow,WB.AFW360:AFW360_HH(0.3.0),R,A,SEN,SN06,SURVEY,HE_BUY_FIRMS,_Z,_Z,_T,_T,_T,_T,_T,_T,_Z,_Z,_Z,_Z,_Z,2021,0.44,,,,,,,,,HE_BUY_FIRMS,SHARE,0.01,A,SEN_EHCVM2021_LEGACY_v1,
dataflow,WB.AFW360:AFW360_HH(0.3.0),R,A,SEN,SN06,SURVEY,HE_CAPITAL,_Z,_Z,_T,_T,_T,_T,_T,_T,_Z,_Z,_Z,_Z,_Z,2021,90590.51,,,,,,,,,HE_CAPITAL,XOF,0.01,A,SEN_EHCVM2021_LEGACY_v1,
dataflow,WB.AFW360:AFW360_HH(0.3.0),R,A,SEN,SN06,SURVEY,HE_COSTS,_Z,_Z,_T,_T,_T,_T,_T,_T,_Z,_Z,_Z,_Z,_Z,2021,22897.76,,,,,,,,,HE_COSTS,XOF,0.01,A,SEN_EHCVM2021_LEGACY_v1,
dataflow,WB.AFW360:AFW360_HH(0.3.0),R,A,SEN,SN06,SURVEY,HE_CREDIT_ANY,_Z,_Z,_T,_T,_T,_T,_T,_T,_Z,_Z,_Z,_Z,_Z,2021,0.33,,,,,,,,,HE_CREDIT_ANY,SHARE,0.01,A,SEN_EHCVM2021_LEGACY_v1,
dataflow,WB.AFW360:AFW360_HH(0.3.0),R,A,SEN,SN06,SURVEY,HE_CREDIT_FORMAL,_Z,_Z,_T,_T,_T,_T,_T,_T,_Z,_Z,_Z,_Z,_Z,2021,0.06,,,,,,,,,HE_CREDIT_FORMAL,SHARE,0.01,A,SEN_EHCVM2021_LEGACY_v1,
dataflow,WB.AFW360:AFW360_HH(0.3.0),R,A,SEN,SN06,SURVEY,HE_CREDIT_INFORMAL,_Z,_Z,_T,_T,_T,_T,_T,_T,_Z,_Z,_Z,_Z,_Z,2021,0.27,,,,,,,,,HE_CREDIT_INFORMAL,SHARE,0.01,A,SEN_EHCVM2021_LEGACY_v1,
dataflow,WB.AFW360:AFW360_HH(0.3.0),R,A,SEN,SN06,SURVEY,HE_ELEC,_Z,_Z,_T,_T,_T,_T,_T,_T,_Z,_Z,_Z,_Z,_Z,2021,0.83,,,,,,,,,HE_ELEC,SHARE,0.01,A,SEN_EHCVM2021_LEGACY_v1,
dataflow,WB.AFW360:AFW360_HH(0.3.0),R,A,SEN,SN06,SURVEY,HE_EMP_EXT_ANY,_Z,_Z,_T,_T,_T,_T,_T,_T,_Z,_Z,_Z,_Z,_Z,2021,1,,,,,,,,,HE_EMP_EXT_ANY,SHARE,0.01,A,SEN_EHCVM2021_LEGACY_v1,LEGACY_SUSPECT: Implausible: share 0.96 while mean non-HH employees is 0.54.
dataflow,WB.AFW360:AFW360_HH(0.3.0),R,A,SEN,SN06,SURVEY,HE_EMP_HH_NUM,_Z,_Z,_T,_T,_T,_T,_T,_T,_Z,_Z,_Z,_Z,_Z,2021,0.03,,,,,,,,,HE_EMP_HH_NUM,PERSON,0.01,A,SEN_EHCVM2021_LEGACY_v1,
dataflow,WB.AFW360:AFW360_HH(0.3.0),R,A,SEN,SN06,SURVEY,HE_EMP_NONHH_NUM,_Z,_Z,_T,_T,_T,_T,_T,_T,_Z,_Z,_Z,_Z,_Z,2021,0.18,,,,,,,,,HE_EMP_NONHH_NUM,PERSON,0.01,A,SEN_EHCVM2021_LEGACY_v1,
dataflow,WB.AFW360:AFW360_HH(0.3.0),R,A,SEN,SN06,SURVEY,HE_EMP_NUM,_Z,_Z,_T,_T,_T,_T,_T,_T,_Z,_Z,_Z,_Z,_Z,2021,0.35,,,,,,,,,HE_EMP_NUM,PERSON,0.01,A,SEN_EHCVM2021_LEGACY_v1,
dataflow,WB.AFW360:AFW360_HH(0.3.0),R,A,SEN,SN06,SURVEY,HE_HH_OWNER,_Z,_Z,_T,_T,_T,_T,_T,_T,_Z,_Z,_Z,_Z,_Z,2021,0.41,,,,,,,,,HE_HH_OWNER,SHARE,0.01,A,SEN_EHCVM2021_LEGACY_v1,
dataflow,WB.AFW360:AFW360_HH(0.3.0),R,A,SEN,SN06,SURVEY,HE_HOME_BASED,_Z,_Z,_T,_T,_T,_T,_T,_T,_Z,_Z,_Z,_Z,_Z,2021,0.45,,,,,,,,,HE_HOME_BASED,SHARE,0.01,A,SEN_EHCVM2021_LEGACY_v1,
dataflow,WB.AFW360:AFW360_HH(0.3.0),R,A,SEN,SN06,SURVEY,HE_PHONE,_Z,_Z,_T,_T,_T,_T,_T,_T,_Z,_Z,_Z,_Z,_Z,2021,1,,,,,,,,,HE_PHONE,SHARE,0.01,A,SEN_EHCVM2021_LEGACY_v1,
dataflow,WB.AFW360:AFW360_HH(0.3.0),R,A,SEN,SN06,SURVEY,HE_PREMISES_FORMAL,_Z,_Z,_T,_T,_T,_T,_T,_T,_Z,_Z,_Z,_Z,_Z,2021,0.21,,,,,,,,,HE_PREMISES_FORMAL,SHARE,0.01,A,SEN_EHCVM2021_LEGACY_v1,
dataflow,WB.AFW360:AFW360_HH(0.3.0),R,A,SEN,SN06,SURVEY,HE_PROFIT,_Z,_Z,_T,_T,_T,_T,_T,_T,_Z,_Z,_Z,_Z,_Z,2021,14124.39,,,,,,,,,HE_PROFIT,XOF,0.01,A,SEN_EHCVM2021_LEGACY_v1,
dataflow,WB.AFW360:AFW360_HH(0.3.0),R,A,SEN,SN06,SURVEY,HE_RENT,_Z,_Z,_T,_T,_T,_T,_T,_T,_Z,_Z,_Z,_Z,_Z,2021,0.67,,,,,,,,,HE_RENT,SHARE,0.01,A,SEN_EHCVM2021_LEGACY_v1,
dataflow,WB.AFW360:AFW360_HH(0.3.0),R,A,SEN,SN06,SURVEY,HE_REV_PER_WORKER,_Z,_Z,_T,_T,_T,_T,_T,_T,_Z,_Z,_Z,_Z,_Z,2021,351000,,,,,,,,,HE_REV_PER_WORKER,XOF,0.01,A,SEN_EHCVM2021_LEGACY_v1,
dataflow,WB.AFW360:AFW360_HH(0.3.0),R,A,SEN,SN06,SURVEY,HE_SELL_FIRMS,_Z,_Z,_T,_T,_T,_T,_T,_T,_Z,_Z,_Z,_Z,_Z,2021,0.13,,,,,,,,,HE_SELL_FIRMS,SHARE,0.01,A,SEN_EHCVM2021_LEGACY_v1,
dataflow,WB.AFW360:AFW360_HH(0.3.0),R,A,SEN,SN06,SURVEY,HE_TAX_ID,_Z,_Z,_T,_T,_T,_T,_T,_T,_Z,_Z,_Z,_Z,_Z,2021,0,,,,,,,,,HE_TAX_ID,SHARE,0.01,A,SEN_EHCVM2021_LEGACY_v1,
dataflow,WB.AFW360:AFW360_HH(0.3.0),R,A,SEN,SN06,SURVEY,HE_WATER,_Z,_Z,_T,_T,_T,_T,_T,_T,_Z,_Z,_Z,_Z,_Z,2021,0.23,,,,,,,,,HE_WATER,SHARE,0.01,A,SEN_EHCVM2021_LEGACY_v1,
dataflow,WB.AFW360:AFW360_HH(0.3.0),R,A,SEN,SN06,SURVEY,HOUS_FLOOR_DURABLE,_Z,_Z,_T,_T,_T,_T,_T,_T,_Z,_Z,_Z,_Z,_Z,2021,0.63,,,,,,,,,HOUS_FLOOR_DURABLE,SHARE,0.01,A,SEN_EHCVM2021_LEGACY_v1,
dataflow,WB.AFW360:AFW360_HH(0.3.0),R,A,SEN,SN06,SURVEY,HOUS_ROOF_DURABLE,_Z,_Z,_T,_T,_T,_T,_T,_T,_Z,_Z,_Z,_Z,_Z,2021,0.52,,,,,,,,,HOUS_ROOF_DURABLE,SHARE,0.01,A,SEN_EHCVM2021_LEGACY_v1,
dataflow,WB.AFW360:AFW360_HH(0.3.0),R,A,SEN,SN06,SURVEY,HOUS_SANIT_IMPROVED,_Z,_Z,_T,_T,_T,_T,_T,_T,_Z,_Z,_Z,_Z,_Z,2021,0.24,,,,,,,,,HOUS_SANIT_IMPROVED,SHARE,0.01,A,SEN_EHCVM2021_LEGACY_v1,
dataflow,WB.AFW360:AFW360_HH(0.3.0),R,A,SEN,SN06,SURVEY,HOUS_WALL_DURABLE,_Z,_Z,_T,_T,_T,_T,_T,_T,_Z,_Z,_Z,_Z,_Z,2021,0.88,,,,,,,,,HOUS_WALL_DURABLE,SHARE,0.01,A,SEN_EHCVM2021_LEGACY_v1,
dataflow,WB.AFW360:AFW360_HH(0.3.0),R,A,SEN,SN06,SURVEY,HOUS_WATER_SAFE_DRY,_Z,_Z,_T,_T,_T,_T,_T,_T,_Z,_Z,_Z,_Z,_Z,2021,0.77,,,,,,,,,HOUS_WATER_SAFE_DRY,SHARE,0.01,A,SEN_EHCVM2021_LEGACY_v1,
dataflow,WB.AFW360:AFW360_HH(0.3.0),R,A,SEN,SN06,SURVEY,POP_HE_SH,_Z,_Z,_T,HEO_MSTAT_MARRIED,_T,_T,_T,_T,_Z,_Z,_Z,_Z,_Z,2021,0.63,,,,,,,,,POP_HE_SH.HEO_MSTAT_MARRIED,SHARE,0.01,A,SEN_EHCVM2021_LEGACY_v1,
dataflow,WB.AFW360:AFW360_HH(0.3.0),R,A,SEN,SN06,SURVEY,POP_HE_SH,_Z,_Z,_T,HEO_SEX_F,_T,_T,_T,_T,_Z,_Z,_Z,_Z,_Z,2021,0.86,,,,,,,,,POP_HE_SH.HEO_SEX_F,SHARE,0.01,A,SEN_EHCVM2021_LEGACY_v1,
dataflow,WB.AFW360:AFW360_HH(0.3.0),R,A,SEN,SN06,SURVEY,POP_HH_SH,_Z,_Z,_T,HE_COUNT_0,_T,_T,_T,_T,_Z,_Z,_Z,_Z,_Z,2021,0.2,,,,,,,,,POP_HH_SH.HE_COUNT_0,SHARE,0.01,A,SEN_EHCVM2021_LEGACY_v1,
dataflow,WB.AFW360:AFW360_HH(0.3.0),R,A,SEN,SN06,SURVEY,POP_HH_SH,_Z,_Z,_T,HE_COUNT_1,_T,_T,_T,_T,_Z,_Z,_Z,_Z,_Z,2021,0.56,,,,,,,,,POP_HH_SH.HE_COUNT_1,SHARE,0.01,A,SEN_EHCVM2021_LEGACY_v1,
dataflow,WB.AFW360:AFW360_HH(0.3.0),R,A,SEN,SN06,SURVEY,POP_HH_SH,_Z,_Z,_T,HE_COUNT_2,_T,_T,_T,_T,_Z,_Z,_Z,_Z,_Z,2021,0.2,,,,,,,,,POP_HH_SH.HE_COUNT_2,SHARE,0.01,A,SEN_EHCVM2021_LEGACY_v1,
dataflow,WB.AFW360:AFW360_HH(0.3.0),R,A,SEN,SN06,SURVEY,POP_HH_SH,_Z,_Z,_T,HE_COUNT_3,_T,_T,_T,_T,_Z,_Z,_Z,_Z,_Z,2021,0,,,,,,,,,POP_HH_SH.HE_COUNT_3,SHARE,0.01,A,SEN_EHCVM2021_LEGACY_v1,
dataflow,WB.AFW360:AFW360_HH(0.3.0),R,A,SEN,SN06,SURVEY,POP_HH_SH,_Z,_Z,_T,HE_COUNT_4P,_T,_T,_T,_T,_Z,_Z,_Z,_Z,_Z,2021,0.03,,,,,,,,,POP_HH_SH.HE_COUNT_4P,SHARE,0.01,A,SEN_EHCVM2021_LEGACY_v1,
dataflow,WB.AFW360:AFW360_HH(0.3.0),R,A,SEN,SN06,SURVEY,POP_SH,_T,_T,_T,EMP_FORMAL_N,_T,_T,_T,_T,_Z,_Z,_Z,_Z,_Z,2021,0.75,,,,,,,,,POP_SH.EMP_FORMAL_N,SHARE,0.01,A,SEN_EHCVM2021_LEGACY_v1,
dataflow,WB.AFW360:AFW360_HH(0.3.0),R,A,SEN,SN06,SURVEY,POP_SH,_T,_T,_T,EMP_ISIC_G,_T,_T,_T,_T,_Z,_Z,_Z,_Z,_Z,2021,0.09,,,,,,,,,POP_SH.EMP_ISIC_G,SHARE,0.01,A,SEN_EHCVM2021_LEGACY_v1,
dataflow,WB.AFW360:AFW360_HH(0.3.0),R,A,SEN,SN06,SURVEY,POP_SH,_T,_T,_T,EMP_ISIC_H,_T,_T,_T,_T,_Z,_Z,_Z,_Z,_Z,2021,0.04,,,,,,,,,POP_SH.EMP_ISIC_H,SHARE,0.01,A,SEN_EHCVM2021_LEGACY_v1,
dataflow,WB.AFW360:AFW360_HH(0.3.0),R,A,SEN,SN06,SURVEY,POP_SH,_T,_T,_T,EMP_SECTOR_AGR,_T,_T,_T,_T,_Z,_Z,_Z,_Z,_Z,2021,0.47,,,,,,,,,POP_SH.EMP_SECTOR_AGR,SHARE,0.01,A,SEN_EHCVM2021_LEGACY_v1,
dataflow,WB.AFW360:AFW360_HH(0.3.0),R,A,SEN,SN06,SURVEY,POP_SH,_T,_T,_T,EMP_SECTOR_IND,_T,_T,_T,_T,_Z,_Z,_Z,_Z,_Z,2021,0.29,,,,,,,,,POP_SH.EMP_SECTOR_IND,SHARE,0.01,A,SEN_EHCVM2021_LEGACY_v1,
dataflow,WB.AFW360:AFW360_HH(0.3.0),R,A,SEN,SN06,SURVEY,POP_SH,_T,_T,_T,EMP_SECTOR_SER,_T,_T,_T,_T,_Z,_Z,_Z,_Z,_Z,2021,0.24,,,,,,,,,POP_SH.EMP_SECTOR_SER,SHARE,0.01,A,SEN_EHCVM2021_LEGACY_v1,
dataflow,WB.AFW360:AFW360_HH(0.3.0),R,A,SEN,SN06,SURVEY,POP_SH,_T,_T,_T,EMP_STATUS_EMPLOYED,_T,_T,_T,_T,_Z,_Z,_Z,_Z,_Z,2021,0.57,,,,,,,,,POP_SH.EMP_STATUS_EMPLOYED,SHARE,0.01,A,SEN_EHCVM2021_LEGACY_v1,
dataflow,WB.AFW360:AFW360_HH(0.3.0),R,A,SEN,SN06,SURVEY,POP_SH,_T,_T,_T,EMP_TYPE_NONWAGE,_T,_T,_T,_T,_Z,_Z,_Z,_Z,_Z,2021,0.76,,,,,,,,,POP_SH.EMP_TYPE_NONWAGE,SHARE,0.01,A,SEN_EHCVM2021_LEGACY_v1,
dataflow,WB.AFW360:AFW360_HH(0.3.0),R,A,SEN,SN06,SURVEY,POP_SH,_T,_T,_T,EMP_TYPE_WAGE,_T,_T,_T,_T,_Z,_Z,_Z,_Z,_Z,2021,0.24,,,,,,,,,POP_SH.EMP_TYPE_WAGE,SHARE,0.01,A,SEN_EHCVM2021_LEGACY_v1,
dataflow,WB.AFW360:AFW360_HH(0.3.0),R,A,SEN,SN06,SURVEY,POV_HC,_T,_T,_T,_T,_T,_T,_T,_T,POVLINE_PL300,PPP_2021,_Z,_Z,_Z,2021,0.36,,,,,,,,,POV_HC.POVLINE_PL300.PPP_2021,SHARE,0.01,A,SEN_EHCVM2021_LEGACY_v1,
dataflow,WB.AFW360:AFW360_HH(0.3.0),R,A,SEN,SN06,SURVEY,POV_HC,_T,_T,_T,_T,_T,_T,_T,_T,POVLINE_PL420,PPP_2021,_Z,_Z,_Z,2021,0.62,,,,,,,,,POV_HC.POVLINE_PL420.PPP_2021,SHARE,0.01,A,SEN_EHCVM2021_LEGACY_v1,
dataflow,WB.AFW360:AFW360_HH(0.3.0),R,A,SEN,SN06,SURVEY,POV_NUM,_T,_T,_T,_T,_T,_T,_T,_T,POVLINE_PL300,PPP_2021,_Z,_Z,_Z,2021,70000,,,,,,,,,POV_NUM.POVLINE_PL300.PPP_2021,PERSON,10000,A,SEN_EHCVM2021_LEGACY_v1,
dataflow,WB.AFW360:AFW360_HH(0.3.0),R,A,SEN,SN06,SURVEY,POV_NUM,_T,_T,_T,_T,_T,_T,_T,_T,POVLINE_PL420,PPP_2021,_Z,_Z,_Z,2021,120000,,,,,,,,,POV_NUM.POVLINE_PL420.PPP_2021,PERSON,10000,A,SEN_EHCVM2021_LEGACY_v1,
dataflow,WB.AFW360:AFW360_HH(0.3.0),R,A,SEN,SN06,SURVEY,SHK_ANY,_Z,_Z,_T,_T,_T,_T,_T,_T,_Z,_Z,_Z,_Z,_Z,2021,0.68,,,,,,,,,SHK_ANY,SHARE,0.01,A,SEN_EHCVM2021_LEGACY_v1,
dataflow,WB.AFW360:AFW360_HH(0.3.0),R,A,SEN,SN06,SURVEY,SHK_COV_CONFLICT,_Z,_Z,_T,_T,_T,_T,_T,_T,_Z,_Z,_Z,_Z,_Z,2021,0.07,,,,,,,,,SHK_COV_CONFLICT,SHARE,0.01,A,SEN_EHCVM2021_LEGACY_v1,
dataflow,WB.AFW360:AFW360_HH(0.3.0),R,A,SEN,SN06,SURVEY,SHK_COV_ECON,_Z,_Z,_T,_T,_T,_T,_T,_T,_Z,_Z,_Z,_Z,_Z,2021,0.42,,,,,,,,,SHK_COV_ECON,SHARE,0.01,A,SEN_EHCVM2021_LEGACY_v1,
dataflow,WB.AFW360:AFW360_HH(0.3.0),R,A,SEN,SN06,SURVEY,SHK_COV_NATURAL,_Z,_Z,_T,_T,_T,_T,_T,_T,_Z,_Z,_Z,_Z,_Z,2021,0.25,,,,,,,,,SHK_COV_NATURAL,SHARE,0.01,A,SEN_EHCVM2021_LEGACY_v1,
dataflow,WB.AFW360:AFW360_HH(0.3.0),R,A,SEN,SN06,SURVEY,SHK_IDIO_ECON,_Z,_Z,_T,_T,_T,_T,_T,_T,_Z,_Z,_Z,_Z,_Z,2021,0.08,,,,,,,,,SHK_IDIO_ECON,SHARE,0.01,A,SEN_EHCVM2021_LEGACY_v1,
dataflow,WB.AFW360:AFW360_HH(0.3.0),R,A,SEN,SN06,SURVEY,SP_HEALTH_COV,_T,_T,_T,_T,_T,_T,_T,_T,_Z,_Z,_Z,_Z,_Z,2021,0.01,,,,,,,,,SP_HEALTH_COV,SHARE,0.01,A,SEN_EHCVM2021_LEGACY_v1,
dataflow,WB.AFW360:AFW360_HH(0.3.0),R,A,SEN,SN06,SURVEY,SP_HEALTH_COV_HH,_Z,_Z,_T,_T,_T,_T,_T,_T,_Z,_Z,_Z,_Z,_Z,2021,0.01,,,,,,,,,SP_HEALTH_COV_HH,SHARE,0.01,A,SEN_EHCVM2021_LEGACY_v1,
dataflow,WB.AFW360:AFW360_HH(0.3.0),R,A,SEN,SN07,SURVEY,AGR_CULTIVATES,_Z,_Z,_T,_T,_T,_T,_T,_T,_Z,_Z,_Z,_Z,_Z,2021,0.72,,,,,,,,,AGR_CULTIVATES,SHARE,0.01,A,SEN_EHCVM2021_LEGACY_v1,
dataflow,WB.AFW360:AFW360_HH(0.3.0),R,A,SEN,SN07,SURVEY,AGR_CULT_AREA,_Z,_Z,_T,_T,_T,_T,_T,_T,_Z,_Z,_Z,_Z,_Z,2021,4.85,,,,,,,,,AGR_CULT_AREA,HA,0.01,A,SEN_EHCVM2021_LEGACY_v1,
dataflow,WB.AFW360:AFW360_HH(0.3.0),R,A,SEN,SN07,SURVEY,AGR_LIVESTOCK_ANY,_Z,_Z,_T,_T,_T,_T,_T,_T,_Z,_Z,_Z,_Z,_Z,2021,0.66,,,,,,,,,AGR_LIVESTOCK_ANY,SHARE,0.01,A,SEN_EHCVM2021_LEGACY_v1,
dataflow,WB.AFW360:AFW360_HH(0.3.0),R,A,SEN,SN07,SURVEY,AGR_TLU,_Z,_Z,_T,_T,_T,_T,_T,_T,_Z,_Z,_Z,_Z,_Z,2021,6.64,,,,,,,,,AGR_TLU,TLU,0.01,A,SEN_EHCVM2021_LEGACY_v1,
dataflow,WB.AFW360:AFW360_HH(0.3.0),R,A,SEN,SN07,SURVEY,CONS_SH,_Z,_Z,_T,_T,_T,_T,_T,_T,COICOP_CP01,ACQ_OWNPROD,_Z,_Z,_Z,2021,0.13,,,,,,,,,CONS_SH.COICOP_CP01.ACQ_OWNPROD,SHARE,0.01,A,SEN_EHCVM2021_LEGACY_v1,
dataflow,WB.AFW360:AFW360_HH(0.3.0),R,A,SEN,SN07,SURVEY,CONS_SH,_Z,_Z,_T,_T,_T,_T,_T,_T,COICOP_CP01,ACQ_PURCH,_Z,_Z,_Z,2021,0.31,,,,,,,,,CONS_SH.COICOP_CP01.ACQ_PURCH,SHARE,0.01,A,SEN_EHCVM2021_LEGACY_v1,
dataflow,WB.AFW360:AFW360_HH(0.3.0),R,A,SEN,SN07,SURVEY,CONS_SH,_Z,_Z,_T,_T,_T,_T,_T,_T,COICOP_CP01,_Z,_Z,_Z,_Z,2021,0.47,,,,,,,,,CONS_SH.COICOP_CP01,SHARE,0.01,A,SEN_EHCVM2021_LEGACY_v1,
dataflow,WB.AFW360:AFW360_HH(0.3.0),R,A,SEN,SN07,SURVEY,CONS_SH,_Z,_Z,_T,_T,_T,_T,_T,_T,COICOP_CP02,_Z,_Z,_Z,_Z,2021,0,,,,,,,,,CONS_SH.COICOP_CP02,SHARE,0.01,A,SEN_EHCVM2021_LEGACY_v1,
dataflow,WB.AFW360:AFW360_HH(0.3.0),R,A,SEN,SN07,SURVEY,CONS_SH,_Z,_Z,_T,_T,_T,_T,_T,_T,COICOP_CP03,_Z,_Z,_Z,_Z,2021,0.06,,,,,,,,,CONS_SH.COICOP_CP03,SHARE,0.01,A,SEN_EHCVM2021_LEGACY_v1,
dataflow,WB.AFW360:AFW360_HH(0.3.0),R,A,SEN,SN07,SURVEY,CONS_SH,_Z,_Z,_T,_T,_T,_T,_T,_T,COICOP_CP04,_Z,_Z,_Z,_Z,2021,0.12,,,,,,,,,CONS_SH.COICOP_CP04,SHARE,0.01,A,SEN_EHCVM2021_LEGACY_v1,
dataflow,WB.AFW360:AFW360_HH(0.3.0),R,A,SEN,SN07,SURVEY,CONS_SH,_Z,_Z,_T,_T,_T,_T,_T,_T,COICOP_CP05,_Z,_Z,_Z,_Z,2021,0.04,,,,,,,,,CONS_SH.COICOP_CP05,SHARE,0.01,A,SEN_EHCVM2021_LEGACY_v1,
dataflow,WB.AFW360:AFW360_HH(0.3.0),R,A,SEN,SN07,SURVEY,CONS_SH,_Z,_Z,_T,_T,_T,_T,_T,_T,COICOP_CP06,_Z,_Z,_Z,_Z,2021,0.04,,,,,,,,,CONS_SH.COICOP_CP06,SHARE,0.01,A,SEN_EHCVM2021_LEGACY_v1,
dataflow,WB.AFW360:AFW360_HH(0.3.0),R,A,SEN,SN07,SURVEY,CONS_SH,_Z,_Z,_T,_T,_T,_T,_T,_T,COICOP_CP07,_Z,_Z,_Z,_Z,2021,0.05,,,,,,,,,CONS_SH.COICOP_CP07,SHARE,0.01,A,SEN_EHCVM2021_LEGACY_v1,
dataflow,WB.AFW360:AFW360_HH(0.3.0),R,A,SEN,SN07,SURVEY,CONS_SH,_Z,_Z,_T,_T,_T,_T,_T,_T,COICOP_CP08,_Z,_Z,_Z,_Z,2021,0.06,,,,,,,,,CONS_SH.COICOP_CP08,SHARE,0.01,A,SEN_EHCVM2021_LEGACY_v1,
dataflow,WB.AFW360:AFW360_HH(0.3.0),R,A,SEN,SN07,SURVEY,CONS_SH,_Z,_Z,_T,_T,_T,_T,_T,_T,COICOP_CP09,_Z,_Z,_Z,_Z,2021,0,,,,,,,,,CONS_SH.COICOP_CP09,SHARE,0.01,A,SEN_EHCVM2021_LEGACY_v1,
dataflow,WB.AFW360:AFW360_HH(0.3.0),R,A,SEN,SN07,SURVEY,CONS_SH,_Z,_Z,_T,_T,_T,_T,_T,_T,COICOP_CP10,_Z,_Z,_Z,_Z,2021,0.01,,,,,,,,,CONS_SH.COICOP_CP10,SHARE,0.01,A,SEN_EHCVM2021_LEGACY_v1,
dataflow,WB.AFW360:AFW360_HH(0.3.0),R,A,SEN,SN07,SURVEY,CONS_SH,_Z,_Z,_T,_T,_T,_T,_T,_T,COICOP_CP11,_Z,_Z,_Z,_Z,2021,0.09,,,,,,,,,CONS_SH.COICOP_CP11,SHARE,0.01,A,SEN_EHCVM2021_LEGACY_v1,
dataflow,WB.AFW360:AFW360_HH(0.3.0),R,A,SEN,SN07,SURVEY,CONS_SH,_Z,_Z,_T,_T,_T,_T,_T,_T,COICOP_CP12,_Z,_Z,_Z,_Z,2021,0,,,,,,,,,CONS_SH.COICOP_CP12,SHARE,0.01,A,SEN_EHCVM2021_LEGACY_v1,
dataflow,WB.AFW360:AFW360_HH(0.3.0),R,A,SEN,SN07,SURVEY,CONS_SH,_Z,_Z,_T,_T,_T,_T,_T,_T,COICOP_CP13,_Z,_Z,_Z,_Z,2021,0.03,,,,,,,,,CONS_SH.COICOP_CP13,SHARE,0.01,A,SEN_EHCVM2021_LEGACY_v1,
dataflow,WB.AFW360:AFW360_HH(0.3.0),R,A,SEN,SN07,SURVEY,EN_ASSET_AC,_Z,_Z,_T,_T,_T,_T,_T,_T,_Z,_Z,_Z,_Z,_Z,2021,0.06,,,,,,,,,EN_ASSET_AC,SHARE,0.01,A,SEN_EHCVM2021_LEGACY_v1,
dataflow,WB.AFW360:AFW360_HH(0.3.0),R,A,SEN,SN07,SURVEY,EN_ASSET_COOKER,_Z,_Z,_T,_T,_T,_T,_T,_T,_Z,_Z,_Z,_Z,_Z,2021,0.01,,,,,,,,,EN_ASSET_COOKER,SHARE,0.01,A,SEN_EHCVM2021_LEGACY_v1,
dataflow,WB.AFW360:AFW360_HH(0.3.0),R,A,SEN,SN07,SURVEY,EN_ASSET_FAN,_Z,_Z,_T,_T,_T,_T,_T,_T,_Z,_Z,_Z,_Z,_Z,2021,0,,,,,,,,,EN_ASSET_FAN,SHARE,0.01,A,SEN_EHCVM2021_LEGACY_v1,
dataflow,WB.AFW360:AFW360_HH(0.3.0),R,A,SEN,SN07,SURVEY,EN_ASSET_WATER_HEATER,_Z,_Z,_T,_T,_T,_T,_T,_T,_Z,_Z,_Z,_Z,_Z,2021,0,,,,,,,,,EN_ASSET_WATER_HEATER,SHARE,0.01,A,SEN_EHCVM2021_LEGACY_v1,
dataflow,WB.AFW360:AFW360_HH(0.3.0),R,A,SEN,SN07,SURVEY,EN_COOK_BIOMASS,_Z,_Z,_T,_T,_T,_T,_T,_T,_Z,_Z,_Z,_Z,_Z,2021,0.2,,,,,,,,,EN_COOK_BIOMASS,SHARE,0.01,A,SEN_EHCVM2021_LEGACY_v1,
dataflow,WB.AFW360:AFW360_HH(0.3.0),R,A,SEN,SN07,SURVEY,EN_COOK_CLEAN,_Z,_Z,_T,_T,_T,_T,_T,_T,_Z,_Z,_Z,_Z,_Z,2021,0.8,,,,,,,,,EN_COOK_CLEAN,SHARE,0.01,A,SEN_EHCVM2021_LEGACY_v1,LEGACY_SUSPECT: Implausible pattern: higher in Rural and Q1 than in Capital and Q4.
dataflow,WB.AFW360:AFW360_HH(0.3.0),R,A,SEN,SN07,SURVEY,EN_ELEC_ACCESS,_Z,_Z,_T,_T,_T,_T,_T,_T,_Z,_Z,_Z,_Z,_Z,2021,0.27,,,,,,,,,EN_ELEC_ACCESS,SHARE,0.01,A,SEN_EHCVM2021_LEGACY_v1,
dataflow,WB.AFW360:AFW360_HH(0.3.0),R,A,SEN,SN07,SURVEY,EN_ELEC_INFORMAL,_Z,_Z,_T,_T,_T,_T,_T,_T,_Z,_Z,_Z,_Z,_Z,2021,0.01,,,,,,,,,EN_ELEC_INFORMAL,SHARE,0.01,A,SEN_EHCVM2021_LEGACY_v1,
dataflow,WB.AFW360:AFW360_HH(0.3.0),R,A,SEN,SN07,SURVEY,EN_ELEC_SPEND,_Z,_Z,_T,_T,_T,_T,_T,_T,_Z,_Z,_Z,_Z,_Z,2021,8718.72,,,,,,,,,EN_ELEC_SPEND,XOF,0.01,A,SEN_EHCVM2021_LEGACY_v1,
dataflow,WB.AFW360:AFW360_HH(0.3.0),R,A,SEN,SN07,SURVEY,EN_GRID_CONN,_Z,_Z,_T,_T,_T,_T,_T,_T,_Z,_Z,_Z,_Z,_Z,2021,0.98,,,,,,,,,EN_GRID_CONN,SHARE,0.01,A,SEN_EHCVM2021_LEGACY_v1,"LEGACY_SUSPECT: Implausible: 0.96-1.00 in every cell, including Q1 and Rural."
dataflow,WB.AFW360:AFW360_HH(0.3.0),R,A,SEN,SN07,SURVEY,EN_GRID_USE,_Z,_Z,_T,_T,_T,_T,_T,_T,_Z,_Z,_Z,_Z,_Z,2021,0.28,,,,,,,,,EN_GRID_USE,SHARE,0.01,A,SEN_EHCVM2021_LEGACY_v1,
dataflow,WB.AFW360:AFW360_HH(0.3.0),R,A,SEN,SN07,SURVEY,EN_LIGHT_IMPROVED,_Z,_Z,_T,_T,_T,_T,_T,_T,_Z,_Z,_Z,_Z,_Z,2021,0.9,,,,,,,,,EN_LIGHT_IMPROVED,SHARE,0.01,A,SEN_EHCVM2021_LEGACY_v1,
dataflow,WB.AFW360:AFW360_HH(0.3.0),R,A,SEN,SN07,SURVEY,EN_OFFGRID_USE,_Z,_Z,_T,_T,_T,_T,_T,_T,_Z,_Z,_Z,_Z,_Z,2021,0.27,,,,,,,,,EN_OFFGRID_USE,SHARE,0.01,A,SEN_EHCVM2021_LEGACY_v1,
dataflow,WB.AFW360:AFW360_HH(0.3.0),R,A,SEN,SN07,SURVEY,EN_OUTAGE_ANY,_Z,_Z,_T,_T,_T,_T,_T,_T,_Z,_Z,_Z,_Z,_Z,2021,0.25,,,,,,,,,EN_OUTAGE_ANY,SHARE,0.01,A,SEN_EHCVM2021_LEGACY_v1,
dataflow,WB.AFW360:AFW360_HH(0.3.0),R,A,SEN,SN07,SURVEY,EN_OUTAGE_DAYS,_Z,_Z,_T,_T,_T,_T,_T,_T,_Z,_Z,_Z,_Z,_Z,2021,2,,,,,,,,,EN_OUTAGE_DAYS,DAY,0.01,A,SEN_EHCVM2021_LEGACY_v1,
dataflow,WB.AFW360:AFW360_HH(0.3.0),R,A,SEN,SN07,SURVEY,EN_OUTAGE_DUR_CODE,_Z,_Z,_T,_T,_T,_T,_T,_T,_Z,_Z,_Z,_Z,_Z,2021,1.98,,,,,,,,,EN_OUTAGE_DUR_CODE,INDEX,0.01,A,SEN_EHCVM2021_LEGACY_v1,
dataflow,WB.AFW360:AFW360_HH(0.3.0),R,A,SEN,SN07,SURVEY,EN_PREPAID_METER,_Z,_Z,_T,_T,_T,_T,_T,_T,_Z,_Z,_Z,_Z,_Z,2021,0.33,,,,,,,,,EN_PREPAID_METER,SHARE,0.01,A,SEN_EHCVM2021_LEGACY_v1,
dataflow,WB.AFW360:AFW360_HH(0.3.0),R,A,SEN,SN07,SURVEY,HE_ACCOUNTS,_Z,_Z,_T,_T,_T,_T,_T,_T,_Z,_Z,_Z,_Z,_Z,2021,0.09,,,,,,,,,HE_ACCOUNTS,SHARE,0.01,A,SEN_EHCVM2021_LEGACY_v1,
dataflow,WB.AFW360:AFW360_HH(0.3.0),R,A,SEN,SN07,SURVEY,HE_AGE,_Z,_Z,_T,_T,_T,_T,_T,_T,_Z,_Z,_Z,_Z,_Z,2021,9.72,,,,,,,,,HE_AGE,YEAR,0.01,A,SEN_EHCVM2021_LEGACY_v1,
dataflow,WB.AFW360:AFW360_HH(0.3.0),R,A,SEN,SN07,SURVEY,HE_BUY_FIRMS,_Z,_Z,_T,_T,_T,_T,_T,_T,_Z,_Z,_Z,_Z,_Z,2021,0.26,,,,,,,,,HE_BUY_FIRMS,SHARE,0.01,A,SEN_EHCVM2021_LEGACY_v1,
dataflow,WB.AFW360:AFW360_HH(0.3.0),R,A,SEN,SN07,SURVEY,HE_CAPITAL,_Z,_Z,_T,_T,_T,_T,_T,_T,_Z,_Z,_Z,_Z,_Z,2021,96459.54,,,,,,,,,HE_CAPITAL,XOF,0.01,A,SEN_EHCVM2021_LEGACY_v1,
dataflow,WB.AFW360:AFW360_HH(0.3.0),R,A,SEN,SN07,SURVEY,HE_COSTS,_Z,_Z,_T,_T,_T,_T,_T,_T,_Z,_Z,_Z,_Z,_Z,2021,30731.77,,,,,,,,,HE_COSTS,XOF,0.01,A,SEN_EHCVM2021_LEGACY_v1,
dataflow,WB.AFW360:AFW360_HH(0.3.0),R,A,SEN,SN07,SURVEY,HE_CREDIT_ANY,_Z,_Z,_T,_T,_T,_T,_T,_T,_Z,_Z,_Z,_Z,_Z,2021,0.35,,,,,,,,,HE_CREDIT_ANY,SHARE,0.01,A,SEN_EHCVM2021_LEGACY_v1,
dataflow,WB.AFW360:AFW360_HH(0.3.0),R,A,SEN,SN07,SURVEY,HE_CREDIT_FORMAL,_Z,_Z,_T,_T,_T,_T,_T,_T,_Z,_Z,_Z,_Z,_Z,2021,0.09,,,,,,,,,HE_CREDIT_FORMAL,SHARE,0.01,A,SEN_EHCVM2021_LEGACY_v1,
dataflow,WB.AFW360:AFW360_HH(0.3.0),R,A,SEN,SN07,SURVEY,HE_CREDIT_INFORMAL,_Z,_Z,_T,_T,_T,_T,_T,_T,_Z,_Z,_Z,_Z,_Z,2021,0.26,,,,,,,,,HE_CREDIT_INFORMAL,SHARE,0.01,A,SEN_EHCVM2021_LEGACY_v1,
dataflow,WB.AFW360:AFW360_HH(0.3.0),R,A,SEN,SN07,SURVEY,HE_ELEC,_Z,_Z,_T,_T,_T,_T,_T,_T,_Z,_Z,_Z,_Z,_Z,2021,1,,,,,,,,,HE_ELEC,SHARE,0.01,A,SEN_EHCVM2021_LEGACY_v1,
dataflow,WB.AFW360:AFW360_HH(0.3.0),R,A,SEN,SN07,SURVEY,HE_EMP_EXT_ANY,_Z,_Z,_T,_T,_T,_T,_T,_T,_Z,_Z,_Z,_Z,_Z,2021,1,,,,,,,,,HE_EMP_EXT_ANY,SHARE,0.01,A,SEN_EHCVM2021_LEGACY_v1,LEGACY_SUSPECT: Implausible: share 0.96 while mean non-HH employees is 0.54.
dataflow,WB.AFW360:AFW360_HH(0.3.0),R,A,SEN,SN07,SURVEY,HE_EMP_HH_NUM,_Z,_Z,_T,_T,_T,_T,_T,_T,_Z,_Z,_Z,_Z,_Z,2021,0.14,,,,,,,,,HE_EMP_HH_NUM,PERSON,0.01,A,SEN_EHCVM2021_LEGACY_v1,
dataflow,WB.AFW360:AFW360_HH(0.3.0),R,A,SEN,SN07,SURVEY,HE_EMP_NONHH_NUM,_Z,_Z,_T,_T,_T,_T,_T,_T,_Z,_Z,_Z,_Z,_Z,2021,0.29,,,,,,,,,HE_EMP_NONHH_NUM,PERSON,0.01,A,SEN_EHCVM2021_LEGACY_v1,
dataflow,WB.AFW360:AFW360_HH(0.3.0),R,A,SEN,SN07,SURVEY,HE_EMP_NUM,_Z,_Z,_T,_T,_T,_T,_T,_T,_Z,_Z,_Z,_Z,_Z,2021,0.35,,,,,,,,,HE_EMP_NUM,PERSON,0.01,A,SEN_EHCVM2021_LEGACY_v1,
dataflow,WB.AFW360:AFW360_HH(0.3.0),R,A,SEN,SN07,SURVEY,HE_HH_OWNER,_Z,_Z,_T,_T,_T,_T,_T,_T,_Z,_Z,_Z,_Z,_Z,2021,0.42,,,,,,,,,HE_HH_OWNER,SHARE,0.01,A,SEN_EHCVM2021_LEGACY_v1,
dataflow,WB.AFW360:AFW360_HH(0.3.0),R,A,SEN,SN07,SURVEY,HE_HOME_BASED,_Z,_Z,_T,_T,_T,_T,_T,_T,_Z,_Z,_Z,_Z,_Z,2021,0.51,,,,,,,,,HE_HOME_BASED,SHARE,0.01,A,SEN_EHCVM2021_LEGACY_v1,
dataflow,WB.AFW360:AFW360_HH(0.3.0),R,A,SEN,SN07,SURVEY,HE_PHONE,_Z,_Z,_T,_T,_T,_T,_T,_T,_Z,_Z,_Z,_Z,_Z,2021,1,,,,,,,,,HE_PHONE,SHARE,0.01,A,SEN_EHCVM2021_LEGACY_v1,
dataflow,WB.AFW360:AFW360_HH(0.3.0),R,A,SEN,SN07,SURVEY,HE_PREMISES_FORMAL,_Z,_Z,_T,_T,_T,_T,_T,_T,_Z,_Z,_Z,_Z,_Z,2021,0.16,,,,,,,,,HE_PREMISES_FORMAL,SHARE,0.01,A,SEN_EHCVM2021_LEGACY_v1,
dataflow,WB.AFW360:AFW360_HH(0.3.0),R,A,SEN,SN07,SURVEY,HE_PROFIT,_Z,_Z,_T,_T,_T,_T,_T,_T,_Z,_Z,_Z,_Z,_Z,2021,12876.52,,,,,,,,,HE_PROFIT,XOF,0.01,A,SEN_EHCVM2021_LEGACY_v1,
dataflow,WB.AFW360:AFW360_HH(0.3.0),R,A,SEN,SN07,SURVEY,HE_RENT,_Z,_Z,_T,_T,_T,_T,_T,_T,_Z,_Z,_Z,_Z,_Z,2021,1,,,,,,,,,HE_RENT,SHARE,0.01,A,SEN_EHCVM2021_LEGACY_v1,
dataflow,WB.AFW360:AFW360_HH(0.3.0),R,A,SEN,SN07,SURVEY,HE_REV_PER_WORKER,_Z,_Z,_T,_T,_T,_T,_T,_T,_Z,_Z,_Z,_Z,_Z,2021,70000,,,,,,,,,HE_REV_PER_WORKER,XOF,0.01,A,SEN_EHCVM2021_LEGACY_v1,
dataflow,WB.AFW360:AFW360_HH(0.3.0),R,A,SEN,SN07,SURVEY,HE_SELL_FIRMS,_Z,_Z,_T,_T,_T,_T,_T,_T,_Z,_Z,_Z,_Z,_Z,2021,0,,,,,,,,,HE_SELL_FIRMS,SHARE,0.01,A,SEN_EHCVM2021_LEGACY_v1,
dataflow,WB.AFW360:AFW360_HH(0.3.0),R,A,SEN,SN07,SURVEY,HE_TAX_ID,_Z,_Z,_T,_T,_T,_T,_T,_T,_Z,_Z,_Z,_Z,_Z,2021,0.14,,,,,,,,,HE_TAX_ID,SHARE,0.01,A,SEN_EHCVM2021_LEGACY_v1,
dataflow,WB.AFW360:AFW360_HH(0.3.0),R,A,SEN,SN07,SURVEY,HE_WATER,_Z,_Z,_T,_T,_T,_T,_T,_T,_Z,_Z,_Z,_Z,_Z,2021,0,,,,,,,,,HE_WATER,SHARE,0.01,A,SEN_EHCVM2021_LEGACY_v1,
dataflow,WB.AFW360:AFW360_HH(0.3.0),R,A,SEN,SN07,SURVEY,HOUS_FLOOR_DURABLE,_Z,_Z,_T,_T,_T,_T,_T,_T,_Z,_Z,_Z,_Z,_Z,2021,0.56,,,,,,,,,HOUS_FLOOR_DURABLE,SHARE,0.01,A,SEN_EHCVM2021_LEGACY_v1,
dataflow,WB.AFW360:AFW360_HH(0.3.0),R,A,SEN,SN07,SURVEY,HOUS_ROOF_DURABLE,_Z,_Z,_T,_T,_T,_T,_T,_T,_Z,_Z,_Z,_Z,_Z,2021,0.65,,,,,,,,,HOUS_ROOF_DURABLE,SHARE,0.01,A,SEN_EHCVM2021_LEGACY_v1,
dataflow,WB.AFW360:AFW360_HH(0.3.0),R,A,SEN,SN07,SURVEY,HOUS_SANIT_IMPROVED,_Z,_Z,_T,_T,_T,_T,_T,_T,_Z,_Z,_Z,_Z,_Z,2021,0.1,,,,,,,,,HOUS_SANIT_IMPROVED,SHARE,0.01,A,SEN_EHCVM2021_LEGACY_v1,
dataflow,WB.AFW360:AFW360_HH(0.3.0),R,A,SEN,SN07,SURVEY,HOUS_WALL_DURABLE,_Z,_Z,_T,_T,_T,_T,_T,_T,_Z,_Z,_Z,_Z,_Z,2021,0.93,,,,,,,,,HOUS_WALL_DURABLE,SHARE,0.01,A,SEN_EHCVM2021_LEGACY_v1,
dataflow,WB.AFW360:AFW360_HH(0.3.0),R,A,SEN,SN07,SURVEY,HOUS_WATER_SAFE_DRY,_Z,_Z,_T,_T,_T,_T,_T,_T,_Z,_Z,_Z,_Z,_Z,2021,0.34,,,,,,,,,HOUS_WATER_SAFE_DRY,SHARE,0.01,A,SEN_EHCVM2021_LEGACY_v1,
dataflow,WB.AFW360:AFW360_HH(0.3.0),R,A,SEN,SN07,SURVEY,POP_HE_SH,_Z,_Z,_T,HEO_MSTAT_MARRIED,_T,_T,_T,_T,_Z,_Z,_Z,_Z,_Z,2021,0.97,,,,,,,,,POP_HE_SH.HEO_MSTAT_MARRIED,SHARE,0.01,A,SEN_EHCVM2021_LEGACY_v1,
dataflow,WB.AFW360:AFW360_HH(0.3.0),R,A,SEN,SN07,SURVEY,POP_HE_SH,_Z,_Z,_T,HEO_SEX_F,_T,_T,_T,_T,_Z,_Z,_Z,_Z,_Z,2021,0.73,,,,,,,,,POP_HE_SH.HEO_SEX_F,SHARE,0.01,A,SEN_EHCVM2021_LEGACY_v1,
dataflow,WB.AFW360:AFW360_HH(0.3.0),R,A,SEN,SN07,SURVEY,POP_HH_SH,_Z,_Z,_T,HE_COUNT_0,_T,_T,_T,_T,_Z,_Z,_Z,_Z,_Z,2021,0.54,,,,,,,,,POP_HH_SH.HE_COUNT_0,SHARE,0.01,A,SEN_EHCVM2021_LEGACY_v1,
dataflow,WB.AFW360:AFW360_HH(0.3.0),R,A,SEN,SN07,SURVEY,POP_HH_SH,_Z,_Z,_T,HE_COUNT_1,_T,_T,_T,_T,_Z,_Z,_Z,_Z,_Z,2021,0.44,,,,,,,,,POP_HH_SH.HE_COUNT_1,SHARE,0.01,A,SEN_EHCVM2021_LEGACY_v1,
dataflow,WB.AFW360:AFW360_HH(0.3.0),R,A,SEN,SN07,SURVEY,POP_HH_SH,_Z,_Z,_T,HE_COUNT_2,_T,_T,_T,_T,_Z,_Z,_Z,_Z,_Z,2021,0.02,,,,,,,,,POP_HH_SH.HE_COUNT_2,SHARE,0.01,A,SEN_EHCVM2021_LEGACY_v1,
dataflow,WB.AFW360:AFW360_HH(0.3.0),R,A,SEN,SN07,SURVEY,POP_HH_SH,_Z,_Z,_T,HE_COUNT_3,_T,_T,_T,_T,_Z,_Z,_Z,_Z,_Z,2021,0,,,,,,,,,POP_HH_SH.HE_COUNT_3,SHARE,0.01,A,SEN_EHCVM2021_LEGACY_v1,
dataflow,WB.AFW360:AFW360_HH(0.3.0),R,A,SEN,SN07,SURVEY,POP_HH_SH,_Z,_Z,_T,HE_COUNT_4P,_T,_T,_T,_T,_Z,_Z,_Z,_Z,_Z,2021,0,,,,,,,,,POP_HH_SH.HE_COUNT_4P,SHARE,0.01,A,SEN_EHCVM2021_LEGACY_v1,
dataflow,WB.AFW360:AFW360_HH(0.3.0),R,A,SEN,SN07,SURVEY,POP_SH,_T,_T,_T,EMP_FORMAL_N,_T,_T,_T,_T,_Z,_Z,_Z,_Z,_Z,2021,0.86,,,,,,,,,POP_SH.EMP_FORMAL_N,SHARE,0.01,A,SEN_EHCVM2021_LEGACY_v1,
dataflow,WB.AFW360:AFW360_HH(0.3.0),R,A,SEN,SN07,SURVEY,POP_SH,_T,_T,_T,EMP_ISIC_G,_T,_T,_T,_T,_Z,_Z,_Z,_Z,_Z,2021,0.13,,,,,,,,,POP_SH.EMP_ISIC_G,SHARE,0.01,A,SEN_EHCVM2021_LEGACY_v1,
dataflow,WB.AFW360:AFW360_HH(0.3.0),R,A,SEN,SN07,SURVEY,POP_SH,_T,_T,_T,EMP_ISIC_H,_T,_T,_T,_T,_Z,_Z,_Z,_Z,_Z,2021,0.04,,,,,,,,,POP_SH.EMP_ISIC_H,SHARE,0.01,A,SEN_EHCVM2021_LEGACY_v1,
dataflow,WB.AFW360:AFW360_HH(0.3.0),R,A,SEN,SN07,SURVEY,POP_SH,_T,_T,_T,EMP_SECTOR_AGR,_T,_T,_T,_T,_Z,_Z,_Z,_Z,_Z,2021,0.6,,,,,,,,,POP_SH.EMP_SECTOR_AGR,SHARE,0.01,A,SEN_EHCVM2021_LEGACY_v1,
dataflow,WB.AFW360:AFW360_HH(0.3.0),R,A,SEN,SN07,SURVEY,POP_SH,_T,_T,_T,EMP_SECTOR_IND,_T,_T,_T,_T,_Z,_Z,_Z,_Z,_Z,2021,0.15,,,,,,,,,POP_SH.EMP_SECTOR_IND,SHARE,0.01,A,SEN_EHCVM2021_LEGACY_v1,
dataflow,WB.AFW360:AFW360_HH(0.3.0),R,A,SEN,SN07,SURVEY,POP_SH,_T,_T,_T,EMP_SECTOR_SER,_T,_T,_T,_T,_Z,_Z,_Z,_Z,_Z,2021,0.26,,,,,,,,,POP_SH.EMP_SECTOR_SER,SHARE,0.01,A,SEN_EHCVM2021_LEGACY_v1,
dataflow,WB.AFW360:AFW360_HH(0.3.0),R,A,SEN,SN07,SURVEY,POP_SH,_T,_T,_T,EMP_STATUS_EMPLOYED,_T,_T,_T,_T,_Z,_Z,_Z,_Z,_Z,2021,0.64,,,,,,,,,POP_SH.EMP_STATUS_EMPLOYED,SHARE,0.01,A,SEN_EHCVM2021_LEGACY_v1,
dataflow,WB.AFW360:AFW360_HH(0.3.0),R,A,SEN,SN07,SURVEY,POP_SH,_T,_T,_T,EMP_TYPE_NONWAGE,_T,_T,_T,_T,_Z,_Z,_Z,_Z,_Z,2021,0.88,,,,,,,,,POP_SH.EMP_TYPE_NONWAGE,SHARE,0.01,A,SEN_EHCVM2021_LEGACY_v1,
dataflow,WB.AFW360:AFW360_HH(0.3.0),R,A,SEN,SN07,SURVEY,POP_SH,_T,_T,_T,EMP_TYPE_WAGE,_T,_T,_T,_T,_Z,_Z,_Z,_Z,_Z,2021,0.12,,,,,,,,,POP_SH.EMP_TYPE_WAGE,SHARE,0.01,A,SEN_EHCVM2021_LEGACY_v1,
dataflow,WB.AFW360:AFW360_HH(0.3.0),R,A,SEN,SN07,SURVEY,POV_HC,_T,_T,_T,_T,_T,_T,_T,_T,POVLINE_PL300,PPP_2021,_Z,_Z,_Z,2021,0.38,,,,,,,,,POV_HC.POVLINE_PL300.PPP_2021,SHARE,0.01,A,SEN_EHCVM2021_LEGACY_v1,
dataflow,WB.AFW360:AFW360_HH(0.3.0),R,A,SEN,SN07,SURVEY,POV_HC,_T,_T,_T,_T,_T,_T,_T,_T,POVLINE_PL420,PPP_2021,_Z,_Z,_Z,2021,0.66,,,,,,,,,POV_HC.POVLINE_PL420.PPP_2021,SHARE,0.01,A,SEN_EHCVM2021_LEGACY_v1,
dataflow,WB.AFW360:AFW360_HH(0.3.0),R,A,SEN,SN07,SURVEY,POV_NUM,_T,_T,_T,_T,_T,_T,_T,_T,POVLINE_PL300,PPP_2021,_Z,_Z,_Z,2021,330000,,,,,,,,,POV_NUM.POVLINE_PL300.PPP_2021,PERSON,10000,A,SEN_EHCVM2021_LEGACY_v1,
dataflow,WB.AFW360:AFW360_HH(0.3.0),R,A,SEN,SN07,SURVEY,POV_NUM,_T,_T,_T,_T,_T,_T,_T,_T,POVLINE_PL420,PPP_2021,_Z,_Z,_Z,2021,570000.0000000001,,,,,,,,,POV_NUM.POVLINE_PL420.PPP_2021,PERSON,10000,A,SEN_EHCVM2021_LEGACY_v1,
dataflow,WB.AFW360:AFW360_HH(0.3.0),R,A,SEN,SN07,SURVEY,SHK_ANY,_Z,_Z,_T,_T,_T,_T,_T,_T,_Z,_Z,_Z,_Z,_Z,2021,0.78,,,,,,,,,SHK_ANY,SHARE,0.01,A,SEN_EHCVM2021_LEGACY_v1,
dataflow,WB.AFW360:AFW360_HH(0.3.0),R,A,SEN,SN07,SURVEY,SHK_COV_CONFLICT,_Z,_Z,_T,_T,_T,_T,_T,_T,_Z,_Z,_Z,_Z,_Z,2021,0.03,,,,,,,,,SHK_COV_CONFLICT,SHARE,0.01,A,SEN_EHCVM2021_LEGACY_v1,
dataflow,WB.AFW360:AFW360_HH(0.3.0),R,A,SEN,SN07,SURVEY,SHK_COV_ECON,_Z,_Z,_T,_T,_T,_T,_T,_T,_Z,_Z,_Z,_Z,_Z,2021,0.33,,,,,,,,,SHK_COV_ECON,SHARE,0.01,A,SEN_EHCVM2021_LEGACY_v1,
dataflow,WB.AFW360:AFW360_HH(0.3.0),R,A,SEN,SN07,SURVEY,SHK_COV_NATURAL,_Z,_Z,_T,_T,_T,_T,_T,_T,_Z,_Z,_Z,_Z,_Z,2021,0.37,,,,,,,,,SHK_COV_NATURAL,SHARE,0.01,A,SEN_EHCVM2021_LEGACY_v1,
dataflow,WB.AFW360:AFW360_HH(0.3.0),R,A,SEN,SN07,SURVEY,SHK_IDIO_ECON,_Z,_Z,_T,_T,_T,_T,_T,_T,_Z,_Z,_Z,_Z,_Z,2021,0.16,,,,,,,,,SHK_IDIO_ECON,SHARE,0.01,A,SEN_EHCVM2021_LEGACY_v1,
dataflow,WB.AFW360:AFW360_HH(0.3.0),R,A,SEN,SN07,SURVEY,SP_HEALTH_COV,_T,_T,_T,_T,_T,_T,_T,_T,_Z,_Z,_Z,_Z,_Z,2021,0.01,,,,,,,,,SP_HEALTH_COV,SHARE,0.01,A,SEN_EHCVM2021_LEGACY_v1,
dataflow,WB.AFW360:AFW360_HH(0.3.0),R,A,SEN,SN07,SURVEY,SP_HEALTH_COV_HH,_Z,_Z,_T,_T,_T,_T,_T,_T,_Z,_Z,_Z,_Z,_Z,2021,0.03,,,,,,,,,SP_HEALTH_COV_HH,SHARE,0.01,A,SEN_EHCVM2021_LEGACY_v1,
dataflow,WB.AFW360:AFW360_HH(0.3.0),R,A,SEN,SN08,SURVEY,AGR_CULTIVATES,_Z,_Z,_T,_T,_T,_T,_T,_T,_Z,_Z,_Z,_Z,_Z,2021,0.56,,,,,,,,,AGR_CULTIVATES,SHARE,0.01,A,SEN_EHCVM2021_LEGACY_v1,
dataflow,WB.AFW360:AFW360_HH(0.3.0),R,A,SEN,SN08,SURVEY,AGR_CULT_AREA,_Z,_Z,_T,_T,_T,_T,_T,_T,_Z,_Z,_Z,_Z,_Z,2021,5.95,,,,,,,,,AGR_CULT_AREA,HA,0.01,A,SEN_EHCVM2021_LEGACY_v1,
dataflow,WB.AFW360:AFW360_HH(0.3.0),R,A,SEN,SN08,SURVEY,AGR_LIVESTOCK_ANY,_Z,_Z,_T,_T,_T,_T,_T,_T,_Z,_Z,_Z,_Z,_Z,2021,0.8,,,,,,,,,AGR_LIVESTOCK_ANY,SHARE,0.01,A,SEN_EHCVM2021_LEGACY_v1,
dataflow,WB.AFW360:AFW360_HH(0.3.0),R,A,SEN,SN08,SURVEY,AGR_TLU,_Z,_Z,_T,_T,_T,_T,_T,_T,_Z,_Z,_Z,_Z,_Z,2021,6.76,,,,,,,,,AGR_TLU,TLU,0.01,A,SEN_EHCVM2021_LEGACY_v1,
dataflow,WB.AFW360:AFW360_HH(0.3.0),R,A,SEN,SN08,SURVEY,CONS_SH,_Z,_Z,_T,_T,_T,_T,_T,_T,COICOP_CP01,ACQ_OWNPROD,_Z,_Z,_Z,2021,0.02,,,,,,,,,CONS_SH.COICOP_CP01.ACQ_OWNPROD,SHARE,0.01,A,SEN_EHCVM2021_LEGACY_v1,
dataflow,WB.AFW360:AFW360_HH(0.3.0),R,A,SEN,SN08,SURVEY,CONS_SH,_Z,_Z,_T,_T,_T,_T,_T,_T,COICOP_CP01,ACQ_PURCH,_Z,_Z,_Z,2021,0.48,,,,,,,,,CONS_SH.COICOP_CP01.ACQ_PURCH,SHARE,0.01,A,SEN_EHCVM2021_LEGACY_v1,
dataflow,WB.AFW360:AFW360_HH(0.3.0),R,A,SEN,SN08,SURVEY,CONS_SH,_Z,_Z,_T,_T,_T,_T,_T,_T,COICOP_CP01,_Z,_Z,_Z,_Z,2021,0.52,,,,,,,,,CONS_SH.COICOP_CP01,SHARE,0.01,A,SEN_EHCVM2021_LEGACY_v1,
dataflow,WB.AFW360:AFW360_HH(0.3.0),R,A,SEN,SN08,SURVEY,CONS_SH,_Z,_Z,_T,_T,_T,_T,_T,_T,COICOP_CP02,_Z,_Z,_Z,_Z,2021,0,,,,,,,,,CONS_SH.COICOP_CP02,SHARE,0.01,A,SEN_EHCVM2021_LEGACY_v1,
dataflow,WB.AFW360:AFW360_HH(0.3.0),R,A,SEN,SN08,SURVEY,CONS_SH,_Z,_Z,_T,_T,_T,_T,_T,_T,COICOP_CP03,_Z,_Z,_Z,_Z,2021,0.05,,,,,,,,,CONS_SH.COICOP_CP03,SHARE,0.01,A,SEN_EHCVM2021_LEGACY_v1,
dataflow,WB.AFW360:AFW360_HH(0.3.0),R,A,SEN,SN08,SURVEY,CONS_SH,_Z,_Z,_T,_T,_T,_T,_T,_T,COICOP_CP04,_Z,_Z,_Z,_Z,2021,0.17,,,,,,,,,CONS_SH.COICOP_CP04,SHARE,0.01,A,SEN_EHCVM2021_LEGACY_v1,
dataflow,WB.AFW360:AFW360_HH(0.3.0),R,A,SEN,SN08,SURVEY,CONS_SH,_Z,_Z,_T,_T,_T,_T,_T,_T,COICOP_CP05,_Z,_Z,_Z,_Z,2021,0.05,,,,,,,,,CONS_SH.COICOP_CP05,SHARE,0.01,A,SEN_EHCVM2021_LEGACY_v1,
dataflow,WB.AFW360:AFW360_HH(0.3.0),R,A,SEN,SN08,SURVEY,CONS_SH,_Z,_Z,_T,_T,_T,_T,_T,_T,COICOP_CP06,_Z,_Z,_Z,_Z,2021,0.04,,,,,,,,,CONS_SH.COICOP_CP06,SHARE,0.01,A,SEN_EHCVM2021_LEGACY_v1,
dataflow,WB.AFW360:AFW360_HH(0.3.0),R,A,SEN,SN08,SURVEY,CONS_SH,_Z,_Z,_T,_T,_T,_T,_T,_T,COICOP_CP07,_Z,_Z,_Z,_Z,2021,0.02,,,,,,,,,CONS_SH.COICOP_CP07,SHARE,0.01,A,SEN_EHCVM2021_LEGACY_v1,
dataflow,WB.AFW360:AFW360_HH(0.3.0),R,A,SEN,SN08,SURVEY,CONS_SH,_Z,_Z,_T,_T,_T,_T,_T,_T,COICOP_CP08,_Z,_Z,_Z,_Z,2021,0.05,,,,,,,,,CONS_SH.COICOP_CP08,SHARE,0.01,A,SEN_EHCVM2021_LEGACY_v1,
dataflow,WB.AFW360:AFW360_HH(0.3.0),R,A,SEN,SN08,SURVEY,CONS_SH,_Z,_Z,_T,_T,_T,_T,_T,_T,COICOP_CP09,_Z,_Z,_Z,_Z,2021,0,,,,,,,,,CONS_SH.COICOP_CP09,SHARE,0.01,A,SEN_EHCVM2021_LEGACY_v1,
dataflow,WB.AFW360:AFW360_HH(0.3.0),R,A,SEN,SN08,SURVEY,CONS_SH,_Z,_Z,_T,_T,_T,_T,_T,_T,COICOP_CP10,_Z,_Z,_Z,_Z,2021,0.01,,,,,,,,,CONS_SH.COICOP_CP10,SHARE,0.01,A,SEN_EHCVM2021_LEGACY_v1,
dataflow,WB.AFW360:AFW360_HH(0.3.0),R,A,SEN,SN08,SURVEY,CONS_SH,_Z,_Z,_T,_T,_T,_T,_T,_T,COICOP_CP11,_Z,_Z,_Z,_Z,2021,0.05,,,,,,,,,CONS_SH.COICOP_CP11,SHARE,0.01,A,SEN_EHCVM2021_LEGACY_v1,
dataflow,WB.AFW360:AFW360_HH(0.3.0),R,A,SEN,SN08,SURVEY,CONS_SH,_Z,_Z,_T,_T,_T,_T,_T,_T,COICOP_CP12,_Z,_Z,_Z,_Z,2021,0,,,,,,,,,CONS_SH.COICOP_CP12,SHARE,0.01,A,SEN_EHCVM2021_LEGACY_v1,
dataflow,WB.AFW360:AFW360_HH(0.3.0),R,A,SEN,SN08,SURVEY,CONS_SH,_Z,_Z,_T,_T,_T,_T,_T,_T,COICOP_CP13,_Z,_Z,_Z,_Z,2021,0.02,,,,,,,,,CONS_SH.COICOP_CP13,SHARE,0.01,A,SEN_EHCVM2021_LEGACY_v1,
dataflow,WB.AFW360:AFW360_HH(0.3.0),R,A,SEN,SN08,SURVEY,EN_ASSET_AC,_Z,_Z,_T,_T,_T,_T,_T,_T,_Z,_Z,_Z,_Z,_Z,2021,0.01,,,,,,,,,EN_ASSET_AC,SHARE,0.01,A,SEN_EHCVM2021_LEGACY_v1,
dataflow,WB.AFW360:AFW360_HH(0.3.0),R,A,SEN,SN08,SURVEY,EN_ASSET_COOKER,_Z,_Z,_T,_T,_T,_T,_T,_T,_Z,_Z,_Z,_Z,_Z,2021,0.01,,,,,,,,,EN_ASSET_COOKER,SHARE,0.01,A,SEN_EHCVM2021_LEGACY_v1,
dataflow,WB.AFW360:AFW360_HH(0.3.0),R,A,SEN,SN08,SURVEY,EN_ASSET_FAN,_Z,_Z,_T,_T,_T,_T,_T,_T,_Z,_Z,_Z,_Z,_Z,2021,0,,,,,,,,,EN_ASSET_FAN,SHARE,0.01,A,SEN_EHCVM2021_LEGACY_v1,
dataflow,WB.AFW360:AFW360_HH(0.3.0),R,A,SEN,SN08,SURVEY,EN_ASSET_WATER_HEATER,_Z,_Z,_T,_T,_T,_T,_T,_T,_Z,_Z,_Z,_Z,_Z,2021,0.07,,,,,,,,,EN_ASSET_WATER_HEATER,SHARE,0.01,A,SEN_EHCVM2021_LEGACY_v1,
dataflow,WB.AFW360:AFW360_HH(0.3.0),R,A,SEN,SN08,SURVEY,EN_COOK_BIOMASS,_Z,_Z,_T,_T,_T,_T,_T,_T,_Z,_Z,_Z,_Z,_Z,2021,0.39,,,,,,,,,EN_COOK_BIOMASS,SHARE,0.01,A,SEN_EHCVM2021_LEGACY_v1,
dataflow,WB.AFW360:AFW360_HH(0.3.0),R,A,SEN,SN08,SURVEY,EN_COOK_CLEAN,_Z,_Z,_T,_T,_T,_T,_T,_T,_Z,_Z,_Z,_Z,_Z,2021,0.61,,,,,,,,,EN_COOK_CLEAN,SHARE,0.01,A,SEN_EHCVM2021_LEGACY_v1,LEGACY_SUSPECT: Implausible pattern: higher in Rural and Q1 than in Capital and Q4.
dataflow,WB.AFW360:AFW360_HH(0.3.0),R,A,SEN,SN08,SURVEY,EN_ELEC_ACCESS,_Z,_Z,_T,_T,_T,_T,_T,_T,_Z,_Z,_Z,_Z,_Z,2021,0.51,,,,,,,,,EN_ELEC_ACCESS,SHARE,0.01,A,SEN_EHCVM2021_LEGACY_v1,
dataflow,WB.AFW360:AFW360_HH(0.3.0),R,A,SEN,SN08,SURVEY,EN_ELEC_INFORMAL,_Z,_Z,_T,_T,_T,_T,_T,_T,_Z,_Z,_Z,_Z,_Z,2021,0.02,,,,,,,,,EN_ELEC_INFORMAL,SHARE,0.01,A,SEN_EHCVM2021_LEGACY_v1,
dataflow,WB.AFW360:AFW360_HH(0.3.0),R,A,SEN,SN08,SURVEY,EN_ELEC_SPEND,_Z,_Z,_T,_T,_T,_T,_T,_T,_Z,_Z,_Z,_Z,_Z,2021,17632.65,,,,,,,,,EN_ELEC_SPEND,XOF,0.01,A,SEN_EHCVM2021_LEGACY_v1,
dataflow,WB.AFW360:AFW360_HH(0.3.0),R,A,SEN,SN08,SURVEY,EN_GRID_CONN,_Z,_Z,_T,_T,_T,_T,_T,_T,_Z,_Z,_Z,_Z,_Z,2021,0.98,,,,,,,,,EN_GRID_CONN,SHARE,0.01,A,SEN_EHCVM2021_LEGACY_v1,"LEGACY_SUSPECT: Implausible: 0.96-1.00 in every cell, including Q1 and Rural."
dataflow,WB.AFW360:AFW360_HH(0.3.0),R,A,SEN,SN08,SURVEY,EN_GRID_USE,_Z,_Z,_T,_T,_T,_T,_T,_T,_Z,_Z,_Z,_Z,_Z,2021,0.51,,,,,,,,,EN_GRID_USE,SHARE,0.01,A,SEN_EHCVM2021_LEGACY_v1,
dataflow,WB.AFW360:AFW360_HH(0.3.0),R,A,SEN,SN08,SURVEY,EN_LIGHT_IMPROVED,_Z,_Z,_T,_T,_T,_T,_T,_T,_Z,_Z,_Z,_Z,_Z,2021,0.93,,,,,,,,,EN_LIGHT_IMPROVED,SHARE,0.01,A,SEN_EHCVM2021_LEGACY_v1,
dataflow,WB.AFW360:AFW360_HH(0.3.0),R,A,SEN,SN08,SURVEY,EN_OFFGRID_USE,_Z,_Z,_T,_T,_T,_T,_T,_T,_Z,_Z,_Z,_Z,_Z,2021,0.19,,,,,,,,,EN_OFFGRID_USE,SHARE,0.01,A,SEN_EHCVM2021_LEGACY_v1,
dataflow,WB.AFW360:AFW360_HH(0.3.0),R,A,SEN,SN08,SURVEY,EN_OUTAGE_ANY,_Z,_Z,_T,_T,_T,_T,_T,_T,_Z,_Z,_Z,_Z,_Z,2021,0.59,,,,,,,,,EN_OUTAGE_ANY,SHARE,0.01,A,SEN_EHCVM2021_LEGACY_v1,
dataflow,WB.AFW360:AFW360_HH(0.3.0),R,A,SEN,SN08,SURVEY,EN_OUTAGE_DAYS,_Z,_Z,_T,_T,_T,_T,_T,_T,_Z,_Z,_Z,_Z,_Z,2021,2.71,,,,,,,,,EN_OUTAGE_DAYS,DAY,0.01,A,SEN_EHCVM2021_LEGACY_v1,
dataflow,WB.AFW360:AFW360_HH(0.3.0),R,A,SEN,SN08,SURVEY,EN_OUTAGE_DUR_CODE,_Z,_Z,_T,_T,_T,_T,_T,_T,_Z,_Z,_Z,_Z,_Z,2021,1.36,,,,,,,,,EN_OUTAGE_DUR_CODE,INDEX,0.01,A,SEN_EHCVM2021_LEGACY_v1,
dataflow,WB.AFW360:AFW360_HH(0.3.0),R,A,SEN,SN08,SURVEY,EN_PREPAID_METER,_Z,_Z,_T,_T,_T,_T,_T,_T,_Z,_Z,_Z,_Z,_Z,2021,0.5,,,,,,,,,EN_PREPAID_METER,SHARE,0.01,A,SEN_EHCVM2021_LEGACY_v1,
dataflow,WB.AFW360:AFW360_HH(0.3.0),R,A,SEN,SN08,SURVEY,HE_ACCOUNTS,_Z,_Z,_T,_T,_T,_T,_T,_T,_Z,_Z,_Z,_Z,_Z,2021,0,,,,,,,,,HE_ACCOUNTS,SHARE,0.01,A,SEN_EHCVM2021_LEGACY_v1,
dataflow,WB.AFW360:AFW360_HH(0.3.0),R,A,SEN,SN08,SURVEY,HE_AGE,_Z,_Z,_T,_T,_T,_T,_T,_T,_Z,_Z,_Z,_Z,_Z,2021,9.99,,,,,,,,,HE_AGE,YEAR,0.01,A,SEN_EHCVM2021_LEGACY_v1,
dataflow,WB.AFW360:AFW360_HH(0.3.0),R,A,SEN,SN08,SURVEY,HE_BUY_FIRMS,_Z,_Z,_T,_T,_T,_T,_T,_T,_Z,_Z,_Z,_Z,_Z,2021,0.09,,,,,,,,,HE_BUY_FIRMS,SHARE,0.01,A,SEN_EHCVM2021_LEGACY_v1,
dataflow,WB.AFW360:AFW360_HH(0.3.0),R,A,SEN,SN08,SURVEY,HE_CAPITAL,_Z,_Z,_T,_T,_T,_T,_T,_T,_Z,_Z,_Z,_Z,_Z,2021,341238.67,,,,,,,,,HE_CAPITAL,XOF,0.01,A,SEN_EHCVM2021_LEGACY_v1,
dataflow,WB.AFW360:AFW360_HH(0.3.0),R,A,SEN,SN08,SURVEY,HE_COSTS,_Z,_Z,_T,_T,_T,_T,_T,_T,_Z,_Z,_Z,_Z,_Z,2021,136306.6,,,,,,,,,HE_COSTS,XOF,0.01,A,SEN_EHCVM2021_LEGACY_v1,
dataflow,WB.AFW360:AFW360_HH(0.3.0),R,A,SEN,SN08,SURVEY,HE_CREDIT_ANY,_Z,_Z,_T,_T,_T,_T,_T,_T,_Z,_Z,_Z,_Z,_Z,2021,0.59,,,,,,,,,HE_CREDIT_ANY,SHARE,0.01,A,SEN_EHCVM2021_LEGACY_v1,
dataflow,WB.AFW360:AFW360_HH(0.3.0),R,A,SEN,SN08,SURVEY,HE_CREDIT_FORMAL,_Z,_Z,_T,_T,_T,_T,_T,_T,_Z,_Z,_Z,_Z,_Z,2021,0.19,,,,,,,,,HE_CREDIT_FORMAL,SHARE,0.01,A,SEN_EHCVM2021_LEGACY_v1,
dataflow,WB.AFW360:AFW360_HH(0.3.0),R,A,SEN,SN08,SURVEY,HE_CREDIT_INFORMAL,_Z,_Z,_T,_T,_T,_T,_T,_T,_Z,_Z,_Z,_Z,_Z,2021,0.4,,,,,,,,,HE_CREDIT_INFORMAL,SHARE,0.01,A,SEN_EHCVM2021_LEGACY_v1,
dataflow,WB.AFW360:AFW360_HH(0.3.0),R,A,SEN,SN08,SURVEY,HE_ELEC,_Z,_Z,_T,_T,_T,_T,_T,_T,_Z,_Z,_Z,_Z,_Z,2021,1,,,,,,,,,HE_ELEC,SHARE,0.01,A,SEN_EHCVM2021_LEGACY_v1,
dataflow,WB.AFW360:AFW360_HH(0.3.0),R,A,SEN,SN08,SURVEY,HE_EMP_EXT_ANY,_Z,_Z,_T,_T,_T,_T,_T,_T,_Z,_Z,_Z,_Z,_Z,2021,0.91,,,,,,,,,HE_EMP_EXT_ANY,SHARE,0.01,A,SEN_EHCVM2021_LEGACY_v1,LEGACY_SUSPECT: Implausible: share 0.96 while mean non-HH employees is 0.54.
dataflow,WB.AFW360:AFW360_HH(0.3.0),R,A,SEN,SN08,SURVEY,HE_EMP_HH_NUM,_Z,_Z,_T,_T,_T,_T,_T,_T,_Z,_Z,_Z,_Z,_Z,2021,0.19,,,,,,,,,HE_EMP_HH_NUM,PERSON,0.01,A,SEN_EHCVM2021_LEGACY_v1,
dataflow,WB.AFW360:AFW360_HH(0.3.0),R,A,SEN,SN08,SURVEY,HE_EMP_NONHH_NUM,_Z,_Z,_T,_T,_T,_T,_T,_T,_Z,_Z,_Z,_Z,_Z,2021,0.19,,,,,,,,,HE_EMP_NONHH_NUM,PERSON,0.01,A,SEN_EHCVM2021_LEGACY_v1,
dataflow,WB.AFW360:AFW360_HH(0.3.0),R,A,SEN,SN08,SURVEY,HE_EMP_NUM,_Z,_Z,_T,_T,_T,_T,_T,_T,_Z,_Z,_Z,_Z,_Z,2021,0.77,,,,,,,,,HE_EMP_NUM,PERSON,0.01,A,SEN_EHCVM2021_LEGACY_v1,
dataflow,WB.AFW360:AFW360_HH(0.3.0),R,A,SEN,SN08,SURVEY,HE_HH_OWNER,_Z,_Z,_T,_T,_T,_T,_T,_T,_Z,_Z,_Z,_Z,_Z,2021,0.63,,,,,,,,,HE_HH_OWNER,SHARE,0.01,A,SEN_EHCVM2021_LEGACY_v1,
dataflow,WB.AFW360:AFW360_HH(0.3.0),R,A,SEN,SN08,SURVEY,HE_HOME_BASED,_Z,_Z,_T,_T,_T,_T,_T,_T,_Z,_Z,_Z,_Z,_Z,2021,0.39,,,,,,,,,HE_HOME_BASED,SHARE,0.01,A,SEN_EHCVM2021_LEGACY_v1,
dataflow,WB.AFW360:AFW360_HH(0.3.0),R,A,SEN,SN08,SURVEY,HE_PHONE,_Z,_Z,_T,_T,_T,_T,_T,_T,_Z,_Z,_Z,_Z,_Z,2021,1,,,,,,,,,HE_PHONE,SHARE,0.01,A,SEN_EHCVM2021_LEGACY_v1,
dataflow,WB.AFW360:AFW360_HH(0.3.0),R,A,SEN,SN08,SURVEY,HE_PREMISES_FORMAL,_Z,_Z,_T,_T,_T,_T,_T,_T,_Z,_Z,_Z,_Z,_Z,2021,0.17,,,,,,,,,HE_PREMISES_FORMAL,SHARE,0.01,A,SEN_EHCVM2021_LEGACY_v1,
dataflow,WB.AFW360:AFW360_HH(0.3.0),R,A,SEN,SN08,SURVEY,HE_PROFIT,_Z,_Z,_T,_T,_T,_T,_T,_T,_Z,_Z,_Z,_Z,_Z,2021,18643.42,,,,,,,,,HE_PROFIT,XOF,0.01,A,SEN_EHCVM2021_LEGACY_v1,
dataflow,WB.AFW360:AFW360_HH(0.3.0),R,A,SEN,SN08,SURVEY,HE_RENT,_Z,_Z,_T,_T,_T,_T,_T,_T,_Z,_Z,_Z,_Z,_Z,2021,1,,,,,,,,,HE_RENT,SHARE,0.01,A,SEN_EHCVM2021_LEGACY_v1,
dataflow,WB.AFW360:AFW360_HH(0.3.0),R,A,SEN,SN08,SURVEY,HE_REV_PER_WORKER,_Z,_Z,_T,_T,_T,_T,_T,_T,_Z,_Z,_Z,_Z,_Z,2021,1395511.96,,,,,,,,,HE_REV_PER_WORKER,XOF,0.01,A,SEN_EHCVM2021_LEGACY_v1,
dataflow,WB.AFW360:AFW360_HH(0.3.0),R,A,SEN,SN08,SURVEY,HE_SELL_FIRMS,_Z,_Z,_T,_T,_T,_T,_T,_T,_Z,_Z,_Z,_Z,_Z,2021,0.21,,,,,,,,,HE_SELL_FIRMS,SHARE,0.01,A,SEN_EHCVM2021_LEGACY_v1,
dataflow,WB.AFW360:AFW360_HH(0.3.0),R,A,SEN,SN08,SURVEY,HE_TAX_ID,_Z,_Z,_T,_T,_T,_T,_T,_T,_Z,_Z,_Z,_Z,_Z,2021,0.02,,,,,,,,,HE_TAX_ID,SHARE,0.01,A,SEN_EHCVM2021_LEGACY_v1,
dataflow,WB.AFW360:AFW360_HH(0.3.0),R,A,SEN,SN08,SURVEY,HE_WATER,_Z,_Z,_T,_T,_T,_T,_T,_T,_Z,_Z,_Z,_Z,_Z,2021,0.33,,,,,,,,,HE_WATER,SHARE,0.01,A,SEN_EHCVM2021_LEGACY_v1,
dataflow,WB.AFW360:AFW360_HH(0.3.0),R,A,SEN,SN08,SURVEY,HOUS_FLOOR_DURABLE,_Z,_Z,_T,_T,_T,_T,_T,_T,_Z,_Z,_Z,_Z,_Z,2021,0.76,,,,,,,,,HOUS_FLOOR_DURABLE,SHARE,0.01,A,SEN_EHCVM2021_LEGACY_v1,
dataflow,WB.AFW360:AFW360_HH(0.3.0),R,A,SEN,SN08,SURVEY,HOUS_ROOF_DURABLE,_Z,_Z,_T,_T,_T,_T,_T,_T,_Z,_Z,_Z,_Z,_Z,2021,0.82,,,,,,,,,HOUS_ROOF_DURABLE,SHARE,0.01,A,SEN_EHCVM2021_LEGACY_v1,
dataflow,WB.AFW360:AFW360_HH(0.3.0),R,A,SEN,SN08,SURVEY,HOUS_SANIT_IMPROVED,_Z,_Z,_T,_T,_T,_T,_T,_T,_Z,_Z,_Z,_Z,_Z,2021,0.6,,,,,,,,,HOUS_SANIT_IMPROVED,SHARE,0.01,A,SEN_EHCVM2021_LEGACY_v1,
dataflow,WB.AFW360:AFW360_HH(0.3.0),R,A,SEN,SN08,SURVEY,HOUS_WALL_DURABLE,_Z,_Z,_T,_T,_T,_T,_T,_T,_Z,_Z,_Z,_Z,_Z,2021,0.79,,,,,,,,,HOUS_WALL_DURABLE,SHARE,0.01,A,SEN_EHCVM2021_LEGACY_v1,
dataflow,WB.AFW360:AFW360_HH(0.3.0),R,A,SEN,SN08,SURVEY,HOUS_WATER_SAFE_DRY,_Z,_Z,_T,_T,_T,_T,_T,_T,_Z,_Z,_Z,_Z,_Z,2021,0.95,,,,,,,,,HOUS_WATER_SAFE_DRY,SHARE,0.01,A,SEN_EHCVM2021_LEGACY_v1,
dataflow,WB.AFW360:AFW360_HH(0.3.0),R,A,SEN,SN08,SURVEY,POP_HE_SH,_Z,_Z,_T,HEO_MSTAT_MARRIED,_T,_T,_T,_T,_Z,_Z,_Z,_Z,_Z,2021,0.46,,,,,,,,,POP_HE_SH.HEO_MSTAT_MARRIED,SHARE,0.01,A,SEN_EHCVM2021_LEGACY_v1,
dataflow,WB.AFW360:AFW360_HH(0.3.0),R,A,SEN,SN08,SURVEY,POP_HE_SH,_Z,_Z,_T,HEO_SEX_F,_T,_T,_T,_T,_Z,_Z,_Z,_Z,_Z,2021,0.65,,,,,,,,,POP_HE_SH.HEO_SEX_F,SHARE,0.01,A,SEN_EHCVM2021_LEGACY_v1,
dataflow,WB.AFW360:AFW360_HH(0.3.0),R,A,SEN,SN08,SURVEY,POP_HH_SH,_Z,_Z,_T,HE_COUNT_0,_T,_T,_T,_T,_Z,_Z,_Z,_Z,_Z,2021,0.27,,,,,,,,,POP_HH_SH.HE_COUNT_0,SHARE,0.01,A,SEN_EHCVM2021_LEGACY_v1,
dataflow,WB.AFW360:AFW360_HH(0.3.0),R,A,SEN,SN08,SURVEY,POP_HH_SH,_Z,_Z,_T,HE_COUNT_1,_T,_T,_T,_T,_Z,_Z,_Z,_Z,_Z,2021,0.68,,,,,,,,,POP_HH_SH.HE_COUNT_1,SHARE,0.01,A,SEN_EHCVM2021_LEGACY_v1,
dataflow,WB.AFW360:AFW360_HH(0.3.0),R,A,SEN,SN08,SURVEY,POP_HH_SH,_Z,_Z,_T,HE_COUNT_2,_T,_T,_T,_T,_Z,_Z,_Z,_Z,_Z,2021,0.03,,,,,,,,,POP_HH_SH.HE_COUNT_2,SHARE,0.01,A,SEN_EHCVM2021_LEGACY_v1,
dataflow,WB.AFW360:AFW360_HH(0.3.0),R,A,SEN,SN08,SURVEY,POP_HH_SH,_Z,_Z,_T,HE_COUNT_3,_T,_T,_T,_T,_Z,_Z,_Z,_Z,_Z,2021,0.02,,,,,,,,,POP_HH_SH.HE_COUNT_3,SHARE,0.01,A,SEN_EHCVM2021_LEGACY_v1,
dataflow,WB.AFW360:AFW360_HH(0.3.0),R,A,SEN,SN08,SURVEY,POP_HH_SH,_Z,_Z,_T,HE_COUNT_4P,_T,_T,_T,_T,_Z,_Z,_Z,_Z,_Z,2021,0,,,,,,,,,POP_HH_SH.HE_COUNT_4P,SHARE,0.01,A,SEN_EHCVM2021_LEGACY_v1,
dataflow,WB.AFW360:AFW360_HH(0.3.0),R,A,SEN,SN08,SURVEY,POP_SH,_T,_T,_T,EMP_FORMAL_N,_T,_T,_T,_T,_Z,_Z,_Z,_Z,_Z,2021,0.8,,,,,,,,,POP_SH.EMP_FORMAL_N,SHARE,0.01,A,SEN_EHCVM2021_LEGACY_v1,
dataflow,WB.AFW360:AFW360_HH(0.3.0),R,A,SEN,SN08,SURVEY,POP_SH,_T,_T,_T,EMP_ISIC_G,_T,_T,_T,_T,_Z,_Z,_Z,_Z,_Z,2021,0.19,,,,,,,,,POP_SH.EMP_ISIC_G,SHARE,0.01,A,SEN_EHCVM2021_LEGACY_v1,
dataflow,WB.AFW360:AFW360_HH(0.3.0),R,A,SEN,SN08,SURVEY,POP_SH,_T,_T,_T,EMP_ISIC_H,_T,_T,_T,_T,_Z,_Z,_Z,_Z,_Z,2021,0.06,,,,,,,,,POP_SH.EMP_ISIC_H,SHARE,0.01,A,SEN_EHCVM2021_LEGACY_v1,
dataflow,WB.AFW360:AFW360_HH(0.3.0),R,A,SEN,SN08,SURVEY,POP_SH,_T,_T,_T,EMP_SECTOR_AGR,_T,_T,_T,_T,_Z,_Z,_Z,_Z,_Z,2021,0.39,,,,,,,,,POP_SH.EMP_SECTOR_AGR,SHARE,0.01,A,SEN_EHCVM2021_LEGACY_v1,
dataflow,WB.AFW360:AFW360_HH(0.3.0),R,A,SEN,SN08,SURVEY,POP_SH,_T,_T,_T,EMP_SECTOR_IND,_T,_T,_T,_T,_Z,_Z,_Z,_Z,_Z,2021,0.23,,,,,,,,,POP_SH.EMP_SECTOR_IND,SHARE,0.01,A,SEN_EHCVM2021_LEGACY_v1,
dataflow,WB.AFW360:AFW360_HH(0.3.0),R,A,SEN,SN08,SURVEY,POP_SH,_T,_T,_T,EMP_SECTOR_SER,_T,_T,_T,_T,_Z,_Z,_Z,_Z,_Z,2021,0.38,,,,,,,,,POP_SH.EMP_SECTOR_SER,SHARE,0.01,A,SEN_EHCVM2021_LEGACY_v1,
dataflow,WB.AFW360:AFW360_HH(0.3.0),R,A,SEN,SN08,SURVEY,POP_SH,_T,_T,_T,EMP_STATUS_EMPLOYED,_T,_T,_T,_T,_Z,_Z,_Z,_Z,_Z,2021,0.54,,,,,,,,,POP_SH.EMP_STATUS_EMPLOYED,SHARE,0.01,A,SEN_EHCVM2021_LEGACY_v1,
dataflow,WB.AFW360:AFW360_HH(0.3.0),R,A,SEN,SN08,SURVEY,POP_SH,_T,_T,_T,EMP_TYPE_NONWAGE,_T,_T,_T,_T,_Z,_Z,_Z,_Z,_Z,2021,0.79,,,,,,,,,POP_SH.EMP_TYPE_NONWAGE,SHARE,0.01,A,SEN_EHCVM2021_LEGACY_v1,
dataflow,WB.AFW360:AFW360_HH(0.3.0),R,A,SEN,SN08,SURVEY,POP_SH,_T,_T,_T,EMP_TYPE_WAGE,_T,_T,_T,_T,_Z,_Z,_Z,_Z,_Z,2021,0.21,,,,,,,,,POP_SH.EMP_TYPE_WAGE,SHARE,0.01,A,SEN_EHCVM2021_LEGACY_v1,
dataflow,WB.AFW360:AFW360_HH(0.3.0),R,A,SEN,SN08,SURVEY,POV_HC,_T,_T,_T,_T,_T,_T,_T,_T,POVLINE_PL300,PPP_2021,_Z,_Z,_Z,2021,0.18,,,,,,,,,POV_HC.POVLINE_PL300.PPP_2021,SHARE,0.01,A,SEN_EHCVM2021_LEGACY_v1,
dataflow,WB.AFW360:AFW360_HH(0.3.0),R,A,SEN,SN08,SURVEY,POV_HC,_T,_T,_T,_T,_T,_T,_T,_T,POVLINE_PL420,PPP_2021,_Z,_Z,_Z,2021,0.45,,,,,,,,,POV_HC.POVLINE_PL420.PPP_2021,SHARE,0.01,A,SEN_EHCVM2021_LEGACY_v1,
dataflow,WB.AFW360:AFW360_HH(0.3.0),R,A,SEN,SN08,SURVEY,POV_NUM,_T,_T,_T,_T,_T,_T,_T,_T,POVLINE_PL300,PPP_2021,_Z,_Z,_Z,2021,200000,,,,,,,,,POV_NUM.POVLINE_PL300.PPP_2021,PERSON,10000,A,SEN_EHCVM2021_LEGACY_v1,
dataflow,WB.AFW360:AFW360_HH(0.3.0),R,A,SEN,SN08,SURVEY,POV_NUM,_T,_T,_T,_T,_T,_T,_T,_T,POVLINE_PL420,PPP_2021,_Z,_Z,_Z,2021,490000,,,,,,,,,POV_NUM.POVLINE_PL420.PPP_2021,PERSON,10000,A,SEN_EHCVM2021_LEGACY_v1,
dataflow,WB.AFW360:AFW360_HH(0.3.0),R,A,SEN,SN08,SURVEY,SHK_ANY,_Z,_Z,_T,_T,_T,_T,_T,_T,_Z,_Z,_Z,_Z,_Z,2021,0.61,,,,,,,,,SHK_ANY,SHARE,0.01,A,SEN_EHCVM2021_LEGACY_v1,
dataflow,WB.AFW360:AFW360_HH(0.3.0),R,A,SEN,SN08,SURVEY,SHK_COV_CONFLICT,_Z,_Z,_T,_T,_T,_T,_T,_T,_Z,_Z,_Z,_Z,_Z,2021,0.01,,,,,,,,,SHK_COV_CONFLICT,SHARE,0.01,A,SEN_EHCVM2021_LEGACY_v1,
dataflow,WB.AFW360:AFW360_HH(0.3.0),R,A,SEN,SN08,SURVEY,SHK_COV_ECON,_Z,_Z,_T,_T,_T,_T,_T,_T,_Z,_Z,_Z,_Z,_Z,2021,0.4,,,,,,,,,SHK_COV_ECON,SHARE,0.01,A,SEN_EHCVM2021_LEGACY_v1,
dataflow,WB.AFW360:AFW360_HH(0.3.0),R,A,SEN,SN08,SURVEY,SHK_COV_NATURAL,_Z,_Z,_T,_T,_T,_T,_T,_T,_Z,_Z,_Z,_Z,_Z,2021,0.26,,,,,,,,,SHK_COV_NATURAL,SHARE,0.01,A,SEN_EHCVM2021_LEGACY_v1,
dataflow,WB.AFW360:AFW360_HH(0.3.0),R,A,SEN,SN08,SURVEY,SHK_IDIO_ECON,_Z,_Z,_T,_T,_T,_T,_T,_T,_Z,_Z,_Z,_Z,_Z,2021,0.14,,,,,,,,,SHK_IDIO_ECON,SHARE,0.01,A,SEN_EHCVM2021_LEGACY_v1,
dataflow,WB.AFW360:AFW360_HH(0.3.0),R,A,SEN,SN08,SURVEY,SP_HEALTH_COV,_T,_T,_T,_T,_T,_T,_T,_T,_Z,_Z,_Z,_Z,_Z,2021,0.01,,,,,,,,,SP_HEALTH_COV,SHARE,0.01,A,SEN_EHCVM2021_LEGACY_v1,
dataflow,WB.AFW360:AFW360_HH(0.3.0),R,A,SEN,SN08,SURVEY,SP_HEALTH_COV_HH,_Z,_Z,_T,_T,_T,_T,_T,_T,_Z,_Z,_Z,_Z,_Z,2021,0.03,,,,,,,,,SP_HEALTH_COV_HH,SHARE,0.01,A,SEN_EHCVM2021_LEGACY_v1,
dataflow,WB.AFW360:AFW360_HH(0.3.0),R,A,SEN,SN09,SURVEY,AGR_CULTIVATES,_Z,_Z,_T,_T,_T,_T,_T,_T,_Z,_Z,_Z,_Z,_Z,2021,0.56,,,,,,,,,AGR_CULTIVATES,SHARE,0.01,A,SEN_EHCVM2021_LEGACY_v1,
dataflow,WB.AFW360:AFW360_HH(0.3.0),R,A,SEN,SN09,SURVEY,AGR_CULT_AREA,_Z,_Z,_T,_T,_T,_T,_T,_T,_Z,_Z,_Z,_Z,_Z,2021,1.63,,,,,,,,,AGR_CULT_AREA,HA,0.01,A,SEN_EHCVM2021_LEGACY_v1,
dataflow,WB.AFW360:AFW360_HH(0.3.0),R,A,SEN,SN09,SURVEY,AGR_LIVESTOCK_ANY,_Z,_Z,_T,_T,_T,_T,_T,_T,_Z,_Z,_Z,_Z,_Z,2021,0.88,,,,,,,,,AGR_LIVESTOCK_ANY,SHARE,0.01,A,SEN_EHCVM2021_LEGACY_v1,
dataflow,WB.AFW360:AFW360_HH(0.3.0),R,A,SEN,SN09,SURVEY,AGR_TLU,_Z,_Z,_T,_T,_T,_T,_T,_T,_Z,_Z,_Z,_Z,_Z,2021,5.93,,,,,,,,,AGR_TLU,TLU,0.01,A,SEN_EHCVM2021_LEGACY_v1,
dataflow,WB.AFW360:AFW360_HH(0.3.0),R,A,SEN,SN09,SURVEY,CONS_SH,_Z,_Z,_T,_T,_T,_T,_T,_T,COICOP_CP01,ACQ_OWNPROD,_Z,_Z,_Z,2021,0.03,,,,,,,,,CONS_SH.COICOP_CP01.ACQ_OWNPROD,SHARE,0.01,A,SEN_EHCVM2021_LEGACY_v1,
dataflow,WB.AFW360:AFW360_HH(0.3.0),R,A,SEN,SN09,SURVEY,CONS_SH,_Z,_Z,_T,_T,_T,_T,_T,_T,COICOP_CP01,ACQ_PURCH,_Z,_Z,_Z,2021,0.49,,,,,,,,,CONS_SH.COICOP_CP01.ACQ_PURCH,SHARE,0.01,A,SEN_EHCVM2021_LEGACY_v1,
dataflow,WB.AFW360:AFW360_HH(0.3.0),R,A,SEN,SN09,SURVEY,CONS_SH,_Z,_Z,_T,_T,_T,_T,_T,_T,COICOP_CP01,_Z,_Z,_Z,_Z,2021,0.55,,,,,,,,,CONS_SH.COICOP_CP01,SHARE,0.01,A,SEN_EHCVM2021_LEGACY_v1,
dataflow,WB.AFW360:AFW360_HH(0.3.0),R,A,SEN,SN09,SURVEY,CONS_SH,_Z,_Z,_T,_T,_T,_T,_T,_T,COICOP_CP02,_Z,_Z,_Z,_Z,2021,0,,,,,,,,,CONS_SH.COICOP_CP02,SHARE,0.01,A,SEN_EHCVM2021_LEGACY_v1,
dataflow,WB.AFW360:AFW360_HH(0.3.0),R,A,SEN,SN09,SURVEY,CONS_SH,_Z,_Z,_T,_T,_T,_T,_T,_T,COICOP_CP03,_Z,_Z,_Z,_Z,2021,0.05,,,,,,,,,CONS_SH.COICOP_CP03,SHARE,0.01,A,SEN_EHCVM2021_LEGACY_v1,
dataflow,WB.AFW360:AFW360_HH(0.3.0),R,A,SEN,SN09,SURVEY,CONS_SH,_Z,_Z,_T,_T,_T,_T,_T,_T,COICOP_CP04,_Z,_Z,_Z,_Z,2021,0.15,,,,,,,,,CONS_SH.COICOP_CP04,SHARE,0.01,A,SEN_EHCVM2021_LEGACY_v1,
dataflow,WB.AFW360:AFW360_HH(0.3.0),R,A,SEN,SN09,SURVEY,CONS_SH,_Z,_Z,_T,_T,_T,_T,_T,_T,COICOP_CP05,_Z,_Z,_Z,_Z,2021,0.05,,,,,,,,,CONS_SH.COICOP_CP05,SHARE,0.01,A,SEN_EHCVM2021_LEGACY_v1,
dataflow,WB.AFW360:AFW360_HH(0.3.0),R,A,SEN,SN09,SURVEY,CONS_SH,_Z,_Z,_T,_T,_T,_T,_T,_T,COICOP_CP06,_Z,_Z,_Z,_Z,2021,0.04,,,,,,,,,CONS_SH.COICOP_CP06,SHARE,0.01,A,SEN_EHCVM2021_LEGACY_v1,
dataflow,WB.AFW360:AFW360_HH(0.3.0),R,A,SEN,SN09,SURVEY,CONS_SH,_Z,_Z,_T,_T,_T,_T,_T,_T,COICOP_CP07,_Z,_Z,_Z,_Z,2021,0.02,,,,,,,,,CONS_SH.COICOP_CP07,SHARE,0.01,A,SEN_EHCVM2021_LEGACY_v1,
dataflow,WB.AFW360:AFW360_HH(0.3.0),R,A,SEN,SN09,SURVEY,CONS_SH,_Z,_Z,_T,_T,_T,_T,_T,_T,COICOP_CP08,_Z,_Z,_Z,_Z,2021,0.05,,,,,,,,,CONS_SH.COICOP_CP08,SHARE,0.01,A,SEN_EHCVM2021_LEGACY_v1,
dataflow,WB.AFW360:AFW360_HH(0.3.0),R,A,SEN,SN09,SURVEY,CONS_SH,_Z,_Z,_T,_T,_T,_T,_T,_T,COICOP_CP09,_Z,_Z,_Z,_Z,2021,0,,,,,,,,,CONS_SH.COICOP_CP09,SHARE,0.01,A,SEN_EHCVM2021_LEGACY_v1,
dataflow,WB.AFW360:AFW360_HH(0.3.0),R,A,SEN,SN09,SURVEY,CONS_SH,_Z,_Z,_T,_T,_T,_T,_T,_T,COICOP_CP10,_Z,_Z,_Z,_Z,2021,0.01,,,,,,,,,CONS_SH.COICOP_CP10,SHARE,0.01,A,SEN_EHCVM2021_LEGACY_v1,
dataflow,WB.AFW360:AFW360_HH(0.3.0),R,A,SEN,SN09,SURVEY,CONS_SH,_Z,_Z,_T,_T,_T,_T,_T,_T,COICOP_CP11,_Z,_Z,_Z,_Z,2021,0.06,,,,,,,,,CONS_SH.COICOP_CP11,SHARE,0.01,A,SEN_EHCVM2021_LEGACY_v1,
dataflow,WB.AFW360:AFW360_HH(0.3.0),R,A,SEN,SN09,SURVEY,CONS_SH,_Z,_Z,_T,_T,_T,_T,_T,_T,COICOP_CP12,_Z,_Z,_Z,_Z,2021,0,,,,,,,,,CONS_SH.COICOP_CP12,SHARE,0.01,A,SEN_EHCVM2021_LEGACY_v1,
dataflow,WB.AFW360:AFW360_HH(0.3.0),R,A,SEN,SN09,SURVEY,CONS_SH,_Z,_Z,_T,_T,_T,_T,_T,_T,COICOP_CP13,_Z,_Z,_Z,_Z,2021,0.03,,,,,,,,,CONS_SH.COICOP_CP13,SHARE,0.01,A,SEN_EHCVM2021_LEGACY_v1,
dataflow,WB.AFW360:AFW360_HH(0.3.0),R,A,SEN,SN09,SURVEY,EN_ASSET_AC,_Z,_Z,_T,_T,_T,_T,_T,_T,_Z,_Z,_Z,_Z,_Z,2021,0.09,,,,,,,,,EN_ASSET_AC,SHARE,0.01,A,SEN_EHCVM2021_LEGACY_v1,
dataflow,WB.AFW360:AFW360_HH(0.3.0),R,A,SEN,SN09,SURVEY,EN_ASSET_COOKER,_Z,_Z,_T,_T,_T,_T,_T,_T,_Z,_Z,_Z,_Z,_Z,2021,0,,,,,,,,,EN_ASSET_COOKER,SHARE,0.01,A,SEN_EHCVM2021_LEGACY_v1,
dataflow,WB.AFW360:AFW360_HH(0.3.0),R,A,SEN,SN09,SURVEY,EN_ASSET_FAN,_Z,_Z,_T,_T,_T,_T,_T,_T,_Z,_Z,_Z,_Z,_Z,2021,0,,,,,,,,,EN_ASSET_FAN,SHARE,0.01,A,SEN_EHCVM2021_LEGACY_v1,
dataflow,WB.AFW360:AFW360_HH(0.3.0),R,A,SEN,SN09,SURVEY,EN_ASSET_WATER_HEATER,_Z,_Z,_T,_T,_T,_T,_T,_T,_Z,_Z,_Z,_Z,_Z,2021,0,,,,,,,,,EN_ASSET_WATER_HEATER,SHARE,0.01,A,SEN_EHCVM2021_LEGACY_v1,
dataflow,WB.AFW360:AFW360_HH(0.3.0),R,A,SEN,SN09,SURVEY,EN_COOK_BIOMASS,_Z,_Z,_T,_T,_T,_T,_T,_T,_Z,_Z,_Z,_Z,_Z,2021,0.18,,,,,,,,,EN_COOK_BIOMASS,SHARE,0.01,A,SEN_EHCVM2021_LEGACY_v1,
dataflow,WB.AFW360:AFW360_HH(0.3.0),R,A,SEN,SN09,SURVEY,EN_COOK_CLEAN,_Z,_Z,_T,_T,_T,_T,_T,_T,_Z,_Z,_Z,_Z,_Z,2021,0.82,,,,,,,,,EN_COOK_CLEAN,SHARE,0.01,A,SEN_EHCVM2021_LEGACY_v1,LEGACY_SUSPECT: Implausible pattern: higher in Rural and Q1 than in Capital and Q4.
dataflow,WB.AFW360:AFW360_HH(0.3.0),R,A,SEN,SN09,SURVEY,EN_ELEC_ACCESS,_Z,_Z,_T,_T,_T,_T,_T,_T,_Z,_Z,_Z,_Z,_Z,2021,0.56,,,,,,,,,EN_ELEC_ACCESS,SHARE,0.01,A,SEN_EHCVM2021_LEGACY_v1,
dataflow,WB.AFW360:AFW360_HH(0.3.0),R,A,SEN,SN09,SURVEY,EN_ELEC_INFORMAL,_Z,_Z,_T,_T,_T,_T,_T,_T,_Z,_Z,_Z,_Z,_Z,2021,0.02,,,,,,,,,EN_ELEC_INFORMAL,SHARE,0.01,A,SEN_EHCVM2021_LEGACY_v1,
dataflow,WB.AFW360:AFW360_HH(0.3.0),R,A,SEN,SN09,SURVEY,EN_ELEC_SPEND,_Z,_Z,_T,_T,_T,_T,_T,_T,_Z,_Z,_Z,_Z,_Z,2021,9495.86,,,,,,,,,EN_ELEC_SPEND,XOF,0.01,A,SEN_EHCVM2021_LEGACY_v1,
dataflow,WB.AFW360:AFW360_HH(0.3.0),R,A,SEN,SN09,SURVEY,EN_GRID_CONN,_Z,_Z,_T,_T,_T,_T,_T,_T,_Z,_Z,_Z,_Z,_Z,2021,0.95,,,,,,,,,EN_GRID_CONN,SHARE,0.01,A,SEN_EHCVM2021_LEGACY_v1,"LEGACY_SUSPECT: Implausible: 0.96-1.00 in every cell, including Q1 and Rural."
dataflow,WB.AFW360:AFW360_HH(0.3.0),R,A,SEN,SN09,SURVEY,EN_GRID_USE,_Z,_Z,_T,_T,_T,_T,_T,_T,_Z,_Z,_Z,_Z,_Z,2021,0.56,,,,,,,,,EN_GRID_USE,SHARE,0.01,A,SEN_EHCVM2021_LEGACY_v1,
dataflow,WB.AFW360:AFW360_HH(0.3.0),R,A,SEN,SN09,SURVEY,EN_LIGHT_IMPROVED,_Z,_Z,_T,_T,_T,_T,_T,_T,_Z,_Z,_Z,_Z,_Z,2021,0.94,,,,,,,,,EN_LIGHT_IMPROVED,SHARE,0.01,A,SEN_EHCVM2021_LEGACY_v1,
dataflow,WB.AFW360:AFW360_HH(0.3.0),R,A,SEN,SN09,SURVEY,EN_OFFGRID_USE,_Z,_Z,_T,_T,_T,_T,_T,_T,_Z,_Z,_Z,_Z,_Z,2021,0.06,,,,,,,,,EN_OFFGRID_USE,SHARE,0.01,A,SEN_EHCVM2021_LEGACY_v1,
dataflow,WB.AFW360:AFW360_HH(0.3.0),R,A,SEN,SN09,SURVEY,EN_OUTAGE_ANY,_Z,_Z,_T,_T,_T,_T,_T,_T,_Z,_Z,_Z,_Z,_Z,2021,0.12,,,,,,,,,EN_OUTAGE_ANY,SHARE,0.01,A,SEN_EHCVM2021_LEGACY_v1,
dataflow,WB.AFW360:AFW360_HH(0.3.0),R,A,SEN,SN09,SURVEY,EN_OUTAGE_DAYS,_Z,_Z,_T,_T,_T,_T,_T,_T,_Z,_Z,_Z,_Z,_Z,2021,2.6,,,,,,,,,EN_OUTAGE_DAYS,DAY,0.01,A,SEN_EHCVM2021_LEGACY_v1,
dataflow,WB.AFW360:AFW360_HH(0.3.0),R,A,SEN,SN09,SURVEY,EN_OUTAGE_DUR_CODE,_Z,_Z,_T,_T,_T,_T,_T,_T,_Z,_Z,_Z,_Z,_Z,2021,1.3,,,,,,,,,EN_OUTAGE_DUR_CODE,INDEX,0.01,A,SEN_EHCVM2021_LEGACY_v1,
dataflow,WB.AFW360:AFW360_HH(0.3.0),R,A,SEN,SN09,SURVEY,EN_PREPAID_METER,_Z,_Z,_T,_T,_T,_T,_T,_T,_Z,_Z,_Z,_Z,_Z,2021,0.32,,,,,,,,,EN_PREPAID_METER,SHARE,0.01,A,SEN_EHCVM2021_LEGACY_v1,
dataflow,WB.AFW360:AFW360_HH(0.3.0),R,A,SEN,SN09,SURVEY,HE_ACCOUNTS,_Z,_Z,_T,_T,_T,_T,_T,_T,_Z,_Z,_Z,_Z,_Z,2021,0.03,,,,,,,,,HE_ACCOUNTS,SHARE,0.01,A,SEN_EHCVM2021_LEGACY_v1,
dataflow,WB.AFW360:AFW360_HH(0.3.0),R,A,SEN,SN09,SURVEY,HE_AGE,_Z,_Z,_T,_T,_T,_T,_T,_T,_Z,_Z,_Z,_Z,_Z,2021,8.47,,,,,,,,,HE_AGE,YEAR,0.01,A,SEN_EHCVM2021_LEGACY_v1,
dataflow,WB.AFW360:AFW360_HH(0.3.0),R,A,SEN,SN09,SURVEY,HE_BUY_FIRMS,_Z,_Z,_T,_T,_T,_T,_T,_T,_Z,_Z,_Z,_Z,_Z,2021,0.19,,,,,,,,,HE_BUY_FIRMS,SHARE,0.01,A,SEN_EHCVM2021_LEGACY_v1,
dataflow,WB.AFW360:AFW360_HH(0.3.0),R,A,SEN,SN09,SURVEY,HE_CAPITAL,_Z,_Z,_T,_T,_T,_T,_T,_T,_Z,_Z,_Z,_Z,_Z,2021,168336.3,,,,,,,,,HE_CAPITAL,XOF,0.01,A,SEN_EHCVM2021_LEGACY_v1,
dataflow,WB.AFW360:AFW360_HH(0.3.0),R,A,SEN,SN09,SURVEY,HE_COSTS,_Z,_Z,_T,_T,_T,_T,_T,_T,_Z,_Z,_Z,_Z,_Z,2021,36273.95,,,,,,,,,HE_COSTS,XOF,0.01,A,SEN_EHCVM2021_LEGACY_v1,
dataflow,WB.AFW360:AFW360_HH(0.3.0),R,A,SEN,SN09,SURVEY,HE_CREDIT_ANY,_Z,_Z,_T,_T,_T,_T,_T,_T,_Z,_Z,_Z,_Z,_Z,2021,0.2,,,,,,,,,HE_CREDIT_ANY,SHARE,0.01,A,SEN_EHCVM2021_LEGACY_v1,
dataflow,WB.AFW360:AFW360_HH(0.3.0),R,A,SEN,SN09,SURVEY,HE_CREDIT_FORMAL,_Z,_Z,_T,_T,_T,_T,_T,_T,_Z,_Z,_Z,_Z,_Z,2021,0.14,,,,,,,,,HE_CREDIT_FORMAL,SHARE,0.01,A,SEN_EHCVM2021_LEGACY_v1,
dataflow,WB.AFW360:AFW360_HH(0.3.0),R,A,SEN,SN09,SURVEY,HE_CREDIT_INFORMAL,_Z,_Z,_T,_T,_T,_T,_T,_T,_Z,_Z,_Z,_Z,_Z,2021,0.09,,,,,,,,,HE_CREDIT_INFORMAL,SHARE,0.01,A,SEN_EHCVM2021_LEGACY_v1,
dataflow,WB.AFW360:AFW360_HH(0.3.0),R,A,SEN,SN09,SURVEY,HE_ELEC,_Z,_Z,_T,_T,_T,_T,_T,_T,_Z,_Z,_Z,_Z,_Z,2021,1,,,,,,,,,HE_ELEC,SHARE,0.01,A,SEN_EHCVM2021_LEGACY_v1,
dataflow,WB.AFW360:AFW360_HH(0.3.0),R,A,SEN,SN09,SURVEY,HE_EMP_EXT_ANY,_Z,_Z,_T,_T,_T,_T,_T,_T,_Z,_Z,_Z,_Z,_Z,2021,0.98,,,,,,,,,HE_EMP_EXT_ANY,SHARE,0.01,A,SEN_EHCVM2021_LEGACY_v1,LEGACY_SUSPECT: Implausible: share 0.96 while mean non-HH employees is 0.54.
dataflow,WB.AFW360:AFW360_HH(0.3.0),R,A,SEN,SN09,SURVEY,HE_EMP_HH_NUM,_Z,_Z,_T,_T,_T,_T,_T,_T,_Z,_Z,_Z,_Z,_Z,2021,0.08,,,,,,,,,HE_EMP_HH_NUM,PERSON,0.01,A,SEN_EHCVM2021_LEGACY_v1,
dataflow,WB.AFW360:AFW360_HH(0.3.0),R,A,SEN,SN09,SURVEY,HE_EMP_NONHH_NUM,_Z,_Z,_T,_T,_T,_T,_T,_T,_Z,_Z,_Z,_Z,_Z,2021,0.39,,,,,,,,,HE_EMP_NONHH_NUM,PERSON,0.01,A,SEN_EHCVM2021_LEGACY_v1,
dataflow,WB.AFW360:AFW360_HH(0.3.0),R,A,SEN,SN09,SURVEY,HE_EMP_NUM,_Z,_Z,_T,_T,_T,_T,_T,_T,_Z,_Z,_Z,_Z,_Z,2021,1.41,,,,,,,,,HE_EMP_NUM,PERSON,0.01,A,SEN_EHCVM2021_LEGACY_v1,
dataflow,WB.AFW360:AFW360_HH(0.3.0),R,A,SEN,SN09,SURVEY,HE_HH_OWNER,_Z,_Z,_T,_T,_T,_T,_T,_T,_Z,_Z,_Z,_Z,_Z,2021,0.61,,,,,,,,,HE_HH_OWNER,SHARE,0.01,A,SEN_EHCVM2021_LEGACY_v1,
dataflow,WB.AFW360:AFW360_HH(0.3.0),R,A,SEN,SN09,SURVEY,HE_HOME_BASED,_Z,_Z,_T,_T,_T,_T,_T,_T,_Z,_Z,_Z,_Z,_Z,2021,0.55,,,,,,,,,HE_HOME_BASED,SHARE,0.01,A,SEN_EHCVM2021_LEGACY_v1,
dataflow,WB.AFW360:AFW360_HH(0.3.0),R,A,SEN,SN09,SURVEY,HE_PHONE,_Z,_Z,_T,_T,_T,_T,_T,_T,_Z,_Z,_Z,_Z,_Z,2021,1,,,,,,,,,HE_PHONE,SHARE,0.01,A,SEN_EHCVM2021_LEGACY_v1,
dataflow,WB.AFW360:AFW360_HH(0.3.0),R,A,SEN,SN09,SURVEY,HE_PREMISES_FORMAL,_Z,_Z,_T,_T,_T,_T,_T,_T,_Z,_Z,_Z,_Z,_Z,2021,0.07,,,,,,,,,HE_PREMISES_FORMAL,SHARE,0.01,A,SEN_EHCVM2021_LEGACY_v1,
dataflow,WB.AFW360:AFW360_HH(0.3.0),R,A,SEN,SN09,SURVEY,HE_PROFIT,_Z,_Z,_T,_T,_T,_T,_T,_T,_Z,_Z,_Z,_Z,_Z,2021,20875.07,,,,,,,,,HE_PROFIT,XOF,0.01,A,SEN_EHCVM2021_LEGACY_v1,
dataflow,WB.AFW360:AFW360_HH(0.3.0),R,A,SEN,SN09,SURVEY,HE_RENT,_Z,_Z,_T,_T,_T,_T,_T,_T,_Z,_Z,_Z,_Z,_Z,2021,0.5,,,,,,,,,HE_RENT,SHARE,0.01,A,SEN_EHCVM2021_LEGACY_v1,
dataflow,WB.AFW360:AFW360_HH(0.3.0),R,A,SEN,SN09,SURVEY,HE_REV_PER_WORKER,_Z,_Z,_T,_T,_T,_T,_T,_T,_Z,_Z,_Z,_Z,_Z,2021,2302435.8300000001,,,,,,,,,HE_REV_PER_WORKER,XOF,0.01,A,SEN_EHCVM2021_LEGACY_v1,
dataflow,WB.AFW360:AFW360_HH(0.3.0),R,A,SEN,SN09,SURVEY,HE_SELL_FIRMS,_Z,_Z,_T,_T,_T,_T,_T,_T,_Z,_Z,_Z,_Z,_Z,2021,0.1,,,,,,,,,HE_SELL_FIRMS,SHARE,0.01,A,SEN_EHCVM2021_LEGACY_v1,
dataflow,WB.AFW360:AFW360_HH(0.3.0),R,A,SEN,SN09,SURVEY,HE_TAX_ID,_Z,_Z,_T,_T,_T,_T,_T,_T,_Z,_Z,_Z,_Z,_Z,2021,0.03,,,,,,,,,HE_TAX_ID,SHARE,0.01,A,SEN_EHCVM2021_LEGACY_v1,
dataflow,WB.AFW360:AFW360_HH(0.3.0),R,A,SEN,SN09,SURVEY,HE_WATER,_Z,_Z,_T,_T,_T,_T,_T,_T,_Z,_Z,_Z,_Z,_Z,2021,1,,,,,,,,,HE_WATER,SHARE,0.01,A,SEN_EHCVM2021_LEGACY_v1,
dataflow,WB.AFW360:AFW360_HH(0.3.0),R,A,SEN,SN09,SURVEY,HOUS_FLOOR_DURABLE,_Z,_Z,_T,_T,_T,_T,_T,_T,_Z,_Z,_Z,_Z,_Z,2021,0.64,,,,,,,,,HOUS_FLOOR_DURABLE,SHARE,0.01,A,SEN_EHCVM2021_LEGACY_v1,
dataflow,WB.AFW360:AFW360_HH(0.3.0),R,A,SEN,SN09,SURVEY,HOUS_ROOF_DURABLE,_Z,_Z,_T,_T,_T,_T,_T,_T,_Z,_Z,_Z,_Z,_Z,2021,0.85,,,,,,,,,HOUS_ROOF_DURABLE,SHARE,0.01,A,SEN_EHCVM2021_LEGACY_v1,
dataflow,WB.AFW360:AFW360_HH(0.3.0),R,A,SEN,SN09,SURVEY,HOUS_SANIT_IMPROVED,_Z,_Z,_T,_T,_T,_T,_T,_T,_Z,_Z,_Z,_Z,_Z,2021,0.47,,,,,,,,,HOUS_SANIT_IMPROVED,SHARE,0.01,A,SEN_EHCVM2021_LEGACY_v1,
dataflow,WB.AFW360:AFW360_HH(0.3.0),R,A,SEN,SN09,SURVEY,HOUS_WALL_DURABLE,_Z,_Z,_T,_T,_T,_T,_T,_T,_Z,_Z,_Z,_Z,_Z,2021,0.82,,,,,,,,,HOUS_WALL_DURABLE,SHARE,0.01,A,SEN_EHCVM2021_LEGACY_v1,
dataflow,WB.AFW360:AFW360_HH(0.3.0),R,A,SEN,SN09,SURVEY,HOUS_WATER_SAFE_DRY,_Z,_Z,_T,_T,_T,_T,_T,_T,_Z,_Z,_Z,_Z,_Z,2021,0.88,,,,,,,,,HOUS_WATER_SAFE_DRY,SHARE,0.01,A,SEN_EHCVM2021_LEGACY_v1,
dataflow,WB.AFW360:AFW360_HH(0.3.0),R,A,SEN,SN09,SURVEY,POP_HE_SH,_Z,_Z,_T,HEO_MSTAT_MARRIED,_T,_T,_T,_T,_Z,_Z,_Z,_Z,_Z,2021,0.79,,,,,,,,,POP_HE_SH.HEO_MSTAT_MARRIED,SHARE,0.01,A,SEN_EHCVM2021_LEGACY_v1,
dataflow,WB.AFW360:AFW360_HH(0.3.0),R,A,SEN,SN09,SURVEY,POP_HE_SH,_Z,_Z,_T,HEO_SEX_F,_T,_T,_T,_T,_Z,_Z,_Z,_Z,_Z,2021,0.73,,,,,,,,,POP_HE_SH.HEO_SEX_F,SHARE,0.01,A,SEN_EHCVM2021_LEGACY_v1,
dataflow,WB.AFW360:AFW360_HH(0.3.0),R,A,SEN,SN09,SURVEY,POP_HH_SH,_Z,_Z,_T,HE_COUNT_0,_T,_T,_T,_T,_Z,_Z,_Z,_Z,_Z,2021,0.48,,,,,,,,,POP_HH_SH.HE_COUNT_0,SHARE,0.01,A,SEN_EHCVM2021_LEGACY_v1,
dataflow,WB.AFW360:AFW360_HH(0.3.0),R,A,SEN,SN09,SURVEY,POP_HH_SH,_Z,_Z,_T,HE_COUNT_1,_T,_T,_T,_T,_Z,_Z,_Z,_Z,_Z,2021,0.38,,,,,,,,,POP_HH_SH.HE_COUNT_1,SHARE,0.01,A,SEN_EHCVM2021_LEGACY_v1,
dataflow,WB.AFW360:AFW360_HH(0.3.0),R,A,SEN,SN09,SURVEY,POP_HH_SH,_Z,_Z,_T,HE_COUNT_2,_T,_T,_T,_T,_Z,_Z,_Z,_Z,_Z,2021,0.12,,,,,,,,,POP_HH_SH.HE_COUNT_2,SHARE,0.01,A,SEN_EHCVM2021_LEGACY_v1,
dataflow,WB.AFW360:AFW360_HH(0.3.0),R,A,SEN,SN09,SURVEY,POP_HH_SH,_Z,_Z,_T,HE_COUNT_3,_T,_T,_T,_T,_Z,_Z,_Z,_Z,_Z,2021,0.01,,,,,,,,,POP_HH_SH.HE_COUNT_3,SHARE,0.01,A,SEN_EHCVM2021_LEGACY_v1,
dataflow,WB.AFW360:AFW360_HH(0.3.0),R,A,SEN,SN09,SURVEY,POP_HH_SH,_Z,_Z,_T,HE_COUNT_4P,_T,_T,_T,_T,_Z,_Z,_Z,_Z,_Z,2021,0,,,,,,,,,POP_HH_SH.HE_COUNT_4P,SHARE,0.01,A,SEN_EHCVM2021_LEGACY_v1,
dataflow,WB.AFW360:AFW360_HH(0.3.0),R,A,SEN,SN09,SURVEY,POP_SH,_T,_T,_T,EMP_FORMAL_N,_T,_T,_T,_T,_Z,_Z,_Z,_Z,_Z,2021,0.85,,,,,,,,,POP_SH.EMP_FORMAL_N,SHARE,0.01,A,SEN_EHCVM2021_LEGACY_v1,
dataflow,WB.AFW360:AFW360_HH(0.3.0),R,A,SEN,SN09,SURVEY,POP_SH,_T,_T,_T,EMP_ISIC_G,_T,_T,_T,_T,_Z,_Z,_Z,_Z,_Z,2021,0.18,,,,,,,,,POP_SH.EMP_ISIC_G,SHARE,0.01,A,SEN_EHCVM2021_LEGACY_v1,
dataflow,WB.AFW360:AFW360_HH(0.3.0),R,A,SEN,SN09,SURVEY,POP_SH,_T,_T,_T,EMP_ISIC_H,_T,_T,_T,_T,_Z,_Z,_Z,_Z,_Z,2021,0.04,,,,,,,,,POP_SH.EMP_ISIC_H,SHARE,0.01,A,SEN_EHCVM2021_LEGACY_v1,
dataflow,WB.AFW360:AFW360_HH(0.3.0),R,A,SEN,SN09,SURVEY,POP_SH,_T,_T,_T,EMP_SECTOR_AGR,_T,_T,_T,_T,_Z,_Z,_Z,_Z,_Z,2021,0.49,,,,,,,,,POP_SH.EMP_SECTOR_AGR,SHARE,0.01,A,SEN_EHCVM2021_LEGACY_v1,
dataflow,WB.AFW360:AFW360_HH(0.3.0),R,A,SEN,SN09,SURVEY,POP_SH,_T,_T,_T,EMP_SECTOR_IND,_T,_T,_T,_T,_Z,_Z,_Z,_Z,_Z,2021,0.2,,,,,,,,,POP_SH.EMP_SECTOR_IND,SHARE,0.01,A,SEN_EHCVM2021_LEGACY_v1,
dataflow,WB.AFW360:AFW360_HH(0.3.0),R,A,SEN,SN09,SURVEY,POP_SH,_T,_T,_T,EMP_SECTOR_SER,_T,_T,_T,_T,_Z,_Z,_Z,_Z,_Z,2021,0.3,,,,,,,,,POP_SH.EMP_SECTOR_SER,SHARE,0.01,A,SEN_EHCVM2021_LEGACY_v1,
dataflow,WB.AFW360:AFW360_HH(0.3.0),R,A,SEN,SN09,SURVEY,POP_SH,_T,_T,_T,EMP_STATUS_EMPLOYED,_T,_T,_T,_T,_Z,_Z,_Z,_Z,_Z,2021,0.54,,,,,,,,,POP_SH.EMP_STATUS_EMPLOYED,SHARE,0.01,A,SEN_EHCVM2021_LEGACY_v1,
dataflow,WB.AFW360:AFW360_HH(0.3.0),R,A,SEN,SN09,SURVEY,POP_SH,_T,_T,_T,EMP_TYPE_NONWAGE,_T,_T,_T,_T,_Z,_Z,_Z,_Z,_Z,2021,0.85,,,,,,,,,POP_SH.EMP_TYPE_NONWAGE,SHARE,0.01,A,SEN_EHCVM2021_LEGACY_v1,
dataflow,WB.AFW360:AFW360_HH(0.3.0),R,A,SEN,SN09,SURVEY,POP_SH,_T,_T,_T,EMP_TYPE_WAGE,_T,_T,_T,_T,_Z,_Z,_Z,_Z,_Z,2021,0.15,,,,,,,,,POP_SH.EMP_TYPE_WAGE,SHARE,0.01,A,SEN_EHCVM2021_LEGACY_v1,
dataflow,WB.AFW360:AFW360_HH(0.3.0),R,A,SEN,SN09,SURVEY,POV_HC,_T,_T,_T,_T,_T,_T,_T,_T,POVLINE_PL300,PPP_2021,_Z,_Z,_Z,2021,0.26,,,,,,,,,POV_HC.POVLINE_PL300.PPP_2021,SHARE,0.01,A,SEN_EHCVM2021_LEGACY_v1,
dataflow,WB.AFW360:AFW360_HH(0.3.0),R,A,SEN,SN09,SURVEY,POV_HC,_T,_T,_T,_T,_T,_T,_T,_T,POVLINE_PL420,PPP_2021,_Z,_Z,_Z,2021,0.49,,,,,,,,,POV_HC.POVLINE_PL420.PPP_2021,SHARE,0.01,A,SEN_EHCVM2021_LEGACY_v1,
dataflow,WB.AFW360:AFW360_HH(0.3.0),R,A,SEN,SN09,SURVEY,POV_NUM,_T,_T,_T,_T,_T,_T,_T,_T,POVLINE_PL300,PPP_2021,_Z,_Z,_Z,2021,200000,,,,,,,,,POV_NUM.POVLINE_PL300.PPP_2021,PERSON,10000,A,SEN_EHCVM2021_LEGACY_v1,
dataflow,WB.AFW360:AFW360_HH(0.3.0),R,A,SEN,SN09,SURVEY,POV_NUM,_T,_T,_T,_T,_T,_T,_T,_T,POVLINE_PL420,PPP_2021,_Z,_Z,_Z,2021,380000,,,,,,,,,POV_NUM.POVLINE_PL420.PPP_2021,PERSON,10000,A,SEN_EHCVM2021_LEGACY_v1,
dataflow,WB.AFW360:AFW360_HH(0.3.0),R,A,SEN,SN09,SURVEY,SHK_ANY,_Z,_Z,_T,_T,_T,_T,_T,_T,_Z,_Z,_Z,_Z,_Z,2021,0.8,,,,,,,,,SHK_ANY,SHARE,0.01,A,SEN_EHCVM2021_LEGACY_v1,
dataflow,WB.AFW360:AFW360_HH(0.3.0),R,A,SEN,SN09,SURVEY,SHK_COV_CONFLICT,_Z,_Z,_T,_T,_T,_T,_T,_T,_Z,_Z,_Z,_Z,_Z,2021,0.07,,,,,,,,,SHK_COV_CONFLICT,SHARE,0.01,A,SEN_EHCVM2021_LEGACY_v1,
dataflow,WB.AFW360:AFW360_HH(0.3.0),R,A,SEN,SN09,SURVEY,SHK_COV_ECON,_Z,_Z,_T,_T,_T,_T,_T,_T,_Z,_Z,_Z,_Z,_Z,2021,0.44,,,,,,,,,SHK_COV_ECON,SHARE,0.01,A,SEN_EHCVM2021_LEGACY_v1,
dataflow,WB.AFW360:AFW360_HH(0.3.0),R,A,SEN,SN09,SURVEY,SHK_COV_NATURAL,_Z,_Z,_T,_T,_T,_T,_T,_T,_Z,_Z,_Z,_Z,_Z,2021,0.44,,,,,,,,,SHK_COV_NATURAL,SHARE,0.01,A,SEN_EHCVM2021_LEGACY_v1,
dataflow,WB.AFW360:AFW360_HH(0.3.0),R,A,SEN,SN09,SURVEY,SHK_IDIO_ECON,_Z,_Z,_T,_T,_T,_T,_T,_T,_Z,_Z,_Z,_Z,_Z,2021,0.21,,,,,,,,,SHK_IDIO_ECON,SHARE,0.01,A,SEN_EHCVM2021_LEGACY_v1,
dataflow,WB.AFW360:AFW360_HH(0.3.0),R,A,SEN,SN09,SURVEY,SP_HEALTH_COV,_T,_T,_T,_T,_T,_T,_T,_T,_Z,_Z,_Z,_Z,_Z,2021,0,,,,,,,,,SP_HEALTH_COV,SHARE,0.01,A,SEN_EHCVM2021_LEGACY_v1,
dataflow,WB.AFW360:AFW360_HH(0.3.0),R,A,SEN,SN09,SURVEY,SP_HEALTH_COV_HH,_Z,_Z,_T,_T,_T,_T,_T,_T,_Z,_Z,_Z,_Z,_Z,2021,0.01,,,,,,,,,SP_HEALTH_COV_HH,SHARE,0.01,A,SEN_EHCVM2021_LEGACY_v1,
dataflow,WB.AFW360:AFW360_HH(0.3.0),R,A,SEN,SN10,SURVEY,AGR_CULTIVATES,_Z,_Z,_T,_T,_T,_T,_T,_T,_Z,_Z,_Z,_Z,_Z,2021,0.39,,,,,,,,,AGR_CULTIVATES,SHARE,0.01,A,SEN_EHCVM2021_LEGACY_v1,
dataflow,WB.AFW360:AFW360_HH(0.3.0),R,A,SEN,SN10,SURVEY,AGR_CULT_AREA,_Z,_Z,_T,_T,_T,_T,_T,_T,_Z,_Z,_Z,_Z,_Z,2021,2.66,,,,,,,,,AGR_CULT_AREA,HA,0.01,A,SEN_EHCVM2021_LEGACY_v1,
dataflow,WB.AFW360:AFW360_HH(0.3.0),R,A,SEN,SN10,SURVEY,AGR_LIVESTOCK_ANY,_Z,_Z,_T,_T,_T,_T,_T,_T,_Z,_Z,_Z,_Z,_Z,2021,0.68,,,,,,,,,AGR_LIVESTOCK_ANY,SHARE,0.01,A,SEN_EHCVM2021_LEGACY_v1,
dataflow,WB.AFW360:AFW360_HH(0.3.0),R,A,SEN,SN10,SURVEY,AGR_TLU,_Z,_Z,_T,_T,_T,_T,_T,_T,_Z,_Z,_Z,_Z,_Z,2021,4.11,,,,,,,,,AGR_TLU,TLU,0.01,A,SEN_EHCVM2021_LEGACY_v1,
dataflow,WB.AFW360:AFW360_HH(0.3.0),R,A,SEN,SN10,SURVEY,CONS_SH,_Z,_Z,_T,_T,_T,_T,_T,_T,COICOP_CP01,ACQ_OWNPROD,_Z,_Z,_Z,2021,0.02,,,,,,,,,CONS_SH.COICOP_CP01.ACQ_OWNPROD,SHARE,0.01,A,SEN_EHCVM2021_LEGACY_v1,
dataflow,WB.AFW360:AFW360_HH(0.3.0),R,A,SEN,SN10,SURVEY,CONS_SH,_Z,_Z,_T,_T,_T,_T,_T,_T,COICOP_CP01,ACQ_PURCH,_Z,_Z,_Z,2021,0.47,,,,,,,,,CONS_SH.COICOP_CP01.ACQ_PURCH,SHARE,0.01,A,SEN_EHCVM2021_LEGACY_v1,
dataflow,WB.AFW360:AFW360_HH(0.3.0),R,A,SEN,SN10,SURVEY,CONS_SH,_Z,_Z,_T,_T,_T,_T,_T,_T,COICOP_CP01,_Z,_Z,_Z,_Z,2021,0.51,,,,,,,,,CONS_SH.COICOP_CP01,SHARE,0.01,A,SEN_EHCVM2021_LEGACY_v1,
dataflow,WB.AFW360:AFW360_HH(0.3.0),R,A,SEN,SN10,SURVEY,CONS_SH,_Z,_Z,_T,_T,_T,_T,_T,_T,COICOP_CP02,_Z,_Z,_Z,_Z,2021,0,,,,,,,,,CONS_SH.COICOP_CP02,SHARE,0.01,A,SEN_EHCVM2021_LEGACY_v1,
dataflow,WB.AFW360:AFW360_HH(0.3.0),R,A,SEN,SN10,SURVEY,CONS_SH,_Z,_Z,_T,_T,_T,_T,_T,_T,COICOP_CP03,_Z,_Z,_Z,_Z,2021,0.06,,,,,,,,,CONS_SH.COICOP_CP03,SHARE,0.01,A,SEN_EHCVM2021_LEGACY_v1,
dataflow,WB.AFW360:AFW360_HH(0.3.0),R,A,SEN,SN10,SURVEY,CONS_SH,_Z,_Z,_T,_T,_T,_T,_T,_T,COICOP_CP04,_Z,_Z,_Z,_Z,2021,0.15,,,,,,,,,CONS_SH.COICOP_CP04,SHARE,0.01,A,SEN_EHCVM2021_LEGACY_v1,
dataflow,WB.AFW360:AFW360_HH(0.3.0),R,A,SEN,SN10,SURVEY,CONS_SH,_Z,_Z,_T,_T,_T,_T,_T,_T,COICOP_CP05,_Z,_Z,_Z,_Z,2021,0.05,,,,,,,,,CONS_SH.COICOP_CP05,SHARE,0.01,A,SEN_EHCVM2021_LEGACY_v1,
dataflow,WB.AFW360:AFW360_HH(0.3.0),R,A,SEN,SN10,SURVEY,CONS_SH,_Z,_Z,_T,_T,_T,_T,_T,_T,COICOP_CP06,_Z,_Z,_Z,_Z,2021,0.04,,,,,,,,,CONS_SH.COICOP_CP06,SHARE,0.01,A,SEN_EHCVM2021_LEGACY_v1,
dataflow,WB.AFW360:AFW360_HH(0.3.0),R,A,SEN,SN10,SURVEY,CONS_SH,_Z,_Z,_T,_T,_T,_T,_T,_T,COICOP_CP07,_Z,_Z,_Z,_Z,2021,0.03,,,,,,,,,CONS_SH.COICOP_CP07,SHARE,0.01,A,SEN_EHCVM2021_LEGACY_v1,
dataflow,WB.AFW360:AFW360_HH(0.3.0),R,A,SEN,SN10,SURVEY,CONS_SH,_Z,_Z,_T,_T,_T,_T,_T,_T,COICOP_CP08,_Z,_Z,_Z,_Z,2021,0.06,,,,,,,,,CONS_SH.COICOP_CP08,SHARE,0.01,A,SEN_EHCVM2021_LEGACY_v1,
dataflow,WB.AFW360:AFW360_HH(0.3.0),R,A,SEN,SN10,SURVEY,CONS_SH,_Z,_Z,_T,_T,_T,_T,_T,_T,COICOP_CP09,_Z,_Z,_Z,_Z,2021,0,,,,,,,,,CONS_SH.COICOP_CP09,SHARE,0.01,A,SEN_EHCVM2021_LEGACY_v1,
dataflow,WB.AFW360:AFW360_HH(0.3.0),R,A,SEN,SN10,SURVEY,CONS_SH,_Z,_Z,_T,_T,_T,_T,_T,_T,COICOP_CP10,_Z,_Z,_Z,_Z,2021,0.01,,,,,,,,,CONS_SH.COICOP_CP10,SHARE,0.01,A,SEN_EHCVM2021_LEGACY_v1,
dataflow,WB.AFW360:AFW360_HH(0.3.0),R,A,SEN,SN10,SURVEY,CONS_SH,_Z,_Z,_T,_T,_T,_T,_T,_T,COICOP_CP11,_Z,_Z,_Z,_Z,2021,0.07,,,,,,,,,CONS_SH.COICOP_CP11,SHARE,0.01,A,SEN_EHCVM2021_LEGACY_v1,
dataflow,WB.AFW360:AFW360_HH(0.3.0),R,A,SEN,SN10,SURVEY,CONS_SH,_Z,_Z,_T,_T,_T,_T,_T,_T,COICOP_CP12,_Z,_Z,_Z,_Z,2021,0,,,,,,,,,CONS_SH.COICOP_CP12,SHARE,0.01,A,SEN_EHCVM2021_LEGACY_v1,
dataflow,WB.AFW360:AFW360_HH(0.3.0),R,A,SEN,SN10,SURVEY,CONS_SH,_Z,_Z,_T,_T,_T,_T,_T,_T,COICOP_CP13,_Z,_Z,_Z,_Z,2021,0.03,,,,,,,,,CONS_SH.COICOP_CP13,SHARE,0.01,A,SEN_EHCVM2021_LEGACY_v1,
dataflow,WB.AFW360:AFW360_HH(0.3.0),R,A,SEN,SN10,SURVEY,EN_ASSET_AC,_Z,_Z,_T,_T,_T,_T,_T,_T,_Z,_Z,_Z,_Z,_Z,2021,0.07,,,,,,,,,EN_ASSET_AC,SHARE,0.01,A,SEN_EHCVM2021_LEGACY_v1,
dataflow,WB.AFW360:AFW360_HH(0.3.0),R,A,SEN,SN10,SURVEY,EN_ASSET_COOKER,_Z,_Z,_T,_T,_T,_T,_T,_T,_Z,_Z,_Z,_Z,_Z,2021,0.02,,,,,,,,,EN_ASSET_COOKER,SHARE,0.01,A,SEN_EHCVM2021_LEGACY_v1,
dataflow,WB.AFW360:AFW360_HH(0.3.0),R,A,SEN,SN10,SURVEY,EN_ASSET_FAN,_Z,_Z,_T,_T,_T,_T,_T,_T,_Z,_Z,_Z,_Z,_Z,2021,0.07,,,,,,,,,EN_ASSET_FAN,SHARE,0.01,A,SEN_EHCVM2021_LEGACY_v1,
dataflow,WB.AFW360:AFW360_HH(0.3.0),R,A,SEN,SN10,SURVEY,EN_ASSET_WATER_HEATER,_Z,_Z,_T,_T,_T,_T,_T,_T,_Z,_Z,_Z,_Z,_Z,2021,0.03,,,,,,,,,EN_ASSET_WATER_HEATER,SHARE,0.01,A,SEN_EHCVM2021_LEGACY_v1,
dataflow,WB.AFW360:AFW360_HH(0.3.0),R,A,SEN,SN10,SURVEY,EN_COOK_BIOMASS,_Z,_Z,_T,_T,_T,_T,_T,_T,_Z,_Z,_Z,_Z,_Z,2021,0.11,,,,,,,,,EN_COOK_BIOMASS,SHARE,0.01,A,SEN_EHCVM2021_LEGACY_v1,
dataflow,WB.AFW360:AFW360_HH(0.3.0),R,A,SEN,SN10,SURVEY,EN_COOK_CLEAN,_Z,_Z,_T,_T,_T,_T,_T,_T,_Z,_Z,_Z,_Z,_Z,2021,0.8,,,,,,,,,EN_COOK_CLEAN,SHARE,0.01,A,SEN_EHCVM2021_LEGACY_v1,LEGACY_SUSPECT: Implausible pattern: higher in Rural and Q1 than in Capital and Q4.
dataflow,WB.AFW360:AFW360_HH(0.3.0),R,A,SEN,SN10,SURVEY,EN_ELEC_ACCESS,_Z,_Z,_T,_T,_T,_T,_T,_T,_Z,_Z,_Z,_Z,_Z,2021,0.65,,,,,,,,,EN_ELEC_ACCESS,SHARE,0.01,A,SEN_EHCVM2021_LEGACY_v1,
dataflow,WB.AFW360:AFW360_HH(0.3.0),R,A,SEN,SN10,SURVEY,EN_ELEC_INFORMAL,_Z,_Z,_T,_T,_T,_T,_T,_T,_Z,_Z,_Z,_Z,_Z,2021,0,,,,,,,,,EN_ELEC_INFORMAL,SHARE,0.01,A,SEN_EHCVM2021_LEGACY_v1,
dataflow,WB.AFW360:AFW360_HH(0.3.0),R,A,SEN,SN10,SURVEY,EN_ELEC_SPEND,_Z,_Z,_T,_T,_T,_T,_T,_T,_Z,_Z,_Z,_Z,_Z,2021,28258.73,,,,,,,,,EN_ELEC_SPEND,XOF,0.01,A,SEN_EHCVM2021_LEGACY_v1,
dataflow,WB.AFW360:AFW360_HH(0.3.0),R,A,SEN,SN10,SURVEY,EN_GRID_CONN,_Z,_Z,_T,_T,_T,_T,_T,_T,_Z,_Z,_Z,_Z,_Z,2021,1,,,,,,,,,EN_GRID_CONN,SHARE,0.01,A,SEN_EHCVM2021_LEGACY_v1,"LEGACY_SUSPECT: Implausible: 0.96-1.00 in every cell, including Q1 and Rural."
dataflow,WB.AFW360:AFW360_HH(0.3.0),R,A,SEN,SN10,SURVEY,EN_GRID_USE,_Z,_Z,_T,_T,_T,_T,_T,_T,_Z,_Z,_Z,_Z,_Z,2021,0.67,,,,,,,,,EN_GRID_USE,SHARE,0.01,A,SEN_EHCVM2021_LEGACY_v1,
dataflow,WB.AFW360:AFW360_HH(0.3.0),R,A,SEN,SN10,SURVEY,EN_LIGHT_IMPROVED,_Z,_Z,_T,_T,_T,_T,_T,_T,_Z,_Z,_Z,_Z,_Z,2021,0.94,,,,,,,,,EN_LIGHT_IMPROVED,SHARE,0.01,A,SEN_EHCVM2021_LEGACY_v1,
dataflow,WB.AFW360:AFW360_HH(0.3.0),R,A,SEN,SN10,SURVEY,EN_OFFGRID_USE,_Z,_Z,_T,_T,_T,_T,_T,_T,_Z,_Z,_Z,_Z,_Z,2021,0.13,,,,,,,,,EN_OFFGRID_USE,SHARE,0.01,A,SEN_EHCVM2021_LEGACY_v1,
dataflow,WB.AFW360:AFW360_HH(0.3.0),R,A,SEN,SN10,SURVEY,EN_OUTAGE_ANY,_Z,_Z,_T,_T,_T,_T,_T,_T,_Z,_Z,_Z,_Z,_Z,2021,0.25,,,,,,,,,EN_OUTAGE_ANY,SHARE,0.01,A,SEN_EHCVM2021_LEGACY_v1,
dataflow,WB.AFW360:AFW360_HH(0.3.0),R,A,SEN,SN10,SURVEY,EN_OUTAGE_DAYS,_Z,_Z,_T,_T,_T,_T,_T,_T,_Z,_Z,_Z,_Z,_Z,2021,1.5,,,,,,,,,EN_OUTAGE_DAYS,DAY,0.01,A,SEN_EHCVM2021_LEGACY_v1,
dataflow,WB.AFW360:AFW360_HH(0.3.0),R,A,SEN,SN10,SURVEY,EN_OUTAGE_DUR_CODE,_Z,_Z,_T,_T,_T,_T,_T,_T,_Z,_Z,_Z,_Z,_Z,2021,3.09,,,,,,,,,EN_OUTAGE_DUR_CODE,INDEX,0.01,A,SEN_EHCVM2021_LEGACY_v1,
dataflow,WB.AFW360:AFW360_HH(0.3.0),R,A,SEN,SN10,SURVEY,EN_PREPAID_METER,_Z,_Z,_T,_T,_T,_T,_T,_T,_Z,_Z,_Z,_Z,_Z,2021,0.49,,,,,,,,,EN_PREPAID_METER,SHARE,0.01,A,SEN_EHCVM2021_LEGACY_v1,
dataflow,WB.AFW360:AFW360_HH(0.3.0),R,A,SEN,SN10,SURVEY,HE_ACCOUNTS,_Z,_Z,_T,_T,_T,_T,_T,_T,_Z,_Z,_Z,_Z,_Z,2021,0.1,,,,,,,,,HE_ACCOUNTS,SHARE,0.01,A,SEN_EHCVM2021_LEGACY_v1,
dataflow,WB.AFW360:AFW360_HH(0.3.0),R,A,SEN,SN10,SURVEY,HE_AGE,_Z,_Z,_T,_T,_T,_T,_T,_T,_Z,_Z,_Z,_Z,_Z,2021,4.33,,,,,,,,,HE_AGE,YEAR,0.01,A,SEN_EHCVM2021_LEGACY_v1,
dataflow,WB.AFW360:AFW360_HH(0.3.0),R,A,SEN,SN10,SURVEY,HE_BUY_FIRMS,_Z,_Z,_T,_T,_T,_T,_T,_T,_Z,_Z,_Z,_Z,_Z,2021,0.27,,,,,,,,,HE_BUY_FIRMS,SHARE,0.01,A,SEN_EHCVM2021_LEGACY_v1,
dataflow,WB.AFW360:AFW360_HH(0.3.0),R,A,SEN,SN10,SURVEY,HE_CAPITAL,_Z,_Z,_T,_T,_T,_T,_T,_T,_Z,_Z,_Z,_Z,_Z,2021,1698070.3400000001,,,,,,,,,HE_CAPITAL,XOF,0.01,A,SEN_EHCVM2021_LEGACY_v1,
dataflow,WB.AFW360:AFW360_HH(0.3.0),R,A,SEN,SN10,SURVEY,HE_COSTS,_Z,_Z,_T,_T,_T,_T,_T,_T,_Z,_Z,_Z,_Z,_Z,2021,46995.13,,,,,,,,,HE_COSTS,XOF,0.01,A,SEN_EHCVM2021_LEGACY_v1,
dataflow,WB.AFW360:AFW360_HH(0.3.0),R,A,SEN,SN10,SURVEY,HE_CREDIT_ANY,_Z,_Z,_T,_T,_T,_T,_T,_T,_Z,_Z,_Z,_Z,_Z,2021,0.25,,,,,,,,,HE_CREDIT_ANY,SHARE,0.01,A,SEN_EHCVM2021_LEGACY_v1,
dataflow,WB.AFW360:AFW360_HH(0.3.0),R,A,SEN,SN10,SURVEY,HE_CREDIT_FORMAL,_Z,_Z,_T,_T,_T,_T,_T,_T,_Z,_Z,_Z,_Z,_Z,2021,0,,,,,,,,,HE_CREDIT_FORMAL,SHARE,0.01,A,SEN_EHCVM2021_LEGACY_v1,
dataflow,WB.AFW360:AFW360_HH(0.3.0),R,A,SEN,SN10,SURVEY,HE_CREDIT_INFORMAL,_Z,_Z,_T,_T,_T,_T,_T,_T,_Z,_Z,_Z,_Z,_Z,2021,0.25,,,,,,,,,HE_CREDIT_INFORMAL,SHARE,0.01,A,SEN_EHCVM2021_LEGACY_v1,
dataflow,WB.AFW360:AFW360_HH(0.3.0),R,A,SEN,SN10,SURVEY,HE_ELEC,_Z,_Z,_T,_T,_T,_T,_T,_T,_Z,_Z,_Z,_Z,_Z,2021,1,,,,,,,,,HE_ELEC,SHARE,0.01,A,SEN_EHCVM2021_LEGACY_v1,
dataflow,WB.AFW360:AFW360_HH(0.3.0),R,A,SEN,SN10,SURVEY,HE_EMP_EXT_ANY,_Z,_Z,_T,_T,_T,_T,_T,_T,_Z,_Z,_Z,_Z,_Z,2021,1,,,,,,,,,HE_EMP_EXT_ANY,SHARE,0.01,A,SEN_EHCVM2021_LEGACY_v1,LEGACY_SUSPECT: Implausible: share 0.96 while mean non-HH employees is 0.54.
dataflow,WB.AFW360:AFW360_HH(0.3.0),R,A,SEN,SN10,SURVEY,HE_EMP_HH_NUM,_Z,_Z,_T,_T,_T,_T,_T,_T,_Z,_Z,_Z,_Z,_Z,2021,0.16,,,,,,,,,HE_EMP_HH_NUM,PERSON,0.01,A,SEN_EHCVM2021_LEGACY_v1,
dataflow,WB.AFW360:AFW360_HH(0.3.0),R,A,SEN,SN10,SURVEY,HE_EMP_NONHH_NUM,_Z,_Z,_T,_T,_T,_T,_T,_T,_Z,_Z,_Z,_Z,_Z,2021,0.51,,,,,,,,,HE_EMP_NONHH_NUM,PERSON,0.01,A,SEN_EHCVM2021_LEGACY_v1,
dataflow,WB.AFW360:AFW360_HH(0.3.0),R,A,SEN,SN10,SURVEY,HE_EMP_NUM,_Z,_Z,_T,_T,_T,_T,_T,_T,_Z,_Z,_Z,_Z,_Z,2021,1,,,,,,,,,HE_EMP_NUM,PERSON,0.01,A,SEN_EHCVM2021_LEGACY_v1,
dataflow,WB.AFW360:AFW360_HH(0.3.0),R,A,SEN,SN10,SURVEY,HE_HH_OWNER,_Z,_Z,_T,_T,_T,_T,_T,_T,_Z,_Z,_Z,_Z,_Z,2021,0.56,,,,,,,,,HE_HH_OWNER,SHARE,0.01,A,SEN_EHCVM2021_LEGACY_v1,
dataflow,WB.AFW360:AFW360_HH(0.3.0),R,A,SEN,SN10,SURVEY,HE_HOME_BASED,_Z,_Z,_T,_T,_T,_T,_T,_T,_Z,_Z,_Z,_Z,_Z,2021,0.28,,,,,,,,,HE_HOME_BASED,SHARE,0.01,A,SEN_EHCVM2021_LEGACY_v1,
dataflow,WB.AFW360:AFW360_HH(0.3.0),R,A,SEN,SN10,SURVEY,HE_PHONE,_Z,_Z,_T,_T,_T,_T,_T,_T,_Z,_Z,_Z,_Z,_Z,2021,1,,,,,,,,,HE_PHONE,SHARE,0.01,A,SEN_EHCVM2021_LEGACY_v1,
dataflow,WB.AFW360:AFW360_HH(0.3.0),R,A,SEN,SN10,SURVEY,HE_PREMISES_FORMAL,_Z,_Z,_T,_T,_T,_T,_T,_T,_Z,_Z,_Z,_Z,_Z,2021,0.15,,,,,,,,,HE_PREMISES_FORMAL,SHARE,0.01,A,SEN_EHCVM2021_LEGACY_v1,
dataflow,WB.AFW360:AFW360_HH(0.3.0),R,A,SEN,SN10,SURVEY,HE_PROFIT,_Z,_Z,_T,_T,_T,_T,_T,_T,_Z,_Z,_Z,_Z,_Z,2021,50459.47,,,,,,,,,HE_PROFIT,XOF,0.01,A,SEN_EHCVM2021_LEGACY_v1,
dataflow,WB.AFW360:AFW360_HH(0.3.0),R,A,SEN,SN10,SURVEY,HE_RENT,_Z,_Z,_T,_T,_T,_T,_T,_T,_Z,_Z,_Z,_Z,_Z,2021,1,,,,,,,,,HE_RENT,SHARE,0.01,A,SEN_EHCVM2021_LEGACY_v1,
dataflow,WB.AFW360:AFW360_HH(0.3.0),R,A,SEN,SN10,SURVEY,HE_REV_PER_WORKER,_Z,_Z,_T,_T,_T,_T,_T,_T,_Z,_Z,_Z,_Z,_Z,2021,410142.6,,,,,,,,,HE_REV_PER_WORKER,XOF,0.01,A,SEN_EHCVM2021_LEGACY_v1,
dataflow,WB.AFW360:AFW360_HH(0.3.0),R,A,SEN,SN10,SURVEY,HE_SELL_FIRMS,_Z,_Z,_T,_T,_T,_T,_T,_T,_Z,_Z,_Z,_Z,_Z,2021,0,,,,,,,,,HE_SELL_FIRMS,SHARE,0.01,A,SEN_EHCVM2021_LEGACY_v1,
dataflow,WB.AFW360:AFW360_HH(0.3.0),R,A,SEN,SN10,SURVEY,HE_TAX_ID,_Z,_Z,_T,_T,_T,_T,_T,_T,_Z,_Z,_Z,_Z,_Z,2021,0.13,,,,,,,,,HE_TAX_ID,SHARE,0.01,A,SEN_EHCVM2021_LEGACY_v1,
dataflow,WB.AFW360:AFW360_HH(0.3.0),R,A,SEN,SN10,SURVEY,HE_WATER,_Z,_Z,_T,_T,_T,_T,_T,_T,_Z,_Z,_Z,_Z,_Z,2021,0.23,,,,,,,,,HE_WATER,SHARE,0.01,A,SEN_EHCVM2021_LEGACY_v1,
dataflow,WB.AFW360:AFW360_HH(0.3.0),R,A,SEN,SN10,SURVEY,HOUS_FLOOR_DURABLE,_Z,_Z,_T,_T,_T,_T,_T,_T,_Z,_Z,_Z,_Z,_Z,2021,0.73,,,,,,,,,HOUS_FLOOR_DURABLE,SHARE,0.01,A,SEN_EHCVM2021_LEGACY_v1,
dataflow,WB.AFW360:AFW360_HH(0.3.0),R,A,SEN,SN10,SURVEY,HOUS_ROOF_DURABLE,_Z,_Z,_T,_T,_T,_T,_T,_T,_Z,_Z,_Z,_Z,_Z,2021,0.85,,,,,,,,,HOUS_ROOF_DURABLE,SHARE,0.01,A,SEN_EHCVM2021_LEGACY_v1,
dataflow,WB.AFW360:AFW360_HH(0.3.0),R,A,SEN,SN10,SURVEY,HOUS_SANIT_IMPROVED,_Z,_Z,_T,_T,_T,_T,_T,_T,_Z,_Z,_Z,_Z,_Z,2021,0.51,,,,,,,,,HOUS_SANIT_IMPROVED,SHARE,0.01,A,SEN_EHCVM2021_LEGACY_v1,
dataflow,WB.AFW360:AFW360_HH(0.3.0),R,A,SEN,SN10,SURVEY,HOUS_WALL_DURABLE,_Z,_Z,_T,_T,_T,_T,_T,_T,_Z,_Z,_Z,_Z,_Z,2021,0.91,,,,,,,,,HOUS_WALL_DURABLE,SHARE,0.01,A,SEN_EHCVM2021_LEGACY_v1,
dataflow,WB.AFW360:AFW360_HH(0.3.0),R,A,SEN,SN10,SURVEY,HOUS_WATER_SAFE_DRY,_Z,_Z,_T,_T,_T,_T,_T,_T,_Z,_Z,_Z,_Z,_Z,2021,0.9,,,,,,,,,HOUS_WATER_SAFE_DRY,SHARE,0.01,A,SEN_EHCVM2021_LEGACY_v1,
dataflow,WB.AFW360:AFW360_HH(0.3.0),R,A,SEN,SN10,SURVEY,POP_HE_SH,_Z,_Z,_T,HEO_MSTAT_MARRIED,_T,_T,_T,_T,_Z,_Z,_Z,_Z,_Z,2021,0.73,,,,,,,,,POP_HE_SH.HEO_MSTAT_MARRIED,SHARE,0.01,A,SEN_EHCVM2021_LEGACY_v1,
dataflow,WB.AFW360:AFW360_HH(0.3.0),R,A,SEN,SN10,SURVEY,POP_HE_SH,_Z,_Z,_T,HEO_SEX_F,_T,_T,_T,_T,_Z,_Z,_Z,_Z,_Z,2021,0.75,,,,,,,,,POP_HE_SH.HEO_SEX_F,SHARE,0.01,A,SEN_EHCVM2021_LEGACY_v1,
dataflow,WB.AFW360:AFW360_HH(0.3.0),R,A,SEN,SN10,SURVEY,POP_HH_SH,_Z,_Z,_T,HE_COUNT_0,_T,_T,_T,_T,_Z,_Z,_Z,_Z,_Z,2021,0.65,,,,,,,,,POP_HH_SH.HE_COUNT_0,SHARE,0.01,A,SEN_EHCVM2021_LEGACY_v1,
dataflow,WB.AFW360:AFW360_HH(0.3.0),R,A,SEN,SN10,SURVEY,POP_HH_SH,_Z,_Z,_T,HE_COUNT_1,_T,_T,_T,_T,_Z,_Z,_Z,_Z,_Z,2021,0.35,,,,,,,,,POP_HH_SH.HE_COUNT_1,SHARE,0.01,A,SEN_EHCVM2021_LEGACY_v1,
dataflow,WB.AFW360:AFW360_HH(0.3.0),R,A,SEN,SN10,SURVEY,POP_HH_SH,_Z,_Z,_T,HE_COUNT_2,_T,_T,_T,_T,_Z,_Z,_Z,_Z,_Z,2021,0,,,,,,,,,POP_HH_SH.HE_COUNT_2,SHARE,0.01,A,SEN_EHCVM2021_LEGACY_v1,
dataflow,WB.AFW360:AFW360_HH(0.3.0),R,A,SEN,SN10,SURVEY,POP_HH_SH,_Z,_Z,_T,HE_COUNT_3,_T,_T,_T,_T,_Z,_Z,_Z,_Z,_Z,2021,0,,,,,,,,,POP_HH_SH.HE_COUNT_3,SHARE,0.01,A,SEN_EHCVM2021_LEGACY_v1,
dataflow,WB.AFW360:AFW360_HH(0.3.0),R,A,SEN,SN10,SURVEY,POP_HH_SH,_Z,_Z,_T,HE_COUNT_4P,_T,_T,_T,_T,_Z,_Z,_Z,_Z,_Z,2021,0,,,,,,,,,POP_HH_SH.HE_COUNT_4P,SHARE,0.01,A,SEN_EHCVM2021_LEGACY_v1,
dataflow,WB.AFW360:AFW360_HH(0.3.0),R,A,SEN,SN10,SURVEY,POP_SH,_T,_T,_T,EMP_FORMAL_N,_T,_T,_T,_T,_Z,_Z,_Z,_Z,_Z,2021,0.71,,,,,,,,,POP_SH.EMP_FORMAL_N,SHARE,0.01,A,SEN_EHCVM2021_LEGACY_v1,
dataflow,WB.AFW360:AFW360_HH(0.3.0),R,A,SEN,SN10,SURVEY,POP_SH,_T,_T,_T,EMP_ISIC_G,_T,_T,_T,_T,_Z,_Z,_Z,_Z,_Z,2021,0.18,,,,,,,,,POP_SH.EMP_ISIC_G,SHARE,0.01,A,SEN_EHCVM2021_LEGACY_v1,
dataflow,WB.AFW360:AFW360_HH(0.3.0),R,A,SEN,SN10,SURVEY,POP_SH,_T,_T,_T,EMP_ISIC_H,_T,_T,_T,_T,_Z,_Z,_Z,_Z,_Z,2021,0.04,,,,,,,,,POP_SH.EMP_ISIC_H,SHARE,0.01,A,SEN_EHCVM2021_LEGACY_v1,
dataflow,WB.AFW360:AFW360_HH(0.3.0),R,A,SEN,SN10,SURVEY,POP_SH,_T,_T,_T,EMP_SECTOR_AGR,_T,_T,_T,_T,_Z,_Z,_Z,_Z,_Z,2021,0.43,,,,,,,,,POP_SH.EMP_SECTOR_AGR,SHARE,0.01,A,SEN_EHCVM2021_LEGACY_v1,
dataflow,WB.AFW360:AFW360_HH(0.3.0),R,A,SEN,SN10,SURVEY,POP_SH,_T,_T,_T,EMP_SECTOR_IND,_T,_T,_T,_T,_Z,_Z,_Z,_Z,_Z,2021,0.2,,,,,,,,,POP_SH.EMP_SECTOR_IND,SHARE,0.01,A,SEN_EHCVM2021_LEGACY_v1,
dataflow,WB.AFW360:AFW360_HH(0.3.0),R,A,SEN,SN10,SURVEY,POP_SH,_T,_T,_T,EMP_SECTOR_SER,_T,_T,_T,_T,_Z,_Z,_Z,_Z,_Z,2021,0.36,,,,,,,,,POP_SH.EMP_SECTOR_SER,SHARE,0.01,A,SEN_EHCVM2021_LEGACY_v1,
dataflow,WB.AFW360:AFW360_HH(0.3.0),R,A,SEN,SN10,SURVEY,POP_SH,_T,_T,_T,EMP_STATUS_EMPLOYED,_T,_T,_T,_T,_Z,_Z,_Z,_Z,_Z,2021,0.54,,,,,,,,,POP_SH.EMP_STATUS_EMPLOYED,SHARE,0.01,A,SEN_EHCVM2021_LEGACY_v1,
dataflow,WB.AFW360:AFW360_HH(0.3.0),R,A,SEN,SN10,SURVEY,POP_SH,_T,_T,_T,EMP_TYPE_NONWAGE,_T,_T,_T,_T,_Z,_Z,_Z,_Z,_Z,2021,0.71,,,,,,,,,POP_SH.EMP_TYPE_NONWAGE,SHARE,0.01,A,SEN_EHCVM2021_LEGACY_v1,
dataflow,WB.AFW360:AFW360_HH(0.3.0),R,A,SEN,SN10,SURVEY,POP_SH,_T,_T,_T,EMP_TYPE_WAGE,_T,_T,_T,_T,_Z,_Z,_Z,_Z,_Z,2021,0.29,,,,,,,,,POP_SH.EMP_TYPE_WAGE,SHARE,0.01,A,SEN_EHCVM2021_LEGACY_v1,
dataflow,WB.AFW360:AFW360_HH(0.3.0),R,A,SEN,SN10,SURVEY,POV_HC,_T,_T,_T,_T,_T,_T,_T,_T,POVLINE_PL300,PPP_2021,_Z,_Z,_Z,2021,0.17,,,,,,,,,POV_HC.POVLINE_PL300.PPP_2021,SHARE,0.01,A,SEN_EHCVM2021_LEGACY_v1,
dataflow,WB.AFW360:AFW360_HH(0.3.0),R,A,SEN,SN10,SURVEY,POV_HC,_T,_T,_T,_T,_T,_T,_T,_T,POVLINE_PL420,PPP_2021,_Z,_Z,_Z,2021,0.39,,,,,,,,,POV_HC.POVLINE_PL420.PPP_2021,SHARE,0.01,A,SEN_EHCVM2021_LEGACY_v1,
dataflow,WB.AFW360:AFW360_HH(0.3.0),R,A,SEN,SN10,SURVEY,POV_NUM,_T,_T,_T,_T,_T,_T,_T,_T,POVLINE_PL300,PPP_2021,_Z,_Z,_Z,2021,200000,,,,,,,,,POV_NUM.POVLINE_PL300.PPP_2021,PERSON,10000,A,SEN_EHCVM2021_LEGACY_v1,
dataflow,WB.AFW360:AFW360_HH(0.3.0),R,A,SEN,SN10,SURVEY,POV_NUM,_T,_T,_T,_T,_T,_T,_T,_T,POVLINE_PL420,PPP_2021,_Z,_Z,_Z,2021,440000,,,,,,,,,POV_NUM.POVLINE_PL420.PPP_2021,PERSON,10000,A,SEN_EHCVM2021_LEGACY_v1,
dataflow,WB.AFW360:AFW360_HH(0.3.0),R,A,SEN,SN10,SURVEY,SHK_ANY,_Z,_Z,_T,_T,_T,_T,_T,_T,_Z,_Z,_Z,_Z,_Z,2021,0.82,,,,,,,,,SHK_ANY,SHARE,0.01,A,SEN_EHCVM2021_LEGACY_v1,
dataflow,WB.AFW360:AFW360_HH(0.3.0),R,A,SEN,SN10,SURVEY,SHK_COV_CONFLICT,_Z,_Z,_T,_T,_T,_T,_T,_T,_Z,_Z,_Z,_Z,_Z,2021,0.03,,,,,,,,,SHK_COV_CONFLICT,SHARE,0.01,A,SEN_EHCVM2021_LEGACY_v1,
dataflow,WB.AFW360:AFW360_HH(0.3.0),R,A,SEN,SN10,SURVEY,SHK_COV_ECON,_Z,_Z,_T,_T,_T,_T,_T,_T,_Z,_Z,_Z,_Z,_Z,2021,0.62,,,,,,,,,SHK_COV_ECON,SHARE,0.01,A,SEN_EHCVM2021_LEGACY_v1,
dataflow,WB.AFW360:AFW360_HH(0.3.0),R,A,SEN,SN10,SURVEY,SHK_COV_NATURAL,_Z,_Z,_T,_T,_T,_T,_T,_T,_Z,_Z,_Z,_Z,_Z,2021,0.41,,,,,,,,,SHK_COV_NATURAL,SHARE,0.01,A,SEN_EHCVM2021_LEGACY_v1,
dataflow,WB.AFW360:AFW360_HH(0.3.0),R,A,SEN,SN10,SURVEY,SHK_IDIO_ECON,_Z,_Z,_T,_T,_T,_T,_T,_T,_Z,_Z,_Z,_Z,_Z,2021,0.2,,,,,,,,,SHK_IDIO_ECON,SHARE,0.01,A,SEN_EHCVM2021_LEGACY_v1,
dataflow,WB.AFW360:AFW360_HH(0.3.0),R,A,SEN,SN10,SURVEY,SP_HEALTH_COV,_T,_T,_T,_T,_T,_T,_T,_T,_Z,_Z,_Z,_Z,_Z,2021,0.02,,,,,,,,,SP_HEALTH_COV,SHARE,0.01,A,SEN_EHCVM2021_LEGACY_v1,
dataflow,WB.AFW360:AFW360_HH(0.3.0),R,A,SEN,SN10,SURVEY,SP_HEALTH_COV_HH,_Z,_Z,_T,_T,_T,_T,_T,_T,_Z,_Z,_Z,_Z,_Z,2021,0.05,,,,,,,,,SP_HEALTH_COV_HH,SHARE,0.01,A,SEN_EHCVM2021_LEGACY_v1,
dataflow,WB.AFW360:AFW360_HH(0.3.0),R,A,SEN,SN11,SURVEY,AGR_CULTIVATES,_Z,_Z,_T,_T,_T,_T,_T,_T,_Z,_Z,_Z,_Z,_Z,2021,0.76,,,,,,,,,AGR_CULTIVATES,SHARE,0.01,A,SEN_EHCVM2021_LEGACY_v1,
dataflow,WB.AFW360:AFW360_HH(0.3.0),R,A,SEN,SN11,SURVEY,AGR_CULT_AREA,_Z,_Z,_T,_T,_T,_T,_T,_T,_Z,_Z,_Z,_Z,_Z,2021,3.14,,,,,,,,,AGR_CULT_AREA,HA,0.01,A,SEN_EHCVM2021_LEGACY_v1,
dataflow,WB.AFW360:AFW360_HH(0.3.0),R,A,SEN,SN11,SURVEY,AGR_LIVESTOCK_ANY,_Z,_Z,_T,_T,_T,_T,_T,_T,_Z,_Z,_Z,_Z,_Z,2021,0.53,,,,,,,,,AGR_LIVESTOCK_ANY,SHARE,0.01,A,SEN_EHCVM2021_LEGACY_v1,
dataflow,WB.AFW360:AFW360_HH(0.3.0),R,A,SEN,SN11,SURVEY,AGR_TLU,_Z,_Z,_T,_T,_T,_T,_T,_T,_Z,_Z,_Z,_Z,_Z,2021,2.69,,,,,,,,,AGR_TLU,TLU,0.01,A,SEN_EHCVM2021_LEGACY_v1,
dataflow,WB.AFW360:AFW360_HH(0.3.0),R,A,SEN,SN11,SURVEY,CONS_SH,_Z,_Z,_T,_T,_T,_T,_T,_T,COICOP_CP01,ACQ_OWNPROD,_Z,_Z,_Z,2021,0.11,,,,,,,,,CONS_SH.COICOP_CP01.ACQ_OWNPROD,SHARE,0.01,A,SEN_EHCVM2021_LEGACY_v1,
dataflow,WB.AFW360:AFW360_HH(0.3.0),R,A,SEN,SN11,SURVEY,CONS_SH,_Z,_Z,_T,_T,_T,_T,_T,_T,COICOP_CP01,ACQ_PURCH,_Z,_Z,_Z,2021,0.38,,,,,,,,,CONS_SH.COICOP_CP01.ACQ_PURCH,SHARE,0.01,A,SEN_EHCVM2021_LEGACY_v1,
dataflow,WB.AFW360:AFW360_HH(0.3.0),R,A,SEN,SN11,SURVEY,CONS_SH,_Z,_Z,_T,_T,_T,_T,_T,_T,COICOP_CP01,_Z,_Z,_Z,_Z,2021,0.5,,,,,,,,,CONS_SH.COICOP_CP01,SHARE,0.01,A,SEN_EHCVM2021_LEGACY_v1,
dataflow,WB.AFW360:AFW360_HH(0.3.0),R,A,SEN,SN11,SURVEY,CONS_SH,_Z,_Z,_T,_T,_T,_T,_T,_T,COICOP_CP02,_Z,_Z,_Z,_Z,2021,0,,,,,,,,,CONS_SH.COICOP_CP02,SHARE,0.01,A,SEN_EHCVM2021_LEGACY_v1,
dataflow,WB.AFW360:AFW360_HH(0.3.0),R,A,SEN,SN11,SURVEY,CONS_SH,_Z,_Z,_T,_T,_T,_T,_T,_T,COICOP_CP03,_Z,_Z,_Z,_Z,2021,0.05,,,,,,,,,CONS_SH.COICOP_CP03,SHARE,0.01,A,SEN_EHCVM2021_LEGACY_v1,
dataflow,WB.AFW360:AFW360_HH(0.3.0),R,A,SEN,SN11,SURVEY,CONS_SH,_Z,_Z,_T,_T,_T,_T,_T,_T,COICOP_CP04,_Z,_Z,_Z,_Z,2021,0.16,,,,,,,,,CONS_SH.COICOP_CP04,SHARE,0.01,A,SEN_EHCVM2021_LEGACY_v1,
dataflow,WB.AFW360:AFW360_HH(0.3.0),R,A,SEN,SN11,SURVEY,CONS_SH,_Z,_Z,_T,_T,_T,_T,_T,_T,COICOP_CP05,_Z,_Z,_Z,_Z,2021,0.04,,,,,,,,,CONS_SH.COICOP_CP05,SHARE,0.01,A,SEN_EHCVM2021_LEGACY_v1,
dataflow,WB.AFW360:AFW360_HH(0.3.0),R,A,SEN,SN11,SURVEY,CONS_SH,_Z,_Z,_T,_T,_T,_T,_T,_T,COICOP_CP06,_Z,_Z,_Z,_Z,2021,0.02,,,,,,,,,CONS_SH.COICOP_CP06,SHARE,0.01,A,SEN_EHCVM2021_LEGACY_v1,
dataflow,WB.AFW360:AFW360_HH(0.3.0),R,A,SEN,SN11,SURVEY,CONS_SH,_Z,_Z,_T,_T,_T,_T,_T,_T,COICOP_CP07,_Z,_Z,_Z,_Z,2021,0.04,,,,,,,,,CONS_SH.COICOP_CP07,SHARE,0.01,A,SEN_EHCVM2021_LEGACY_v1,
dataflow,WB.AFW360:AFW360_HH(0.3.0),R,A,SEN,SN11,SURVEY,CONS_SH,_Z,_Z,_T,_T,_T,_T,_T,_T,COICOP_CP08,_Z,_Z,_Z,_Z,2021,0.06,,,,,,,,,CONS_SH.COICOP_CP08,SHARE,0.01,A,SEN_EHCVM2021_LEGACY_v1,
dataflow,WB.AFW360:AFW360_HH(0.3.0),R,A,SEN,SN11,SURVEY,CONS_SH,_Z,_Z,_T,_T,_T,_T,_T,_T,COICOP_CP09,_Z,_Z,_Z,_Z,2021,0,,,,,,,,,CONS_SH.COICOP_CP09,SHARE,0.01,A,SEN_EHCVM2021_LEGACY_v1,
dataflow,WB.AFW360:AFW360_HH(0.3.0),R,A,SEN,SN11,SURVEY,CONS_SH,_Z,_Z,_T,_T,_T,_T,_T,_T,COICOP_CP10,_Z,_Z,_Z,_Z,2021,0.01,,,,,,,,,CONS_SH.COICOP_CP10,SHARE,0.01,A,SEN_EHCVM2021_LEGACY_v1,
dataflow,WB.AFW360:AFW360_HH(0.3.0),R,A,SEN,SN11,SURVEY,CONS_SH,_Z,_Z,_T,_T,_T,_T,_T,_T,COICOP_CP11,_Z,_Z,_Z,_Z,2021,0.07,,,,,,,,,CONS_SH.COICOP_CP11,SHARE,0.01,A,SEN_EHCVM2021_LEGACY_v1,
dataflow,WB.AFW360:AFW360_HH(0.3.0),R,A,SEN,SN11,SURVEY,CONS_SH,_Z,_Z,_T,_T,_T,_T,_T,_T,COICOP_CP12,_Z,_Z,_Z,_Z,2021,0,,,,,,,,,CONS_SH.COICOP_CP12,SHARE,0.01,A,SEN_EHCVM2021_LEGACY_v1,
dataflow,WB.AFW360:AFW360_HH(0.3.0),R,A,SEN,SN11,SURVEY,CONS_SH,_Z,_Z,_T,_T,_T,_T,_T,_T,COICOP_CP13,_Z,_Z,_Z,_Z,2021,0.02,,,,,,,,,CONS_SH.COICOP_CP13,SHARE,0.01,A,SEN_EHCVM2021_LEGACY_v1,
dataflow,WB.AFW360:AFW360_HH(0.3.0),R,A,SEN,SN11,SURVEY,EN_ASSET_AC,_Z,_Z,_T,_T,_T,_T,_T,_T,_Z,_Z,_Z,_Z,_Z,2021,0.03,,,,,,,,,EN_ASSET_AC,SHARE,0.01,A,SEN_EHCVM2021_LEGACY_v1,
dataflow,WB.AFW360:AFW360_HH(0.3.0),R,A,SEN,SN11,SURVEY,EN_ASSET_COOKER,_Z,_Z,_T,_T,_T,_T,_T,_T,_Z,_Z,_Z,_Z,_Z,2021,0,,,,,,,,,EN_ASSET_COOKER,SHARE,0.01,A,SEN_EHCVM2021_LEGACY_v1,
dataflow,WB.AFW360:AFW360_HH(0.3.0),R,A,SEN,SN11,SURVEY,EN_ASSET_FAN,_Z,_Z,_T,_T,_T,_T,_T,_T,_Z,_Z,_Z,_Z,_Z,2021,0,,,,,,,,,EN_ASSET_FAN,SHARE,0.01,A,SEN_EHCVM2021_LEGACY_v1,
dataflow,WB.AFW360:AFW360_HH(0.3.0),R,A,SEN,SN11,SURVEY,EN_ASSET_WATER_HEATER,_Z,_Z,_T,_T,_T,_T,_T,_T,_Z,_Z,_Z,_Z,_Z,2021,0,,,,,,,,,EN_ASSET_WATER_HEATER,SHARE,0.01,A,SEN_EHCVM2021_LEGACY_v1,
dataflow,WB.AFW360:AFW360_HH(0.3.0),R,A,SEN,SN11,SURVEY,EN_COOK_BIOMASS,_Z,_Z,_T,_T,_T,_T,_T,_T,_Z,_Z,_Z,_Z,_Z,2021,0.23,,,,,,,,,EN_COOK_BIOMASS,SHARE,0.01,A,SEN_EHCVM2021_LEGACY_v1,
dataflow,WB.AFW360:AFW360_HH(0.3.0),R,A,SEN,SN11,SURVEY,EN_COOK_CLEAN,_Z,_Z,_T,_T,_T,_T,_T,_T,_Z,_Z,_Z,_Z,_Z,2021,0.77,,,,,,,,,EN_COOK_CLEAN,SHARE,0.01,A,SEN_EHCVM2021_LEGACY_v1,LEGACY_SUSPECT: Implausible pattern: higher in Rural and Q1 than in Capital and Q4.
dataflow,WB.AFW360:AFW360_HH(0.3.0),R,A,SEN,SN11,SURVEY,EN_ELEC_ACCESS,_Z,_Z,_T,_T,_T,_T,_T,_T,_Z,_Z,_Z,_Z,_Z,2021,0.38,,,,,,,,,EN_ELEC_ACCESS,SHARE,0.01,A,SEN_EHCVM2021_LEGACY_v1,
dataflow,WB.AFW360:AFW360_HH(0.3.0),R,A,SEN,SN11,SURVEY,EN_ELEC_INFORMAL,_Z,_Z,_T,_T,_T,_T,_T,_T,_Z,_Z,_Z,_Z,_Z,2021,0.01,,,,,,,,,EN_ELEC_INFORMAL,SHARE,0.01,A,SEN_EHCVM2021_LEGACY_v1,
dataflow,WB.AFW360:AFW360_HH(0.3.0),R,A,SEN,SN11,SURVEY,EN_ELEC_SPEND,_Z,_Z,_T,_T,_T,_T,_T,_T,_Z,_Z,_Z,_Z,_Z,2021,13200.22,,,,,,,,,EN_ELEC_SPEND,XOF,0.01,A,SEN_EHCVM2021_LEGACY_v1,
dataflow,WB.AFW360:AFW360_HH(0.3.0),R,A,SEN,SN11,SURVEY,EN_GRID_CONN,_Z,_Z,_T,_T,_T,_T,_T,_T,_Z,_Z,_Z,_Z,_Z,2021,0.99,,,,,,,,,EN_GRID_CONN,SHARE,0.01,A,SEN_EHCVM2021_LEGACY_v1,"LEGACY_SUSPECT: Implausible: 0.96-1.00 in every cell, including Q1 and Rural."
dataflow,WB.AFW360:AFW360_HH(0.3.0),R,A,SEN,SN11,SURVEY,EN_GRID_USE,_Z,_Z,_T,_T,_T,_T,_T,_T,_Z,_Z,_Z,_Z,_Z,2021,0.39,,,,,,,,,EN_GRID_USE,SHARE,0.01,A,SEN_EHCVM2021_LEGACY_v1,
dataflow,WB.AFW360:AFW360_HH(0.3.0),R,A,SEN,SN11,SURVEY,EN_LIGHT_IMPROVED,_Z,_Z,_T,_T,_T,_T,_T,_T,_Z,_Z,_Z,_Z,_Z,2021,0.93,,,,,,,,,EN_LIGHT_IMPROVED,SHARE,0.01,A,SEN_EHCVM2021_LEGACY_v1,
dataflow,WB.AFW360:AFW360_HH(0.3.0),R,A,SEN,SN11,SURVEY,EN_OFFGRID_USE,_Z,_Z,_T,_T,_T,_T,_T,_T,_Z,_Z,_Z,_Z,_Z,2021,0.4,,,,,,,,,EN_OFFGRID_USE,SHARE,0.01,A,SEN_EHCVM2021_LEGACY_v1,
dataflow,WB.AFW360:AFW360_HH(0.3.0),R,A,SEN,SN11,SURVEY,EN_OUTAGE_ANY,_Z,_Z,_T,_T,_T,_T,_T,_T,_Z,_Z,_Z,_Z,_Z,2021,0.33,,,,,,,,,EN_OUTAGE_ANY,SHARE,0.01,A,SEN_EHCVM2021_LEGACY_v1,
dataflow,WB.AFW360:AFW360_HH(0.3.0),R,A,SEN,SN11,SURVEY,EN_OUTAGE_DAYS,_Z,_Z,_T,_T,_T,_T,_T,_T,_Z,_Z,_Z,_Z,_Z,2021,1.93,,,,,,,,,EN_OUTAGE_DAYS,DAY,0.01,A,SEN_EHCVM2021_LEGACY_v1,
dataflow,WB.AFW360:AFW360_HH(0.3.0),R,A,SEN,SN11,SURVEY,EN_OUTAGE_DUR_CODE,_Z,_Z,_T,_T,_T,_T,_T,_T,_Z,_Z,_Z,_Z,_Z,2021,1.94,,,,,,,,,EN_OUTAGE_DUR_CODE,INDEX,0.01,A,SEN_EHCVM2021_LEGACY_v1,
dataflow,WB.AFW360:AFW360_HH(0.3.0),R,A,SEN,SN11,SURVEY,EN_PREPAID_METER,_Z,_Z,_T,_T,_T,_T,_T,_T,_Z,_Z,_Z,_Z,_Z,2021,0.39,,,,,,,,,EN_PREPAID_METER,SHARE,0.01,A,SEN_EHCVM2021_LEGACY_v1,
dataflow,WB.AFW360:AFW360_HH(0.3.0),R,A,SEN,SN11,SURVEY,HE_ACCOUNTS,_Z,_Z,_T,_T,_T,_T,_T,_T,_Z,_Z,_Z,_Z,_Z,2021,0,,,,,,,,,HE_ACCOUNTS,SHARE,0.01,A,SEN_EHCVM2021_LEGACY_v1,
dataflow,WB.AFW360:AFW360_HH(0.3.0),R,A,SEN,SN11,SURVEY,HE_AGE,_Z,_Z,_T,_T,_T,_T,_T,_T,_Z,_Z,_Z,_Z,_Z,2021,7.37,,,,,,,,,HE_AGE,YEAR,0.01,A,SEN_EHCVM2021_LEGACY_v1,
dataflow,WB.AFW360:AFW360_HH(0.3.0),R,A,SEN,SN11,SURVEY,HE_BUY_FIRMS,_Z,_Z,_T,_T,_T,_T,_T,_T,_Z,_Z,_Z,_Z,_Z,2021,0.29,,,,,,,,,HE_BUY_FIRMS,SHARE,0.01,A,SEN_EHCVM2021_LEGACY_v1,
dataflow,WB.AFW360:AFW360_HH(0.3.0),R,A,SEN,SN11,SURVEY,HE_CAPITAL,_Z,_Z,_T,_T,_T,_T,_T,_T,_Z,_Z,_Z,_Z,_Z,2021,118585.58,,,,,,,,,HE_CAPITAL,XOF,0.01,A,SEN_EHCVM2021_LEGACY_v1,
dataflow,WB.AFW360:AFW360_HH(0.3.0),R,A,SEN,SN11,SURVEY,HE_COSTS,_Z,_Z,_T,_T,_T,_T,_T,_T,_Z,_Z,_Z,_Z,_Z,2021,29567.93,,,,,,,,,HE_COSTS,XOF,0.01,A,SEN_EHCVM2021_LEGACY_v1,
dataflow,WB.AFW360:AFW360_HH(0.3.0),R,A,SEN,SN11,SURVEY,HE_CREDIT_ANY,_Z,_Z,_T,_T,_T,_T,_T,_T,_Z,_Z,_Z,_Z,_Z,2021,0.22,,,,,,,,,HE_CREDIT_ANY,SHARE,0.01,A,SEN_EHCVM2021_LEGACY_v1,
dataflow,WB.AFW360:AFW360_HH(0.3.0),R,A,SEN,SN11,SURVEY,HE_CREDIT_FORMAL,_Z,_Z,_T,_T,_T,_T,_T,_T,_Z,_Z,_Z,_Z,_Z,2021,0,,,,,,,,,HE_CREDIT_FORMAL,SHARE,0.01,A,SEN_EHCVM2021_LEGACY_v1,
dataflow,WB.AFW360:AFW360_HH(0.3.0),R,A,SEN,SN11,SURVEY,HE_CREDIT_INFORMAL,_Z,_Z,_T,_T,_T,_T,_T,_T,_Z,_Z,_Z,_Z,_Z,2021,0.22,,,,,,,,,HE_CREDIT_INFORMAL,SHARE,0.01,A,SEN_EHCVM2021_LEGACY_v1,
dataflow,WB.AFW360:AFW360_HH(0.3.0),R,A,SEN,SN11,SURVEY,HE_ELEC,_Z,_Z,_T,_T,_T,_T,_T,_T,_Z,_Z,_Z,_Z,_Z,2021,1,,,,,,,,,HE_ELEC,SHARE,0.01,A,SEN_EHCVM2021_LEGACY_v1,
dataflow,WB.AFW360:AFW360_HH(0.3.0),R,A,SEN,SN11,SURVEY,HE_EMP_EXT_ANY,_Z,_Z,_T,_T,_T,_T,_T,_T,_Z,_Z,_Z,_Z,_Z,2021,1,,,,,,,,,HE_EMP_EXT_ANY,SHARE,0.01,A,SEN_EHCVM2021_LEGACY_v1,LEGACY_SUSPECT: Implausible: share 0.96 while mean non-HH employees is 0.54.
dataflow,WB.AFW360:AFW360_HH(0.3.0),R,A,SEN,SN11,SURVEY,HE_EMP_HH_NUM,_Z,_Z,_T,_T,_T,_T,_T,_T,_Z,_Z,_Z,_Z,_Z,2021,0.16,,,,,,,,,HE_EMP_HH_NUM,PERSON,0.01,A,SEN_EHCVM2021_LEGACY_v1,
dataflow,WB.AFW360:AFW360_HH(0.3.0),R,A,SEN,SN11,SURVEY,HE_EMP_NONHH_NUM,_Z,_Z,_T,_T,_T,_T,_T,_T,_Z,_Z,_Z,_Z,_Z,2021,0.41,,,,,,,,,HE_EMP_NONHH_NUM,PERSON,0.01,A,SEN_EHCVM2021_LEGACY_v1,
dataflow,WB.AFW360:AFW360_HH(0.3.0),R,A,SEN,SN11,SURVEY,HE_EMP_NUM,_Z,_Z,_T,_T,_T,_T,_T,_T,_Z,_Z,_Z,_Z,_Z,2021,1.01,,,,,,,,,HE_EMP_NUM,PERSON,0.01,A,SEN_EHCVM2021_LEGACY_v1,
dataflow,WB.AFW360:AFW360_HH(0.3.0),R,A,SEN,SN11,SURVEY,HE_HH_OWNER,_Z,_Z,_T,_T,_T,_T,_T,_T,_Z,_Z,_Z,_Z,_Z,2021,0.42,,,,,,,,,HE_HH_OWNER,SHARE,0.01,A,SEN_EHCVM2021_LEGACY_v1,
dataflow,WB.AFW360:AFW360_HH(0.3.0),R,A,SEN,SN11,SURVEY,HE_HOME_BASED,_Z,_Z,_T,_T,_T,_T,_T,_T,_Z,_Z,_Z,_Z,_Z,2021,0.59,,,,,,,,,HE_HOME_BASED,SHARE,0.01,A,SEN_EHCVM2021_LEGACY_v1,
dataflow,WB.AFW360:AFW360_HH(0.3.0),R,A,SEN,SN11,SURVEY,HE_PHONE,_Z,_Z,_T,_T,_T,_T,_T,_T,_Z,_Z,_Z,_Z,_Z,2021,1,,,,,,,,,HE_PHONE,SHARE,0.01,A,SEN_EHCVM2021_LEGACY_v1,
dataflow,WB.AFW360:AFW360_HH(0.3.0),R,A,SEN,SN11,SURVEY,HE_PREMISES_FORMAL,_Z,_Z,_T,_T,_T,_T,_T,_T,_Z,_Z,_Z,_Z,_Z,2021,0.13,,,,,,,,,HE_PREMISES_FORMAL,SHARE,0.01,A,SEN_EHCVM2021_LEGACY_v1,
dataflow,WB.AFW360:AFW360_HH(0.3.0),R,A,SEN,SN11,SURVEY,HE_PROFIT,_Z,_Z,_T,_T,_T,_T,_T,_T,_Z,_Z,_Z,_Z,_Z,2021,24233.38,,,,,,,,,HE_PROFIT,XOF,0.01,A,SEN_EHCVM2021_LEGACY_v1,
dataflow,WB.AFW360:AFW360_HH(0.3.0),R,A,SEN,SN11,SURVEY,HE_RENT,_Z,_Z,_T,_T,_T,_T,_T,_T,_Z,_Z,_Z,_Z,_Z,2021,1,,,,,,,,,HE_RENT,SHARE,0.01,A,SEN_EHCVM2021_LEGACY_v1,
dataflow,WB.AFW360:AFW360_HH(0.3.0),R,A,SEN,SN11,SURVEY,HE_REV_PER_WORKER,_Z,_Z,_T,_T,_T,_T,_T,_T,_Z,_Z,_Z,_Z,_Z,2021,641480.5,,,,,,,,,HE_REV_PER_WORKER,XOF,0.01,A,SEN_EHCVM2021_LEGACY_v1,
dataflow,WB.AFW360:AFW360_HH(0.3.0),R,A,SEN,SN11,SURVEY,HE_SELL_FIRMS,_Z,_Z,_T,_T,_T,_T,_T,_T,_Z,_Z,_Z,_Z,_Z,2021,0.1,,,,,,,,,HE_SELL_FIRMS,SHARE,0.01,A,SEN_EHCVM2021_LEGACY_v1,
dataflow,WB.AFW360:AFW360_HH(0.3.0),R,A,SEN,SN11,SURVEY,HE_TAX_ID,_Z,_Z,_T,_T,_T,_T,_T,_T,_Z,_Z,_Z,_Z,_Z,2021,0.05,,,,,,,,,HE_TAX_ID,SHARE,0.01,A,SEN_EHCVM2021_LEGACY_v1,
dataflow,WB.AFW360:AFW360_HH(0.3.0),R,A,SEN,SN11,SURVEY,HE_WATER,_Z,_Z,_T,_T,_T,_T,_T,_T,_Z,_Z,_Z,_Z,_Z,2021,0.19,,,,,,,,,HE_WATER,SHARE,0.01,A,SEN_EHCVM2021_LEGACY_v1,
dataflow,WB.AFW360:AFW360_HH(0.3.0),R,A,SEN,SN11,SURVEY,HOUS_FLOOR_DURABLE,_Z,_Z,_T,_T,_T,_T,_T,_T,_Z,_Z,_Z,_Z,_Z,2021,0.64,,,,,,,,,HOUS_FLOOR_DURABLE,SHARE,0.01,A,SEN_EHCVM2021_LEGACY_v1,
dataflow,WB.AFW360:AFW360_HH(0.3.0),R,A,SEN,SN11,SURVEY,HOUS_ROOF_DURABLE,_Z,_Z,_T,_T,_T,_T,_T,_T,_Z,_Z,_Z,_Z,_Z,2021,0.97,,,,,,,,,HOUS_ROOF_DURABLE,SHARE,0.01,A,SEN_EHCVM2021_LEGACY_v1,
dataflow,WB.AFW360:AFW360_HH(0.3.0),R,A,SEN,SN11,SURVEY,HOUS_SANIT_IMPROVED,_Z,_Z,_T,_T,_T,_T,_T,_T,_Z,_Z,_Z,_Z,_Z,2021,0.2,,,,,,,,,HOUS_SANIT_IMPROVED,SHARE,0.01,A,SEN_EHCVM2021_LEGACY_v1,
dataflow,WB.AFW360:AFW360_HH(0.3.0),R,A,SEN,SN11,SURVEY,HOUS_WALL_DURABLE,_Z,_Z,_T,_T,_T,_T,_T,_T,_Z,_Z,_Z,_Z,_Z,2021,0.89,,,,,,,,,HOUS_WALL_DURABLE,SHARE,0.01,A,SEN_EHCVM2021_LEGACY_v1,
dataflow,WB.AFW360:AFW360_HH(0.3.0),R,A,SEN,SN11,SURVEY,HOUS_WATER_SAFE_DRY,_Z,_Z,_T,_T,_T,_T,_T,_T,_Z,_Z,_Z,_Z,_Z,2021,0.39,,,,,,,,,HOUS_WATER_SAFE_DRY,SHARE,0.01,A,SEN_EHCVM2021_LEGACY_v1,
dataflow,WB.AFW360:AFW360_HH(0.3.0),R,A,SEN,SN11,SURVEY,POP_HE_SH,_Z,_Z,_T,HEO_MSTAT_MARRIED,_T,_T,_T,_T,_Z,_Z,_Z,_Z,_Z,2021,0.71,,,,,,,,,POP_HE_SH.HEO_MSTAT_MARRIED,SHARE,0.01,A,SEN_EHCVM2021_LEGACY_v1,
dataflow,WB.AFW360:AFW360_HH(0.3.0),R,A,SEN,SN11,SURVEY,POP_HE_SH,_Z,_Z,_T,HEO_SEX_F,_T,_T,_T,_T,_Z,_Z,_Z,_Z,_Z,2021,0.72,,,,,,,,,POP_HE_SH.HEO_SEX_F,SHARE,0.01,A,SEN_EHCVM2021_LEGACY_v1,
dataflow,WB.AFW360:AFW360_HH(0.3.0),R,A,SEN,SN11,SURVEY,POP_HH_SH,_Z,_Z,_T,HE_COUNT_0,_T,_T,_T,_T,_Z,_Z,_Z,_Z,_Z,2021,0.2,,,,,,,,,POP_HH_SH.HE_COUNT_0,SHARE,0.01,A,SEN_EHCVM2021_LEGACY_v1,
dataflow,WB.AFW360:AFW360_HH(0.3.0),R,A,SEN,SN11,SURVEY,POP_HH_SH,_Z,_Z,_T,HE_COUNT_1,_T,_T,_T,_T,_Z,_Z,_Z,_Z,_Z,2021,0.71,,,,,,,,,POP_HH_SH.HE_COUNT_1,SHARE,0.01,A,SEN_EHCVM2021_LEGACY_v1,
dataflow,WB.AFW360:AFW360_HH(0.3.0),R,A,SEN,SN11,SURVEY,POP_HH_SH,_Z,_Z,_T,HE_COUNT_2,_T,_T,_T,_T,_Z,_Z,_Z,_Z,_Z,2021,0.08,,,,,,,,,POP_HH_SH.HE_COUNT_2,SHARE,0.01,A,SEN_EHCVM2021_LEGACY_v1,
dataflow,WB.AFW360:AFW360_HH(0.3.0),R,A,SEN,SN11,SURVEY,POP_HH_SH,_Z,_Z,_T,HE_COUNT_3,_T,_T,_T,_T,_Z,_Z,_Z,_Z,_Z,2021,0.01,,,,,,,,,POP_HH_SH.HE_COUNT_3,SHARE,0.01,A,SEN_EHCVM2021_LEGACY_v1,
dataflow,WB.AFW360:AFW360_HH(0.3.0),R,A,SEN,SN11,SURVEY,POP_HH_SH,_Z,_Z,_T,HE_COUNT_4P,_T,_T,_T,_T,_Z,_Z,_Z,_Z,_Z,2021,0,,,,,,,,,POP_HH_SH.HE_COUNT_4P,SHARE,0.01,A,SEN_EHCVM2021_LEGACY_v1,
dataflow,WB.AFW360:AFW360_HH(0.3.0),R,A,SEN,SN11,SURVEY,POP_SH,_T,_T,_T,EMP_FORMAL_N,_T,_T,_T,_T,_Z,_Z,_Z,_Z,_Z,2021,0.83,,,,,,,,,POP_SH.EMP_FORMAL_N,SHARE,0.01,A,SEN_EHCVM2021_LEGACY_v1,
dataflow,WB.AFW360:AFW360_HH(0.3.0),R,A,SEN,SN11,SURVEY,POP_SH,_T,_T,_T,EMP_ISIC_G,_T,_T,_T,_T,_Z,_Z,_Z,_Z,_Z,2021,0.11,,,,,,,,,POP_SH.EMP_ISIC_G,SHARE,0.01,A,SEN_EHCVM2021_LEGACY_v1,
dataflow,WB.AFW360:AFW360_HH(0.3.0),R,A,SEN,SN11,SURVEY,POP_SH,_T,_T,_T,EMP_ISIC_H,_T,_T,_T,_T,_Z,_Z,_Z,_Z,_Z,2021,0.04,,,,,,,,,POP_SH.EMP_ISIC_H,SHARE,0.01,A,SEN_EHCVM2021_LEGACY_v1,
dataflow,WB.AFW360:AFW360_HH(0.3.0),R,A,SEN,SN11,SURVEY,POP_SH,_T,_T,_T,EMP_SECTOR_AGR,_T,_T,_T,_T,_Z,_Z,_Z,_Z,_Z,2021,0.66,,,,,,,,,POP_SH.EMP_SECTOR_AGR,SHARE,0.01,A,SEN_EHCVM2021_LEGACY_v1,
dataflow,WB.AFW360:AFW360_HH(0.3.0),R,A,SEN,SN11,SURVEY,POP_SH,_T,_T,_T,EMP_SECTOR_IND,_T,_T,_T,_T,_Z,_Z,_Z,_Z,_Z,2021,0.14,,,,,,,,,POP_SH.EMP_SECTOR_IND,SHARE,0.01,A,SEN_EHCVM2021_LEGACY_v1,
dataflow,WB.AFW360:AFW360_HH(0.3.0),R,A,SEN,SN11,SURVEY,POP_SH,_T,_T,_T,EMP_SECTOR_SER,_T,_T,_T,_T,_Z,_Z,_Z,_Z,_Z,2021,0.21,,,,,,,,,POP_SH.EMP_SECTOR_SER,SHARE,0.01,A,SEN_EHCVM2021_LEGACY_v1,
dataflow,WB.AFW360:AFW360_HH(0.3.0),R,A,SEN,SN11,SURVEY,POP_SH,_T,_T,_T,EMP_STATUS_EMPLOYED,_T,_T,_T,_T,_Z,_Z,_Z,_Z,_Z,2021,0.65,,,,,,,,,POP_SH.EMP_STATUS_EMPLOYED,SHARE,0.01,A,SEN_EHCVM2021_LEGACY_v1,
dataflow,WB.AFW360:AFW360_HH(0.3.0),R,A,SEN,SN11,SURVEY,POP_SH,_T,_T,_T,EMP_TYPE_NONWAGE,_T,_T,_T,_T,_Z,_Z,_Z,_Z,_Z,2021,0.88,,,,,,,,,POP_SH.EMP_TYPE_NONWAGE,SHARE,0.01,A,SEN_EHCVM2021_LEGACY_v1,
dataflow,WB.AFW360:AFW360_HH(0.3.0),R,A,SEN,SN11,SURVEY,POP_SH,_T,_T,_T,EMP_TYPE_WAGE,_T,_T,_T,_T,_Z,_Z,_Z,_Z,_Z,2021,0.12,,,,,,,,,POP_SH.EMP_TYPE_WAGE,SHARE,0.01,A,SEN_EHCVM2021_LEGACY_v1,
dataflow,WB.AFW360:AFW360_HH(0.3.0),R,A,SEN,SN11,SURVEY,POV_HC,_T,_T,_T,_T,_T,_T,_T,_T,POVLINE_PL300,PPP_2021,_Z,_Z,_Z,2021,0.4,,,,,,,,,POV_HC.POVLINE_PL300.PPP_2021,SHARE,0.01,A,SEN_EHCVM2021_LEGACY_v1,
dataflow,WB.AFW360:AFW360_HH(0.3.0),R,A,SEN,SN11,SURVEY,POV_HC,_T,_T,_T,_T,_T,_T,_T,_T,POVLINE_PL420,PPP_2021,_Z,_Z,_Z,2021,0.71,,,,,,,,,POV_HC.POVLINE_PL420.PPP_2021,SHARE,0.01,A,SEN_EHCVM2021_LEGACY_v1,
dataflow,WB.AFW360:AFW360_HH(0.3.0),R,A,SEN,SN11,SURVEY,POV_NUM,_T,_T,_T,_T,_T,_T,_T,_T,POVLINE_PL300,PPP_2021,_Z,_Z,_Z,2021,240000,,,,,,,,,POV_NUM.POVLINE_PL300.PPP_2021,PERSON,10000,A,SEN_EHCVM2021_LEGACY_v1,
dataflow,WB.AFW360:AFW360_HH(0.3.0),R,A,SEN,SN11,SURVEY,POV_NUM,_T,_T,_T,_T,_T,_T,_T,_T,POVLINE_PL420,PPP_2021,_Z,_Z,_Z,2021,430000,,,,,,,,,POV_NUM.POVLINE_PL420.PPP_2021,PERSON,10000,A,SEN_EHCVM2021_LEGACY_v1,
dataflow,WB.AFW360:AFW360_HH(0.3.0),R,A,SEN,SN11,SURVEY,SHK_ANY,_Z,_Z,_T,_T,_T,_T,_T,_T,_Z,_Z,_Z,_Z,_Z,2021,0.62,,,,,,,,,SHK_ANY,SHARE,0.01,A,SEN_EHCVM2021_LEGACY_v1,
dataflow,WB.AFW360:AFW360_HH(0.3.0),R,A,SEN,SN11,SURVEY,SHK_COV_CONFLICT,_Z,_Z,_T,_T,_T,_T,_T,_T,_Z,_Z,_Z,_Z,_Z,2021,0,,,,,,,,,SHK_COV_CONFLICT,SHARE,0.01,A,SEN_EHCVM2021_LEGACY_v1,
dataflow,WB.AFW360:AFW360_HH(0.3.0),R,A,SEN,SN11,SURVEY,SHK_COV_ECON,_Z,_Z,_T,_T,_T,_T,_T,_T,_Z,_Z,_Z,_Z,_Z,2021,0.36,,,,,,,,,SHK_COV_ECON,SHARE,0.01,A,SEN_EHCVM2021_LEGACY_v1,
dataflow,WB.AFW360:AFW360_HH(0.3.0),R,A,SEN,SN11,SURVEY,SHK_COV_NATURAL,_Z,_Z,_T,_T,_T,_T,_T,_T,_Z,_Z,_Z,_Z,_Z,2021,0.2,,,,,,,,,SHK_COV_NATURAL,SHARE,0.01,A,SEN_EHCVM2021_LEGACY_v1,
dataflow,WB.AFW360:AFW360_HH(0.3.0),R,A,SEN,SN11,SURVEY,SHK_IDIO_ECON,_Z,_Z,_T,_T,_T,_T,_T,_T,_Z,_Z,_Z,_Z,_Z,2021,0.13,,,,,,,,,SHK_IDIO_ECON,SHARE,0.01,A,SEN_EHCVM2021_LEGACY_v1,
dataflow,WB.AFW360:AFW360_HH(0.3.0),R,A,SEN,SN11,SURVEY,SP_HEALTH_COV,_T,_T,_T,_T,_T,_T,_T,_T,_Z,_Z,_Z,_Z,_Z,2021,0,,,,,,,,,SP_HEALTH_COV,SHARE,0.01,A,SEN_EHCVM2021_LEGACY_v1,
dataflow,WB.AFW360:AFW360_HH(0.3.0),R,A,SEN,SN11,SURVEY,SP_HEALTH_COV_HH,_Z,_Z,_T,_T,_T,_T,_T,_T,_Z,_Z,_Z,_Z,_Z,2021,0.01,,,,,,,,,SP_HEALTH_COV_HH,SHARE,0.01,A,SEN_EHCVM2021_LEGACY_v1,
dataflow,WB.AFW360:AFW360_HH(0.3.0),R,A,SEN,SN12,SURVEY,AGR_CULTIVATES,_Z,_Z,_T,_T,_T,_T,_T,_T,_Z,_Z,_Z,_Z,_Z,2021,0.75,,,,,,,,,AGR_CULTIVATES,SHARE,0.01,A,SEN_EHCVM2021_LEGACY_v1,
dataflow,WB.AFW360:AFW360_HH(0.3.0),R,A,SEN,SN12,SURVEY,AGR_CULT_AREA,_Z,_Z,_T,_T,_T,_T,_T,_T,_Z,_Z,_Z,_Z,_Z,2021,4.55,,,,,,,,,AGR_CULT_AREA,HA,0.01,A,SEN_EHCVM2021_LEGACY_v1,
dataflow,WB.AFW360:AFW360_HH(0.3.0),R,A,SEN,SN12,SURVEY,AGR_LIVESTOCK_ANY,_Z,_Z,_T,_T,_T,_T,_T,_T,_Z,_Z,_Z,_Z,_Z,2021,0.72,,,,,,,,,AGR_LIVESTOCK_ANY,SHARE,0.01,A,SEN_EHCVM2021_LEGACY_v1,
dataflow,WB.AFW360:AFW360_HH(0.3.0),R,A,SEN,SN12,SURVEY,AGR_TLU,_Z,_Z,_T,_T,_T,_T,_T,_T,_Z,_Z,_Z,_Z,_Z,2021,6.09,,,,,,,,,AGR_TLU,TLU,0.01,A,SEN_EHCVM2021_LEGACY_v1,
dataflow,WB.AFW360:AFW360_HH(0.3.0),R,A,SEN,SN12,SURVEY,CONS_SH,_Z,_Z,_T,_T,_T,_T,_T,_T,COICOP_CP01,ACQ_OWNPROD,_Z,_Z,_Z,2021,0.1,,,,,,,,,CONS_SH.COICOP_CP01.ACQ_OWNPROD,SHARE,0.01,A,SEN_EHCVM2021_LEGACY_v1,
dataflow,WB.AFW360:AFW360_HH(0.3.0),R,A,SEN,SN12,SURVEY,CONS_SH,_Z,_Z,_T,_T,_T,_T,_T,_T,COICOP_CP01,ACQ_PURCH,_Z,_Z,_Z,2021,0.37,,,,,,,,,CONS_SH.COICOP_CP01.ACQ_PURCH,SHARE,0.01,A,SEN_EHCVM2021_LEGACY_v1,
dataflow,WB.AFW360:AFW360_HH(0.3.0),R,A,SEN,SN12,SURVEY,CONS_SH,_Z,_Z,_T,_T,_T,_T,_T,_T,COICOP_CP01,_Z,_Z,_Z,_Z,2021,0.5,,,,,,,,,CONS_SH.COICOP_CP01,SHARE,0.01,A,SEN_EHCVM2021_LEGACY_v1,
dataflow,WB.AFW360:AFW360_HH(0.3.0),R,A,SEN,SN12,SURVEY,CONS_SH,_Z,_Z,_T,_T,_T,_T,_T,_T,COICOP_CP02,_Z,_Z,_Z,_Z,2021,0,,,,,,,,,CONS_SH.COICOP_CP02,SHARE,0.01,A,SEN_EHCVM2021_LEGACY_v1,
dataflow,WB.AFW360:AFW360_HH(0.3.0),R,A,SEN,SN12,SURVEY,CONS_SH,_Z,_Z,_T,_T,_T,_T,_T,_T,COICOP_CP03,_Z,_Z,_Z,_Z,2021,0.06,,,,,,,,,CONS_SH.COICOP_CP03,SHARE,0.01,A,SEN_EHCVM2021_LEGACY_v1,
dataflow,WB.AFW360:AFW360_HH(0.3.0),R,A,SEN,SN12,SURVEY,CONS_SH,_Z,_Z,_T,_T,_T,_T,_T,_T,COICOP_CP04,_Z,_Z,_Z,_Z,2021,0.16,,,,,,,,,CONS_SH.COICOP_CP04,SHARE,0.01,A,SEN_EHCVM2021_LEGACY_v1,
dataflow,WB.AFW360:AFW360_HH(0.3.0),R,A,SEN,SN12,SURVEY,CONS_SH,_Z,_Z,_T,_T,_T,_T,_T,_T,COICOP_CP05,_Z,_Z,_Z,_Z,2021,0.03,,,,,,,,,CONS_SH.COICOP_CP05,SHARE,0.01,A,SEN_EHCVM2021_LEGACY_v1,
dataflow,WB.AFW360:AFW360_HH(0.3.0),R,A,SEN,SN12,SURVEY,CONS_SH,_Z,_Z,_T,_T,_T,_T,_T,_T,COICOP_CP06,_Z,_Z,_Z,_Z,2021,0.03,,,,,,,,,CONS_SH.COICOP_CP06,SHARE,0.01,A,SEN_EHCVM2021_LEGACY_v1,
dataflow,WB.AFW360:AFW360_HH(0.3.0),R,A,SEN,SN12,SURVEY,CONS_SH,_Z,_Z,_T,_T,_T,_T,_T,_T,COICOP_CP07,_Z,_Z,_Z,_Z,2021,0.03,,,,,,,,,CONS_SH.COICOP_CP07,SHARE,0.01,A,SEN_EHCVM2021_LEGACY_v1,
dataflow,WB.AFW360:AFW360_HH(0.3.0),R,A,SEN,SN12,SURVEY,CONS_SH,_Z,_Z,_T,_T,_T,_T,_T,_T,COICOP_CP08,_Z,_Z,_Z,_Z,2021,0.06,,,,,,,,,CONS_SH.COICOP_CP08,SHARE,0.01,A,SEN_EHCVM2021_LEGACY_v1,
dataflow,WB.AFW360:AFW360_HH(0.3.0),R,A,SEN,SN12,SURVEY,CONS_SH,_Z,_Z,_T,_T,_T,_T,_T,_T,COICOP_CP09,_Z,_Z,_Z,_Z,2021,0,,,,,,,,,CONS_SH.COICOP_CP09,SHARE,0.01,A,SEN_EHCVM2021_LEGACY_v1,
dataflow,WB.AFW360:AFW360_HH(0.3.0),R,A,SEN,SN12,SURVEY,CONS_SH,_Z,_Z,_T,_T,_T,_T,_T,_T,COICOP_CP10,_Z,_Z,_Z,_Z,2021,0.01,,,,,,,,,CONS_SH.COICOP_CP10,SHARE,0.01,A,SEN_EHCVM2021_LEGACY_v1,
dataflow,WB.AFW360:AFW360_HH(0.3.0),R,A,SEN,SN12,SURVEY,CONS_SH,_Z,_Z,_T,_T,_T,_T,_T,_T,COICOP_CP11,_Z,_Z,_Z,_Z,2021,0.07,,,,,,,,,CONS_SH.COICOP_CP11,SHARE,0.01,A,SEN_EHCVM2021_LEGACY_v1,
dataflow,WB.AFW360:AFW360_HH(0.3.0),R,A,SEN,SN12,SURVEY,CONS_SH,_Z,_Z,_T,_T,_T,_T,_T,_T,COICOP_CP12,_Z,_Z,_Z,_Z,2021,0,,,,,,,,,CONS_SH.COICOP_CP12,SHARE,0.01,A,SEN_EHCVM2021_LEGACY_v1,
dataflow,WB.AFW360:AFW360_HH(0.3.0),R,A,SEN,SN12,SURVEY,CONS_SH,_Z,_Z,_T,_T,_T,_T,_T,_T,COICOP_CP13,_Z,_Z,_Z,_Z,2021,0.02,,,,,,,,,CONS_SH.COICOP_CP13,SHARE,0.01,A,SEN_EHCVM2021_LEGACY_v1,
dataflow,WB.AFW360:AFW360_HH(0.3.0),R,A,SEN,SN12,SURVEY,EN_ASSET_AC,_Z,_Z,_T,_T,_T,_T,_T,_T,_Z,_Z,_Z,_Z,_Z,2021,0.24,,,,,,,,,EN_ASSET_AC,SHARE,0.01,A,SEN_EHCVM2021_LEGACY_v1,
dataflow,WB.AFW360:AFW360_HH(0.3.0),R,A,SEN,SN12,SURVEY,EN_ASSET_COOKER,_Z,_Z,_T,_T,_T,_T,_T,_T,_Z,_Z,_Z,_Z,_Z,2021,0,,,,,,,,,EN_ASSET_COOKER,SHARE,0.01,A,SEN_EHCVM2021_LEGACY_v1,
dataflow,WB.AFW360:AFW360_HH(0.3.0),R,A,SEN,SN12,SURVEY,EN_ASSET_FAN,_Z,_Z,_T,_T,_T,_T,_T,_T,_Z,_Z,_Z,_Z,_Z,2021,0.01,,,,,,,,,EN_ASSET_FAN,SHARE,0.01,A,SEN_EHCVM2021_LEGACY_v1,
dataflow,WB.AFW360:AFW360_HH(0.3.0),R,A,SEN,SN12,SURVEY,EN_ASSET_WATER_HEATER,_Z,_Z,_T,_T,_T,_T,_T,_T,_Z,_Z,_Z,_Z,_Z,2021,0.04,,,,,,,,,EN_ASSET_WATER_HEATER,SHARE,0.01,A,SEN_EHCVM2021_LEGACY_v1,
dataflow,WB.AFW360:AFW360_HH(0.3.0),R,A,SEN,SN12,SURVEY,EN_COOK_BIOMASS,_Z,_Z,_T,_T,_T,_T,_T,_T,_Z,_Z,_Z,_Z,_Z,2021,0.1,,,,,,,,,EN_COOK_BIOMASS,SHARE,0.01,A,SEN_EHCVM2021_LEGACY_v1,
dataflow,WB.AFW360:AFW360_HH(0.3.0),R,A,SEN,SN12,SURVEY,EN_COOK_CLEAN,_Z,_Z,_T,_T,_T,_T,_T,_T,_Z,_Z,_Z,_Z,_Z,2021,0.9,,,,,,,,,EN_COOK_CLEAN,SHARE,0.01,A,SEN_EHCVM2021_LEGACY_v1,LEGACY_SUSPECT: Implausible pattern: higher in Rural and Q1 than in Capital and Q4.
dataflow,WB.AFW360:AFW360_HH(0.3.0),R,A,SEN,SN12,SURVEY,EN_ELEC_ACCESS,_Z,_Z,_T,_T,_T,_T,_T,_T,_Z,_Z,_Z,_Z,_Z,2021,0.41,,,,,,,,,EN_ELEC_ACCESS,SHARE,0.01,A,SEN_EHCVM2021_LEGACY_v1,
dataflow,WB.AFW360:AFW360_HH(0.3.0),R,A,SEN,SN12,SURVEY,EN_ELEC_INFORMAL,_Z,_Z,_T,_T,_T,_T,_T,_T,_Z,_Z,_Z,_Z,_Z,2021,0,,,,,,,,,EN_ELEC_INFORMAL,SHARE,0.01,A,SEN_EHCVM2021_LEGACY_v1,
dataflow,WB.AFW360:AFW360_HH(0.3.0),R,A,SEN,SN12,SURVEY,EN_ELEC_SPEND,_Z,_Z,_T,_T,_T,_T,_T,_T,_Z,_Z,_Z,_Z,_Z,2021,25815.94,,,,,,,,,EN_ELEC_SPEND,XOF,0.01,A,SEN_EHCVM2021_LEGACY_v1,
dataflow,WB.AFW360:AFW360_HH(0.3.0),R,A,SEN,SN12,SURVEY,EN_GRID_CONN,_Z,_Z,_T,_T,_T,_T,_T,_T,_Z,_Z,_Z,_Z,_Z,2021,1,,,,,,,,,EN_GRID_CONN,SHARE,0.01,A,SEN_EHCVM2021_LEGACY_v1,"LEGACY_SUSPECT: Implausible: 0.96-1.00 in every cell, including Q1 and Rural."
dataflow,WB.AFW360:AFW360_HH(0.3.0),R,A,SEN,SN12,SURVEY,EN_GRID_USE,_Z,_Z,_T,_T,_T,_T,_T,_T,_Z,_Z,_Z,_Z,_Z,2021,0.4,,,,,,,,,EN_GRID_USE,SHARE,0.01,A,SEN_EHCVM2021_LEGACY_v1,
dataflow,WB.AFW360:AFW360_HH(0.3.0),R,A,SEN,SN12,SURVEY,EN_LIGHT_IMPROVED,_Z,_Z,_T,_T,_T,_T,_T,_T,_Z,_Z,_Z,_Z,_Z,2021,0.96,,,,,,,,,EN_LIGHT_IMPROVED,SHARE,0.01,A,SEN_EHCVM2021_LEGACY_v1,
dataflow,WB.AFW360:AFW360_HH(0.3.0),R,A,SEN,SN12,SURVEY,EN_OFFGRID_USE,_Z,_Z,_T,_T,_T,_T,_T,_T,_Z,_Z,_Z,_Z,_Z,2021,0.15,,,,,,,,,EN_OFFGRID_USE,SHARE,0.01,A,SEN_EHCVM2021_LEGACY_v1,
dataflow,WB.AFW360:AFW360_HH(0.3.0),R,A,SEN,SN12,SURVEY,EN_OUTAGE_ANY,_Z,_Z,_T,_T,_T,_T,_T,_T,_Z,_Z,_Z,_Z,_Z,2021,0.3,,,,,,,,,EN_OUTAGE_ANY,SHARE,0.01,A,SEN_EHCVM2021_LEGACY_v1,
dataflow,WB.AFW360:AFW360_HH(0.3.0),R,A,SEN,SN12,SURVEY,EN_OUTAGE_DAYS,_Z,_Z,_T,_T,_T,_T,_T,_T,_Z,_Z,_Z,_Z,_Z,2021,1.55,,,,,,,,,EN_OUTAGE_DAYS,DAY,0.01,A,SEN_EHCVM2021_LEGACY_v1,
dataflow,WB.AFW360:AFW360_HH(0.3.0),R,A,SEN,SN12,SURVEY,EN_OUTAGE_DUR_CODE,_Z,_Z,_T,_T,_T,_T,_T,_T,_Z,_Z,_Z,_Z,_Z,2021,2.23,,,,,,,,,EN_OUTAGE_DUR_CODE,INDEX,0.01,A,SEN_EHCVM2021_LEGACY_v1,
dataflow,WB.AFW360:AFW360_HH(0.3.0),R,A,SEN,SN12,SURVEY,EN_PREPAID_METER,_Z,_Z,_T,_T,_T,_T,_T,_T,_Z,_Z,_Z,_Z,_Z,2021,0.49,,,,,,,,,EN_PREPAID_METER,SHARE,0.01,A,SEN_EHCVM2021_LEGACY_v1,
dataflow,WB.AFW360:AFW360_HH(0.3.0),R,A,SEN,SN12,SURVEY,HE_ACCOUNTS,_Z,_Z,_T,_T,_T,_T,_T,_T,_Z,_Z,_Z,_Z,_Z,2021,0,,,,,,,,,HE_ACCOUNTS,SHARE,0.01,A,SEN_EHCVM2021_LEGACY_v1,
dataflow,WB.AFW360:AFW360_HH(0.3.0),R,A,SEN,SN12,SURVEY,HE_AGE,_Z,_Z,_T,_T,_T,_T,_T,_T,_Z,_Z,_Z,_Z,_Z,2021,4.33,,,,,,,,,HE_AGE,YEAR,0.01,A,SEN_EHCVM2021_LEGACY_v1,
dataflow,WB.AFW360:AFW360_HH(0.3.0),R,A,SEN,SN12,SURVEY,HE_BUY_FIRMS,_Z,_Z,_T,_T,_T,_T,_T,_T,_Z,_Z,_Z,_Z,_Z,2021,0.2,,,,,,,,,HE_BUY_FIRMS,SHARE,0.01,A,SEN_EHCVM2021_LEGACY_v1,
dataflow,WB.AFW360:AFW360_HH(0.3.0),R,A,SEN,SN12,SURVEY,HE_CAPITAL,_Z,_Z,_T,_T,_T,_T,_T,_T,_Z,_Z,_Z,_Z,_Z,2021,127025.34,,,,,,,,,HE_CAPITAL,XOF,0.01,A,SEN_EHCVM2021_LEGACY_v1,
dataflow,WB.AFW360:AFW360_HH(0.3.0),R,A,SEN,SN12,SURVEY,HE_COSTS,_Z,_Z,_T,_T,_T,_T,_T,_T,_Z,_Z,_Z,_Z,_Z,2021,68071.3,,,,,,,,,HE_COSTS,XOF,0.01,A,SEN_EHCVM2021_LEGACY_v1,
dataflow,WB.AFW360:AFW360_HH(0.3.0),R,A,SEN,SN12,SURVEY,HE_CREDIT_ANY,_Z,_Z,_T,_T,_T,_T,_T,_T,_Z,_Z,_Z,_Z,_Z,2021,0.4,,,,,,,,,HE_CREDIT_ANY,SHARE,0.01,A,SEN_EHCVM2021_LEGACY_v1,
dataflow,WB.AFW360:AFW360_HH(0.3.0),R,A,SEN,SN12,SURVEY,HE_CREDIT_FORMAL,_Z,_Z,_T,_T,_T,_T,_T,_T,_Z,_Z,_Z,_Z,_Z,2021,0.03,,,,,,,,,HE_CREDIT_FORMAL,SHARE,0.01,A,SEN_EHCVM2021_LEGACY_v1,
dataflow,WB.AFW360:AFW360_HH(0.3.0),R,A,SEN,SN12,SURVEY,HE_CREDIT_INFORMAL,_Z,_Z,_T,_T,_T,_T,_T,_T,_Z,_Z,_Z,_Z,_Z,2021,0.37,,,,,,,,,HE_CREDIT_INFORMAL,SHARE,0.01,A,SEN_EHCVM2021_LEGACY_v1,
dataflow,WB.AFW360:AFW360_HH(0.3.0),R,A,SEN,SN12,SURVEY,HE_ELEC,_Z,_Z,_T,_T,_T,_T,_T,_T,_Z,_Z,_Z,_Z,_Z,2021,1,,,,,,,,,HE_ELEC,SHARE,0.01,A,SEN_EHCVM2021_LEGACY_v1,
dataflow,WB.AFW360:AFW360_HH(0.3.0),R,A,SEN,SN12,SURVEY,HE_EMP_EXT_ANY,_Z,_Z,_T,_T,_T,_T,_T,_T,_Z,_Z,_Z,_Z,_Z,2021,1,,,,,,,,,HE_EMP_EXT_ANY,SHARE,0.01,A,SEN_EHCVM2021_LEGACY_v1,LEGACY_SUSPECT: Implausible: share 0.96 while mean non-HH employees is 0.54.
dataflow,WB.AFW360:AFW360_HH(0.3.0),R,A,SEN,SN12,SURVEY,HE_EMP_HH_NUM,_Z,_Z,_T,_T,_T,_T,_T,_T,_Z,_Z,_Z,_Z,_Z,2021,0.07,,,,,,,,,HE_EMP_HH_NUM,PERSON,0.01,A,SEN_EHCVM2021_LEGACY_v1,
dataflow,WB.AFW360:AFW360_HH(0.3.0),R,A,SEN,SN12,SURVEY,HE_EMP_NONHH_NUM,_Z,_Z,_T,_T,_T,_T,_T,_T,_Z,_Z,_Z,_Z,_Z,2021,0.48,,,,,,,,,HE_EMP_NONHH_NUM,PERSON,0.01,A,SEN_EHCVM2021_LEGACY_v1,
dataflow,WB.AFW360:AFW360_HH(0.3.0),R,A,SEN,SN12,SURVEY,HE_EMP_NUM,_Z,_Z,_T,_T,_T,_T,_T,_T,_Z,_Z,_Z,_Z,_Z,2021,0.41,,,,,,,,,HE_EMP_NUM,PERSON,0.01,A,SEN_EHCVM2021_LEGACY_v1,
dataflow,WB.AFW360:AFW360_HH(0.3.0),R,A,SEN,SN12,SURVEY,HE_HH_OWNER,_Z,_Z,_T,_T,_T,_T,_T,_T,_Z,_Z,_Z,_Z,_Z,2021,0.41,,,,,,,,,HE_HH_OWNER,SHARE,0.01,A,SEN_EHCVM2021_LEGACY_v1,
dataflow,WB.AFW360:AFW360_HH(0.3.0),R,A,SEN,SN12,SURVEY,HE_HOME_BASED,_Z,_Z,_T,_T,_T,_T,_T,_T,_Z,_Z,_Z,_Z,_Z,2021,0.28,,,,,,,,,HE_HOME_BASED,SHARE,0.01,A,SEN_EHCVM2021_LEGACY_v1,
dataflow,WB.AFW360:AFW360_HH(0.3.0),R,A,SEN,SN12,SURVEY,HE_PHONE,_Z,_Z,_T,_T,_T,_T,_T,_T,_Z,_Z,_Z,_Z,_Z,2021,1,,,,,,,,,HE_PHONE,SHARE,0.01,A,SEN_EHCVM2021_LEGACY_v1,
dataflow,WB.AFW360:AFW360_HH(0.3.0),R,A,SEN,SN12,SURVEY,HE_PREMISES_FORMAL,_Z,_Z,_T,_T,_T,_T,_T,_T,_Z,_Z,_Z,_Z,_Z,2021,0.21,,,,,,,,,HE_PREMISES_FORMAL,SHARE,0.01,A,SEN_EHCVM2021_LEGACY_v1,
dataflow,WB.AFW360:AFW360_HH(0.3.0),R,A,SEN,SN12,SURVEY,HE_PROFIT,_Z,_Z,_T,_T,_T,_T,_T,_T,_Z,_Z,_Z,_Z,_Z,2021,-3460.34,,,,,,,,,HE_PROFIT,XOF,0.01,A,SEN_EHCVM2021_LEGACY_v1,
dataflow,WB.AFW360:AFW360_HH(0.3.0),R,A,SEN,SN12,SURVEY,HE_RENT,_Z,_Z,_T,_T,_T,_T,_T,_T,_Z,_Z,_Z,_Z,_Z,2021,0.35,,,,,,,,,HE_RENT,SHARE,0.01,A,SEN_EHCVM2021_LEGACY_v1,
dataflow,WB.AFW360:AFW360_HH(0.3.0),R,A,SEN,SN12,SURVEY,HE_REV_PER_WORKER,_Z,_Z,_T,_T,_T,_T,_T,_T,_Z,_Z,_Z,_Z,_Z,2021,25000,,,,,,,,,HE_REV_PER_WORKER,XOF,0.01,A,SEN_EHCVM2021_LEGACY_v1,
dataflow,WB.AFW360:AFW360_HH(0.3.0),R,A,SEN,SN12,SURVEY,HE_SELL_FIRMS,_Z,_Z,_T,_T,_T,_T,_T,_T,_Z,_Z,_Z,_Z,_Z,2021,0,,,,,,,,,HE_SELL_FIRMS,SHARE,0.01,A,SEN_EHCVM2021_LEGACY_v1,
dataflow,WB.AFW360:AFW360_HH(0.3.0),R,A,SEN,SN12,SURVEY,HE_TAX_ID,_Z,_Z,_T,_T,_T,_T,_T,_T,_Z,_Z,_Z,_Z,_Z,2021,0.14,,,,,,,,,HE_TAX_ID,SHARE,0.01,A,SEN_EHCVM2021_LEGACY_v1,
dataflow,WB.AFW360:AFW360_HH(0.3.0),R,A,SEN,SN12,SURVEY,HE_WATER,_Z,_Z,_T,_T,_T,_T,_T,_T,_Z,_Z,_Z,_Z,_Z,2021,0.18,,,,,,,,,HE_WATER,SHARE,0.01,A,SEN_EHCVM2021_LEGACY_v1,
dataflow,WB.AFW360:AFW360_HH(0.3.0),R,A,SEN,SN12,SURVEY,HOUS_FLOOR_DURABLE,_Z,_Z,_T,_T,_T,_T,_T,_T,_Z,_Z,_Z,_Z,_Z,2021,0.58,,,,,,,,,HOUS_FLOOR_DURABLE,SHARE,0.01,A,SEN_EHCVM2021_LEGACY_v1,
dataflow,WB.AFW360:AFW360_HH(0.3.0),R,A,SEN,SN12,SURVEY,HOUS_ROOF_DURABLE,_Z,_Z,_T,_T,_T,_T,_T,_T,_Z,_Z,_Z,_Z,_Z,2021,0.66,,,,,,,,,HOUS_ROOF_DURABLE,SHARE,0.01,A,SEN_EHCVM2021_LEGACY_v1,
dataflow,WB.AFW360:AFW360_HH(0.3.0),R,A,SEN,SN12,SURVEY,HOUS_SANIT_IMPROVED,_Z,_Z,_T,_T,_T,_T,_T,_T,_Z,_Z,_Z,_Z,_Z,2021,0.25,,,,,,,,,HOUS_SANIT_IMPROVED,SHARE,0.01,A,SEN_EHCVM2021_LEGACY_v1,
dataflow,WB.AFW360:AFW360_HH(0.3.0),R,A,SEN,SN12,SURVEY,HOUS_WALL_DURABLE,_Z,_Z,_T,_T,_T,_T,_T,_T,_Z,_Z,_Z,_Z,_Z,2021,0.85,,,,,,,,,HOUS_WALL_DURABLE,SHARE,0.01,A,SEN_EHCVM2021_LEGACY_v1,
dataflow,WB.AFW360:AFW360_HH(0.3.0),R,A,SEN,SN12,SURVEY,HOUS_WATER_SAFE_DRY,_Z,_Z,_T,_T,_T,_T,_T,_T,_Z,_Z,_Z,_Z,_Z,2021,0.63,,,,,,,,,HOUS_WATER_SAFE_DRY,SHARE,0.01,A,SEN_EHCVM2021_LEGACY_v1,
dataflow,WB.AFW360:AFW360_HH(0.3.0),R,A,SEN,SN12,SURVEY,POP_HE_SH,_Z,_Z,_T,HEO_MSTAT_MARRIED,_T,_T,_T,_T,_Z,_Z,_Z,_Z,_Z,2021,0.7,,,,,,,,,POP_HE_SH.HEO_MSTAT_MARRIED,SHARE,0.01,A,SEN_EHCVM2021_LEGACY_v1,
dataflow,WB.AFW360:AFW360_HH(0.3.0),R,A,SEN,SN12,SURVEY,POP_HE_SH,_Z,_Z,_T,HEO_SEX_F,_T,_T,_T,_T,_Z,_Z,_Z,_Z,_Z,2021,0.68,,,,,,,,,POP_HE_SH.HEO_SEX_F,SHARE,0.01,A,SEN_EHCVM2021_LEGACY_v1,
dataflow,WB.AFW360:AFW360_HH(0.3.0),R,A,SEN,SN12,SURVEY,POP_HH_SH,_Z,_Z,_T,HE_COUNT_0,_T,_T,_T,_T,_Z,_Z,_Z,_Z,_Z,2021,0.49,,,,,,,,,POP_HH_SH.HE_COUNT_0,SHARE,0.01,A,SEN_EHCVM2021_LEGACY_v1,
dataflow,WB.AFW360:AFW360_HH(0.3.0),R,A,SEN,SN12,SURVEY,POP_HH_SH,_Z,_Z,_T,HE_COUNT_1,_T,_T,_T,_T,_Z,_Z,_Z,_Z,_Z,2021,0.44,,,,,,,,,POP_HH_SH.HE_COUNT_1,SHARE,0.01,A,SEN_EHCVM2021_LEGACY_v1,
dataflow,WB.AFW360:AFW360_HH(0.3.0),R,A,SEN,SN12,SURVEY,POP_HH_SH,_Z,_Z,_T,HE_COUNT_2,_T,_T,_T,_T,_Z,_Z,_Z,_Z,_Z,2021,0.01,,,,,,,,,POP_HH_SH.HE_COUNT_2,SHARE,0.01,A,SEN_EHCVM2021_LEGACY_v1,
dataflow,WB.AFW360:AFW360_HH(0.3.0),R,A,SEN,SN12,SURVEY,POP_HH_SH,_Z,_Z,_T,HE_COUNT_3,_T,_T,_T,_T,_Z,_Z,_Z,_Z,_Z,2021,0.06,,,,,,,,,POP_HH_SH.HE_COUNT_3,SHARE,0.01,A,SEN_EHCVM2021_LEGACY_v1,
dataflow,WB.AFW360:AFW360_HH(0.3.0),R,A,SEN,SN12,SURVEY,POP_HH_SH,_Z,_Z,_T,HE_COUNT_4P,_T,_T,_T,_T,_Z,_Z,_Z,_Z,_Z,2021,0,,,,,,,,,POP_HH_SH.HE_COUNT_4P,SHARE,0.01,A,SEN_EHCVM2021_LEGACY_v1,
dataflow,WB.AFW360:AFW360_HH(0.3.0),R,A,SEN,SN12,SURVEY,POP_SH,_T,_T,_T,EMP_FORMAL_N,_T,_T,_T,_T,_Z,_Z,_Z,_Z,_Z,2021,0.8,,,,,,,,,POP_SH.EMP_FORMAL_N,SHARE,0.01,A,SEN_EHCVM2021_LEGACY_v1,
dataflow,WB.AFW360:AFW360_HH(0.3.0),R,A,SEN,SN12,SURVEY,POP_SH,_T,_T,_T,EMP_ISIC_G,_T,_T,_T,_T,_Z,_Z,_Z,_Z,_Z,2021,0.08,,,,,,,,,POP_SH.EMP_ISIC_G,SHARE,0.01,A,SEN_EHCVM2021_LEGACY_v1,
dataflow,WB.AFW360:AFW360_HH(0.3.0),R,A,SEN,SN12,SURVEY,POP_SH,_T,_T,_T,EMP_ISIC_H,_T,_T,_T,_T,_Z,_Z,_Z,_Z,_Z,2021,0.04,,,,,,,,,POP_SH.EMP_ISIC_H,SHARE,0.01,A,SEN_EHCVM2021_LEGACY_v1,
dataflow,WB.AFW360:AFW360_HH(0.3.0),R,A,SEN,SN12,SURVEY,POP_SH,_T,_T,_T,EMP_SECTOR_AGR,_T,_T,_T,_T,_Z,_Z,_Z,_Z,_Z,2021,0.58,,,,,,,,,POP_SH.EMP_SECTOR_AGR,SHARE,0.01,A,SEN_EHCVM2021_LEGACY_v1,
dataflow,WB.AFW360:AFW360_HH(0.3.0),R,A,SEN,SN12,SURVEY,POP_SH,_T,_T,_T,EMP_SECTOR_IND,_T,_T,_T,_T,_Z,_Z,_Z,_Z,_Z,2021,0.17,,,,,,,,,POP_SH.EMP_SECTOR_IND,SHARE,0.01,A,SEN_EHCVM2021_LEGACY_v1,
dataflow,WB.AFW360:AFW360_HH(0.3.0),R,A,SEN,SN12,SURVEY,POP_SH,_T,_T,_T,EMP_SECTOR_SER,_T,_T,_T,_T,_Z,_Z,_Z,_Z,_Z,2021,0.24,,,,,,,,,POP_SH.EMP_SECTOR_SER,SHARE,0.01,A,SEN_EHCVM2021_LEGACY_v1,
dataflow,WB.AFW360:AFW360_HH(0.3.0),R,A,SEN,SN12,SURVEY,POP_SH,_T,_T,_T,EMP_STATUS_EMPLOYED,_T,_T,_T,_T,_Z,_Z,_Z,_Z,_Z,2021,0.49,,,,,,,,,POP_SH.EMP_STATUS_EMPLOYED,SHARE,0.01,A,SEN_EHCVM2021_LEGACY_v1,
dataflow,WB.AFW360:AFW360_HH(0.3.0),R,A,SEN,SN12,SURVEY,POP_SH,_T,_T,_T,EMP_TYPE_NONWAGE,_T,_T,_T,_T,_Z,_Z,_Z,_Z,_Z,2021,0.76,,,,,,,,,POP_SH.EMP_TYPE_NONWAGE,SHARE,0.01,A,SEN_EHCVM2021_LEGACY_v1,
dataflow,WB.AFW360:AFW360_HH(0.3.0),R,A,SEN,SN12,SURVEY,POP_SH,_T,_T,_T,EMP_TYPE_WAGE,_T,_T,_T,_T,_Z,_Z,_Z,_Z,_Z,2021,0.24,,,,,,,,,POP_SH.EMP_TYPE_WAGE,SHARE,0.01,A,SEN_EHCVM2021_LEGACY_v1,
dataflow,WB.AFW360:AFW360_HH(0.3.0),R,A,SEN,SN12,SURVEY,POV_HC,_T,_T,_T,_T,_T,_T,_T,_T,POVLINE_PL300,PPP_2021,_Z,_Z,_Z,2021,0.44,,,,,,,,,POV_HC.POVLINE_PL300.PPP_2021,SHARE,0.01,A,SEN_EHCVM2021_LEGACY_v1,
dataflow,WB.AFW360:AFW360_HH(0.3.0),R,A,SEN,SN12,SURVEY,POV_HC,_T,_T,_T,_T,_T,_T,_T,_T,POVLINE_PL420,PPP_2021,_Z,_Z,_Z,2021,0.69,,,,,,,,,POV_HC.POVLINE_PL420.PPP_2021,SHARE,0.01,A,SEN_EHCVM2021_LEGACY_v1,
dataflow,WB.AFW360:AFW360_HH(0.3.0),R,A,SEN,SN12,SURVEY,POV_NUM,_T,_T,_T,_T,_T,_T,_T,_T,POVLINE_PL300,PPP_2021,_Z,_Z,_Z,2021,410000.0000000001,,,,,,,,,POV_NUM.POVLINE_PL300.PPP_2021,PERSON,10000,A,SEN_EHCVM2021_LEGACY_v1,
dataflow,WB.AFW360:AFW360_HH(0.3.0),R,A,SEN,SN12,SURVEY,POV_NUM,_T,_T,_T,_T,_T,_T,_T,_T,POVLINE_PL420,PPP_2021,_Z,_Z,_Z,2021,630000,,,,,,,,,POV_NUM.POVLINE_PL420.PPP_2021,PERSON,10000,A,SEN_EHCVM2021_LEGACY_v1,
dataflow,WB.AFW360:AFW360_HH(0.3.0),R,A,SEN,SN12,SURVEY,SHK_ANY,_Z,_Z,_T,_T,_T,_T,_T,_T,_Z,_Z,_Z,_Z,_Z,2021,0.66,,,,,,,,,SHK_ANY,SHARE,0.01,A,SEN_EHCVM2021_LEGACY_v1,
dataflow,WB.AFW360:AFW360_HH(0.3.0),R,A,SEN,SN12,SURVEY,SHK_COV_CONFLICT,_Z,_Z,_T,_T,_T,_T,_T,_T,_Z,_Z,_Z,_Z,_Z,2021,0.02,,,,,,,,,SHK_COV_CONFLICT,SHARE,0.01,A,SEN_EHCVM2021_LEGACY_v1,
dataflow,WB.AFW360:AFW360_HH(0.3.0),R,A,SEN,SN12,SURVEY,SHK_COV_ECON,_Z,_Z,_T,_T,_T,_T,_T,_T,_Z,_Z,_Z,_Z,_Z,2021,0.43,,,,,,,,,SHK_COV_ECON,SHARE,0.01,A,SEN_EHCVM2021_LEGACY_v1,
dataflow,WB.AFW360:AFW360_HH(0.3.0),R,A,SEN,SN12,SURVEY,SHK_COV_NATURAL,_Z,_Z,_T,_T,_T,_T,_T,_T,_Z,_Z,_Z,_Z,_Z,2021,0.22,,,,,,,,,SHK_COV_NATURAL,SHARE,0.01,A,SEN_EHCVM2021_LEGACY_v1,
dataflow,WB.AFW360:AFW360_HH(0.3.0),R,A,SEN,SN12,SURVEY,SHK_IDIO_ECON,_Z,_Z,_T,_T,_T,_T,_T,_T,_Z,_Z,_Z,_Z,_Z,2021,0.12,,,,,,,,,SHK_IDIO_ECON,SHARE,0.01,A,SEN_EHCVM2021_LEGACY_v1,
dataflow,WB.AFW360:AFW360_HH(0.3.0),R,A,SEN,SN12,SURVEY,SP_HEALTH_COV,_T,_T,_T,_T,_T,_T,_T,_T,_Z,_Z,_Z,_Z,_Z,2021,0,,,,,,,,,SP_HEALTH_COV,SHARE,0.01,A,SEN_EHCVM2021_LEGACY_v1,
dataflow,WB.AFW360:AFW360_HH(0.3.0),R,A,SEN,SN12,SURVEY,SP_HEALTH_COV_HH,_Z,_Z,_T,_T,_T,_T,_T,_T,_Z,_Z,_Z,_Z,_Z,2021,0.01,,,,,,,,,SP_HEALTH_COV_HH,SHARE,0.01,A,SEN_EHCVM2021_LEGACY_v1,
dataflow,WB.AFW360:AFW360_HH(0.3.0),R,A,SEN,SN13,SURVEY,AGR_CULTIVATES,_Z,_Z,_T,_T,_T,_T,_T,_T,_Z,_Z,_Z,_Z,_Z,2021,0.34,,,,,,,,,AGR_CULTIVATES,SHARE,0.01,A,SEN_EHCVM2021_LEGACY_v1,
dataflow,WB.AFW360:AFW360_HH(0.3.0),R,A,SEN,SN13,SURVEY,AGR_CULT_AREA,_Z,_Z,_T,_T,_T,_T,_T,_T,_Z,_Z,_Z,_Z,_Z,2021,3.05,,,,,,,,,AGR_CULT_AREA,HA,0.01,A,SEN_EHCVM2021_LEGACY_v1,
dataflow,WB.AFW360:AFW360_HH(0.3.0),R,A,SEN,SN13,SURVEY,AGR_LIVESTOCK_ANY,_Z,_Z,_T,_T,_T,_T,_T,_T,_Z,_Z,_Z,_Z,_Z,2021,0.54,,,,,,,,,AGR_LIVESTOCK_ANY,SHARE,0.01,A,SEN_EHCVM2021_LEGACY_v1,
dataflow,WB.AFW360:AFW360_HH(0.3.0),R,A,SEN,SN13,SURVEY,AGR_TLU,_Z,_Z,_T,_T,_T,_T,_T,_T,_Z,_Z,_Z,_Z,_Z,2021,1.27,,,,,,,,,AGR_TLU,TLU,0.01,A,SEN_EHCVM2021_LEGACY_v1,
dataflow,WB.AFW360:AFW360_HH(0.3.0),R,A,SEN,SN13,SURVEY,CONS_SH,_Z,_Z,_T,_T,_T,_T,_T,_T,COICOP_CP01,ACQ_OWNPROD,_Z,_Z,_Z,2021,0.02,,,,,,,,,CONS_SH.COICOP_CP01.ACQ_OWNPROD,SHARE,0.01,A,SEN_EHCVM2021_LEGACY_v1,
dataflow,WB.AFW360:AFW360_HH(0.3.0),R,A,SEN,SN13,SURVEY,CONS_SH,_Z,_Z,_T,_T,_T,_T,_T,_T,COICOP_CP01,ACQ_PURCH,_Z,_Z,_Z,2021,0.4,,,,,,,,,CONS_SH.COICOP_CP01.ACQ_PURCH,SHARE,0.01,A,SEN_EHCVM2021_LEGACY_v1,
dataflow,WB.AFW360:AFW360_HH(0.3.0),R,A,SEN,SN13,SURVEY,CONS_SH,_Z,_Z,_T,_T,_T,_T,_T,_T,COICOP_CP01,_Z,_Z,_Z,_Z,2021,0.44,,,,,,,,,CONS_SH.COICOP_CP01,SHARE,0.01,A,SEN_EHCVM2021_LEGACY_v1,
dataflow,WB.AFW360:AFW360_HH(0.3.0),R,A,SEN,SN13,SURVEY,CONS_SH,_Z,_Z,_T,_T,_T,_T,_T,_T,COICOP_CP02,_Z,_Z,_Z,_Z,2021,0,,,,,,,,,CONS_SH.COICOP_CP02,SHARE,0.01,A,SEN_EHCVM2021_LEGACY_v1,
dataflow,WB.AFW360:AFW360_HH(0.3.0),R,A,SEN,SN13,SURVEY,CONS_SH,_Z,_Z,_T,_T,_T,_T,_T,_T,COICOP_CP03,_Z,_Z,_Z,_Z,2021,0.06,,,,,,,,,CONS_SH.COICOP_CP03,SHARE,0.01,A,SEN_EHCVM2021_LEGACY_v1,
dataflow,WB.AFW360:AFW360_HH(0.3.0),R,A,SEN,SN13,SURVEY,CONS_SH,_Z,_Z,_T,_T,_T,_T,_T,_T,COICOP_CP04,_Z,_Z,_Z,_Z,2021,0.16,,,,,,,,,CONS_SH.COICOP_CP04,SHARE,0.01,A,SEN_EHCVM2021_LEGACY_v1,
dataflow,WB.AFW360:AFW360_HH(0.3.0),R,A,SEN,SN13,SURVEY,CONS_SH,_Z,_Z,_T,_T,_T,_T,_T,_T,COICOP_CP05,_Z,_Z,_Z,_Z,2021,0.06,,,,,,,,,CONS_SH.COICOP_CP05,SHARE,0.01,A,SEN_EHCVM2021_LEGACY_v1,
dataflow,WB.AFW360:AFW360_HH(0.3.0),R,A,SEN,SN13,SURVEY,CONS_SH,_Z,_Z,_T,_T,_T,_T,_T,_T,COICOP_CP06,_Z,_Z,_Z,_Z,2021,0.03,,,,,,,,,CONS_SH.COICOP_CP06,SHARE,0.01,A,SEN_EHCVM2021_LEGACY_v1,
dataflow,WB.AFW360:AFW360_HH(0.3.0),R,A,SEN,SN13,SURVEY,CONS_SH,_Z,_Z,_T,_T,_T,_T,_T,_T,COICOP_CP07,_Z,_Z,_Z,_Z,2021,0.03,,,,,,,,,CONS_SH.COICOP_CP07,SHARE,0.01,A,SEN_EHCVM2021_LEGACY_v1,
dataflow,WB.AFW360:AFW360_HH(0.3.0),R,A,SEN,SN13,SURVEY,CONS_SH,_Z,_Z,_T,_T,_T,_T,_T,_T,COICOP_CP08,_Z,_Z,_Z,_Z,2021,0.06,,,,,,,,,CONS_SH.COICOP_CP08,SHARE,0.01,A,SEN_EHCVM2021_LEGACY_v1,
dataflow,WB.AFW360:AFW360_HH(0.3.0),R,A,SEN,SN13,SURVEY,CONS_SH,_Z,_Z,_T,_T,_T,_T,_T,_T,COICOP_CP09,_Z,_Z,_Z,_Z,2021,0,,,,,,,,,CONS_SH.COICOP_CP09,SHARE,0.01,A,SEN_EHCVM2021_LEGACY_v1,
dataflow,WB.AFW360:AFW360_HH(0.3.0),R,A,SEN,SN13,SURVEY,CONS_SH,_Z,_Z,_T,_T,_T,_T,_T,_T,COICOP_CP10,_Z,_Z,_Z,_Z,2021,0.02,,,,,,,,,CONS_SH.COICOP_CP10,SHARE,0.01,A,SEN_EHCVM2021_LEGACY_v1,
dataflow,WB.AFW360:AFW360_HH(0.3.0),R,A,SEN,SN13,SURVEY,CONS_SH,_Z,_Z,_T,_T,_T,_T,_T,_T,COICOP_CP11,_Z,_Z,_Z,_Z,2021,0.09,,,,,,,,,CONS_SH.COICOP_CP11,SHARE,0.01,A,SEN_EHCVM2021_LEGACY_v1,
dataflow,WB.AFW360:AFW360_HH(0.3.0),R,A,SEN,SN13,SURVEY,CONS_SH,_Z,_Z,_T,_T,_T,_T,_T,_T,COICOP_CP12,_Z,_Z,_Z,_Z,2021,0,,,,,,,,,CONS_SH.COICOP_CP12,SHARE,0.01,A,SEN_EHCVM2021_LEGACY_v1,
dataflow,WB.AFW360:AFW360_HH(0.3.0),R,A,SEN,SN13,SURVEY,CONS_SH,_Z,_Z,_T,_T,_T,_T,_T,_T,COICOP_CP13,_Z,_Z,_Z,_Z,2021,0.03,,,,,,,,,CONS_SH.COICOP_CP13,SHARE,0.01,A,SEN_EHCVM2021_LEGACY_v1,
dataflow,WB.AFW360:AFW360_HH(0.3.0),R,A,SEN,SN13,SURVEY,EN_ASSET_AC,_Z,_Z,_T,_T,_T,_T,_T,_T,_Z,_Z,_Z,_Z,_Z,2021,0.02,,,,,,,,,EN_ASSET_AC,SHARE,0.01,A,SEN_EHCVM2021_LEGACY_v1,
dataflow,WB.AFW360:AFW360_HH(0.3.0),R,A,SEN,SN13,SURVEY,EN_ASSET_COOKER,_Z,_Z,_T,_T,_T,_T,_T,_T,_Z,_Z,_Z,_Z,_Z,2021,0.03,,,,,,,,,EN_ASSET_COOKER,SHARE,0.01,A,SEN_EHCVM2021_LEGACY_v1,
dataflow,WB.AFW360:AFW360_HH(0.3.0),R,A,SEN,SN13,SURVEY,EN_ASSET_FAN,_Z,_Z,_T,_T,_T,_T,_T,_T,_Z,_Z,_Z,_Z,_Z,2021,0.05,,,,,,,,,EN_ASSET_FAN,SHARE,0.01,A,SEN_EHCVM2021_LEGACY_v1,
dataflow,WB.AFW360:AFW360_HH(0.3.0),R,A,SEN,SN13,SURVEY,EN_ASSET_WATER_HEATER,_Z,_Z,_T,_T,_T,_T,_T,_T,_Z,_Z,_Z,_Z,_Z,2021,0,,,,,,,,,EN_ASSET_WATER_HEATER,SHARE,0.01,A,SEN_EHCVM2021_LEGACY_v1,
dataflow,WB.AFW360:AFW360_HH(0.3.0),R,A,SEN,SN13,SURVEY,EN_COOK_BIOMASS,_Z,_Z,_T,_T,_T,_T,_T,_T,_Z,_Z,_Z,_Z,_Z,2021,0.16,,,,,,,,,EN_COOK_BIOMASS,SHARE,0.01,A,SEN_EHCVM2021_LEGACY_v1,
dataflow,WB.AFW360:AFW360_HH(0.3.0),R,A,SEN,SN13,SURVEY,EN_COOK_CLEAN,_Z,_Z,_T,_T,_T,_T,_T,_T,_Z,_Z,_Z,_Z,_Z,2021,0.84,,,,,,,,,EN_COOK_CLEAN,SHARE,0.01,A,SEN_EHCVM2021_LEGACY_v1,LEGACY_SUSPECT: Implausible pattern: higher in Rural and Q1 than in Capital and Q4.
dataflow,WB.AFW360:AFW360_HH(0.3.0),R,A,SEN,SN13,SURVEY,EN_ELEC_ACCESS,_Z,_Z,_T,_T,_T,_T,_T,_T,_Z,_Z,_Z,_Z,_Z,2021,0.75,,,,,,,,,EN_ELEC_ACCESS,SHARE,0.01,A,SEN_EHCVM2021_LEGACY_v1,
dataflow,WB.AFW360:AFW360_HH(0.3.0),R,A,SEN,SN13,SURVEY,EN_ELEC_INFORMAL,_Z,_Z,_T,_T,_T,_T,_T,_T,_Z,_Z,_Z,_Z,_Z,2021,0,,,,,,,,,EN_ELEC_INFORMAL,SHARE,0.01,A,SEN_EHCVM2021_LEGACY_v1,
dataflow,WB.AFW360:AFW360_HH(0.3.0),R,A,SEN,SN13,SURVEY,EN_ELEC_SPEND,_Z,_Z,_T,_T,_T,_T,_T,_T,_Z,_Z,_Z,_Z,_Z,2021,12085.72,,,,,,,,,EN_ELEC_SPEND,XOF,0.01,A,SEN_EHCVM2021_LEGACY_v1,
dataflow,WB.AFW360:AFW360_HH(0.3.0),R,A,SEN,SN13,SURVEY,EN_GRID_CONN,_Z,_Z,_T,_T,_T,_T,_T,_T,_Z,_Z,_Z,_Z,_Z,2021,1,,,,,,,,,EN_GRID_CONN,SHARE,0.01,A,SEN_EHCVM2021_LEGACY_v1,"LEGACY_SUSPECT: Implausible: 0.96-1.00 in every cell, including Q1 and Rural."
dataflow,WB.AFW360:AFW360_HH(0.3.0),R,A,SEN,SN13,SURVEY,EN_GRID_USE,_Z,_Z,_T,_T,_T,_T,_T,_T,_Z,_Z,_Z,_Z,_Z,2021,0.69,,,,,,,,,EN_GRID_USE,SHARE,0.01,A,SEN_EHCVM2021_LEGACY_v1,
dataflow,WB.AFW360:AFW360_HH(0.3.0),R,A,SEN,SN13,SURVEY,EN_LIGHT_IMPROVED,_Z,_Z,_T,_T,_T,_T,_T,_T,_Z,_Z,_Z,_Z,_Z,2021,0.96,,,,,,,,,EN_LIGHT_IMPROVED,SHARE,0.01,A,SEN_EHCVM2021_LEGACY_v1,
dataflow,WB.AFW360:AFW360_HH(0.3.0),R,A,SEN,SN13,SURVEY,EN_OFFGRID_USE,_Z,_Z,_T,_T,_T,_T,_T,_T,_Z,_Z,_Z,_Z,_Z,2021,0.22,,,,,,,,,EN_OFFGRID_USE,SHARE,0.01,A,SEN_EHCVM2021_LEGACY_v1,
dataflow,WB.AFW360:AFW360_HH(0.3.0),R,A,SEN,SN13,SURVEY,EN_OUTAGE_ANY,_Z,_Z,_T,_T,_T,_T,_T,_T,_Z,_Z,_Z,_Z,_Z,2021,0.18,,,,,,,,,EN_OUTAGE_ANY,SHARE,0.01,A,SEN_EHCVM2021_LEGACY_v1,
dataflow,WB.AFW360:AFW360_HH(0.3.0),R,A,SEN,SN13,SURVEY,EN_OUTAGE_DAYS,_Z,_Z,_T,_T,_T,_T,_T,_T,_Z,_Z,_Z,_Z,_Z,2021,1.4,,,,,,,,,EN_OUTAGE_DAYS,DAY,0.01,A,SEN_EHCVM2021_LEGACY_v1,
dataflow,WB.AFW360:AFW360_HH(0.3.0),R,A,SEN,SN13,SURVEY,EN_OUTAGE_DUR_CODE,_Z,_Z,_T,_T,_T,_T,_T,_T,_Z,_Z,_Z,_Z,_Z,2021,1.71,,,,,,,,,EN_OUTAGE_DUR_CODE,INDEX,0.01,A,SEN_EHCVM2021_LEGACY_v1,
dataflow,WB.AFW360:AFW360_HH(0.3.0),R,A,SEN,SN13,SURVEY,EN_PREPAID_METER,_Z,_Z,_T,_T,_T,_T,_T,_T,_Z,_Z,_Z,_Z,_Z,2021,0.4,,,,,,,,,EN_PREPAID_METER,SHARE,0.01,A,SEN_EHCVM2021_LEGACY_v1,
dataflow,WB.AFW360:AFW360_HH(0.3.0),R,A,SEN,SN13,SURVEY,HE_ACCOUNTS,_Z,_Z,_T,_T,_T,_T,_T,_T,_Z,_Z,_Z,_Z,_Z,2021,0,,,,,,,,,HE_ACCOUNTS,SHARE,0.01,A,SEN_EHCVM2021_LEGACY_v1,
dataflow,WB.AFW360:AFW360_HH(0.3.0),R,A,SEN,SN13,SURVEY,HE_AGE,_Z,_Z,_T,_T,_T,_T,_T,_T,_Z,_Z,_Z,_Z,_Z,2021,6.39,,,,,,,,,HE_AGE,YEAR,0.01,A,SEN_EHCVM2021_LEGACY_v1,
dataflow,WB.AFW360:AFW360_HH(0.3.0),R,A,SEN,SN13,SURVEY,HE_BUY_FIRMS,_Z,_Z,_T,_T,_T,_T,_T,_T,_Z,_Z,_Z,_Z,_Z,2021,0.05,,,,,,,,,HE_BUY_FIRMS,SHARE,0.01,A,SEN_EHCVM2021_LEGACY_v1,
dataflow,WB.AFW360:AFW360_HH(0.3.0),R,A,SEN,SN13,SURVEY,HE_CAPITAL,_Z,_Z,_T,_T,_T,_T,_T,_T,_Z,_Z,_Z,_Z,_Z,2021,83550.7,,,,,,,,,HE_CAPITAL,XOF,0.01,A,SEN_EHCVM2021_LEGACY_v1,
dataflow,WB.AFW360:AFW360_HH(0.3.0),R,A,SEN,SN13,SURVEY,HE_COSTS,_Z,_Z,_T,_T,_T,_T,_T,_T,_Z,_Z,_Z,_Z,_Z,2021,33605.84,,,,,,,,,HE_COSTS,XOF,0.01,A,SEN_EHCVM2021_LEGACY_v1,
dataflow,WB.AFW360:AFW360_HH(0.3.0),R,A,SEN,SN13,SURVEY,HE_CREDIT_ANY,_Z,_Z,_T,_T,_T,_T,_T,_T,_Z,_Z,_Z,_Z,_Z,2021,0.55,,,,,,,,,HE_CREDIT_ANY,SHARE,0.01,A,SEN_EHCVM2021_LEGACY_v1,
dataflow,WB.AFW360:AFW360_HH(0.3.0),R,A,SEN,SN13,SURVEY,HE_CREDIT_FORMAL,_Z,_Z,_T,_T,_T,_T,_T,_T,_Z,_Z,_Z,_Z,_Z,2021,0.22,,,,,,,,,HE_CREDIT_FORMAL,SHARE,0.01,A,SEN_EHCVM2021_LEGACY_v1,
dataflow,WB.AFW360:AFW360_HH(0.3.0),R,A,SEN,SN13,SURVEY,HE_CREDIT_INFORMAL,_Z,_Z,_T,_T,_T,_T,_T,_T,_Z,_Z,_Z,_Z,_Z,2021,0.37,,,,,,,,,HE_CREDIT_INFORMAL,SHARE,0.01,A,SEN_EHCVM2021_LEGACY_v1,
dataflow,WB.AFW360:AFW360_HH(0.3.0),R,A,SEN,SN13,SURVEY,HE_ELEC,_Z,_Z,_T,_T,_T,_T,_T,_T,_Z,_Z,_Z,_Z,_Z,2021,1,,,,,,,,,HE_ELEC,SHARE,0.01,A,SEN_EHCVM2021_LEGACY_v1,
dataflow,WB.AFW360:AFW360_HH(0.3.0),R,A,SEN,SN13,SURVEY,HE_EMP_EXT_ANY,_Z,_Z,_T,_T,_T,_T,_T,_T,_Z,_Z,_Z,_Z,_Z,2021,0.99,,,,,,,,,HE_EMP_EXT_ANY,SHARE,0.01,A,SEN_EHCVM2021_LEGACY_v1,LEGACY_SUSPECT: Implausible: share 0.96 while mean non-HH employees is 0.54.
dataflow,WB.AFW360:AFW360_HH(0.3.0),R,A,SEN,SN13,SURVEY,HE_EMP_HH_NUM,_Z,_Z,_T,_T,_T,_T,_T,_T,_Z,_Z,_Z,_Z,_Z,2021,0.16,,,,,,,,,HE_EMP_HH_NUM,PERSON,0.01,A,SEN_EHCVM2021_LEGACY_v1,
dataflow,WB.AFW360:AFW360_HH(0.3.0),R,A,SEN,SN13,SURVEY,HE_EMP_NONHH_NUM,_Z,_Z,_T,_T,_T,_T,_T,_T,_Z,_Z,_Z,_Z,_Z,2021,0.14,,,,,,,,,HE_EMP_NONHH_NUM,PERSON,0.01,A,SEN_EHCVM2021_LEGACY_v1,
dataflow,WB.AFW360:AFW360_HH(0.3.0),R,A,SEN,SN13,SURVEY,HE_EMP_NUM,_Z,_Z,_T,_T,_T,_T,_T,_T,_Z,_Z,_Z,_Z,_Z,2021,0.78,,,,,,,,,HE_EMP_NUM,PERSON,0.01,A,SEN_EHCVM2021_LEGACY_v1,
dataflow,WB.AFW360:AFW360_HH(0.3.0),R,A,SEN,SN13,SURVEY,HE_HH_OWNER,_Z,_Z,_T,_T,_T,_T,_T,_T,_Z,_Z,_Z,_Z,_Z,2021,0.68,,,,,,,,,HE_HH_OWNER,SHARE,0.01,A,SEN_EHCVM2021_LEGACY_v1,
dataflow,WB.AFW360:AFW360_HH(0.3.0),R,A,SEN,SN13,SURVEY,HE_HOME_BASED,_Z,_Z,_T,_T,_T,_T,_T,_T,_Z,_Z,_Z,_Z,_Z,2021,0.36,,,,,,,,,HE_HOME_BASED,SHARE,0.01,A,SEN_EHCVM2021_LEGACY_v1,
dataflow,WB.AFW360:AFW360_HH(0.3.0),R,A,SEN,SN13,SURVEY,HE_PHONE,_Z,_Z,_T,_T,_T,_T,_T,_T,_Z,_Z,_Z,_Z,_Z,2021,1,,,,,,,,,HE_PHONE,SHARE,0.01,A,SEN_EHCVM2021_LEGACY_v1,
dataflow,WB.AFW360:AFW360_HH(0.3.0),R,A,SEN,SN13,SURVEY,HE_PREMISES_FORMAL,_Z,_Z,_T,_T,_T,_T,_T,_T,_Z,_Z,_Z,_Z,_Z,2021,0.19,,,,,,,,,HE_PREMISES_FORMAL,SHARE,0.01,A,SEN_EHCVM2021_LEGACY_v1,
dataflow,WB.AFW360:AFW360_HH(0.3.0),R,A,SEN,SN13,SURVEY,HE_PROFIT,_Z,_Z,_T,_T,_T,_T,_T,_T,_Z,_Z,_Z,_Z,_Z,2021,48698.7,,,,,,,,,HE_PROFIT,XOF,0.01,A,SEN_EHCVM2021_LEGACY_v1,
dataflow,WB.AFW360:AFW360_HH(0.3.0),R,A,SEN,SN13,SURVEY,HE_RENT,_Z,_Z,_T,_T,_T,_T,_T,_T,_Z,_Z,_Z,_Z,_Z,2021,0.93,,,,,,,,,HE_RENT,SHARE,0.01,A,SEN_EHCVM2021_LEGACY_v1,
dataflow,WB.AFW360:AFW360_HH(0.3.0),R,A,SEN,SN13,SURVEY,HE_REV_PER_WORKER,_Z,_Z,_T,_T,_T,_T,_T,_T,_Z,_Z,_Z,_Z,_Z,2021,358152.64,,,,,,,,,HE_REV_PER_WORKER,XOF,0.01,A,SEN_EHCVM2021_LEGACY_v1,
dataflow,WB.AFW360:AFW360_HH(0.3.0),R,A,SEN,SN13,SURVEY,HE_SELL_FIRMS,_Z,_Z,_T,_T,_T,_T,_T,_T,_Z,_Z,_Z,_Z,_Z,2021,0,,,,,,,,,HE_SELL_FIRMS,SHARE,0.01,A,SEN_EHCVM2021_LEGACY_v1,
dataflow,WB.AFW360:AFW360_HH(0.3.0),R,A,SEN,SN13,SURVEY,HE_TAX_ID,_Z,_Z,_T,_T,_T,_T,_T,_T,_Z,_Z,_Z,_Z,_Z,2021,0.08,,,,,,,,,HE_TAX_ID,SHARE,0.01,A,SEN_EHCVM2021_LEGACY_v1,
dataflow,WB.AFW360:AFW360_HH(0.3.0),R,A,SEN,SN13,SURVEY,HE_WATER,_Z,_Z,_T,_T,_T,_T,_T,_T,_Z,_Z,_Z,_Z,_Z,2021,0.25,,,,,,,,,HE_WATER,SHARE,0.01,A,SEN_EHCVM2021_LEGACY_v1,
dataflow,WB.AFW360:AFW360_HH(0.3.0),R,A,SEN,SN13,SURVEY,HOUS_FLOOR_DURABLE,_Z,_Z,_T,_T,_T,_T,_T,_T,_Z,_Z,_Z,_Z,_Z,2021,0.92,,,,,,,,,HOUS_FLOOR_DURABLE,SHARE,0.01,A,SEN_EHCVM2021_LEGACY_v1,
dataflow,WB.AFW360:AFW360_HH(0.3.0),R,A,SEN,SN13,SURVEY,HOUS_ROOF_DURABLE,_Z,_Z,_T,_T,_T,_T,_T,_T,_Z,_Z,_Z,_Z,_Z,2021,0.96,,,,,,,,,HOUS_ROOF_DURABLE,SHARE,0.01,A,SEN_EHCVM2021_LEGACY_v1,
dataflow,WB.AFW360:AFW360_HH(0.3.0),R,A,SEN,SN13,SURVEY,HOUS_SANIT_IMPROVED,_Z,_Z,_T,_T,_T,_T,_T,_T,_Z,_Z,_Z,_Z,_Z,2021,0.57,,,,,,,,,HOUS_SANIT_IMPROVED,SHARE,0.01,A,SEN_EHCVM2021_LEGACY_v1,
dataflow,WB.AFW360:AFW360_HH(0.3.0),R,A,SEN,SN13,SURVEY,HOUS_WALL_DURABLE,_Z,_Z,_T,_T,_T,_T,_T,_T,_Z,_Z,_Z,_Z,_Z,2021,0.92,,,,,,,,,HOUS_WALL_DURABLE,SHARE,0.01,A,SEN_EHCVM2021_LEGACY_v1,
dataflow,WB.AFW360:AFW360_HH(0.3.0),R,A,SEN,SN13,SURVEY,HOUS_WATER_SAFE_DRY,_Z,_Z,_T,_T,_T,_T,_T,_T,_Z,_Z,_Z,_Z,_Z,2021,0.93,,,,,,,,,HOUS_WATER_SAFE_DRY,SHARE,0.01,A,SEN_EHCVM2021_LEGACY_v1,
dataflow,WB.AFW360:AFW360_HH(0.3.0),R,A,SEN,SN13,SURVEY,POP_HE_SH,_Z,_Z,_T,HEO_MSTAT_MARRIED,_T,_T,_T,_T,_Z,_Z,_Z,_Z,_Z,2021,0.58,,,,,,,,,POP_HE_SH.HEO_MSTAT_MARRIED,SHARE,0.01,A,SEN_EHCVM2021_LEGACY_v1,
dataflow,WB.AFW360:AFW360_HH(0.3.0),R,A,SEN,SN13,SURVEY,POP_HE_SH,_Z,_Z,_T,HEO_SEX_F,_T,_T,_T,_T,_Z,_Z,_Z,_Z,_Z,2021,0.76,,,,,,,,,POP_HE_SH.HEO_SEX_F,SHARE,0.01,A,SEN_EHCVM2021_LEGACY_v1,
dataflow,WB.AFW360:AFW360_HH(0.3.0),R,A,SEN,SN13,SURVEY,POP_HH_SH,_Z,_Z,_T,HE_COUNT_0,_T,_T,_T,_T,_Z,_Z,_Z,_Z,_Z,2021,0.28,,,,,,,,,POP_HH_SH.HE_COUNT_0,SHARE,0.01,A,SEN_EHCVM2021_LEGACY_v1,
dataflow,WB.AFW360:AFW360_HH(0.3.0),R,A,SEN,SN13,SURVEY,POP_HH_SH,_Z,_Z,_T,HE_COUNT_1,_T,_T,_T,_T,_Z,_Z,_Z,_Z,_Z,2021,0.65,,,,,,,,,POP_HH_SH.HE_COUNT_1,SHARE,0.01,A,SEN_EHCVM2021_LEGACY_v1,
dataflow,WB.AFW360:AFW360_HH(0.3.0),R,A,SEN,SN13,SURVEY,POP_HH_SH,_Z,_Z,_T,HE_COUNT_2,_T,_T,_T,_T,_Z,_Z,_Z,_Z,_Z,2021,0.03,,,,,,,,,POP_HH_SH.HE_COUNT_2,SHARE,0.01,A,SEN_EHCVM2021_LEGACY_v1,
dataflow,WB.AFW360:AFW360_HH(0.3.0),R,A,SEN,SN13,SURVEY,POP_HH_SH,_Z,_Z,_T,HE_COUNT_3,_T,_T,_T,_T,_Z,_Z,_Z,_Z,_Z,2021,0.04,,,,,,,,,POP_HH_SH.HE_COUNT_3,SHARE,0.01,A,SEN_EHCVM2021_LEGACY_v1,
dataflow,WB.AFW360:AFW360_HH(0.3.0),R,A,SEN,SN13,SURVEY,POP_HH_SH,_Z,_Z,_T,HE_COUNT_4P,_T,_T,_T,_T,_Z,_Z,_Z,_Z,_Z,2021,0,,,,,,,,,POP_HH_SH.HE_COUNT_4P,SHARE,0.01,A,SEN_EHCVM2021_LEGACY_v1,
dataflow,WB.AFW360:AFW360_HH(0.3.0),R,A,SEN,SN13,SURVEY,POP_SH,_T,_T,_T,EMP_FORMAL_N,_T,_T,_T,_T,_Z,_Z,_Z,_Z,_Z,2021,0.64,,,,,,,,,POP_SH.EMP_FORMAL_N,SHARE,0.01,A,SEN_EHCVM2021_LEGACY_v1,
dataflow,WB.AFW360:AFW360_HH(0.3.0),R,A,SEN,SN13,SURVEY,POP_SH,_T,_T,_T,EMP_ISIC_G,_T,_T,_T,_T,_Z,_Z,_Z,_Z,_Z,2021,0.2,,,,,,,,,POP_SH.EMP_ISIC_G,SHARE,0.01,A,SEN_EHCVM2021_LEGACY_v1,
dataflow,WB.AFW360:AFW360_HH(0.3.0),R,A,SEN,SN13,SURVEY,POP_SH,_T,_T,_T,EMP_ISIC_H,_T,_T,_T,_T,_Z,_Z,_Z,_Z,_Z,2021,0.08,,,,,,,,,POP_SH.EMP_ISIC_H,SHARE,0.01,A,SEN_EHCVM2021_LEGACY_v1,
dataflow,WB.AFW360:AFW360_HH(0.3.0),R,A,SEN,SN13,SURVEY,POP_SH,_T,_T,_T,EMP_SECTOR_AGR,_T,_T,_T,_T,_Z,_Z,_Z,_Z,_Z,2021,0.25,,,,,,,,,POP_SH.EMP_SECTOR_AGR,SHARE,0.01,A,SEN_EHCVM2021_LEGACY_v1,
dataflow,WB.AFW360:AFW360_HH(0.3.0),R,A,SEN,SN13,SURVEY,POP_SH,_T,_T,_T,EMP_SECTOR_IND,_T,_T,_T,_T,_Z,_Z,_Z,_Z,_Z,2021,0.27,,,,,,,,,POP_SH.EMP_SECTOR_IND,SHARE,0.01,A,SEN_EHCVM2021_LEGACY_v1,
dataflow,WB.AFW360:AFW360_HH(0.3.0),R,A,SEN,SN13,SURVEY,POP_SH,_T,_T,_T,EMP_SECTOR_SER,_T,_T,_T,_T,_Z,_Z,_Z,_Z,_Z,2021,0.48,,,,,,,,,POP_SH.EMP_SECTOR_SER,SHARE,0.01,A,SEN_EHCVM2021_LEGACY_v1,
dataflow,WB.AFW360:AFW360_HH(0.3.0),R,A,SEN,SN13,SURVEY,POP_SH,_T,_T,_T,EMP_STATUS_EMPLOYED,_T,_T,_T,_T,_Z,_Z,_Z,_Z,_Z,2021,0.61,,,,,,,,,POP_SH.EMP_STATUS_EMPLOYED,SHARE,0.01,A,SEN_EHCVM2021_LEGACY_v1,
dataflow,WB.AFW360:AFW360_HH(0.3.0),R,A,SEN,SN13,SURVEY,POP_SH,_T,_T,_T,EMP_TYPE_NONWAGE,_T,_T,_T,_T,_Z,_Z,_Z,_Z,_Z,2021,0.65,,,,,,,,,POP_SH.EMP_TYPE_NONWAGE,SHARE,0.01,A,SEN_EHCVM2021_LEGACY_v1,
dataflow,WB.AFW360:AFW360_HH(0.3.0),R,A,SEN,SN13,SURVEY,POP_SH,_T,_T,_T,EMP_TYPE_WAGE,_T,_T,_T,_T,_Z,_Z,_Z,_Z,_Z,2021,0.35,,,,,,,,,POP_SH.EMP_TYPE_WAGE,SHARE,0.01,A,SEN_EHCVM2021_LEGACY_v1,
dataflow,WB.AFW360:AFW360_HH(0.3.0),R,A,SEN,SN13,SURVEY,POV_HC,_T,_T,_T,_T,_T,_T,_T,_T,POVLINE_PL300,PPP_2021,_Z,_Z,_Z,2021,0.11,,,,,,,,,POV_HC.POVLINE_PL300.PPP_2021,SHARE,0.01,A,SEN_EHCVM2021_LEGACY_v1,
dataflow,WB.AFW360:AFW360_HH(0.3.0),R,A,SEN,SN13,SURVEY,POV_HC,_T,_T,_T,_T,_T,_T,_T,_T,POVLINE_PL420,PPP_2021,_Z,_Z,_Z,2021,0.28,,,,,,,,,POV_HC.POVLINE_PL420.PPP_2021,SHARE,0.01,A,SEN_EHCVM2021_LEGACY_v1,
dataflow,WB.AFW360:AFW360_HH(0.3.0),R,A,SEN,SN13,SURVEY,POV_NUM,_T,_T,_T,_T,_T,_T,_T,_T,POVLINE_PL300,PPP_2021,_Z,_Z,_Z,2021,250000,,,,,,,,,POV_NUM.POVLINE_PL300.PPP_2021,PERSON,10000,A,SEN_EHCVM2021_LEGACY_v1,
dataflow,WB.AFW360:AFW360_HH(0.3.0),R,A,SEN,SN13,SURVEY,POV_NUM,_T,_T,_T,_T,_T,_T,_T,_T,POVLINE_PL420,PPP_2021,_Z,_Z,_Z,2021,620000,,,,,,,,,POV_NUM.POVLINE_PL420.PPP_2021,PERSON,10000,A,SEN_EHCVM2021_LEGACY_v1,
dataflow,WB.AFW360:AFW360_HH(0.3.0),R,A,SEN,SN13,SURVEY,SHK_ANY,_Z,_Z,_T,_T,_T,_T,_T,_T,_Z,_Z,_Z,_Z,_Z,2021,0.61,,,,,,,,,SHK_ANY,SHARE,0.01,A,SEN_EHCVM2021_LEGACY_v1,
dataflow,WB.AFW360:AFW360_HH(0.3.0),R,A,SEN,SN13,SURVEY,SHK_COV_CONFLICT,_Z,_Z,_T,_T,_T,_T,_T,_T,_Z,_Z,_Z,_Z,_Z,2021,0.01,,,,,,,,,SHK_COV_CONFLICT,SHARE,0.01,A,SEN_EHCVM2021_LEGACY_v1,
dataflow,WB.AFW360:AFW360_HH(0.3.0),R,A,SEN,SN13,SURVEY,SHK_COV_ECON,_Z,_Z,_T,_T,_T,_T,_T,_T,_Z,_Z,_Z,_Z,_Z,2021,0.31,,,,,,,,,SHK_COV_ECON,SHARE,0.01,A,SEN_EHCVM2021_LEGACY_v1,
dataflow,WB.AFW360:AFW360_HH(0.3.0),R,A,SEN,SN13,SURVEY,SHK_COV_NATURAL,_Z,_Z,_T,_T,_T,_T,_T,_T,_Z,_Z,_Z,_Z,_Z,2021,0.19,,,,,,,,,SHK_COV_NATURAL,SHARE,0.01,A,SEN_EHCVM2021_LEGACY_v1,
dataflow,WB.AFW360:AFW360_HH(0.3.0),R,A,SEN,SN13,SURVEY,SHK_IDIO_ECON,_Z,_Z,_T,_T,_T,_T,_T,_T,_Z,_Z,_Z,_Z,_Z,2021,0.17,,,,,,,,,SHK_IDIO_ECON,SHARE,0.01,A,SEN_EHCVM2021_LEGACY_v1,
dataflow,WB.AFW360:AFW360_HH(0.3.0),R,A,SEN,SN13,SURVEY,SP_HEALTH_COV,_T,_T,_T,_T,_T,_T,_T,_T,_Z,_Z,_Z,_Z,_Z,2021,0.01,,,,,,,,,SP_HEALTH_COV,SHARE,0.01,A,SEN_EHCVM2021_LEGACY_v1,
dataflow,WB.AFW360:AFW360_HH(0.3.0),R,A,SEN,SN13,SURVEY,SP_HEALTH_COV_HH,_Z,_Z,_T,_T,_T,_T,_T,_T,_Z,_Z,_Z,_Z,_Z,2021,0.03,,,,,,,,,SP_HEALTH_COV_HH,SHARE,0.01,A,SEN_EHCVM2021_LEGACY_v1,
dataflow,WB.AFW360:AFW360_HH(0.3.0),R,A,SEN,SN14,SURVEY,AGR_CULTIVATES,_Z,_Z,_T,_T,_T,_T,_T,_T,_Z,_Z,_Z,_Z,_Z,2021,0.35,,,,,,,,,AGR_CULTIVATES,SHARE,0.01,A,SEN_EHCVM2021_LEGACY_v1,
dataflow,WB.AFW360:AFW360_HH(0.3.0),R,A,SEN,SN14,SURVEY,AGR_CULT_AREA,_Z,_Z,_T,_T,_T,_T,_T,_T,_Z,_Z,_Z,_Z,_Z,2021,1.14,,,,,,,,,AGR_CULT_AREA,HA,0.01,A,SEN_EHCVM2021_LEGACY_v1,
dataflow,WB.AFW360:AFW360_HH(0.3.0),R,A,SEN,SN14,SURVEY,AGR_LIVESTOCK_ANY,_Z,_Z,_T,_T,_T,_T,_T,_T,_Z,_Z,_Z,_Z,_Z,2021,0.5,,,,,,,,,AGR_LIVESTOCK_ANY,SHARE,0.01,A,SEN_EHCVM2021_LEGACY_v1,
dataflow,WB.AFW360:AFW360_HH(0.3.0),R,A,SEN,SN14,SURVEY,AGR_TLU,_Z,_Z,_T,_T,_T,_T,_T,_T,_Z,_Z,_Z,_Z,_Z,2021,0.85,,,,,,,,,AGR_TLU,TLU,0.01,A,SEN_EHCVM2021_LEGACY_v1,
dataflow,WB.AFW360:AFW360_HH(0.3.0),R,A,SEN,SN14,SURVEY,CONS_SH,_Z,_Z,_T,_T,_T,_T,_T,_T,COICOP_CP01,ACQ_OWNPROD,_Z,_Z,_Z,2021,0.03,,,,,,,,,CONS_SH.COICOP_CP01.ACQ_OWNPROD,SHARE,0.01,A,SEN_EHCVM2021_LEGACY_v1,
dataflow,WB.AFW360:AFW360_HH(0.3.0),R,A,SEN,SN14,SURVEY,CONS_SH,_Z,_Z,_T,_T,_T,_T,_T,_T,COICOP_CP01,ACQ_PURCH,_Z,_Z,_Z,2021,0.38,,,,,,,,,CONS_SH.COICOP_CP01.ACQ_PURCH,SHARE,0.01,A,SEN_EHCVM2021_LEGACY_v1,
dataflow,WB.AFW360:AFW360_HH(0.3.0),R,A,SEN,SN14,SURVEY,CONS_SH,_Z,_Z,_T,_T,_T,_T,_T,_T,COICOP_CP01,_Z,_Z,_Z,_Z,2021,0.44,,,,,,,,,CONS_SH.COICOP_CP01,SHARE,0.01,A,SEN_EHCVM2021_LEGACY_v1,
dataflow,WB.AFW360:AFW360_HH(0.3.0),R,A,SEN,SN14,SURVEY,CONS_SH,_Z,_Z,_T,_T,_T,_T,_T,_T,COICOP_CP02,_Z,_Z,_Z,_Z,2021,0.01,,,,,,,,,CONS_SH.COICOP_CP02,SHARE,0.01,A,SEN_EHCVM2021_LEGACY_v1,
dataflow,WB.AFW360:AFW360_HH(0.3.0),R,A,SEN,SN14,SURVEY,CONS_SH,_Z,_Z,_T,_T,_T,_T,_T,_T,COICOP_CP03,_Z,_Z,_Z,_Z,2021,0.05,,,,,,,,,CONS_SH.COICOP_CP03,SHARE,0.01,A,SEN_EHCVM2021_LEGACY_v1,
dataflow,WB.AFW360:AFW360_HH(0.3.0),R,A,SEN,SN14,SURVEY,CONS_SH,_Z,_Z,_T,_T,_T,_T,_T,_T,COICOP_CP04,_Z,_Z,_Z,_Z,2021,0.19,,,,,,,,,CONS_SH.COICOP_CP04,SHARE,0.01,A,SEN_EHCVM2021_LEGACY_v1,
dataflow,WB.AFW360:AFW360_HH(0.3.0),R,A,SEN,SN14,SURVEY,CONS_SH,_Z,_Z,_T,_T,_T,_T,_T,_T,COICOP_CP05,_Z,_Z,_Z,_Z,2021,0.05,,,,,,,,,CONS_SH.COICOP_CP05,SHARE,0.01,A,SEN_EHCVM2021_LEGACY_v1,
dataflow,WB.AFW360:AFW360_HH(0.3.0),R,A,SEN,SN14,SURVEY,CONS_SH,_Z,_Z,_T,_T,_T,_T,_T,_T,COICOP_CP06,_Z,_Z,_Z,_Z,2021,0.03,,,,,,,,,CONS_SH.COICOP_CP06,SHARE,0.01,A,SEN_EHCVM2021_LEGACY_v1,
dataflow,WB.AFW360:AFW360_HH(0.3.0),R,A,SEN,SN14,SURVEY,CONS_SH,_Z,_Z,_T,_T,_T,_T,_T,_T,COICOP_CP07,_Z,_Z,_Z,_Z,2021,0.03,,,,,,,,,CONS_SH.COICOP_CP07,SHARE,0.01,A,SEN_EHCVM2021_LEGACY_v1,
dataflow,WB.AFW360:AFW360_HH(0.3.0),R,A,SEN,SN14,SURVEY,CONS_SH,_Z,_Z,_T,_T,_T,_T,_T,_T,COICOP_CP08,_Z,_Z,_Z,_Z,2021,0.07,,,,,,,,,CONS_SH.COICOP_CP08,SHARE,0.01,A,SEN_EHCVM2021_LEGACY_v1,
dataflow,WB.AFW360:AFW360_HH(0.3.0),R,A,SEN,SN14,SURVEY,CONS_SH,_Z,_Z,_T,_T,_T,_T,_T,_T,COICOP_CP09,_Z,_Z,_Z,_Z,2021,0,,,,,,,,,CONS_SH.COICOP_CP09,SHARE,0.01,A,SEN_EHCVM2021_LEGACY_v1,
dataflow,WB.AFW360:AFW360_HH(0.3.0),R,A,SEN,SN14,SURVEY,CONS_SH,_Z,_Z,_T,_T,_T,_T,_T,_T,COICOP_CP10,_Z,_Z,_Z,_Z,2021,0.03,,,,,,,,,CONS_SH.COICOP_CP10,SHARE,0.01,A,SEN_EHCVM2021_LEGACY_v1,
dataflow,WB.AFW360:AFW360_HH(0.3.0),R,A,SEN,SN14,SURVEY,CONS_SH,_Z,_Z,_T,_T,_T,_T,_T,_T,COICOP_CP11,_Z,_Z,_Z,_Z,2021,0.07,,,,,,,,,CONS_SH.COICOP_CP11,SHARE,0.01,A,SEN_EHCVM2021_LEGACY_v1,
dataflow,WB.AFW360:AFW360_HH(0.3.0),R,A,SEN,SN14,SURVEY,CONS_SH,_Z,_Z,_T,_T,_T,_T,_T,_T,COICOP_CP12,_Z,_Z,_Z,_Z,2021,0,,,,,,,,,CONS_SH.COICOP_CP12,SHARE,0.01,A,SEN_EHCVM2021_LEGACY_v1,
dataflow,WB.AFW360:AFW360_HH(0.3.0),R,A,SEN,SN14,SURVEY,CONS_SH,_Z,_Z,_T,_T,_T,_T,_T,_T,COICOP_CP13,_Z,_Z,_Z,_Z,2021,0.02,,,,,,,,,CONS_SH.COICOP_CP13,SHARE,0.01,A,SEN_EHCVM2021_LEGACY_v1,
dataflow,WB.AFW360:AFW360_HH(0.3.0),R,A,SEN,SN14,SURVEY,EN_ASSET_AC,_Z,_Z,_T,_T,_T,_T,_T,_T,_Z,_Z,_Z,_Z,_Z,2021,0,,,,,,,,,EN_ASSET_AC,SHARE,0.01,A,SEN_EHCVM2021_LEGACY_v1,
dataflow,WB.AFW360:AFW360_HH(0.3.0),R,A,SEN,SN14,SURVEY,EN_ASSET_COOKER,_Z,_Z,_T,_T,_T,_T,_T,_T,_Z,_Z,_Z,_Z,_Z,2021,0.02,,,,,,,,,EN_ASSET_COOKER,SHARE,0.01,A,SEN_EHCVM2021_LEGACY_v1,
dataflow,WB.AFW360:AFW360_HH(0.3.0),R,A,SEN,SN14,SURVEY,EN_ASSET_FAN,_Z,_Z,_T,_T,_T,_T,_T,_T,_Z,_Z,_Z,_Z,_Z,2021,0,,,,,,,,,EN_ASSET_FAN,SHARE,0.01,A,SEN_EHCVM2021_LEGACY_v1,
dataflow,WB.AFW360:AFW360_HH(0.3.0),R,A,SEN,SN14,SURVEY,EN_ASSET_WATER_HEATER,_Z,_Z,_T,_T,_T,_T,_T,_T,_Z,_Z,_Z,_Z,_Z,2021,0,,,,,,,,,EN_ASSET_WATER_HEATER,SHARE,0.01,A,SEN_EHCVM2021_LEGACY_v1,
dataflow,WB.AFW360:AFW360_HH(0.3.0),R,A,SEN,SN14,SURVEY,EN_COOK_BIOMASS,_Z,_Z,_T,_T,_T,_T,_T,_T,_Z,_Z,_Z,_Z,_Z,2021,0.29,,,,,,,,,EN_COOK_BIOMASS,SHARE,0.01,A,SEN_EHCVM2021_LEGACY_v1,
dataflow,WB.AFW360:AFW360_HH(0.3.0),R,A,SEN,SN14,SURVEY,EN_COOK_CLEAN,_Z,_Z,_T,_T,_T,_T,_T,_T,_Z,_Z,_Z,_Z,_Z,2021,0.58,,,,,,,,,EN_COOK_CLEAN,SHARE,0.01,A,SEN_EHCVM2021_LEGACY_v1,LEGACY_SUSPECT: Implausible pattern: higher in Rural and Q1 than in Capital and Q4.
dataflow,WB.AFW360:AFW360_HH(0.3.0),R,A,SEN,SN14,SURVEY,EN_ELEC_ACCESS,_Z,_Z,_T,_T,_T,_T,_T,_T,_Z,_Z,_Z,_Z,_Z,2021,0.72,,,,,,,,,EN_ELEC_ACCESS,SHARE,0.01,A,SEN_EHCVM2021_LEGACY_v1,
dataflow,WB.AFW360:AFW360_HH(0.3.0),R,A,SEN,SN14,SURVEY,EN_ELEC_INFORMAL,_Z,_Z,_T,_T,_T,_T,_T,_T,_Z,_Z,_Z,_Z,_Z,2021,0.08,,,,,,,,,EN_ELEC_INFORMAL,SHARE,0.01,A,SEN_EHCVM2021_LEGACY_v1,
dataflow,WB.AFW360:AFW360_HH(0.3.0),R,A,SEN,SN14,SURVEY,EN_ELEC_SPEND,_Z,_Z,_T,_T,_T,_T,_T,_T,_Z,_Z,_Z,_Z,_Z,2021,15584.89,,,,,,,,,EN_ELEC_SPEND,XOF,0.01,A,SEN_EHCVM2021_LEGACY_v1,
dataflow,WB.AFW360:AFW360_HH(0.3.0),R,A,SEN,SN14,SURVEY,EN_GRID_CONN,_Z,_Z,_T,_T,_T,_T,_T,_T,_Z,_Z,_Z,_Z,_Z,2021,0.84,,,,,,,,,EN_GRID_CONN,SHARE,0.01,A,SEN_EHCVM2021_LEGACY_v1,"LEGACY_SUSPECT: Implausible: 0.96-1.00 in every cell, including Q1 and Rural."
dataflow,WB.AFW360:AFW360_HH(0.3.0),R,A,SEN,SN14,SURVEY,EN_GRID_USE,_Z,_Z,_T,_T,_T,_T,_T,_T,_Z,_Z,_Z,_Z,_Z,2021,0.71,,,,,,,,,EN_GRID_USE,SHARE,0.01,A,SEN_EHCVM2021_LEGACY_v1,
dataflow,WB.AFW360:AFW360_HH(0.3.0),R,A,SEN,SN14,SURVEY,EN_LIGHT_IMPROVED,_Z,_Z,_T,_T,_T,_T,_T,_T,_Z,_Z,_Z,_Z,_Z,2021,0.9,,,,,,,,,EN_LIGHT_IMPROVED,SHARE,0.01,A,SEN_EHCVM2021_LEGACY_v1,
dataflow,WB.AFW360:AFW360_HH(0.3.0),R,A,SEN,SN14,SURVEY,EN_OFFGRID_USE,_Z,_Z,_T,_T,_T,_T,_T,_T,_Z,_Z,_Z,_Z,_Z,2021,0.2,,,,,,,,,EN_OFFGRID_USE,SHARE,0.01,A,SEN_EHCVM2021_LEGACY_v1,
dataflow,WB.AFW360:AFW360_HH(0.3.0),R,A,SEN,SN14,SURVEY,EN_OUTAGE_ANY,_Z,_Z,_T,_T,_T,_T,_T,_T,_Z,_Z,_Z,_Z,_Z,2021,0.32,,,,,,,,,EN_OUTAGE_ANY,SHARE,0.01,A,SEN_EHCVM2021_LEGACY_v1,
dataflow,WB.AFW360:AFW360_HH(0.3.0),R,A,SEN,SN14,SURVEY,EN_OUTAGE_DAYS,_Z,_Z,_T,_T,_T,_T,_T,_T,_Z,_Z,_Z,_Z,_Z,2021,3.58,,,,,,,,,EN_OUTAGE_DAYS,DAY,0.01,A,SEN_EHCVM2021_LEGACY_v1,
dataflow,WB.AFW360:AFW360_HH(0.3.0),R,A,SEN,SN14,SURVEY,EN_OUTAGE_DUR_CODE,_Z,_Z,_T,_T,_T,_T,_T,_T,_Z,_Z,_Z,_Z,_Z,2021,1.92,,,,,,,,,EN_OUTAGE_DUR_CODE,INDEX,0.01,A,SEN_EHCVM2021_LEGACY_v1,
dataflow,WB.AFW360:AFW360_HH(0.3.0),R,A,SEN,SN14,SURVEY,EN_PREPAID_METER,_Z,_Z,_T,_T,_T,_T,_T,_T,_Z,_Z,_Z,_Z,_Z,2021,0.54,,,,,,,,,EN_PREPAID_METER,SHARE,0.01,A,SEN_EHCVM2021_LEGACY_v1,
dataflow,WB.AFW360:AFW360_HH(0.3.0),R,A,SEN,SN14,SURVEY,HE_ACCOUNTS,_Z,_Z,_T,_T,_T,_T,_T,_T,_Z,_Z,_Z,_Z,_Z,2021,0.15,,,,,,,,,HE_ACCOUNTS,SHARE,0.01,A,SEN_EHCVM2021_LEGACY_v1,
dataflow,WB.AFW360:AFW360_HH(0.3.0),R,A,SEN,SN14,SURVEY,HE_AGE,_Z,_Z,_T,_T,_T,_T,_T,_T,_Z,_Z,_Z,_Z,_Z,2021,11.92,,,,,,,,,HE_AGE,YEAR,0.01,A,SEN_EHCVM2021_LEGACY_v1,
dataflow,WB.AFW360:AFW360_HH(0.3.0),R,A,SEN,SN14,SURVEY,HE_BUY_FIRMS,_Z,_Z,_T,_T,_T,_T,_T,_T,_Z,_Z,_Z,_Z,_Z,2021,0.41,,,,,,,,,HE_BUY_FIRMS,SHARE,0.01,A,SEN_EHCVM2021_LEGACY_v1,
dataflow,WB.AFW360:AFW360_HH(0.3.0),R,A,SEN,SN14,SURVEY,HE_CAPITAL,_Z,_Z,_T,_T,_T,_T,_T,_T,_Z,_Z,_Z,_Z,_Z,2021,511386.99,,,,,,,,,HE_CAPITAL,XOF,0.01,A,SEN_EHCVM2021_LEGACY_v1,
dataflow,WB.AFW360:AFW360_HH(0.3.0),R,A,SEN,SN14,SURVEY,HE_COSTS,_Z,_Z,_T,_T,_T,_T,_T,_T,_Z,_Z,_Z,_Z,_Z,2021,64813.28,,,,,,,,,HE_COSTS,XOF,0.01,A,SEN_EHCVM2021_LEGACY_v1,
dataflow,WB.AFW360:AFW360_HH(0.3.0),R,A,SEN,SN14,SURVEY,HE_CREDIT_ANY,_Z,_Z,_T,_T,_T,_T,_T,_T,_Z,_Z,_Z,_Z,_Z,2021,0.37,,,,,,,,,HE_CREDIT_ANY,SHARE,0.01,A,SEN_EHCVM2021_LEGACY_v1,
dataflow,WB.AFW360:AFW360_HH(0.3.0),R,A,SEN,SN14,SURVEY,HE_CREDIT_FORMAL,_Z,_Z,_T,_T,_T,_T,_T,_T,_Z,_Z,_Z,_Z,_Z,2021,0.06,,,,,,,,,HE_CREDIT_FORMAL,SHARE,0.01,A,SEN_EHCVM2021_LEGACY_v1,
dataflow,WB.AFW360:AFW360_HH(0.3.0),R,A,SEN,SN14,SURVEY,HE_CREDIT_INFORMAL,_Z,_Z,_T,_T,_T,_T,_T,_T,_Z,_Z,_Z,_Z,_Z,2021,0.34,,,,,,,,,HE_CREDIT_INFORMAL,SHARE,0.01,A,SEN_EHCVM2021_LEGACY_v1,
dataflow,WB.AFW360:AFW360_HH(0.3.0),R,A,SEN,SN14,SURVEY,HE_ELEC,_Z,_Z,_T,_T,_T,_T,_T,_T,_Z,_Z,_Z,_Z,_Z,2021,0.72,,,,,,,,,HE_ELEC,SHARE,0.01,A,SEN_EHCVM2021_LEGACY_v1,
dataflow,WB.AFW360:AFW360_HH(0.3.0),R,A,SEN,SN14,SURVEY,HE_EMP_EXT_ANY,_Z,_Z,_T,_T,_T,_T,_T,_T,_Z,_Z,_Z,_Z,_Z,2021,0.86,,,,,,,,,HE_EMP_EXT_ANY,SHARE,0.01,A,SEN_EHCVM2021_LEGACY_v1,LEGACY_SUSPECT: Implausible: share 0.96 while mean non-HH employees is 0.54.
dataflow,WB.AFW360:AFW360_HH(0.3.0),R,A,SEN,SN14,SURVEY,HE_EMP_HH_NUM,_Z,_Z,_T,_T,_T,_T,_T,_T,_Z,_Z,_Z,_Z,_Z,2021,0.34,,,,,,,,,HE_EMP_HH_NUM,PERSON,0.01,A,SEN_EHCVM2021_LEGACY_v1,
dataflow,WB.AFW360:AFW360_HH(0.3.0),R,A,SEN,SN14,SURVEY,HE_EMP_NONHH_NUM,_Z,_Z,_T,_T,_T,_T,_T,_T,_Z,_Z,_Z,_Z,_Z,2021,0.34,,,,,,,,,HE_EMP_NONHH_NUM,PERSON,0.01,A,SEN_EHCVM2021_LEGACY_v1,
dataflow,WB.AFW360:AFW360_HH(0.3.0),R,A,SEN,SN14,SURVEY,HE_EMP_NUM,_Z,_Z,_T,_T,_T,_T,_T,_T,_Z,_Z,_Z,_Z,_Z,2021,1.07,,,,,,,,,HE_EMP_NUM,PERSON,0.01,A,SEN_EHCVM2021_LEGACY_v1,
dataflow,WB.AFW360:AFW360_HH(0.3.0),R,A,SEN,SN14,SURVEY,HE_HH_OWNER,_Z,_Z,_T,_T,_T,_T,_T,_T,_Z,_Z,_Z,_Z,_Z,2021,0.63,,,,,,,,,HE_HH_OWNER,SHARE,0.01,A,SEN_EHCVM2021_LEGACY_v1,
dataflow,WB.AFW360:AFW360_HH(0.3.0),R,A,SEN,SN14,SURVEY,HE_HOME_BASED,_Z,_Z,_T,_T,_T,_T,_T,_T,_Z,_Z,_Z,_Z,_Z,2021,0.31,,,,,,,,,HE_HOME_BASED,SHARE,0.01,A,SEN_EHCVM2021_LEGACY_v1,
dataflow,WB.AFW360:AFW360_HH(0.3.0),R,A,SEN,SN14,SURVEY,HE_PHONE,_Z,_Z,_T,_T,_T,_T,_T,_T,_Z,_Z,_Z,_Z,_Z,2021,0.96,,,,,,,,,HE_PHONE,SHARE,0.01,A,SEN_EHCVM2021_LEGACY_v1,
dataflow,WB.AFW360:AFW360_HH(0.3.0),R,A,SEN,SN14,SURVEY,HE_PREMISES_FORMAL,_Z,_Z,_T,_T,_T,_T,_T,_T,_Z,_Z,_Z,_Z,_Z,2021,0.08,,,,,,,,,HE_PREMISES_FORMAL,SHARE,0.01,A,SEN_EHCVM2021_LEGACY_v1,
dataflow,WB.AFW360:AFW360_HH(0.3.0),R,A,SEN,SN14,SURVEY,HE_PROFIT,_Z,_Z,_T,_T,_T,_T,_T,_T,_Z,_Z,_Z,_Z,_Z,2021,54037.74,,,,,,,,,HE_PROFIT,XOF,0.01,A,SEN_EHCVM2021_LEGACY_v1,
dataflow,WB.AFW360:AFW360_HH(0.3.0),R,A,SEN,SN14,SURVEY,HE_RENT,_Z,_Z,_T,_T,_T,_T,_T,_T,_Z,_Z,_Z,_Z,_Z,2021,1,,,,,,,,,HE_RENT,SHARE,0.01,A,SEN_EHCVM2021_LEGACY_v1,
dataflow,WB.AFW360:AFW360_HH(0.3.0),R,A,SEN,SN14,SURVEY,HE_REV_PER_WORKER,_Z,_Z,_T,_T,_T,_T,_T,_T,_Z,_Z,_Z,_Z,_Z,2021,244461.46,,,,,,,,,HE_REV_PER_WORKER,XOF,0.01,A,SEN_EHCVM2021_LEGACY_v1,
dataflow,WB.AFW360:AFW360_HH(0.3.0),R,A,SEN,SN14,SURVEY,HE_SELL_FIRMS,_Z,_Z,_T,_T,_T,_T,_T,_T,_Z,_Z,_Z,_Z,_Z,2021,0,,,,,,,,,HE_SELL_FIRMS,SHARE,0.01,A,SEN_EHCVM2021_LEGACY_v1,
dataflow,WB.AFW360:AFW360_HH(0.3.0),R,A,SEN,SN14,SURVEY,HE_TAX_ID,_Z,_Z,_T,_T,_T,_T,_T,_T,_Z,_Z,_Z,_Z,_Z,2021,0.17,,,,,,,,,HE_TAX_ID,SHARE,0.01,A,SEN_EHCVM2021_LEGACY_v1,
dataflow,WB.AFW360:AFW360_HH(0.3.0),R,A,SEN,SN14,SURVEY,HE_WATER,_Z,_Z,_T,_T,_T,_T,_T,_T,_Z,_Z,_Z,_Z,_Z,2021,0.23,,,,,,,,,HE_WATER,SHARE,0.01,A,SEN_EHCVM2021_LEGACY_v1,
dataflow,WB.AFW360:AFW360_HH(0.3.0),R,A,SEN,SN14,SURVEY,HOUS_FLOOR_DURABLE,_Z,_Z,_T,_T,_T,_T,_T,_T,_Z,_Z,_Z,_Z,_Z,2021,0.77,,,,,,,,,HOUS_FLOOR_DURABLE,SHARE,0.01,A,SEN_EHCVM2021_LEGACY_v1,
dataflow,WB.AFW360:AFW360_HH(0.3.0),R,A,SEN,SN14,SURVEY,HOUS_ROOF_DURABLE,_Z,_Z,_T,_T,_T,_T,_T,_T,_Z,_Z,_Z,_Z,_Z,2021,0.99,,,,,,,,,HOUS_ROOF_DURABLE,SHARE,0.01,A,SEN_EHCVM2021_LEGACY_v1,
dataflow,WB.AFW360:AFW360_HH(0.3.0),R,A,SEN,SN14,SURVEY,HOUS_SANIT_IMPROVED,_Z,_Z,_T,_T,_T,_T,_T,_T,_Z,_Z,_Z,_Z,_Z,2021,0.47,,,,,,,,,HOUS_SANIT_IMPROVED,SHARE,0.01,A,SEN_EHCVM2021_LEGACY_v1,
dataflow,WB.AFW360:AFW360_HH(0.3.0),R,A,SEN,SN14,SURVEY,HOUS_WALL_DURABLE,_Z,_Z,_T,_T,_T,_T,_T,_T,_Z,_Z,_Z,_Z,_Z,2021,0.85,,,,,,,,,HOUS_WALL_DURABLE,SHARE,0.01,A,SEN_EHCVM2021_LEGACY_v1,
dataflow,WB.AFW360:AFW360_HH(0.3.0),R,A,SEN,SN14,SURVEY,HOUS_WATER_SAFE_DRY,_Z,_Z,_T,_T,_T,_T,_T,_T,_Z,_Z,_Z,_Z,_Z,2021,0.53,,,,,,,,,HOUS_WATER_SAFE_DRY,SHARE,0.01,A,SEN_EHCVM2021_LEGACY_v1,
dataflow,WB.AFW360:AFW360_HH(0.3.0),R,A,SEN,SN14,SURVEY,POP_HE_SH,_Z,_Z,_T,HEO_MSTAT_MARRIED,_T,_T,_T,_T,_Z,_Z,_Z,_Z,_Z,2021,0.82,,,,,,,,,POP_HE_SH.HEO_MSTAT_MARRIED,SHARE,0.01,A,SEN_EHCVM2021_LEGACY_v1,
dataflow,WB.AFW360:AFW360_HH(0.3.0),R,A,SEN,SN14,SURVEY,POP_HE_SH,_Z,_Z,_T,HEO_SEX_F,_T,_T,_T,_T,_Z,_Z,_Z,_Z,_Z,2021,0.65,,,,,,,,,POP_HE_SH.HEO_SEX_F,SHARE,0.01,A,SEN_EHCVM2021_LEGACY_v1,
dataflow,WB.AFW360:AFW360_HH(0.3.0),R,A,SEN,SN14,SURVEY,POP_HH_SH,_Z,_Z,_T,HE_COUNT_0,_T,_T,_T,_T,_Z,_Z,_Z,_Z,_Z,2021,0.19,,,,,,,,,POP_HH_SH.HE_COUNT_0,SHARE,0.01,A,SEN_EHCVM2021_LEGACY_v1,
dataflow,WB.AFW360:AFW360_HH(0.3.0),R,A,SEN,SN14,SURVEY,POP_HH_SH,_Z,_Z,_T,HE_COUNT_1,_T,_T,_T,_T,_Z,_Z,_Z,_Z,_Z,2021,0.61,,,,,,,,,POP_HH_SH.HE_COUNT_1,SHARE,0.01,A,SEN_EHCVM2021_LEGACY_v1,
dataflow,WB.AFW360:AFW360_HH(0.3.0),R,A,SEN,SN14,SURVEY,POP_HH_SH,_Z,_Z,_T,HE_COUNT_2,_T,_T,_T,_T,_Z,_Z,_Z,_Z,_Z,2021,0.17,,,,,,,,,POP_HH_SH.HE_COUNT_2,SHARE,0.01,A,SEN_EHCVM2021_LEGACY_v1,
dataflow,WB.AFW360:AFW360_HH(0.3.0),R,A,SEN,SN14,SURVEY,POP_HH_SH,_Z,_Z,_T,HE_COUNT_3,_T,_T,_T,_T,_Z,_Z,_Z,_Z,_Z,2021,0.03,,,,,,,,,POP_HH_SH.HE_COUNT_3,SHARE,0.01,A,SEN_EHCVM2021_LEGACY_v1,
dataflow,WB.AFW360:AFW360_HH(0.3.0),R,A,SEN,SN14,SURVEY,POP_HH_SH,_Z,_Z,_T,HE_COUNT_4P,_T,_T,_T,_T,_Z,_Z,_Z,_Z,_Z,2021,0,,,,,,,,,POP_HH_SH.HE_COUNT_4P,SHARE,0.01,A,SEN_EHCVM2021_LEGACY_v1,
dataflow,WB.AFW360:AFW360_HH(0.3.0),R,A,SEN,SN14,SURVEY,POP_SH,_T,_T,_T,EMP_FORMAL_N,_T,_T,_T,_T,_Z,_Z,_Z,_Z,_Z,2021,0.63,,,,,,,,,POP_SH.EMP_FORMAL_N,SHARE,0.01,A,SEN_EHCVM2021_LEGACY_v1,
dataflow,WB.AFW360:AFW360_HH(0.3.0),R,A,SEN,SN14,SURVEY,POP_SH,_T,_T,_T,EMP_ISIC_G,_T,_T,_T,_T,_Z,_Z,_Z,_Z,_Z,2021,0.15,,,,,,,,,POP_SH.EMP_ISIC_G,SHARE,0.01,A,SEN_EHCVM2021_LEGACY_v1,
dataflow,WB.AFW360:AFW360_HH(0.3.0),R,A,SEN,SN14,SURVEY,POP_SH,_T,_T,_T,EMP_ISIC_H,_T,_T,_T,_T,_Z,_Z,_Z,_Z,_Z,2021,0.09,,,,,,,,,POP_SH.EMP_ISIC_H,SHARE,0.01,A,SEN_EHCVM2021_LEGACY_v1,
dataflow,WB.AFW360:AFW360_HH(0.3.0),R,A,SEN,SN14,SURVEY,POP_SH,_T,_T,_T,EMP_SECTOR_AGR,_T,_T,_T,_T,_Z,_Z,_Z,_Z,_Z,2021,0.24,,,,,,,,,POP_SH.EMP_SECTOR_AGR,SHARE,0.01,A,SEN_EHCVM2021_LEGACY_v1,
dataflow,WB.AFW360:AFW360_HH(0.3.0),R,A,SEN,SN14,SURVEY,POP_SH,_T,_T,_T,EMP_SECTOR_IND,_T,_T,_T,_T,_Z,_Z,_Z,_Z,_Z,2021,0.3,,,,,,,,,POP_SH.EMP_SECTOR_IND,SHARE,0.01,A,SEN_EHCVM2021_LEGACY_v1,
dataflow,WB.AFW360:AFW360_HH(0.3.0),R,A,SEN,SN14,SURVEY,POP_SH,_T,_T,_T,EMP_SECTOR_SER,_T,_T,_T,_T,_Z,_Z,_Z,_Z,_Z,2021,0.46,,,,,,,,,POP_SH.EMP_SECTOR_SER,SHARE,0.01,A,SEN_EHCVM2021_LEGACY_v1,
dataflow,WB.AFW360:AFW360_HH(0.3.0),R,A,SEN,SN14,SURVEY,POP_SH,_T,_T,_T,EMP_STATUS_EMPLOYED,_T,_T,_T,_T,_Z,_Z,_Z,_Z,_Z,2021,0.49,,,,,,,,,POP_SH.EMP_STATUS_EMPLOYED,SHARE,0.01,A,SEN_EHCVM2021_LEGACY_v1,
dataflow,WB.AFW360:AFW360_HH(0.3.0),R,A,SEN,SN14,SURVEY,POP_SH,_T,_T,_T,EMP_TYPE_NONWAGE,_T,_T,_T,_T,_Z,_Z,_Z,_Z,_Z,2021,0.62,,,,,,,,,POP_SH.EMP_TYPE_NONWAGE,SHARE,0.01,A,SEN_EHCVM2021_LEGACY_v1,
dataflow,WB.AFW360:AFW360_HH(0.3.0),R,A,SEN,SN14,SURVEY,POP_SH,_T,_T,_T,EMP_TYPE_WAGE,_T,_T,_T,_T,_Z,_Z,_Z,_Z,_Z,2021,0.38,,,,,,,,,POP_SH.EMP_TYPE_WAGE,SHARE,0.01,A,SEN_EHCVM2021_LEGACY_v1,
dataflow,WB.AFW360:AFW360_HH(0.3.0),R,A,SEN,SN14,SURVEY,POV_HC,_T,_T,_T,_T,_T,_T,_T,_T,POVLINE_PL300,PPP_2021,_Z,_Z,_Z,2021,0.18,,,,,,,,,POV_HC.POVLINE_PL300.PPP_2021,SHARE,0.01,A,SEN_EHCVM2021_LEGACY_v1,
dataflow,WB.AFW360:AFW360_HH(0.3.0),R,A,SEN,SN14,SURVEY,POV_HC,_T,_T,_T,_T,_T,_T,_T,_T,POVLINE_PL420,PPP_2021,_Z,_Z,_Z,2021,0.51,,,,,,,,,POV_HC.POVLINE_PL420.PPP_2021,SHARE,0.01,A,SEN_EHCVM2021_LEGACY_v1,
dataflow,WB.AFW360:AFW360_HH(0.3.0),R,A,SEN,SN14,SURVEY,POV_NUM,_T,_T,_T,_T,_T,_T,_T,_T,POVLINE_PL300,PPP_2021,_Z,_Z,_Z,2021,130000,,,,,,,,,POV_NUM.POVLINE_PL300.PPP_2021,PERSON,10000,A,SEN_EHCVM2021_LEGACY_v1,
dataflow,WB.AFW360:AFW360_HH(0.3.0),R,A,SEN,SN14,SURVEY,POV_NUM,_T,_T,_T,_T,_T,_T,_T,_T,POVLINE_PL420,PPP_2021,_Z,_Z,_Z,2021,370000,,,,,,,,,POV_NUM.POVLINE_PL420.PPP_2021,PERSON,10000,A,SEN_EHCVM2021_LEGACY_v1,
dataflow,WB.AFW360:AFW360_HH(0.3.0),R,A,SEN,SN14,SURVEY,SHK_ANY,_Z,_Z,_T,_T,_T,_T,_T,_T,_Z,_Z,_Z,_Z,_Z,2021,0.46,,,,,,,,,SHK_ANY,SHARE,0.01,A,SEN_EHCVM2021_LEGACY_v1,
dataflow,WB.AFW360:AFW360_HH(0.3.0),R,A,SEN,SN14,SURVEY,SHK_COV_CONFLICT,_Z,_Z,_T,_T,_T,_T,_T,_T,_Z,_Z,_Z,_Z,_Z,2021,0.02,,,,,,,,,SHK_COV_CONFLICT,SHARE,0.01,A,SEN_EHCVM2021_LEGACY_v1,
dataflow,WB.AFW360:AFW360_HH(0.3.0),R,A,SEN,SN14,SURVEY,SHK_COV_ECON,_Z,_Z,_T,_T,_T,_T,_T,_T,_Z,_Z,_Z,_Z,_Z,2021,0.18,,,,,,,,,SHK_COV_ECON,SHARE,0.01,A,SEN_EHCVM2021_LEGACY_v1,
dataflow,WB.AFW360:AFW360_HH(0.3.0),R,A,SEN,SN14,SURVEY,SHK_COV_NATURAL,_Z,_Z,_T,_T,_T,_T,_T,_T,_Z,_Z,_Z,_Z,_Z,2021,0.14,,,,,,,,,SHK_COV_NATURAL,SHARE,0.01,A,SEN_EHCVM2021_LEGACY_v1,
dataflow,WB.AFW360:AFW360_HH(0.3.0),R,A,SEN,SN14,SURVEY,SHK_IDIO_ECON,_Z,_Z,_T,_T,_T,_T,_T,_T,_Z,_Z,_Z,_Z,_Z,2021,0.14,,,,,,,,,SHK_IDIO_ECON,SHARE,0.01,A,SEN_EHCVM2021_LEGACY_v1,
dataflow,WB.AFW360:AFW360_HH(0.3.0),R,A,SEN,SN14,SURVEY,SP_HEALTH_COV,_T,_T,_T,_T,_T,_T,_T,_T,_Z,_Z,_Z,_Z,_Z,2021,0.01,,,,,,,,,SP_HEALTH_COV,SHARE,0.01,A,SEN_EHCVM2021_LEGACY_v1,
dataflow,WB.AFW360:AFW360_HH(0.3.0),R,A,SEN,SN14,SURVEY,SP_HEALTH_COV_HH,_Z,_Z,_T,_T,_T,_T,_T,_T,_Z,_Z,_Z,_Z,_Z,2021,0.02,,,,,,,,,SP_HEALTH_COV_HH,SHARE,0.01,A,SEN_EHCVM2021_LEGACY_v1,
dataflow,WB.AFW360:AFW360_HH(0.3.0),R,A,SEN,SN_ZONES01,SURVEY,AGR_CULTIVATES,_Z,_Z,_T,_T,_T,_T,_T,_T,_Z,_Z,_Z,_Z,_Z,2021,0.01,,,,,,,,,AGR_CULTIVATES,SHARE,0.01,A,SEN_EHCVM2021_LEGACY_v1,
dataflow,WB.AFW360:AFW360_HH(0.3.0),R,A,SEN,SN_ZONES01,SURVEY,AGR_CULT_AREA,_Z,_Z,_T,_T,_T,_T,_T,_T,_Z,_Z,_Z,_Z,_Z,2021,0.66,,,,,,,,,AGR_CULT_AREA,HA,0.01,A,SEN_EHCVM2021_LEGACY_v1,
dataflow,WB.AFW360:AFW360_HH(0.3.0),R,A,SEN,SN_ZONES01,SURVEY,AGR_LIVESTOCK_ANY,_Z,_Z,_T,_T,_T,_T,_T,_T,_Z,_Z,_Z,_Z,_Z,2021,0.26,,,,,,,,,AGR_LIVESTOCK_ANY,SHARE,0.01,A,SEN_EHCVM2021_LEGACY_v1,
dataflow,WB.AFW360:AFW360_HH(0.3.0),R,A,SEN,SN_ZONES01,SURVEY,AGR_TLU,_Z,_Z,_T,_T,_T,_T,_T,_T,_Z,_Z,_Z,_Z,_Z,2021,0.18,,,,,,,,,AGR_TLU,TLU,0.01,A,SEN_EHCVM2021_LEGACY_v1,
dataflow,WB.AFW360:AFW360_HH(0.3.0),R,A,SEN,SN_ZONES01,SURVEY,CONS_SH,_Z,_Z,_T,_T,_T,_T,_T,_T,COICOP_CP01,ACQ_OWNPROD,_Z,_Z,_Z,2021,0,,,,,,,,,CONS_SH.COICOP_CP01.ACQ_OWNPROD,SHARE,0.01,A,SEN_EHCVM2021_LEGACY_v1,
dataflow,WB.AFW360:AFW360_HH(0.3.0),R,A,SEN,SN_ZONES01,SURVEY,CONS_SH,_Z,_Z,_T,_T,_T,_T,_T,_T,COICOP_CP01,ACQ_PURCH,_Z,_Z,_Z,2021,0.31,,,,,,,,,CONS_SH.COICOP_CP01.ACQ_PURCH,SHARE,0.01,A,SEN_EHCVM2021_LEGACY_v1,
dataflow,WB.AFW360:AFW360_HH(0.3.0),R,A,SEN,SN_ZONES01,SURVEY,CONS_SH,_Z,_Z,_T,_T,_T,_T,_T,_T,COICOP_CP01,_Z,_Z,_Z,_Z,2021,0.33,,,,,,,,,CONS_SH.COICOP_CP01,SHARE,0.01,A,SEN_EHCVM2021_LEGACY_v1,
dataflow,WB.AFW360:AFW360_HH(0.3.0),R,A,SEN,SN_ZONES01,SURVEY,CONS_SH,_Z,_Z,_T,_T,_T,_T,_T,_T,COICOP_CP02,_Z,_Z,_Z,_Z,2021,0,,,,,,,,,CONS_SH.COICOP_CP02,SHARE,0.01,A,SEN_EHCVM2021_LEGACY_v1,
dataflow,WB.AFW360:AFW360_HH(0.3.0),R,A,SEN,SN_ZONES01,SURVEY,CONS_SH,_Z,_Z,_T,_T,_T,_T,_T,_T,COICOP_CP03,_Z,_Z,_Z,_Z,2021,0.05,,,,,,,,,CONS_SH.COICOP_CP03,SHARE,0.01,A,SEN_EHCVM2021_LEGACY_v1,
dataflow,WB.AFW360:AFW360_HH(0.3.0),R,A,SEN,SN_ZONES01,SURVEY,CONS_SH,_Z,_Z,_T,_T,_T,_T,_T,_T,COICOP_CP04,_Z,_Z,_Z,_Z,2021,0.19,,,,,,,,,CONS_SH.COICOP_CP04,SHARE,0.01,A,SEN_EHCVM2021_LEGACY_v1,
dataflow,WB.AFW360:AFW360_HH(0.3.0),R,A,SEN,SN_ZONES01,SURVEY,CONS_SH,_Z,_Z,_T,_T,_T,_T,_T,_T,COICOP_CP05,_Z,_Z,_Z,_Z,2021,0.06,,,,,,,,,CONS_SH.COICOP_CP05,SHARE,0.01,A,SEN_EHCVM2021_LEGACY_v1,
dataflow,WB.AFW360:AFW360_HH(0.3.0),R,A,SEN,SN_ZONES01,SURVEY,CONS_SH,_Z,_Z,_T,_T,_T,_T,_T,_T,COICOP_CP06,_Z,_Z,_Z,_Z,2021,0.03,,,,,,,,,CONS_SH.COICOP_CP06,SHARE,0.01,A,SEN_EHCVM2021_LEGACY_v1,
dataflow,WB.AFW360:AFW360_HH(0.3.0),R,A,SEN,SN_ZONES01,SURVEY,CONS_SH,_Z,_Z,_T,_T,_T,_T,_T,_T,COICOP_CP07,_Z,_Z,_Z,_Z,2021,0.05,,,,,,,,,CONS_SH.COICOP_CP07,SHARE,0.01,A,SEN_EHCVM2021_LEGACY_v1,
dataflow,WB.AFW360:AFW360_HH(0.3.0),R,A,SEN,SN_ZONES01,SURVEY,CONS_SH,_Z,_Z,_T,_T,_T,_T,_T,_T,COICOP_CP08,_Z,_Z,_Z,_Z,2021,0.07,,,,,,,,,CONS_SH.COICOP_CP08,SHARE,0.01,A,SEN_EHCVM2021_LEGACY_v1,
dataflow,WB.AFW360:AFW360_HH(0.3.0),R,A,SEN,SN_ZONES01,SURVEY,CONS_SH,_Z,_Z,_T,_T,_T,_T,_T,_T,COICOP_CP09,_Z,_Z,_Z,_Z,2021,0,,,,,,,,,CONS_SH.COICOP_CP09,SHARE,0.01,A,SEN_EHCVM2021_LEGACY_v1,
dataflow,WB.AFW360:AFW360_HH(0.3.0),R,A,SEN,SN_ZONES01,SURVEY,CONS_SH,_Z,_Z,_T,_T,_T,_T,_T,_T,COICOP_CP10,_Z,_Z,_Z,_Z,2021,0.03,,,,,,,,,CONS_SH.COICOP_CP10,SHARE,0.01,A,SEN_EHCVM2021_LEGACY_v1,
dataflow,WB.AFW360:AFW360_HH(0.3.0),R,A,SEN,SN_ZONES01,SURVEY,CONS_SH,_Z,_Z,_T,_T,_T,_T,_T,_T,COICOP_CP11,_Z,_Z,_Z,_Z,2021,0.15,,,,,,,,,CONS_SH.COICOP_CP11,SHARE,0.01,A,SEN_EHCVM2021_LEGACY_v1,
dataflow,WB.AFW360:AFW360_HH(0.3.0),R,A,SEN,SN_ZONES01,SURVEY,CONS_SH,_Z,_Z,_T,_T,_T,_T,_T,_T,COICOP_CP12,_Z,_Z,_Z,_Z,2021,0,,,,,,,,,CONS_SH.COICOP_CP12,SHARE,0.01,A,SEN_EHCVM2021_LEGACY_v1,
dataflow,WB.AFW360:AFW360_HH(0.3.0),R,A,SEN,SN_ZONES01,SURVEY,CONS_SH,_Z,_Z,_T,_T,_T,_T,_T,_T,COICOP_CP13,_Z,_Z,_Z,_Z,2021,0.03,,,,,,,,,CONS_SH.COICOP_CP13,SHARE,0.01,A,SEN_EHCVM2021_LEGACY_v1,
dataflow,WB.AFW360:AFW360_HH(0.3.0),R,A,SEN,SN_ZONES01,SURVEY,EN_ASSET_AC,_Z,_Z,_T,_T,_T,_T,_T,_T,_Z,_Z,_Z,_Z,_Z,2021,0.02,,,,,,,,,EN_ASSET_AC,SHARE,0.01,A,SEN_EHCVM2021_LEGACY_v1,
dataflow,WB.AFW360:AFW360_HH(0.3.0),R,A,SEN,SN_ZONES01,SURVEY,EN_ASSET_COOKER,_Z,_Z,_T,_T,_T,_T,_T,_T,_Z,_Z,_Z,_Z,_Z,2021,0.14,,,,,,,,,EN_ASSET_COOKER,SHARE,0.01,A,SEN_EHCVM2021_LEGACY_v1,
dataflow,WB.AFW360:AFW360_HH(0.3.0),R,A,SEN,SN_ZONES01,SURVEY,EN_ASSET_FAN,_Z,_Z,_T,_T,_T,_T,_T,_T,_Z,_Z,_Z,_Z,_Z,2021,0.03,,,,,,,,,EN_ASSET_FAN,SHARE,0.01,A,SEN_EHCVM2021_LEGACY_v1,
dataflow,WB.AFW360:AFW360_HH(0.3.0),R,A,SEN,SN_ZONES01,SURVEY,EN_ASSET_WATER_HEATER,_Z,_Z,_T,_T,_T,_T,_T,_T,_Z,_Z,_Z,_Z,_Z,2021,0.03,,,,,,,,,EN_ASSET_WATER_HEATER,SHARE,0.01,A,SEN_EHCVM2021_LEGACY_v1,
dataflow,WB.AFW360:AFW360_HH(0.3.0),R,A,SEN,SN_ZONES01,SURVEY,EN_COOK_BIOMASS,_Z,_Z,_T,_T,_T,_T,_T,_T,_Z,_Z,_Z,_Z,_Z,2021,0.26,,,,,,,,,EN_COOK_BIOMASS,SHARE,0.01,A,SEN_EHCVM2021_LEGACY_v1,
dataflow,WB.AFW360:AFW360_HH(0.3.0),R,A,SEN,SN_ZONES01,SURVEY,EN_COOK_CLEAN,_Z,_Z,_T,_T,_T,_T,_T,_T,_Z,_Z,_Z,_Z,_Z,2021,0.6,,,,,,,,,EN_COOK_CLEAN,SHARE,0.01,A,SEN_EHCVM2021_LEGACY_v1,LEGACY_SUSPECT: Implausible pattern: higher in Rural and Q1 than in Capital and Q4.
dataflow,WB.AFW360:AFW360_HH(0.3.0),R,A,SEN,SN_ZONES01,SURVEY,EN_ELEC_ACCESS,_Z,_Z,_T,_T,_T,_T,_T,_T,_Z,_Z,_Z,_Z,_Z,2021,0.97,,,,,,,,,EN_ELEC_ACCESS,SHARE,0.01,A,SEN_EHCVM2021_LEGACY_v1,
dataflow,WB.AFW360:AFW360_HH(0.3.0),R,A,SEN,SN_ZONES01,SURVEY,EN_ELEC_INFORMAL,_Z,_Z,_T,_T,_T,_T,_T,_T,_Z,_Z,_Z,_Z,_Z,2021,0.01,,,,,,,,,EN_ELEC_INFORMAL,SHARE,0.01,A,SEN_EHCVM2021_LEGACY_v1,
dataflow,WB.AFW360:AFW360_HH(0.3.0),R,A,SEN,SN_ZONES01,SURVEY,EN_ELEC_SPEND,_Z,_Z,_T,_T,_T,_T,_T,_T,_Z,_Z,_Z,_Z,_Z,2021,10796.67,,,,,,,,,EN_ELEC_SPEND,XOF,0.01,A,SEN_EHCVM2021_LEGACY_v1,
dataflow,WB.AFW360:AFW360_HH(0.3.0),R,A,SEN,SN_ZONES01,SURVEY,EN_GRID_CONN,_Z,_Z,_T,_T,_T,_T,_T,_T,_Z,_Z,_Z,_Z,_Z,2021,0.99,,,,,,,,,EN_GRID_CONN,SHARE,0.01,A,SEN_EHCVM2021_LEGACY_v1,"LEGACY_SUSPECT: Implausible: 0.96-1.00 in every cell, including Q1 and Rural."
dataflow,WB.AFW360:AFW360_HH(0.3.0),R,A,SEN,SN_ZONES01,SURVEY,EN_GRID_USE,_Z,_Z,_T,_T,_T,_T,_T,_T,_Z,_Z,_Z,_Z,_Z,2021,0.95,,,,,,,,,EN_GRID_USE,SHARE,0.01,A,SEN_EHCVM2021_LEGACY_v1,
dataflow,WB.AFW360:AFW360_HH(0.3.0),R,A,SEN,SN_ZONES01,SURVEY,EN_LIGHT_IMPROVED,_Z,_Z,_T,_T,_T,_T,_T,_T,_Z,_Z,_Z,_Z,_Z,2021,1,,,,,,,,,EN_LIGHT_IMPROVED,SHARE,0.01,A,SEN_EHCVM2021_LEGACY_v1,
dataflow,WB.AFW360:AFW360_HH(0.3.0),R,A,SEN,SN_ZONES01,SURVEY,EN_OFFGRID_USE,_Z,_Z,_T,_T,_T,_T,_T,_T,_Z,_Z,_Z,_Z,_Z,2021,0.04,,,,,,,,,EN_OFFGRID_USE,SHARE,0.01,A,SEN_EHCVM2021_LEGACY_v1,
dataflow,WB.AFW360:AFW360_HH(0.3.0),R,A,SEN,SN_ZONES01,SURVEY,EN_OUTAGE_ANY,_Z,_Z,_T,_T,_T,_T,_T,_T,_Z,_Z,_Z,_Z,_Z,2021,0.37,,,,,,,,,EN_OUTAGE_ANY,SHARE,0.01,A,SEN_EHCVM2021_LEGACY_v1,
dataflow,WB.AFW360:AFW360_HH(0.3.0),R,A,SEN,SN_ZONES01,SURVEY,EN_OUTAGE_DAYS,_Z,_Z,_T,_T,_T,_T,_T,_T,_Z,_Z,_Z,_Z,_Z,2021,2.72,,,,,,,,,EN_OUTAGE_DAYS,DAY,0.01,A,SEN_EHCVM2021_LEGACY_v1,
dataflow,WB.AFW360:AFW360_HH(0.3.0),R,A,SEN,SN_ZONES01,SURVEY,EN_OUTAGE_DUR_CODE,_Z,_Z,_T,_T,_T,_T,_T,_T,_Z,_Z,_Z,_Z,_Z,2021,1.78,,,,,,,,,EN_OUTAGE_DUR_CODE,INDEX,0.01,A,SEN_EHCVM2021_LEGACY_v1,
dataflow,WB.AFW360:AFW360_HH(0.3.0),R,A,SEN,SN_ZONES01,SURVEY,EN_PREPAID_METER,_Z,_Z,_T,_T,_T,_T,_T,_T,_Z,_Z,_Z,_Z,_Z,2021,0.49,,,,,,,,,EN_PREPAID_METER,SHARE,0.01,A,SEN_EHCVM2021_LEGACY_v1,
dataflow,WB.AFW360:AFW360_HH(0.3.0),R,A,SEN,SN_ZONES01,SURVEY,HE_ACCOUNTS,_Z,_Z,_T,_T,_T,_T,_T,_T,_Z,_Z,_Z,_Z,_Z,2021,0.01,,,,,,,,,HE_ACCOUNTS,SHARE,0.01,A,SEN_EHCVM2021_LEGACY_v1,
dataflow,WB.AFW360:AFW360_HH(0.3.0),R,A,SEN,SN_ZONES01,SURVEY,HE_AGE,_Z,_Z,_T,_T,_T,_T,_T,_T,_Z,_Z,_Z,_Z,_Z,2021,10.9,,,,,,,,,HE_AGE,YEAR,0.01,A,SEN_EHCVM2021_LEGACY_v1,
dataflow,WB.AFW360:AFW360_HH(0.3.0),R,A,SEN,SN_ZONES01,SURVEY,HE_BUY_FIRMS,_Z,_Z,_T,_T,_T,_T,_T,_T,_Z,_Z,_Z,_Z,_Z,2021,0.23,,,,,,,,,HE_BUY_FIRMS,SHARE,0.01,A,SEN_EHCVM2021_LEGACY_v1,
dataflow,WB.AFW360:AFW360_HH(0.3.0),R,A,SEN,SN_ZONES01,SURVEY,HE_CAPITAL,_Z,_Z,_T,_T,_T,_T,_T,_T,_Z,_Z,_Z,_Z,_Z,2021,3072975.7200000002,,,,,,,,,HE_CAPITAL,XOF,0.01,A,SEN_EHCVM2021_LEGACY_v1,
dataflow,WB.AFW360:AFW360_HH(0.3.0),R,A,SEN,SN_ZONES01,SURVEY,HE_COSTS,_Z,_Z,_T,_T,_T,_T,_T,_T,_Z,_Z,_Z,_Z,_Z,2021,100619.09,,,,,,,,,HE_COSTS,XOF,0.01,A,SEN_EHCVM2021_LEGACY_v1,
dataflow,WB.AFW360:AFW360_HH(0.3.0),R,A,SEN,SN_ZONES01,SURVEY,HE_CREDIT_ANY,_Z,_Z,_T,_T,_T,_T,_T,_T,_Z,_Z,_Z,_Z,_Z,2021,0.14,,,,,,,,,HE_CREDIT_ANY,SHARE,0.01,A,SEN_EHCVM2021_LEGACY_v1,
dataflow,WB.AFW360:AFW360_HH(0.3.0),R,A,SEN,SN_ZONES01,SURVEY,HE_CREDIT_FORMAL,_Z,_Z,_T,_T,_T,_T,_T,_T,_Z,_Z,_Z,_Z,_Z,2021,0,,,,,,,,,HE_CREDIT_FORMAL,SHARE,0.01,A,SEN_EHCVM2021_LEGACY_v1,
dataflow,WB.AFW360:AFW360_HH(0.3.0),R,A,SEN,SN_ZONES01,SURVEY,HE_CREDIT_INFORMAL,_Z,_Z,_T,_T,_T,_T,_T,_T,_Z,_Z,_Z,_Z,_Z,2021,0.14,,,,,,,,,HE_CREDIT_INFORMAL,SHARE,0.01,A,SEN_EHCVM2021_LEGACY_v1,
dataflow,WB.AFW360:AFW360_HH(0.3.0),R,A,SEN,SN_ZONES01,SURVEY,HE_ELEC,_Z,_Z,_T,_T,_T,_T,_T,_T,_Z,_Z,_Z,_Z,_Z,2021,0.62,,,,,,,,,HE_ELEC,SHARE,0.01,A,SEN_EHCVM2021_LEGACY_v1,
dataflow,WB.AFW360:AFW360_HH(0.3.0),R,A,SEN,SN_ZONES01,SURVEY,HE_EMP_EXT_ANY,_Z,_Z,_T,_T,_T,_T,_T,_T,_Z,_Z,_Z,_Z,_Z,2021,0.9,,,,,,,,,HE_EMP_EXT_ANY,SHARE,0.01,A,SEN_EHCVM2021_LEGACY_v1,LEGACY_SUSPECT: Implausible: share 0.96 while mean non-HH employees is 0.54.
dataflow,WB.AFW360:AFW360_HH(0.3.0),R,A,SEN,SN_ZONES01,SURVEY,HE_EMP_HH_NUM,_Z,_Z,_T,_T,_T,_T,_T,_T,_Z,_Z,_Z,_Z,_Z,2021,0.27,,,,,,,,,HE_EMP_HH_NUM,PERSON,0.01,A,SEN_EHCVM2021_LEGACY_v1,
dataflow,WB.AFW360:AFW360_HH(0.3.0),R,A,SEN,SN_ZONES01,SURVEY,HE_EMP_NONHH_NUM,_Z,_Z,_T,_T,_T,_T,_T,_T,_Z,_Z,_Z,_Z,_Z,2021,1.07,,,,,,,,,HE_EMP_NONHH_NUM,PERSON,0.01,A,SEN_EHCVM2021_LEGACY_v1,
dataflow,WB.AFW360:AFW360_HH(0.3.0),R,A,SEN,SN_ZONES01,SURVEY,HE_EMP_NUM,_Z,_Z,_T,_T,_T,_T,_T,_T,_Z,_Z,_Z,_Z,_Z,2021,1.81,,,,,,,,,HE_EMP_NUM,PERSON,0.01,A,SEN_EHCVM2021_LEGACY_v1,
dataflow,WB.AFW360:AFW360_HH(0.3.0),R,A,SEN,SN_ZONES01,SURVEY,HE_HH_OWNER,_Z,_Z,_T,_T,_T,_T,_T,_T,_Z,_Z,_Z,_Z,_Z,2021,0.7,,,,,,,,,HE_HH_OWNER,SHARE,0.01,A,SEN_EHCVM2021_LEGACY_v1,
dataflow,WB.AFW360:AFW360_HH(0.3.0),R,A,SEN,SN_ZONES01,SURVEY,HE_HOME_BASED,_Z,_Z,_T,_T,_T,_T,_T,_T,_Z,_Z,_Z,_Z,_Z,2021,0.18,,,,,,,,,HE_HOME_BASED,SHARE,0.01,A,SEN_EHCVM2021_LEGACY_v1,
dataflow,WB.AFW360:AFW360_HH(0.3.0),R,A,SEN,SN_ZONES01,SURVEY,HE_PHONE,_Z,_Z,_T,_T,_T,_T,_T,_T,_Z,_Z,_Z,_Z,_Z,2021,1,,,,,,,,,HE_PHONE,SHARE,0.01,A,SEN_EHCVM2021_LEGACY_v1,
dataflow,WB.AFW360:AFW360_HH(0.3.0),R,A,SEN,SN_ZONES01,SURVEY,HE_PREMISES_FORMAL,_Z,_Z,_T,_T,_T,_T,_T,_T,_Z,_Z,_Z,_Z,_Z,2021,0.62,,,,,,,,,HE_PREMISES_FORMAL,SHARE,0.01,A,SEN_EHCVM2021_LEGACY_v1,
dataflow,WB.AFW360:AFW360_HH(0.3.0),R,A,SEN,SN_ZONES01,SURVEY,HE_PROFIT,_Z,_Z,_T,_T,_T,_T,_T,_T,_Z,_Z,_Z,_Z,_Z,2021,128498.37,,,,,,,,,HE_PROFIT,XOF,0.01,A,SEN_EHCVM2021_LEGACY_v1,
dataflow,WB.AFW360:AFW360_HH(0.3.0),R,A,SEN,SN_ZONES01,SURVEY,HE_RENT,_Z,_Z,_T,_T,_T,_T,_T,_T,_Z,_Z,_Z,_Z,_Z,2021,0.73,,,,,,,,,HE_RENT,SHARE,0.01,A,SEN_EHCVM2021_LEGACY_v1,
dataflow,WB.AFW360:AFW360_HH(0.3.0),R,A,SEN,SN_ZONES01,SURVEY,HE_REV_PER_WORKER,_Z,_Z,_T,_T,_T,_T,_T,_T,_Z,_Z,_Z,_Z,_Z,2021,313096.07,,,,,,,,,HE_REV_PER_WORKER,XOF,0.01,A,SEN_EHCVM2021_LEGACY_v1,
dataflow,WB.AFW360:AFW360_HH(0.3.0),R,A,SEN,SN_ZONES01,SURVEY,HE_SELL_FIRMS,_Z,_Z,_T,_T,_T,_T,_T,_T,_Z,_Z,_Z,_Z,_Z,2021,0,,,,,,,,,HE_SELL_FIRMS,SHARE,0.01,A,SEN_EHCVM2021_LEGACY_v1,
dataflow,WB.AFW360:AFW360_HH(0.3.0),R,A,SEN,SN_ZONES01,SURVEY,HE_TAX_ID,_Z,_Z,_T,_T,_T,_T,_T,_T,_Z,_Z,_Z,_Z,_Z,2021,0.02,,,,,,,,,HE_TAX_ID,SHARE,0.01,A,SEN_EHCVM2021_LEGACY_v1,
dataflow,WB.AFW360:AFW360_HH(0.3.0),R,A,SEN,SN_ZONES01,SURVEY,HE_WATER,_Z,_Z,_T,_T,_T,_T,_T,_T,_Z,_Z,_Z,_Z,_Z,2021,0.33,,,,,,,,,HE_WATER,SHARE,0.01,A,SEN_EHCVM2021_LEGACY_v1,
dataflow,WB.AFW360:AFW360_HH(0.3.0),R,A,SEN,SN_ZONES01,SURVEY,HOUS_FLOOR_DURABLE,_Z,_Z,_T,_T,_T,_T,_T,_T,_Z,_Z,_Z,_Z,_Z,2021,0.96,,,,,,,,,HOUS_FLOOR_DURABLE,SHARE,0.01,A,SEN_EHCVM2021_LEGACY_v1,
dataflow,WB.AFW360:AFW360_HH(0.3.0),R,A,SEN,SN_ZONES01,SURVEY,HOUS_ROOF_DURABLE,_Z,_Z,_T,_T,_T,_T,_T,_T,_Z,_Z,_Z,_Z,_Z,2021,0.99,,,,,,,,,HOUS_ROOF_DURABLE,SHARE,0.01,A,SEN_EHCVM2021_LEGACY_v1,
dataflow,WB.AFW360:AFW360_HH(0.3.0),R,A,SEN,SN_ZONES01,SURVEY,HOUS_SANIT_IMPROVED,_Z,_Z,_T,_T,_T,_T,_T,_T,_Z,_Z,_Z,_Z,_Z,2021,0.95,,,,,,,,,HOUS_SANIT_IMPROVED,SHARE,0.01,A,SEN_EHCVM2021_LEGACY_v1,
dataflow,WB.AFW360:AFW360_HH(0.3.0),R,A,SEN,SN_ZONES01,SURVEY,HOUS_WALL_DURABLE,_Z,_Z,_T,_T,_T,_T,_T,_T,_Z,_Z,_Z,_Z,_Z,2021,0.99,,,,,,,,,HOUS_WALL_DURABLE,SHARE,0.01,A,SEN_EHCVM2021_LEGACY_v1,
dataflow,WB.AFW360:AFW360_HH(0.3.0),R,A,SEN,SN_ZONES01,SURVEY,HOUS_WATER_SAFE_DRY,_Z,_Z,_T,_T,_T,_T,_T,_T,_Z,_Z,_Z,_Z,_Z,2021,0.98,,,,,,,,,HOUS_WATER_SAFE_DRY,SHARE,0.01,A,SEN_EHCVM2021_LEGACY_v1,
dataflow,WB.AFW360:AFW360_HH(0.3.0),R,A,SEN,SN_ZONES01,SURVEY,POP_HE_SH,_Z,_Z,_T,HEO_MSTAT_MARRIED,_T,_T,_T,_T,_Z,_Z,_Z,_Z,_Z,2021,0.92,,,,,,,,,POP_HE_SH.HEO_MSTAT_MARRIED,SHARE,0.01,A,SEN_EHCVM2021_LEGACY_v1,
dataflow,WB.AFW360:AFW360_HH(0.3.0),R,A,SEN,SN_ZONES01,SURVEY,POP_HE_SH,_Z,_Z,_T,HEO_SEX_F,_T,_T,_T,_T,_Z,_Z,_Z,_Z,_Z,2021,0.36,,,,,,,,,POP_HE_SH.HEO_SEX_F,SHARE,0.01,A,SEN_EHCVM2021_LEGACY_v1,
dataflow,WB.AFW360:AFW360_HH(0.3.0),R,A,SEN,SN_ZONES01,SURVEY,POP_HH_SH,_Z,_Z,_T,HE_COUNT_0,_T,_T,_T,_T,_Z,_Z,_Z,_Z,_Z,2021,0.41,,,,,,,,,POP_HH_SH.HE_COUNT_0,SHARE,0.01,A,SEN_EHCVM2021_LEGACY_v1,
dataflow,WB.AFW360:AFW360_HH(0.3.0),R,A,SEN,SN_ZONES01,SURVEY,POP_HH_SH,_Z,_Z,_T,HE_COUNT_1,_T,_T,_T,_T,_Z,_Z,_Z,_Z,_Z,2021,0.57,,,,,,,,,POP_HH_SH.HE_COUNT_1,SHARE,0.01,A,SEN_EHCVM2021_LEGACY_v1,
dataflow,WB.AFW360:AFW360_HH(0.3.0),R,A,SEN,SN_ZONES01,SURVEY,POP_HH_SH,_Z,_Z,_T,HE_COUNT_2,_T,_T,_T,_T,_Z,_Z,_Z,_Z,_Z,2021,0,,,,,,,,,POP_HH_SH.HE_COUNT_2,SHARE,0.01,A,SEN_EHCVM2021_LEGACY_v1,
dataflow,WB.AFW360:AFW360_HH(0.3.0),R,A,SEN,SN_ZONES01,SURVEY,POP_HH_SH,_Z,_Z,_T,HE_COUNT_3,_T,_T,_T,_T,_Z,_Z,_Z,_Z,_Z,2021,0.01,,,,,,,,,POP_HH_SH.HE_COUNT_3,SHARE,0.01,A,SEN_EHCVM2021_LEGACY_v1,
dataflow,WB.AFW360:AFW360_HH(0.3.0),R,A,SEN,SN_ZONES01,SURVEY,POP_HH_SH,_Z,_Z,_T,HE_COUNT_4P,_T,_T,_T,_T,_Z,_Z,_Z,_Z,_Z,2021,0,,,,,,,,,POP_HH_SH.HE_COUNT_4P,SHARE,0.01,A,SEN_EHCVM2021_LEGACY_v1,
dataflow,WB.AFW360:AFW360_HH(0.3.0),R,A,SEN,SN_ZONES01,SURVEY,POP_SH,_T,_T,_T,EMP_FORMAL_N,_T,_T,_T,_T,_Z,_Z,_Z,_Z,_Z,2021,0.48,,,,,,,,,POP_SH.EMP_FORMAL_N,SHARE,0.01,A,SEN_EHCVM2021_LEGACY_v1,
dataflow,WB.AFW360:AFW360_HH(0.3.0),R,A,SEN,SN_ZONES01,SURVEY,POP_SH,_T,_T,_T,EMP_ISIC_G,_T,_T,_T,_T,_Z,_Z,_Z,_Z,_Z,2021,0.22,,,,,,,,,POP_SH.EMP_ISIC_G,SHARE,0.01,A,SEN_EHCVM2021_LEGACY_v1,
dataflow,WB.AFW360:AFW360_HH(0.3.0),R,A,SEN,SN_ZONES01,SURVEY,POP_SH,_T,_T,_T,EMP_ISIC_H,_T,_T,_T,_T,_Z,_Z,_Z,_Z,_Z,2021,0.07,,,,,,,,,POP_SH.EMP_ISIC_H,SHARE,0.01,A,SEN_EHCVM2021_LEGACY_v1,
dataflow,WB.AFW360:AFW360_HH(0.3.0),R,A,SEN,SN_ZONES01,SURVEY,POP_SH,_T,_T,_T,EMP_SECTOR_AGR,_T,_T,_T,_T,_Z,_Z,_Z,_Z,_Z,2021,0.03,,,,,,,,,POP_SH.EMP_SECTOR_AGR,SHARE,0.01,A,SEN_EHCVM2021_LEGACY_v1,
dataflow,WB.AFW360:AFW360_HH(0.3.0),R,A,SEN,SN_ZONES01,SURVEY,POP_SH,_T,_T,_T,EMP_SECTOR_IND,_T,_T,_T,_T,_Z,_Z,_Z,_Z,_Z,2021,0.32,,,,,,,,,POP_SH.EMP_SECTOR_IND,SHARE,0.01,A,SEN_EHCVM2021_LEGACY_v1,
dataflow,WB.AFW360:AFW360_HH(0.3.0),R,A,SEN,SN_ZONES01,SURVEY,POP_SH,_T,_T,_T,EMP_SECTOR_SER,_T,_T,_T,_T,_Z,_Z,_Z,_Z,_Z,2021,0.65,,,,,,,,,POP_SH.EMP_SECTOR_SER,SHARE,0.01,A,SEN_EHCVM2021_LEGACY_v1,
dataflow,WB.AFW360:AFW360_HH(0.3.0),R,A,SEN,SN_ZONES01,SURVEY,POP_SH,_T,_T,_T,EMP_STATUS_EMPLOYED,_T,_T,_T,_T,_Z,_Z,_Z,_Z,_Z,2021,0.56,,,,,,,,,POP_SH.EMP_STATUS_EMPLOYED,SHARE,0.01,A,SEN_EHCVM2021_LEGACY_v1,
dataflow,WB.AFW360:AFW360_HH(0.3.0),R,A,SEN,SN_ZONES01,SURVEY,POP_SH,_T,_T,_T,EMP_TYPE_NONWAGE,_T,_T,_T,_T,_Z,_Z,_Z,_Z,_Z,2021,0.5,,,,,,,,,POP_SH.EMP_TYPE_NONWAGE,SHARE,0.01,A,SEN_EHCVM2021_LEGACY_v1,
dataflow,WB.AFW360:AFW360_HH(0.3.0),R,A,SEN,SN_ZONES01,SURVEY,POP_SH,_T,_T,_T,EMP_TYPE_WAGE,_T,_T,_T,_T,_Z,_Z,_Z,_Z,_Z,2021,0.5,,,,,,,,,POP_SH.EMP_TYPE_WAGE,SHARE,0.01,A,SEN_EHCVM2021_LEGACY_v1,
dataflow,WB.AFW360:AFW360_HH(0.3.0),R,A,SEN,SN_ZONES01,SURVEY,POV_HC,_T,_T,_T,_T,_T,_T,_T,_T,POVLINE_PL300,PPP_2021,_Z,_Z,_Z,2021,0,,,,,,,,,POV_HC.POVLINE_PL300.PPP_2021,SHARE,0.01,A,SEN_EHCVM2021_LEGACY_v1,
dataflow,WB.AFW360:AFW360_HH(0.3.0),R,A,SEN,SN_ZONES01,SURVEY,POV_HC,_T,_T,_T,_T,_T,_T,_T,_T,POVLINE_PL420,PPP_2021,_Z,_Z,_Z,2021,0.03,,,,,,,,,POV_HC.POVLINE_PL420.PPP_2021,SHARE,0.01,A,SEN_EHCVM2021_LEGACY_v1,
dataflow,WB.AFW360:AFW360_HH(0.3.0),R,A,SEN,SN_ZONES01,SURVEY,POV_NUM,_T,_T,_T,_T,_T,_T,_T,_T,POVLINE_PL300,PPP_2021,_Z,_Z,_Z,2021,20000,,,,,,,,,POV_NUM.POVLINE_PL300.PPP_2021,PERSON,10000,A,SEN_EHCVM2021_LEGACY_v1,
dataflow,WB.AFW360:AFW360_HH(0.3.0),R,A,SEN,SN_ZONES01,SURVEY,POV_NUM,_T,_T,_T,_T,_T,_T,_T,_T,POVLINE_PL420,PPP_2021,_Z,_Z,_Z,2021,130000,,,,,,,,,POV_NUM.POVLINE_PL420.PPP_2021,PERSON,10000,A,SEN_EHCVM2021_LEGACY_v1,
dataflow,WB.AFW360:AFW360_HH(0.3.0),R,A,SEN,SN_ZONES01,SURVEY,SHK_ANY,_Z,_Z,_T,_T,_T,_T,_T,_T,_Z,_Z,_Z,_Z,_Z,2021,0.54,,,,,,,,,SHK_ANY,SHARE,0.01,A,SEN_EHCVM2021_LEGACY_v1,
dataflow,WB.AFW360:AFW360_HH(0.3.0),R,A,SEN,SN_ZONES01,SURVEY,SHK_COV_CONFLICT,_Z,_Z,_T,_T,_T,_T,_T,_T,_Z,_Z,_Z,_Z,_Z,2021,0,,,,,,,,,SHK_COV_CONFLICT,SHARE,0.01,A,SEN_EHCVM2021_LEGACY_v1,
dataflow,WB.AFW360:AFW360_HH(0.3.0),R,A,SEN,SN_ZONES01,SURVEY,SHK_COV_ECON,_Z,_Z,_T,_T,_T,_T,_T,_T,_Z,_Z,_Z,_Z,_Z,2021,0.28,,,,,,,,,SHK_COV_ECON,SHARE,0.01,A,SEN_EHCVM2021_LEGACY_v1,
dataflow,WB.AFW360:AFW360_HH(0.3.0),R,A,SEN,SN_ZONES01,SURVEY,SHK_COV_NATURAL,_Z,_Z,_T,_T,_T,_T,_T,_T,_Z,_Z,_Z,_Z,_Z,2021,0.1,,,,,,,,,SHK_COV_NATURAL,SHARE,0.01,A,SEN_EHCVM2021_LEGACY_v1,
dataflow,WB.AFW360:AFW360_HH(0.3.0),R,A,SEN,SN_ZONES01,SURVEY,SHK_IDIO_ECON,_Z,_Z,_T,_T,_T,_T,_T,_T,_Z,_Z,_Z,_Z,_Z,2021,0.11,,,,,,,,,SHK_IDIO_ECON,SHARE,0.01,A,SEN_EHCVM2021_LEGACY_v1,
dataflow,WB.AFW360:AFW360_HH(0.3.0),R,A,SEN,SN_ZONES01,SURVEY,SP_HEALTH_COV,_T,_T,_T,_T,_T,_T,_T,_T,_Z,_Z,_Z,_Z,_Z,2021,0.05,,,,,,,,,SP_HEALTH_COV,SHARE,0.01,A,SEN_EHCVM2021_LEGACY_v1,
dataflow,WB.AFW360:AFW360_HH(0.3.0),R,A,SEN,SN_ZONES01,SURVEY,SP_HEALTH_COV_HH,_Z,_Z,_T,_T,_T,_T,_T,_T,_Z,_Z,_Z,_Z,_Z,2021,0.13,,,,,,,,,SP_HEALTH_COV_HH,SHARE,0.01,A,SEN_EHCVM2021_LEGACY_v1,
dataflow,WB.AFW360:AFW360_HH(0.3.0),R,A,SEN,SN_ZONES02,SURVEY,AGR_CULTIVATES,_Z,_Z,_T,_T,_T,_T,_T,_T,_Z,_Z,_Z,_Z,_Z,2021,0.7,,,,,,,,,AGR_CULTIVATES,SHARE,0.01,A,SEN_EHCVM2021_LEGACY_v1,
dataflow,WB.AFW360:AFW360_HH(0.3.0),R,A,SEN,SN_ZONES02,SURVEY,AGR_CULT_AREA,_Z,_Z,_T,_T,_T,_T,_T,_T,_Z,_Z,_Z,_Z,_Z,2021,4.7,,,,,,,,,AGR_CULT_AREA,HA,0.01,A,SEN_EHCVM2021_LEGACY_v1,
dataflow,WB.AFW360:AFW360_HH(0.3.0),R,A,SEN,SN_ZONES02,SURVEY,AGR_LIVESTOCK_ANY,_Z,_Z,_T,_T,_T,_T,_T,_T,_Z,_Z,_Z,_Z,_Z,2021,0.79,,,,,,,,,AGR_LIVESTOCK_ANY,SHARE,0.01,A,SEN_EHCVM2021_LEGACY_v1,
dataflow,WB.AFW360:AFW360_HH(0.3.0),R,A,SEN,SN_ZONES02,SURVEY,AGR_TLU,_Z,_Z,_T,_T,_T,_T,_T,_T,_Z,_Z,_Z,_Z,_Z,2021,4.13,,,,,,,,,AGR_TLU,TLU,0.01,A,SEN_EHCVM2021_LEGACY_v1,
dataflow,WB.AFW360:AFW360_HH(0.3.0),R,A,SEN,SN_ZONES02,SURVEY,CONS_SH,_Z,_Z,_T,_T,_T,_T,_T,_T,COICOP_CP01,ACQ_OWNPROD,_Z,_Z,_Z,2021,0.07,,,,,,,,,CONS_SH.COICOP_CP01.ACQ_OWNPROD,SHARE,0.01,A,SEN_EHCVM2021_LEGACY_v1,
dataflow,WB.AFW360:AFW360_HH(0.3.0),R,A,SEN,SN_ZONES02,SURVEY,CONS_SH,_Z,_Z,_T,_T,_T,_T,_T,_T,COICOP_CP01,ACQ_PURCH,_Z,_Z,_Z,2021,0.39,,,,,,,,,CONS_SH.COICOP_CP01.ACQ_PURCH,SHARE,0.01,A,SEN_EHCVM2021_LEGACY_v1,
dataflow,WB.AFW360:AFW360_HH(0.3.0),R,A,SEN,SN_ZONES02,SURVEY,CONS_SH,_Z,_Z,_T,_T,_T,_T,_T,_T,COICOP_CP01,_Z,_Z,_Z,_Z,2021,0.49,,,,,,,,,CONS_SH.COICOP_CP01,SHARE,0.01,A,SEN_EHCVM2021_LEGACY_v1,
dataflow,WB.AFW360:AFW360_HH(0.3.0),R,A,SEN,SN_ZONES02,SURVEY,CONS_SH,_Z,_Z,_T,_T,_T,_T,_T,_T,COICOP_CP02,_Z,_Z,_Z,_Z,2021,0,,,,,,,,,CONS_SH.COICOP_CP02,SHARE,0.01,A,SEN_EHCVM2021_LEGACY_v1,
dataflow,WB.AFW360:AFW360_HH(0.3.0),R,A,SEN,SN_ZONES02,SURVEY,CONS_SH,_Z,_Z,_T,_T,_T,_T,_T,_T,COICOP_CP03,_Z,_Z,_Z,_Z,2021,0.06,,,,,,,,,CONS_SH.COICOP_CP03,SHARE,0.01,A,SEN_EHCVM2021_LEGACY_v1,
dataflow,WB.AFW360:AFW360_HH(0.3.0),R,A,SEN,SN_ZONES02,SURVEY,CONS_SH,_Z,_Z,_T,_T,_T,_T,_T,_T,COICOP_CP04,_Z,_Z,_Z,_Z,2021,0.17,,,,,,,,,CONS_SH.COICOP_CP04,SHARE,0.01,A,SEN_EHCVM2021_LEGACY_v1,
dataflow,WB.AFW360:AFW360_HH(0.3.0),R,A,SEN,SN_ZONES02,SURVEY,CONS_SH,_Z,_Z,_T,_T,_T,_T,_T,_T,COICOP_CP05,_Z,_Z,_Z,_Z,2021,0.06,,,,,,,,,CONS_SH.COICOP_CP05,SHARE,0.01,A,SEN_EHCVM2021_LEGACY_v1,
dataflow,WB.AFW360:AFW360_HH(0.3.0),R,A,SEN,SN_ZONES02,SURVEY,CONS_SH,_Z,_Z,_T,_T,_T,_T,_T,_T,COICOP_CP06,_Z,_Z,_Z,_Z,2021,0.03,,,,,,,,,CONS_SH.COICOP_CP06,SHARE,0.01,A,SEN_EHCVM2021_LEGACY_v1,
dataflow,WB.AFW360:AFW360_HH(0.3.0),R,A,SEN,SN_ZONES02,SURVEY,CONS_SH,_Z,_Z,_T,_T,_T,_T,_T,_T,COICOP_CP07,_Z,_Z,_Z,_Z,2021,0.03,,,,,,,,,CONS_SH.COICOP_CP07,SHARE,0.01,A,SEN_EHCVM2021_LEGACY_v1,
dataflow,WB.AFW360:AFW360_HH(0.3.0),R,A,SEN,SN_ZONES02,SURVEY,CONS_SH,_Z,_Z,_T,_T,_T,_T,_T,_T,COICOP_CP08,_Z,_Z,_Z,_Z,2021,0.06,,,,,,,,,CONS_SH.COICOP_CP08,SHARE,0.01,A,SEN_EHCVM2021_LEGACY_v1,
dataflow,WB.AFW360:AFW360_HH(0.3.0),R,A,SEN,SN_ZONES02,SURVEY,CONS_SH,_Z,_Z,_T,_T,_T,_T,_T,_T,COICOP_CP09,_Z,_Z,_Z,_Z,2021,0,,,,,,,,,CONS_SH.COICOP_CP09,SHARE,0.01,A,SEN_EHCVM2021_LEGACY_v1,
dataflow,WB.AFW360:AFW360_HH(0.3.0),R,A,SEN,SN_ZONES02,SURVEY,CONS_SH,_Z,_Z,_T,_T,_T,_T,_T,_T,COICOP_CP10,_Z,_Z,_Z,_Z,2021,0.01,,,,,,,,,CONS_SH.COICOP_CP10,SHARE,0.01,A,SEN_EHCVM2021_LEGACY_v1,
dataflow,WB.AFW360:AFW360_HH(0.3.0),R,A,SEN,SN_ZONES02,SURVEY,CONS_SH,_Z,_Z,_T,_T,_T,_T,_T,_T,COICOP_CP11,_Z,_Z,_Z,_Z,2021,0.08,,,,,,,,,CONS_SH.COICOP_CP11,SHARE,0.01,A,SEN_EHCVM2021_LEGACY_v1,
dataflow,WB.AFW360:AFW360_HH(0.3.0),R,A,SEN,SN_ZONES02,SURVEY,CONS_SH,_Z,_Z,_T,_T,_T,_T,_T,_T,COICOP_CP12,_Z,_Z,_Z,_Z,2021,0,,,,,,,,,CONS_SH.COICOP_CP12,SHARE,0.01,A,SEN_EHCVM2021_LEGACY_v1,
dataflow,WB.AFW360:AFW360_HH(0.3.0),R,A,SEN,SN_ZONES02,SURVEY,CONS_SH,_Z,_Z,_T,_T,_T,_T,_T,_T,COICOP_CP13,_Z,_Z,_Z,_Z,2021,0.02,,,,,,,,,CONS_SH.COICOP_CP13,SHARE,0.01,A,SEN_EHCVM2021_LEGACY_v1,
dataflow,WB.AFW360:AFW360_HH(0.3.0),R,A,SEN,SN_ZONES02,SURVEY,EN_ASSET_AC,_Z,_Z,_T,_T,_T,_T,_T,_T,_Z,_Z,_Z,_Z,_Z,2021,0,,,,,,,,,EN_ASSET_AC,SHARE,0.01,A,SEN_EHCVM2021_LEGACY_v1,
dataflow,WB.AFW360:AFW360_HH(0.3.0),R,A,SEN,SN_ZONES02,SURVEY,EN_ASSET_COOKER,_Z,_Z,_T,_T,_T,_T,_T,_T,_Z,_Z,_Z,_Z,_Z,2021,0.01,,,,,,,,,EN_ASSET_COOKER,SHARE,0.01,A,SEN_EHCVM2021_LEGACY_v1,
dataflow,WB.AFW360:AFW360_HH(0.3.0),R,A,SEN,SN_ZONES02,SURVEY,EN_ASSET_FAN,_Z,_Z,_T,_T,_T,_T,_T,_T,_Z,_Z,_Z,_Z,_Z,2021,0.02,,,,,,,,,EN_ASSET_FAN,SHARE,0.01,A,SEN_EHCVM2021_LEGACY_v1,
dataflow,WB.AFW360:AFW360_HH(0.3.0),R,A,SEN,SN_ZONES02,SURVEY,EN_ASSET_WATER_HEATER,_Z,_Z,_T,_T,_T,_T,_T,_T,_Z,_Z,_Z,_Z,_Z,2021,0,,,,,,,,,EN_ASSET_WATER_HEATER,SHARE,0.01,A,SEN_EHCVM2021_LEGACY_v1,
dataflow,WB.AFW360:AFW360_HH(0.3.0),R,A,SEN,SN_ZONES02,SURVEY,EN_COOK_BIOMASS,_Z,_Z,_T,_T,_T,_T,_T,_T,_Z,_Z,_Z,_Z,_Z,2021,0.19,,,,,,,,,EN_COOK_BIOMASS,SHARE,0.01,A,SEN_EHCVM2021_LEGACY_v1,
dataflow,WB.AFW360:AFW360_HH(0.3.0),R,A,SEN,SN_ZONES02,SURVEY,EN_COOK_CLEAN,_Z,_Z,_T,_T,_T,_T,_T,_T,_Z,_Z,_Z,_Z,_Z,2021,0.79,,,,,,,,,EN_COOK_CLEAN,SHARE,0.01,A,SEN_EHCVM2021_LEGACY_v1,LEGACY_SUSPECT: Implausible pattern: higher in Rural and Q1 than in Capital and Q4.
dataflow,WB.AFW360:AFW360_HH(0.3.0),R,A,SEN,SN_ZONES02,SURVEY,EN_ELEC_ACCESS,_Z,_Z,_T,_T,_T,_T,_T,_T,_Z,_Z,_Z,_Z,_Z,2021,0.57,,,,,,,,,EN_ELEC_ACCESS,SHARE,0.01,A,SEN_EHCVM2021_LEGACY_v1,
dataflow,WB.AFW360:AFW360_HH(0.3.0),R,A,SEN,SN_ZONES02,SURVEY,EN_ELEC_INFORMAL,_Z,_Z,_T,_T,_T,_T,_T,_T,_Z,_Z,_Z,_Z,_Z,2021,0.01,,,,,,,,,EN_ELEC_INFORMAL,SHARE,0.01,A,SEN_EHCVM2021_LEGACY_v1,
dataflow,WB.AFW360:AFW360_HH(0.3.0),R,A,SEN,SN_ZONES02,SURVEY,EN_ELEC_SPEND,_Z,_Z,_T,_T,_T,_T,_T,_T,_Z,_Z,_Z,_Z,_Z,2021,10738.64,,,,,,,,,EN_ELEC_SPEND,XOF,0.01,A,SEN_EHCVM2021_LEGACY_v1,
dataflow,WB.AFW360:AFW360_HH(0.3.0),R,A,SEN,SN_ZONES02,SURVEY,EN_GRID_CONN,_Z,_Z,_T,_T,_T,_T,_T,_T,_Z,_Z,_Z,_Z,_Z,2021,0.98,,,,,,,,,EN_GRID_CONN,SHARE,0.01,A,SEN_EHCVM2021_LEGACY_v1,"LEGACY_SUSPECT: Implausible: 0.96-1.00 in every cell, including Q1 and Rural."
dataflow,WB.AFW360:AFW360_HH(0.3.0),R,A,SEN,SN_ZONES02,SURVEY,EN_GRID_USE,_Z,_Z,_T,_T,_T,_T,_T,_T,_Z,_Z,_Z,_Z,_Z,2021,0.52,,,,,,,,,EN_GRID_USE,SHARE,0.01,A,SEN_EHCVM2021_LEGACY_v1,
dataflow,WB.AFW360:AFW360_HH(0.3.0),R,A,SEN,SN_ZONES02,SURVEY,EN_LIGHT_IMPROVED,_Z,_Z,_T,_T,_T,_T,_T,_T,_Z,_Z,_Z,_Z,_Z,2021,0.95,,,,,,,,,EN_LIGHT_IMPROVED,SHARE,0.01,A,SEN_EHCVM2021_LEGACY_v1,
dataflow,WB.AFW360:AFW360_HH(0.3.0),R,A,SEN,SN_ZONES02,SURVEY,EN_OFFGRID_USE,_Z,_Z,_T,_T,_T,_T,_T,_T,_Z,_Z,_Z,_Z,_Z,2021,0.24,,,,,,,,,EN_OFFGRID_USE,SHARE,0.01,A,SEN_EHCVM2021_LEGACY_v1,
dataflow,WB.AFW360:AFW360_HH(0.3.0),R,A,SEN,SN_ZONES02,SURVEY,EN_OUTAGE_ANY,_Z,_Z,_T,_T,_T,_T,_T,_T,_Z,_Z,_Z,_Z,_Z,2021,0.39,,,,,,,,,EN_OUTAGE_ANY,SHARE,0.01,A,SEN_EHCVM2021_LEGACY_v1,
dataflow,WB.AFW360:AFW360_HH(0.3.0),R,A,SEN,SN_ZONES02,SURVEY,EN_OUTAGE_DAYS,_Z,_Z,_T,_T,_T,_T,_T,_T,_Z,_Z,_Z,_Z,_Z,2021,1.86,,,,,,,,,EN_OUTAGE_DAYS,DAY,0.01,A,SEN_EHCVM2021_LEGACY_v1,
dataflow,WB.AFW360:AFW360_HH(0.3.0),R,A,SEN,SN_ZONES02,SURVEY,EN_OUTAGE_DUR_CODE,_Z,_Z,_T,_T,_T,_T,_T,_T,_Z,_Z,_Z,_Z,_Z,2021,1.7,,,,,,,,,EN_OUTAGE_DUR_CODE,INDEX,0.01,A,SEN_EHCVM2021_LEGACY_v1,
dataflow,WB.AFW360:AFW360_HH(0.3.0),R,A,SEN,SN_ZONES02,SURVEY,EN_PREPAID_METER,_Z,_Z,_T,_T,_T,_T,_T,_T,_Z,_Z,_Z,_Z,_Z,2021,0.28,,,,,,,,,EN_PREPAID_METER,SHARE,0.01,A,SEN_EHCVM2021_LEGACY_v1,
dataflow,WB.AFW360:AFW360_HH(0.3.0),R,A,SEN,SN_ZONES02,SURVEY,HE_ACCOUNTS,_Z,_Z,_T,_T,_T,_T,_T,_T,_Z,_Z,_Z,_Z,_Z,2021,0.04,,,,,,,,,HE_ACCOUNTS,SHARE,0.01,A,SEN_EHCVM2021_LEGACY_v1,
dataflow,WB.AFW360:AFW360_HH(0.3.0),R,A,SEN,SN_ZONES02,SURVEY,HE_AGE,_Z,_Z,_T,_T,_T,_T,_T,_T,_Z,_Z,_Z,_Z,_Z,2021,10,,,,,,,,,HE_AGE,YEAR,0.01,A,SEN_EHCVM2021_LEGACY_v1,
dataflow,WB.AFW360:AFW360_HH(0.3.0),R,A,SEN,SN_ZONES02,SURVEY,HE_BUY_FIRMS,_Z,_Z,_T,_T,_T,_T,_T,_T,_Z,_Z,_Z,_Z,_Z,2021,0.18,,,,,,,,,HE_BUY_FIRMS,SHARE,0.01,A,SEN_EHCVM2021_LEGACY_v1,
dataflow,WB.AFW360:AFW360_HH(0.3.0),R,A,SEN,SN_ZONES02,SURVEY,HE_CAPITAL,_Z,_Z,_T,_T,_T,_T,_T,_T,_Z,_Z,_Z,_Z,_Z,2021,1110337.54,,,,,,,,,HE_CAPITAL,XOF,0.01,A,SEN_EHCVM2021_LEGACY_v1,
dataflow,WB.AFW360:AFW360_HH(0.3.0),R,A,SEN,SN_ZONES02,SURVEY,HE_COSTS,_Z,_Z,_T,_T,_T,_T,_T,_T,_Z,_Z,_Z,_Z,_Z,2021,33511.27,,,,,,,,,HE_COSTS,XOF,0.01,A,SEN_EHCVM2021_LEGACY_v1,
dataflow,WB.AFW360:AFW360_HH(0.3.0),R,A,SEN,SN_ZONES02,SURVEY,HE_CREDIT_ANY,_Z,_Z,_T,_T,_T,_T,_T,_T,_Z,_Z,_Z,_Z,_Z,2021,0.36,,,,,,,,,HE_CREDIT_ANY,SHARE,0.01,A,SEN_EHCVM2021_LEGACY_v1,
dataflow,WB.AFW360:AFW360_HH(0.3.0),R,A,SEN,SN_ZONES02,SURVEY,HE_CREDIT_FORMAL,_Z,_Z,_T,_T,_T,_T,_T,_T,_Z,_Z,_Z,_Z,_Z,2021,0.12,,,,,,,,,HE_CREDIT_FORMAL,SHARE,0.01,A,SEN_EHCVM2021_LEGACY_v1,
dataflow,WB.AFW360:AFW360_HH(0.3.0),R,A,SEN,SN_ZONES02,SURVEY,HE_CREDIT_INFORMAL,_Z,_Z,_T,_T,_T,_T,_T,_T,_Z,_Z,_Z,_Z,_Z,2021,0.28,,,,,,,,,HE_CREDIT_INFORMAL,SHARE,0.01,A,SEN_EHCVM2021_LEGACY_v1,
dataflow,WB.AFW360:AFW360_HH(0.3.0),R,A,SEN,SN_ZONES02,SURVEY,HE_ELEC,_Z,_Z,_T,_T,_T,_T,_T,_T,_Z,_Z,_Z,_Z,_Z,2021,0.92,,,,,,,,,HE_ELEC,SHARE,0.01,A,SEN_EHCVM2021_LEGACY_v1,
dataflow,WB.AFW360:AFW360_HH(0.3.0),R,A,SEN,SN_ZONES02,SURVEY,HE_EMP_EXT_ANY,_Z,_Z,_T,_T,_T,_T,_T,_T,_Z,_Z,_Z,_Z,_Z,2021,0.98,,,,,,,,,HE_EMP_EXT_ANY,SHARE,0.01,A,SEN_EHCVM2021_LEGACY_v1,LEGACY_SUSPECT: Implausible: share 0.96 while mean non-HH employees is 0.54.
dataflow,WB.AFW360:AFW360_HH(0.3.0),R,A,SEN,SN_ZONES02,SURVEY,HE_EMP_HH_NUM,_Z,_Z,_T,_T,_T,_T,_T,_T,_Z,_Z,_Z,_Z,_Z,2021,0.2,,,,,,,,,HE_EMP_HH_NUM,PERSON,0.01,A,SEN_EHCVM2021_LEGACY_v1,
dataflow,WB.AFW360:AFW360_HH(0.3.0),R,A,SEN,SN_ZONES02,SURVEY,HE_EMP_NONHH_NUM,_Z,_Z,_T,_T,_T,_T,_T,_T,_Z,_Z,_Z,_Z,_Z,2021,0.83,,,,,,,,,HE_EMP_NONHH_NUM,PERSON,0.01,A,SEN_EHCVM2021_LEGACY_v1,
dataflow,WB.AFW360:AFW360_HH(0.3.0),R,A,SEN,SN_ZONES02,SURVEY,HE_EMP_NUM,_Z,_Z,_T,_T,_T,_T,_T,_T,_Z,_Z,_Z,_Z,_Z,2021,2.07,,,,,,,,,HE_EMP_NUM,PERSON,0.01,A,SEN_EHCVM2021_LEGACY_v1,
dataflow,WB.AFW360:AFW360_HH(0.3.0),R,A,SEN,SN_ZONES02,SURVEY,HE_HH_OWNER,_Z,_Z,_T,_T,_T,_T,_T,_T,_Z,_Z,_Z,_Z,_Z,2021,0.55,,,,,,,,,HE_HH_OWNER,SHARE,0.01,A,SEN_EHCVM2021_LEGACY_v1,
dataflow,WB.AFW360:AFW360_HH(0.3.0),R,A,SEN,SN_ZONES02,SURVEY,HE_HOME_BASED,_Z,_Z,_T,_T,_T,_T,_T,_T,_Z,_Z,_Z,_Z,_Z,2021,0.47,,,,,,,,,HE_HOME_BASED,SHARE,0.01,A,SEN_EHCVM2021_LEGACY_v1,
dataflow,WB.AFW360:AFW360_HH(0.3.0),R,A,SEN,SN_ZONES02,SURVEY,HE_PHONE,_Z,_Z,_T,_T,_T,_T,_T,_T,_Z,_Z,_Z,_Z,_Z,2021,0.98,,,,,,,,,HE_PHONE,SHARE,0.01,A,SEN_EHCVM2021_LEGACY_v1,
dataflow,WB.AFW360:AFW360_HH(0.3.0),R,A,SEN,SN_ZONES02,SURVEY,HE_PREMISES_FORMAL,_Z,_Z,_T,_T,_T,_T,_T,_T,_Z,_Z,_Z,_Z,_Z,2021,0.22,,,,,,,,,HE_PREMISES_FORMAL,SHARE,0.01,A,SEN_EHCVM2021_LEGACY_v1,
dataflow,WB.AFW360:AFW360_HH(0.3.0),R,A,SEN,SN_ZONES02,SURVEY,HE_PROFIT,_Z,_Z,_T,_T,_T,_T,_T,_T,_Z,_Z,_Z,_Z,_Z,2021,46594.6,,,,,,,,,HE_PROFIT,XOF,0.01,A,SEN_EHCVM2021_LEGACY_v1,
dataflow,WB.AFW360:AFW360_HH(0.3.0),R,A,SEN,SN_ZONES02,SURVEY,HE_RENT,_Z,_Z,_T,_T,_T,_T,_T,_T,_Z,_Z,_Z,_Z,_Z,2021,0.85,,,,,,,,,HE_RENT,SHARE,0.01,A,SEN_EHCVM2021_LEGACY_v1,
dataflow,WB.AFW360:AFW360_HH(0.3.0),R,A,SEN,SN_ZONES02,SURVEY,HE_REV_PER_WORKER,_Z,_Z,_T,_T,_T,_T,_T,_T,_Z,_Z,_Z,_Z,_Z,2021,287113.58,,,,,,,,,HE_REV_PER_WORKER,XOF,0.01,A,SEN_EHCVM2021_LEGACY_v1,
dataflow,WB.AFW360:AFW360_HH(0.3.0),R,A,SEN,SN_ZONES02,SURVEY,HE_SELL_FIRMS,_Z,_Z,_T,_T,_T,_T,_T,_T,_Z,_Z,_Z,_Z,_Z,2021,0.13,,,,,,,,,HE_SELL_FIRMS,SHARE,0.01,A,SEN_EHCVM2021_LEGACY_v1,
dataflow,WB.AFW360:AFW360_HH(0.3.0),R,A,SEN,SN_ZONES02,SURVEY,HE_TAX_ID,_Z,_Z,_T,_T,_T,_T,_T,_T,_Z,_Z,_Z,_Z,_Z,2021,0.05,,,,,,,,,HE_TAX_ID,SHARE,0.01,A,SEN_EHCVM2021_LEGACY_v1,
dataflow,WB.AFW360:AFW360_HH(0.3.0),R,A,SEN,SN_ZONES02,SURVEY,HE_WATER,_Z,_Z,_T,_T,_T,_T,_T,_T,_Z,_Z,_Z,_Z,_Z,2021,0.18,,,,,,,,,HE_WATER,SHARE,0.01,A,SEN_EHCVM2021_LEGACY_v1,
dataflow,WB.AFW360:AFW360_HH(0.3.0),R,A,SEN,SN_ZONES02,SURVEY,HOUS_FLOOR_DURABLE,_Z,_Z,_T,_T,_T,_T,_T,_T,_Z,_Z,_Z,_Z,_Z,2021,0.81,,,,,,,,,HOUS_FLOOR_DURABLE,SHARE,0.01,A,SEN_EHCVM2021_LEGACY_v1,
dataflow,WB.AFW360:AFW360_HH(0.3.0),R,A,SEN,SN_ZONES02,SURVEY,HOUS_ROOF_DURABLE,_Z,_Z,_T,_T,_T,_T,_T,_T,_Z,_Z,_Z,_Z,_Z,2021,0.83,,,,,,,,,HOUS_ROOF_DURABLE,SHARE,0.01,A,SEN_EHCVM2021_LEGACY_v1,
dataflow,WB.AFW360:AFW360_HH(0.3.0),R,A,SEN,SN_ZONES02,SURVEY,HOUS_SANIT_IMPROVED,_Z,_Z,_T,_T,_T,_T,_T,_T,_Z,_Z,_Z,_Z,_Z,2021,0.57,,,,,,,,,HOUS_SANIT_IMPROVED,SHARE,0.01,A,SEN_EHCVM2021_LEGACY_v1,
dataflow,WB.AFW360:AFW360_HH(0.3.0),R,A,SEN,SN_ZONES02,SURVEY,HOUS_WALL_DURABLE,_Z,_Z,_T,_T,_T,_T,_T,_T,_Z,_Z,_Z,_Z,_Z,2021,0.93,,,,,,,,,HOUS_WALL_DURABLE,SHARE,0.01,A,SEN_EHCVM2021_LEGACY_v1,
dataflow,WB.AFW360:AFW360_HH(0.3.0),R,A,SEN,SN_ZONES02,SURVEY,HOUS_WATER_SAFE_DRY,_Z,_Z,_T,_T,_T,_T,_T,_T,_Z,_Z,_Z,_Z,_Z,2021,0.87,,,,,,,,,HOUS_WATER_SAFE_DRY,SHARE,0.01,A,SEN_EHCVM2021_LEGACY_v1,
dataflow,WB.AFW360:AFW360_HH(0.3.0),R,A,SEN,SN_ZONES02,SURVEY,POP_HE_SH,_Z,_Z,_T,HEO_MSTAT_MARRIED,_T,_T,_T,_T,_Z,_Z,_Z,_Z,_Z,2021,0.79,,,,,,,,,POP_HE_SH.HEO_MSTAT_MARRIED,SHARE,0.01,A,SEN_EHCVM2021_LEGACY_v1,
dataflow,WB.AFW360:AFW360_HH(0.3.0),R,A,SEN,SN_ZONES02,SURVEY,POP_HE_SH,_Z,_Z,_T,HEO_SEX_F,_T,_T,_T,_T,_Z,_Z,_Z,_Z,_Z,2021,0.69,,,,,,,,,POP_HE_SH.HEO_SEX_F,SHARE,0.01,A,SEN_EHCVM2021_LEGACY_v1,
dataflow,WB.AFW360:AFW360_HH(0.3.0),R,A,SEN,SN_ZONES02,SURVEY,POP_HH_SH,_Z,_Z,_T,HE_COUNT_0,_T,_T,_T,_T,_Z,_Z,_Z,_Z,_Z,2021,0.32,,,,,,,,,POP_HH_SH.HE_COUNT_0,SHARE,0.01,A,SEN_EHCVM2021_LEGACY_v1,
dataflow,WB.AFW360:AFW360_HH(0.3.0),R,A,SEN,SN_ZONES02,SURVEY,POP_HH_SH,_Z,_Z,_T,HE_COUNT_1,_T,_T,_T,_T,_Z,_Z,_Z,_Z,_Z,2021,0.5,,,,,,,,,POP_HH_SH.HE_COUNT_1,SHARE,0.01,A,SEN_EHCVM2021_LEGACY_v1,
dataflow,WB.AFW360:AFW360_HH(0.3.0),R,A,SEN,SN_ZONES02,SURVEY,POP_HH_SH,_Z,_Z,_T,HE_COUNT_2,_T,_T,_T,_T,_Z,_Z,_Z,_Z,_Z,2021,0.13,,,,,,,,,POP_HH_SH.HE_COUNT_2,SHARE,0.01,A,SEN_EHCVM2021_LEGACY_v1,
dataflow,WB.AFW360:AFW360_HH(0.3.0),R,A,SEN,SN_ZONES02,SURVEY,POP_HH_SH,_Z,_Z,_T,HE_COUNT_3,_T,_T,_T,_T,_Z,_Z,_Z,_Z,_Z,2021,0.06,,,,,,,,,POP_HH_SH.HE_COUNT_3,SHARE,0.01,A,SEN_EHCVM2021_LEGACY_v1,
dataflow,WB.AFW360:AFW360_HH(0.3.0),R,A,SEN,SN_ZONES02,SURVEY,POP_HH_SH,_Z,_Z,_T,HE_COUNT_4P,_T,_T,_T,_T,_Z,_Z,_Z,_Z,_Z,2021,0,,,,,,,,,POP_HH_SH.HE_COUNT_4P,SHARE,0.01,A,SEN_EHCVM2021_LEGACY_v1,
dataflow,WB.AFW360:AFW360_HH(0.3.0),R,A,SEN,SN_ZONES02,SURVEY,POP_SH,_T,_T,_T,EMP_FORMAL_N,_T,_T,_T,_T,_Z,_Z,_Z,_Z,_Z,2021,0.82,,,,,,,,,POP_SH.EMP_FORMAL_N,SHARE,0.01,A,SEN_EHCVM2021_LEGACY_v1,
dataflow,WB.AFW360:AFW360_HH(0.3.0),R,A,SEN,SN_ZONES02,SURVEY,POP_SH,_T,_T,_T,EMP_ISIC_G,_T,_T,_T,_T,_Z,_Z,_Z,_Z,_Z,2021,0.16,,,,,,,,,POP_SH.EMP_ISIC_G,SHARE,0.01,A,SEN_EHCVM2021_LEGACY_v1,
dataflow,WB.AFW360:AFW360_HH(0.3.0),R,A,SEN,SN_ZONES02,SURVEY,POP_SH,_T,_T,_T,EMP_ISIC_H,_T,_T,_T,_T,_Z,_Z,_Z,_Z,_Z,2021,0.04,,,,,,,,,POP_SH.EMP_ISIC_H,SHARE,0.01,A,SEN_EHCVM2021_LEGACY_v1,
dataflow,WB.AFW360:AFW360_HH(0.3.0),R,A,SEN,SN_ZONES02,SURVEY,POP_SH,_T,_T,_T,EMP_SECTOR_AGR,_T,_T,_T,_T,_Z,_Z,_Z,_Z,_Z,2021,0.51,,,,,,,,,POP_SH.EMP_SECTOR_AGR,SHARE,0.01,A,SEN_EHCVM2021_LEGACY_v1,
dataflow,WB.AFW360:AFW360_HH(0.3.0),R,A,SEN,SN_ZONES02,SURVEY,POP_SH,_T,_T,_T,EMP_SECTOR_IND,_T,_T,_T,_T,_Z,_Z,_Z,_Z,_Z,2021,0.17,,,,,,,,,POP_SH.EMP_SECTOR_IND,SHARE,0.01,A,SEN_EHCVM2021_LEGACY_v1,
dataflow,WB.AFW360:AFW360_HH(0.3.0),R,A,SEN,SN_ZONES02,SURVEY,POP_SH,_T,_T,_T,EMP_SECTOR_SER,_T,_T,_T,_T,_Z,_Z,_Z,_Z,_Z,2021,0.32,,,,,,,,,POP_SH.EMP_SECTOR_SER,SHARE,0.01,A,SEN_EHCVM2021_LEGACY_v1,
dataflow,WB.AFW360:AFW360_HH(0.3.0),R,A,SEN,SN_ZONES02,SURVEY,POP_SH,_T,_T,_T,EMP_STATUS_EMPLOYED,_T,_T,_T,_T,_Z,_Z,_Z,_Z,_Z,2021,0.61,,,,,,,,,POP_SH.EMP_STATUS_EMPLOYED,SHARE,0.01,A,SEN_EHCVM2021_LEGACY_v1,
dataflow,WB.AFW360:AFW360_HH(0.3.0),R,A,SEN,SN_ZONES02,SURVEY,POP_SH,_T,_T,_T,EMP_TYPE_NONWAGE,_T,_T,_T,_T,_Z,_Z,_Z,_Z,_Z,2021,0.83,,,,,,,,,POP_SH.EMP_TYPE_NONWAGE,SHARE,0.01,A,SEN_EHCVM2021_LEGACY_v1,
dataflow,WB.AFW360:AFW360_HH(0.3.0),R,A,SEN,SN_ZONES02,SURVEY,POP_SH,_T,_T,_T,EMP_TYPE_WAGE,_T,_T,_T,_T,_Z,_Z,_Z,_Z,_Z,2021,0.17,,,,,,,,,POP_SH.EMP_TYPE_WAGE,SHARE,0.01,A,SEN_EHCVM2021_LEGACY_v1,
dataflow,WB.AFW360:AFW360_HH(0.3.0),R,A,SEN,SN_ZONES02,SURVEY,POV_HC,_T,_T,_T,_T,_T,_T,_T,_T,POVLINE_PL300,PPP_2021,_Z,_Z,_Z,2021,0.28,,,,,,,,,POV_HC.POVLINE_PL300.PPP_2021,SHARE,0.01,A,SEN_EHCVM2021_LEGACY_v1,
dataflow,WB.AFW360:AFW360_HH(0.3.0),R,A,SEN,SN_ZONES02,SURVEY,POV_HC,_T,_T,_T,_T,_T,_T,_T,_T,POVLINE_PL420,PPP_2021,_Z,_Z,_Z,2021,0.56,,,,,,,,,POV_HC.POVLINE_PL420.PPP_2021,SHARE,0.01,A,SEN_EHCVM2021_LEGACY_v1,
dataflow,WB.AFW360:AFW360_HH(0.3.0),R,A,SEN,SN_ZONES02,SURVEY,POV_NUM,_T,_T,_T,_T,_T,_T,_T,_T,POVLINE_PL300,PPP_2021,_Z,_Z,_Z,2021,840000,,,,,,,,,POV_NUM.POVLINE_PL300.PPP_2021,PERSON,10000,A,SEN_EHCVM2021_LEGACY_v1,
dataflow,WB.AFW360:AFW360_HH(0.3.0),R,A,SEN,SN_ZONES02,SURVEY,POV_NUM,_T,_T,_T,_T,_T,_T,_T,_T,POVLINE_PL420,PPP_2021,_Z,_Z,_Z,2021,1660000.0000000002,,,,,,,,,POV_NUM.POVLINE_PL420.PPP_2021,PERSON,10000,A,SEN_EHCVM2021_LEGACY_v1,
dataflow,WB.AFW360:AFW360_HH(0.3.0),R,A,SEN,SN_ZONES02,SURVEY,SHK_ANY,_Z,_Z,_T,_T,_T,_T,_T,_T,_Z,_Z,_Z,_Z,_Z,2021,0.7,,,,,,,,,SHK_ANY,SHARE,0.01,A,SEN_EHCVM2021_LEGACY_v1,
dataflow,WB.AFW360:AFW360_HH(0.3.0),R,A,SEN,SN_ZONES02,SURVEY,SHK_COV_CONFLICT,_Z,_Z,_T,_T,_T,_T,_T,_T,_Z,_Z,_Z,_Z,_Z,2021,0.01,,,,,,,,,SHK_COV_CONFLICT,SHARE,0.01,A,SEN_EHCVM2021_LEGACY_v1,
dataflow,WB.AFW360:AFW360_HH(0.3.0),R,A,SEN,SN_ZONES02,SURVEY,SHK_COV_ECON,_Z,_Z,_T,_T,_T,_T,_T,_T,_Z,_Z,_Z,_Z,_Z,2021,0.48,,,,,,,,,SHK_COV_ECON,SHARE,0.01,A,SEN_EHCVM2021_LEGACY_v1,
dataflow,WB.AFW360:AFW360_HH(0.3.0),R,A,SEN,SN_ZONES02,SURVEY,SHK_COV_NATURAL,_Z,_Z,_T,_T,_T,_T,_T,_T,_Z,_Z,_Z,_Z,_Z,2021,0.23,,,,,,,,,SHK_COV_NATURAL,SHARE,0.01,A,SEN_EHCVM2021_LEGACY_v1,
dataflow,WB.AFW360:AFW360_HH(0.3.0),R,A,SEN,SN_ZONES02,SURVEY,SHK_IDIO_ECON,_Z,_Z,_T,_T,_T,_T,_T,_T,_Z,_Z,_Z,_Z,_Z,2021,0.15,,,,,,,,,SHK_IDIO_ECON,SHARE,0.01,A,SEN_EHCVM2021_LEGACY_v1,
dataflow,WB.AFW360:AFW360_HH(0.3.0),R,A,SEN,SN_ZONES02,SURVEY,SP_HEALTH_COV,_T,_T,_T,_T,_T,_T,_T,_T,_Z,_Z,_Z,_Z,_Z,2021,0.01,,,,,,,,,SP_HEALTH_COV,SHARE,0.01,A,SEN_EHCVM2021_LEGACY_v1,
dataflow,WB.AFW360:AFW360_HH(0.3.0),R,A,SEN,SN_ZONES02,SURVEY,SP_HEALTH_COV_HH,_Z,_Z,_T,_T,_T,_T,_T,_T,_Z,_Z,_Z,_Z,_Z,2021,0.03,,,,,,,,,SP_HEALTH_COV_HH,SHARE,0.01,A,SEN_EHCVM2021_LEGACY_v1,
dataflow,WB.AFW360:AFW360_HH(0.3.0),R,A,SEN,SN_ZONES03,SURVEY,AGR_CULTIVATES,_Z,_Z,_T,_T,_T,_T,_T,_T,_Z,_Z,_Z,_Z,_Z,2021,0.62,,,,,,,,,AGR_CULTIVATES,SHARE,0.01,A,SEN_EHCVM2021_LEGACY_v1,
dataflow,WB.AFW360:AFW360_HH(0.3.0),R,A,SEN,SN_ZONES03,SURVEY,AGR_CULT_AREA,_Z,_Z,_T,_T,_T,_T,_T,_T,_Z,_Z,_Z,_Z,_Z,2021,2.38,,,,,,,,,AGR_CULT_AREA,HA,0.01,A,SEN_EHCVM2021_LEGACY_v1,
dataflow,WB.AFW360:AFW360_HH(0.3.0),R,A,SEN,SN_ZONES03,SURVEY,AGR_LIVESTOCK_ANY,_Z,_Z,_T,_T,_T,_T,_T,_T,_Z,_Z,_Z,_Z,_Z,2021,0.48,,,,,,,,,AGR_LIVESTOCK_ANY,SHARE,0.01,A,SEN_EHCVM2021_LEGACY_v1,
dataflow,WB.AFW360:AFW360_HH(0.3.0),R,A,SEN,SN_ZONES03,SURVEY,AGR_TLU,_Z,_Z,_T,_T,_T,_T,_T,_T,_Z,_Z,_Z,_Z,_Z,2021,4.94,,,,,,,,,AGR_TLU,TLU,0.01,A,SEN_EHCVM2021_LEGACY_v1,
dataflow,WB.AFW360:AFW360_HH(0.3.0),R,A,SEN,SN_ZONES03,SURVEY,CONS_SH,_Z,_Z,_T,_T,_T,_T,_T,_T,COICOP_CP01,ACQ_OWNPROD,_Z,_Z,_Z,2021,0.09,,,,,,,,,CONS_SH.COICOP_CP01.ACQ_OWNPROD,SHARE,0.01,A,SEN_EHCVM2021_LEGACY_v1,
dataflow,WB.AFW360:AFW360_HH(0.3.0),R,A,SEN,SN_ZONES03,SURVEY,CONS_SH,_Z,_Z,_T,_T,_T,_T,_T,_T,COICOP_CP01,ACQ_PURCH,_Z,_Z,_Z,2021,0.32,,,,,,,,,CONS_SH.COICOP_CP01.ACQ_PURCH,SHARE,0.01,A,SEN_EHCVM2021_LEGACY_v1,
dataflow,WB.AFW360:AFW360_HH(0.3.0),R,A,SEN,SN_ZONES03,SURVEY,CONS_SH,_Z,_Z,_T,_T,_T,_T,_T,_T,COICOP_CP01,_Z,_Z,_Z,_Z,2021,0.44,,,,,,,,,CONS_SH.COICOP_CP01,SHARE,0.01,A,SEN_EHCVM2021_LEGACY_v1,
dataflow,WB.AFW360:AFW360_HH(0.3.0),R,A,SEN,SN_ZONES03,SURVEY,CONS_SH,_Z,_Z,_T,_T,_T,_T,_T,_T,COICOP_CP02,_Z,_Z,_Z,_Z,2021,0,,,,,,,,,CONS_SH.COICOP_CP02,SHARE,0.01,A,SEN_EHCVM2021_LEGACY_v1,
dataflow,WB.AFW360:AFW360_HH(0.3.0),R,A,SEN,SN_ZONES03,SURVEY,CONS_SH,_Z,_Z,_T,_T,_T,_T,_T,_T,COICOP_CP03,_Z,_Z,_Z,_Z,2021,0.07,,,,,,,,,CONS_SH.COICOP_CP03,SHARE,0.01,A,SEN_EHCVM2021_LEGACY_v1,
dataflow,WB.AFW360:AFW360_HH(0.3.0),R,A,SEN,SN_ZONES03,SURVEY,CONS_SH,_Z,_Z,_T,_T,_T,_T,_T,_T,COICOP_CP04,_Z,_Z,_Z,_Z,2021,0.16,,,,,,,,,CONS_SH.COICOP_CP04,SHARE,0.01,A,SEN_EHCVM2021_LEGACY_v1,
dataflow,WB.AFW360:AFW360_HH(0.3.0),R,A,SEN,SN_ZONES03,SURVEY,CONS_SH,_Z,_Z,_T,_T,_T,_T,_T,_T,COICOP_CP05,_Z,_Z,_Z,_Z,2021,0.05,,,,,,,,,CONS_SH.COICOP_CP05,SHARE,0.01,A,SEN_EHCVM2021_LEGACY_v1,
dataflow,WB.AFW360:AFW360_HH(0.3.0),R,A,SEN,SN_ZONES03,SURVEY,CONS_SH,_Z,_Z,_T,_T,_T,_T,_T,_T,COICOP_CP06,_Z,_Z,_Z,_Z,2021,0.03,,,,,,,,,CONS_SH.COICOP_CP06,SHARE,0.01,A,SEN_EHCVM2021_LEGACY_v1,
dataflow,WB.AFW360:AFW360_HH(0.3.0),R,A,SEN,SN_ZONES03,SURVEY,CONS_SH,_Z,_Z,_T,_T,_T,_T,_T,_T,COICOP_CP07,_Z,_Z,_Z,_Z,2021,0.05,,,,,,,,,CONS_SH.COICOP_CP07,SHARE,0.01,A,SEN_EHCVM2021_LEGACY_v1,
dataflow,WB.AFW360:AFW360_HH(0.3.0),R,A,SEN,SN_ZONES03,SURVEY,CONS_SH,_Z,_Z,_T,_T,_T,_T,_T,_T,COICOP_CP08,_Z,_Z,_Z,_Z,2021,0.08,,,,,,,,,CONS_SH.COICOP_CP08,SHARE,0.01,A,SEN_EHCVM2021_LEGACY_v1,
dataflow,WB.AFW360:AFW360_HH(0.3.0),R,A,SEN,SN_ZONES03,SURVEY,CONS_SH,_Z,_Z,_T,_T,_T,_T,_T,_T,COICOP_CP09,_Z,_Z,_Z,_Z,2021,0,,,,,,,,,CONS_SH.COICOP_CP09,SHARE,0.01,A,SEN_EHCVM2021_LEGACY_v1,
dataflow,WB.AFW360:AFW360_HH(0.3.0),R,A,SEN,SN_ZONES03,SURVEY,CONS_SH,_Z,_Z,_T,_T,_T,_T,_T,_T,COICOP_CP10,_Z,_Z,_Z,_Z,2021,0.01,,,,,,,,,CONS_SH.COICOP_CP10,SHARE,0.01,A,SEN_EHCVM2021_LEGACY_v1,
dataflow,WB.AFW360:AFW360_HH(0.3.0),R,A,SEN,SN_ZONES03,SURVEY,CONS_SH,_Z,_Z,_T,_T,_T,_T,_T,_T,COICOP_CP11,_Z,_Z,_Z,_Z,2021,0.08,,,,,,,,,CONS_SH.COICOP_CP11,SHARE,0.01,A,SEN_EHCVM2021_LEGACY_v1,
dataflow,WB.AFW360:AFW360_HH(0.3.0),R,A,SEN,SN_ZONES03,SURVEY,CONS_SH,_Z,_Z,_T,_T,_T,_T,_T,_T,COICOP_CP12,_Z,_Z,_Z,_Z,2021,0,,,,,,,,,CONS_SH.COICOP_CP12,SHARE,0.01,A,SEN_EHCVM2021_LEGACY_v1,
dataflow,WB.AFW360:AFW360_HH(0.3.0),R,A,SEN,SN_ZONES03,SURVEY,CONS_SH,_Z,_Z,_T,_T,_T,_T,_T,_T,COICOP_CP13,_Z,_Z,_Z,_Z,2021,0.02,,,,,,,,,CONS_SH.COICOP_CP13,SHARE,0.01,A,SEN_EHCVM2021_LEGACY_v1,
dataflow,WB.AFW360:AFW360_HH(0.3.0),R,A,SEN,SN_ZONES03,SURVEY,EN_ASSET_AC,_Z,_Z,_T,_T,_T,_T,_T,_T,_Z,_Z,_Z,_Z,_Z,2021,0,,,,,,,,,EN_ASSET_AC,SHARE,0.01,A,SEN_EHCVM2021_LEGACY_v1,
dataflow,WB.AFW360:AFW360_HH(0.3.0),R,A,SEN,SN_ZONES03,SURVEY,EN_ASSET_COOKER,_Z,_Z,_T,_T,_T,_T,_T,_T,_Z,_Z,_Z,_Z,_Z,2021,0,,,,,,,,,EN_ASSET_COOKER,SHARE,0.01,A,SEN_EHCVM2021_LEGACY_v1,
dataflow,WB.AFW360:AFW360_HH(0.3.0),R,A,SEN,SN_ZONES03,SURVEY,EN_ASSET_FAN,_Z,_Z,_T,_T,_T,_T,_T,_T,_Z,_Z,_Z,_Z,_Z,2021,0.07,,,,,,,,,EN_ASSET_FAN,SHARE,0.01,A,SEN_EHCVM2021_LEGACY_v1,
dataflow,WB.AFW360:AFW360_HH(0.3.0),R,A,SEN,SN_ZONES03,SURVEY,EN_ASSET_WATER_HEATER,_Z,_Z,_T,_T,_T,_T,_T,_T,_Z,_Z,_Z,_Z,_Z,2021,0,,,,,,,,,EN_ASSET_WATER_HEATER,SHARE,0.01,A,SEN_EHCVM2021_LEGACY_v1,
dataflow,WB.AFW360:AFW360_HH(0.3.0),R,A,SEN,SN_ZONES03,SURVEY,EN_COOK_BIOMASS,_Z,_Z,_T,_T,_T,_T,_T,_T,_Z,_Z,_Z,_Z,_Z,2021,0.18,,,,,,,,,EN_COOK_BIOMASS,SHARE,0.01,A,SEN_EHCVM2021_LEGACY_v1,
dataflow,WB.AFW360:AFW360_HH(0.3.0),R,A,SEN,SN_ZONES03,SURVEY,EN_COOK_CLEAN,_Z,_Z,_T,_T,_T,_T,_T,_T,_Z,_Z,_Z,_Z,_Z,2021,0.82,,,,,,,,,EN_COOK_CLEAN,SHARE,0.01,A,SEN_EHCVM2021_LEGACY_v1,LEGACY_SUSPECT: Implausible pattern: higher in Rural and Q1 than in Capital and Q4.
dataflow,WB.AFW360:AFW360_HH(0.3.0),R,A,SEN,SN_ZONES03,SURVEY,EN_ELEC_ACCESS,_Z,_Z,_T,_T,_T,_T,_T,_T,_Z,_Z,_Z,_Z,_Z,2021,0.19,,,,,,,,,EN_ELEC_ACCESS,SHARE,0.01,A,SEN_EHCVM2021_LEGACY_v1,
dataflow,WB.AFW360:AFW360_HH(0.3.0),R,A,SEN,SN_ZONES03,SURVEY,EN_ELEC_INFORMAL,_Z,_Z,_T,_T,_T,_T,_T,_T,_Z,_Z,_Z,_Z,_Z,2021,0,,,,,,,,,EN_ELEC_INFORMAL,SHARE,0.01,A,SEN_EHCVM2021_LEGACY_v1,
dataflow,WB.AFW360:AFW360_HH(0.3.0),R,A,SEN,SN_ZONES03,SURVEY,EN_ELEC_SPEND,_Z,_Z,_T,_T,_T,_T,_T,_T,_Z,_Z,_Z,_Z,_Z,2021,10710.34,,,,,,,,,EN_ELEC_SPEND,XOF,0.01,A,SEN_EHCVM2021_LEGACY_v1,
dataflow,WB.AFW360:AFW360_HH(0.3.0),R,A,SEN,SN_ZONES03,SURVEY,EN_GRID_CONN,_Z,_Z,_T,_T,_T,_T,_T,_T,_Z,_Z,_Z,_Z,_Z,2021,1,,,,,,,,,EN_GRID_CONN,SHARE,0.01,A,SEN_EHCVM2021_LEGACY_v1,"LEGACY_SUSPECT: Implausible: 0.96-1.00 in every cell, including Q1 and Rural."
dataflow,WB.AFW360:AFW360_HH(0.3.0),R,A,SEN,SN_ZONES03,SURVEY,EN_GRID_USE,_Z,_Z,_T,_T,_T,_T,_T,_T,_Z,_Z,_Z,_Z,_Z,2021,0.21,,,,,,,,,EN_GRID_USE,SHARE,0.01,A,SEN_EHCVM2021_LEGACY_v1,
dataflow,WB.AFW360:AFW360_HH(0.3.0),R,A,SEN,SN_ZONES03,SURVEY,EN_LIGHT_IMPROVED,_Z,_Z,_T,_T,_T,_T,_T,_T,_Z,_Z,_Z,_Z,_Z,2021,0.97,,,,,,,,,EN_LIGHT_IMPROVED,SHARE,0.01,A,SEN_EHCVM2021_LEGACY_v1,
dataflow,WB.AFW360:AFW360_HH(0.3.0),R,A,SEN,SN_ZONES03,SURVEY,EN_OFFGRID_USE,_Z,_Z,_T,_T,_T,_T,_T,_T,_Z,_Z,_Z,_Z,_Z,2021,0.36,,,,,,,,,EN_OFFGRID_USE,SHARE,0.01,A,SEN_EHCVM2021_LEGACY_v1,
dataflow,WB.AFW360:AFW360_HH(0.3.0),R,A,SEN,SN_ZONES03,SURVEY,EN_OUTAGE_ANY,_Z,_Z,_T,_T,_T,_T,_T,_T,_Z,_Z,_Z,_Z,_Z,2021,0.2,,,,,,,,,EN_OUTAGE_ANY,SHARE,0.01,A,SEN_EHCVM2021_LEGACY_v1,
dataflow,WB.AFW360:AFW360_HH(0.3.0),R,A,SEN,SN_ZONES03,SURVEY,EN_OUTAGE_DAYS,_Z,_Z,_T,_T,_T,_T,_T,_T,_Z,_Z,_Z,_Z,_Z,2021,2.17,,,,,,,,,EN_OUTAGE_DAYS,DAY,0.01,A,SEN_EHCVM2021_LEGACY_v1,
dataflow,WB.AFW360:AFW360_HH(0.3.0),R,A,SEN,SN_ZONES03,SURVEY,EN_OUTAGE_DUR_CODE,_Z,_Z,_T,_T,_T,_T,_T,_T,_Z,_Z,_Z,_Z,_Z,2021,1.98,,,,,,,,,EN_OUTAGE_DUR_CODE,INDEX,0.01,A,SEN_EHCVM2021_LEGACY_v1,
dataflow,WB.AFW360:AFW360_HH(0.3.0),R,A,SEN,SN_ZONES03,SURVEY,EN_PREPAID_METER,_Z,_Z,_T,_T,_T,_T,_T,_T,_Z,_Z,_Z,_Z,_Z,2021,0.35,,,,,,,,,EN_PREPAID_METER,SHARE,0.01,A,SEN_EHCVM2021_LEGACY_v1,
dataflow,WB.AFW360:AFW360_HH(0.3.0),R,A,SEN,SN_ZONES03,SURVEY,HE_ACCOUNTS,_Z,_Z,_T,_T,_T,_T,_T,_T,_Z,_Z,_Z,_Z,_Z,2021,0.08,,,,,,,,,HE_ACCOUNTS,SHARE,0.01,A,SEN_EHCVM2021_LEGACY_v1,
dataflow,WB.AFW360:AFW360_HH(0.3.0),R,A,SEN,SN_ZONES03,SURVEY,HE_AGE,_Z,_Z,_T,_T,_T,_T,_T,_T,_Z,_Z,_Z,_Z,_Z,2021,11.39,,,,,,,,,HE_AGE,YEAR,0.01,A,SEN_EHCVM2021_LEGACY_v1,
dataflow,WB.AFW360:AFW360_HH(0.3.0),R,A,SEN,SN_ZONES03,SURVEY,HE_BUY_FIRMS,_Z,_Z,_T,_T,_T,_T,_T,_T,_Z,_Z,_Z,_Z,_Z,2021,0.44,,,,,,,,,HE_BUY_FIRMS,SHARE,0.01,A,SEN_EHCVM2021_LEGACY_v1,
dataflow,WB.AFW360:AFW360_HH(0.3.0),R,A,SEN,SN_ZONES03,SURVEY,HE_CAPITAL,_Z,_Z,_T,_T,_T,_T,_T,_T,_Z,_Z,_Z,_Z,_Z,2021,90590.51,,,,,,,,,HE_CAPITAL,XOF,0.01,A,SEN_EHCVM2021_LEGACY_v1,
dataflow,WB.AFW360:AFW360_HH(0.3.0),R,A,SEN,SN_ZONES03,SURVEY,HE_COSTS,_Z,_Z,_T,_T,_T,_T,_T,_T,_Z,_Z,_Z,_Z,_Z,2021,22897.76,,,,,,,,,HE_COSTS,XOF,0.01,A,SEN_EHCVM2021_LEGACY_v1,
dataflow,WB.AFW360:AFW360_HH(0.3.0),R,A,SEN,SN_ZONES03,SURVEY,HE_CREDIT_ANY,_Z,_Z,_T,_T,_T,_T,_T,_T,_Z,_Z,_Z,_Z,_Z,2021,0.33,,,,,,,,,HE_CREDIT_ANY,SHARE,0.01,A,SEN_EHCVM2021_LEGACY_v1,
dataflow,WB.AFW360:AFW360_HH(0.3.0),R,A,SEN,SN_ZONES03,SURVEY,HE_CREDIT_FORMAL,_Z,_Z,_T,_T,_T,_T,_T,_T,_Z,_Z,_Z,_Z,_Z,2021,0.06,,,,,,,,,HE_CREDIT_FORMAL,SHARE,0.01,A,SEN_EHCVM2021_LEGACY_v1,
dataflow,WB.AFW360:AFW360_HH(0.3.0),R,A,SEN,SN_ZONES03,SURVEY,HE_CREDIT_INFORMAL,_Z,_Z,_T,_T,_T,_T,_T,_T,_Z,_Z,_Z,_Z,_Z,2021,0.27,,,,,,,,,HE_CREDIT_INFORMAL,SHARE,0.01,A,SEN_EHCVM2021_LEGACY_v1,
dataflow,WB.AFW360:AFW360_HH(0.3.0),R,A,SEN,SN_ZONES03,SURVEY,HE_ELEC,_Z,_Z,_T,_T,_T,_T,_T,_T,_Z,_Z,_Z,_Z,_Z,2021,0.83,,,,,,,,,HE_ELEC,SHARE,0.01,A,SEN_EHCVM2021_LEGACY_v1,
dataflow,WB.AFW360:AFW360_HH(0.3.0),R,A,SEN,SN_ZONES03,SURVEY,HE_EMP_EXT_ANY,_Z,_Z,_T,_T,_T,_T,_T,_T,_Z,_Z,_Z,_Z,_Z,2021,1,,,,,,,,,HE_EMP_EXT_ANY,SHARE,0.01,A,SEN_EHCVM2021_LEGACY_v1,LEGACY_SUSPECT: Implausible: share 0.96 while mean non-HH employees is 0.54.
dataflow,WB.AFW360:AFW360_HH(0.3.0),R,A,SEN,SN_ZONES03,SURVEY,HE_EMP_HH_NUM,_Z,_Z,_T,_T,_T,_T,_T,_T,_Z,_Z,_Z,_Z,_Z,2021,0.03,,,,,,,,,HE_EMP_HH_NUM,PERSON,0.01,A,SEN_EHCVM2021_LEGACY_v1,
dataflow,WB.AFW360:AFW360_HH(0.3.0),R,A,SEN,SN_ZONES03,SURVEY,HE_EMP_NONHH_NUM,_Z,_Z,_T,_T,_T,_T,_T,_T,_Z,_Z,_Z,_Z,_Z,2021,0.18,,,,,,,,,HE_EMP_NONHH_NUM,PERSON,0.01,A,SEN_EHCVM2021_LEGACY_v1,
dataflow,WB.AFW360:AFW360_HH(0.3.0),R,A,SEN,SN_ZONES03,SURVEY,HE_EMP_NUM,_Z,_Z,_T,_T,_T,_T,_T,_T,_Z,_Z,_Z,_Z,_Z,2021,0.35,,,,,,,,,HE_EMP_NUM,PERSON,0.01,A,SEN_EHCVM2021_LEGACY_v1,
dataflow,WB.AFW360:AFW360_HH(0.3.0),R,A,SEN,SN_ZONES03,SURVEY,HE_HH_OWNER,_Z,_Z,_T,_T,_T,_T,_T,_T,_Z,_Z,_Z,_Z,_Z,2021,0.41,,,,,,,,,HE_HH_OWNER,SHARE,0.01,A,SEN_EHCVM2021_LEGACY_v1,
dataflow,WB.AFW360:AFW360_HH(0.3.0),R,A,SEN,SN_ZONES03,SURVEY,HE_HOME_BASED,_Z,_Z,_T,_T,_T,_T,_T,_T,_Z,_Z,_Z,_Z,_Z,2021,0.45,,,,,,,,,HE_HOME_BASED,SHARE,0.01,A,SEN_EHCVM2021_LEGACY_v1,
dataflow,WB.AFW360:AFW360_HH(0.3.0),R,A,SEN,SN_ZONES03,SURVEY,HE_PHONE,_Z,_Z,_T,_T,_T,_T,_T,_T,_Z,_Z,_Z,_Z,_Z,2021,1,,,,,,,,,HE_PHONE,SHARE,0.01,A,SEN_EHCVM2021_LEGACY_v1,
dataflow,WB.AFW360:AFW360_HH(0.3.0),R,A,SEN,SN_ZONES03,SURVEY,HE_PREMISES_FORMAL,_Z,_Z,_T,_T,_T,_T,_T,_T,_Z,_Z,_Z,_Z,_Z,2021,0.21,,,,,,,,,HE_PREMISES_FORMAL,SHARE,0.01,A,SEN_EHCVM2021_LEGACY_v1,
dataflow,WB.AFW360:AFW360_HH(0.3.0),R,A,SEN,SN_ZONES03,SURVEY,HE_PROFIT,_Z,_Z,_T,_T,_T,_T,_T,_T,_Z,_Z,_Z,_Z,_Z,2021,14124.39,,,,,,,,,HE_PROFIT,XOF,0.01,A,SEN_EHCVM2021_LEGACY_v1,
dataflow,WB.AFW360:AFW360_HH(0.3.0),R,A,SEN,SN_ZONES03,SURVEY,HE_RENT,_Z,_Z,_T,_T,_T,_T,_T,_T,_Z,_Z,_Z,_Z,_Z,2021,0.67,,,,,,,,,HE_RENT,SHARE,0.01,A,SEN_EHCVM2021_LEGACY_v1,
dataflow,WB.AFW360:AFW360_HH(0.3.0),R,A,SEN,SN_ZONES03,SURVEY,HE_REV_PER_WORKER,_Z,_Z,_T,_T,_T,_T,_T,_T,_Z,_Z,_Z,_Z,_Z,2021,351000,,,,,,,,,HE_REV_PER_WORKER,XOF,0.01,A,SEN_EHCVM2021_LEGACY_v1,
dataflow,WB.AFW360:AFW360_HH(0.3.0),R,A,SEN,SN_ZONES03,SURVEY,HE_SELL_FIRMS,_Z,_Z,_T,_T,_T,_T,_T,_T,_Z,_Z,_Z,_Z,_Z,2021,0.13,,,,,,,,,HE_SELL_FIRMS,SHARE,0.01,A,SEN_EHCVM2021_LEGACY_v1,
dataflow,WB.AFW360:AFW360_HH(0.3.0),R,A,SEN,SN_ZONES03,SURVEY,HE_TAX_ID,_Z,_Z,_T,_T,_T,_T,_T,_T,_Z,_Z,_Z,_Z,_Z,2021,0,,,,,,,,,HE_TAX_ID,SHARE,0.01,A,SEN_EHCVM2021_LEGACY_v1,
dataflow,WB.AFW360:AFW360_HH(0.3.0),R,A,SEN,SN_ZONES03,SURVEY,HE_WATER,_Z,_Z,_T,_T,_T,_T,_T,_T,_Z,_Z,_Z,_Z,_Z,2021,0.23,,,,,,,,,HE_WATER,SHARE,0.01,A,SEN_EHCVM2021_LEGACY_v1,
dataflow,WB.AFW360:AFW360_HH(0.3.0),R,A,SEN,SN_ZONES03,SURVEY,HOUS_FLOOR_DURABLE,_Z,_Z,_T,_T,_T,_T,_T,_T,_Z,_Z,_Z,_Z,_Z,2021,0.63,,,,,,,,,HOUS_FLOOR_DURABLE,SHARE,0.01,A,SEN_EHCVM2021_LEGACY_v1,
dataflow,WB.AFW360:AFW360_HH(0.3.0),R,A,SEN,SN_ZONES03,SURVEY,HOUS_ROOF_DURABLE,_Z,_Z,_T,_T,_T,_T,_T,_T,_Z,_Z,_Z,_Z,_Z,2021,0.52,,,,,,,,,HOUS_ROOF_DURABLE,SHARE,0.01,A,SEN_EHCVM2021_LEGACY_v1,
dataflow,WB.AFW360:AFW360_HH(0.3.0),R,A,SEN,SN_ZONES03,SURVEY,HOUS_SANIT_IMPROVED,_Z,_Z,_T,_T,_T,_T,_T,_T,_Z,_Z,_Z,_Z,_Z,2021,0.24,,,,,,,,,HOUS_SANIT_IMPROVED,SHARE,0.01,A,SEN_EHCVM2021_LEGACY_v1,
dataflow,WB.AFW360:AFW360_HH(0.3.0),R,A,SEN,SN_ZONES03,SURVEY,HOUS_WALL_DURABLE,_Z,_Z,_T,_T,_T,_T,_T,_T,_Z,_Z,_Z,_Z,_Z,2021,0.88,,,,,,,,,HOUS_WALL_DURABLE,SHARE,0.01,A,SEN_EHCVM2021_LEGACY_v1,
dataflow,WB.AFW360:AFW360_HH(0.3.0),R,A,SEN,SN_ZONES03,SURVEY,HOUS_WATER_SAFE_DRY,_Z,_Z,_T,_T,_T,_T,_T,_T,_Z,_Z,_Z,_Z,_Z,2021,0.77,,,,,,,,,HOUS_WATER_SAFE_DRY,SHARE,0.01,A,SEN_EHCVM2021_LEGACY_v1,
dataflow,WB.AFW360:AFW360_HH(0.3.0),R,A,SEN,SN_ZONES03,SURVEY,POP_HE_SH,_Z,_Z,_T,HEO_MSTAT_MARRIED,_T,_T,_T,_T,_Z,_Z,_Z,_Z,_Z,2021,0.63,,,,,,,,,POP_HE_SH.HEO_MSTAT_MARRIED,SHARE,0.01,A,SEN_EHCVM2021_LEGACY_v1,
dataflow,WB.AFW360:AFW360_HH(0.3.0),R,A,SEN,SN_ZONES03,SURVEY,POP_HE_SH,_Z,_Z,_T,HEO_SEX_F,_T,_T,_T,_T,_Z,_Z,_Z,_Z,_Z,2021,0.86,,,,,,,,,POP_HE_SH.HEO_SEX_F,SHARE,0.01,A,SEN_EHCVM2021_LEGACY_v1,
dataflow,WB.AFW360:AFW360_HH(0.3.0),R,A,SEN,SN_ZONES03,SURVEY,POP_HH_SH,_Z,_Z,_T,HE_COUNT_0,_T,_T,_T,_T,_Z,_Z,_Z,_Z,_Z,2021,0.2,,,,,,,,,POP_HH_SH.HE_COUNT_0,SHARE,0.01,A,SEN_EHCVM2021_LEGACY_v1,
dataflow,WB.AFW360:AFW360_HH(0.3.0),R,A,SEN,SN_ZONES03,SURVEY,POP_HH_SH,_Z,_Z,_T,HE_COUNT_1,_T,_T,_T,_T,_Z,_Z,_Z,_Z,_Z,2021,0.56,,,,,,,,,POP_HH_SH.HE_COUNT_1,SHARE,0.01,A,SEN_EHCVM2021_LEGACY_v1,
dataflow,WB.AFW360:AFW360_HH(0.3.0),R,A,SEN,SN_ZONES03,SURVEY,POP_HH_SH,_Z,_Z,_T,HE_COUNT_2,_T,_T,_T,_T,_Z,_Z,_Z,_Z,_Z,2021,0.2,,,,,,,,,POP_HH_SH.HE_COUNT_2,SHARE,0.01,A,SEN_EHCVM2021_LEGACY_v1,
dataflow,WB.AFW360:AFW360_HH(0.3.0),R,A,SEN,SN_ZONES03,SURVEY,POP_HH_SH,_Z,_Z,_T,HE_COUNT_3,_T,_T,_T,_T,_Z,_Z,_Z,_Z,_Z,2021,0,,,,,,,,,POP_HH_SH.HE_COUNT_3,SHARE,0.01,A,SEN_EHCVM2021_LEGACY_v1,
dataflow,WB.AFW360:AFW360_HH(0.3.0),R,A,SEN,SN_ZONES03,SURVEY,POP_HH_SH,_Z,_Z,_T,HE_COUNT_4P,_T,_T,_T,_T,_Z,_Z,_Z,_Z,_Z,2021,0.03,,,,,,,,,POP_HH_SH.HE_COUNT_4P,SHARE,0.01,A,SEN_EHCVM2021_LEGACY_v1,
dataflow,WB.AFW360:AFW360_HH(0.3.0),R,A,SEN,SN_ZONES03,SURVEY,POP_SH,_T,_T,_T,EMP_FORMAL_N,_T,_T,_T,_T,_Z,_Z,_Z,_Z,_Z,2021,0.75,,,,,,,,,POP_SH.EMP_FORMAL_N,SHARE,0.01,A,SEN_EHCVM2021_LEGACY_v1,
dataflow,WB.AFW360:AFW360_HH(0.3.0),R,A,SEN,SN_ZONES03,SURVEY,POP_SH,_T,_T,_T,EMP_ISIC_G,_T,_T,_T,_T,_Z,_Z,_Z,_Z,_Z,2021,0.09,,,,,,,,,POP_SH.EMP_ISIC_G,SHARE,0.01,A,SEN_EHCVM2021_LEGACY_v1,
dataflow,WB.AFW360:AFW360_HH(0.3.0),R,A,SEN,SN_ZONES03,SURVEY,POP_SH,_T,_T,_T,EMP_ISIC_H,_T,_T,_T,_T,_Z,_Z,_Z,_Z,_Z,2021,0.04,,,,,,,,,POP_SH.EMP_ISIC_H,SHARE,0.01,A,SEN_EHCVM2021_LEGACY_v1,
dataflow,WB.AFW360:AFW360_HH(0.3.0),R,A,SEN,SN_ZONES03,SURVEY,POP_SH,_T,_T,_T,EMP_SECTOR_AGR,_T,_T,_T,_T,_Z,_Z,_Z,_Z,_Z,2021,0.47,,,,,,,,,POP_SH.EMP_SECTOR_AGR,SHARE,0.01,A,SEN_EHCVM2021_LEGACY_v1,
dataflow,WB.AFW360:AFW360_HH(0.3.0),R,A,SEN,SN_ZONES03,SURVEY,POP_SH,_T,_T,_T,EMP_SECTOR_IND,_T,_T,_T,_T,_Z,_Z,_Z,_Z,_Z,2021,0.29,,,,,,,,,POP_SH.EMP_SECTOR_IND,SHARE,0.01,A,SEN_EHCVM2021_LEGACY_v1,
dataflow,WB.AFW360:AFW360_HH(0.3.0),R,A,SEN,SN_ZONES03,SURVEY,POP_SH,_T,_T,_T,EMP_SECTOR_SER,_T,_T,_T,_T,_Z,_Z,_Z,_Z,_Z,2021,0.24,,,,,,,,,POP_SH.EMP_SECTOR_SER,SHARE,0.01,A,SEN_EHCVM2021_LEGACY_v1,
dataflow,WB.AFW360:AFW360_HH(0.3.0),R,A,SEN,SN_ZONES03,SURVEY,POP_SH,_T,_T,_T,EMP_STATUS_EMPLOYED,_T,_T,_T,_T,_Z,_Z,_Z,_Z,_Z,2021,0.57,,,,,,,,,POP_SH.EMP_STATUS_EMPLOYED,SHARE,0.01,A,SEN_EHCVM2021_LEGACY_v1,
dataflow,WB.AFW360:AFW360_HH(0.3.0),R,A,SEN,SN_ZONES03,SURVEY,POP_SH,_T,_T,_T,EMP_TYPE_NONWAGE,_T,_T,_T,_T,_Z,_Z,_Z,_Z,_Z,2021,0.76,,,,,,,,,POP_SH.EMP_TYPE_NONWAGE,SHARE,0.01,A,SEN_EHCVM2021_LEGACY_v1,
dataflow,WB.AFW360:AFW360_HH(0.3.0),R,A,SEN,SN_ZONES03,SURVEY,POP_SH,_T,_T,_T,EMP_TYPE_WAGE,_T,_T,_T,_T,_Z,_Z,_Z,_Z,_Z,2021,0.24,,,,,,,,,POP_SH.EMP_TYPE_WAGE,SHARE,0.01,A,SEN_EHCVM2021_LEGACY_v1,
dataflow,WB.AFW360:AFW360_HH(0.3.0),R,A,SEN,SN_ZONES03,SURVEY,POV_HC,_T,_T,_T,_T,_T,_T,_T,_T,POVLINE_PL300,PPP_2021,_Z,_Z,_Z,2021,0.36,,,,,,,,,POV_HC.POVLINE_PL300.PPP_2021,SHARE,0.01,A,SEN_EHCVM2021_LEGACY_v1,
dataflow,WB.AFW360:AFW360_HH(0.3.0),R,A,SEN,SN_ZONES03,SURVEY,POV_HC,_T,_T,_T,_T,_T,_T,_T,_T,POVLINE_PL420,PPP_2021,_Z,_Z,_Z,2021,0.62,,,,,,,,,POV_HC.POVLINE_PL420.PPP_2021,SHARE,0.01,A,SEN_EHCVM2021_LEGACY_v1,
dataflow,WB.AFW360:AFW360_HH(0.3.0),R,A,SEN,SN_ZONES03,SURVEY,POV_NUM,_T,_T,_T,_T,_T,_T,_T,_T,POVLINE_PL300,PPP_2021,_Z,_Z,_Z,2021,70000,,,,,,,,,POV_NUM.POVLINE_PL300.PPP_2021,PERSON,10000,A,SEN_EHCVM2021_LEGACY_v1,
dataflow,WB.AFW360:AFW360_HH(0.3.0),R,A,SEN,SN_ZONES03,SURVEY,POV_NUM,_T,_T,_T,_T,_T,_T,_T,_T,POVLINE_PL420,PPP_2021,_Z,_Z,_Z,2021,120000,,,,,,,,,POV_NUM.POVLINE_PL420.PPP_2021,PERSON,10000,A,SEN_EHCVM2021_LEGACY_v1,
dataflow,WB.AFW360:AFW360_HH(0.3.0),R,A,SEN,SN_ZONES03,SURVEY,SHK_ANY,_Z,_Z,_T,_T,_T,_T,_T,_T,_Z,_Z,_Z,_Z,_Z,2021,0.68,,,,,,,,,SHK_ANY,SHARE,0.01,A,SEN_EHCVM2021_LEGACY_v1,
dataflow,WB.AFW360:AFW360_HH(0.3.0),R,A,SEN,SN_ZONES03,SURVEY,SHK_COV_CONFLICT,_Z,_Z,_T,_T,_T,_T,_T,_T,_Z,_Z,_Z,_Z,_Z,2021,0.07,,,,,,,,,SHK_COV_CONFLICT,SHARE,0.01,A,SEN_EHCVM2021_LEGACY_v1,
dataflow,WB.AFW360:AFW360_HH(0.3.0),R,A,SEN,SN_ZONES03,SURVEY,SHK_COV_ECON,_Z,_Z,_T,_T,_T,_T,_T,_T,_Z,_Z,_Z,_Z,_Z,2021,0.42,,,,,,,,,SHK_COV_ECON,SHARE,0.01,A,SEN_EHCVM2021_LEGACY_v1,
dataflow,WB.AFW360:AFW360_HH(0.3.0),R,A,SEN,SN_ZONES03,SURVEY,SHK_COV_NATURAL,_Z,_Z,_T,_T,_T,_T,_T,_T,_Z,_Z,_Z,_Z,_Z,2021,0.25,,,,,,,,,SHK_COV_NATURAL,SHARE,0.01,A,SEN_EHCVM2021_LEGACY_v1,
dataflow,WB.AFW360:AFW360_HH(0.3.0),R,A,SEN,SN_ZONES03,SURVEY,SHK_IDIO_ECON,_Z,_Z,_T,_T,_T,_T,_T,_T,_Z,_Z,_Z,_Z,_Z,2021,0.08,,,,,,,,,SHK_IDIO_ECON,SHARE,0.01,A,SEN_EHCVM2021_LEGACY_v1,
dataflow,WB.AFW360:AFW360_HH(0.3.0),R,A,SEN,SN_ZONES03,SURVEY,SP_HEALTH_COV,_T,_T,_T,_T,_T,_T,_T,_T,_Z,_Z,_Z,_Z,_Z,2021,0.01,,,,,,,,,SP_HEALTH_COV,SHARE,0.01,A,SEN_EHCVM2021_LEGACY_v1,
dataflow,WB.AFW360:AFW360_HH(0.3.0),R,A,SEN,SN_ZONES03,SURVEY,SP_HEALTH_COV_HH,_Z,_Z,_T,_T,_T,_T,_T,_T,_Z,_Z,_Z,_Z,_Z,2021,0.01,,,,,,,,,SP_HEALTH_COV_HH,SHARE,0.01,A,SEN_EHCVM2021_LEGACY_v1,
dataflow,WB.AFW360:AFW360_HH(0.3.0),R,A,SEN,SN_ZONES04,SURVEY,AGR_CULTIVATES,_Z,_Z,_T,_T,_T,_T,_T,_T,_Z,_Z,_Z,_Z,_Z,2021,0.46,,,,,,,,,AGR_CULTIVATES,SHARE,0.01,A,SEN_EHCVM2021_LEGACY_v1,
dataflow,WB.AFW360:AFW360_HH(0.3.0),R,A,SEN,SN_ZONES04,SURVEY,AGR_CULT_AREA,_Z,_Z,_T,_T,_T,_T,_T,_T,_Z,_Z,_Z,_Z,_Z,2021,2.15,,,,,,,,,AGR_CULT_AREA,HA,0.01,A,SEN_EHCVM2021_LEGACY_v1,
dataflow,WB.AFW360:AFW360_HH(0.3.0),R,A,SEN,SN_ZONES04,SURVEY,AGR_LIVESTOCK_ANY,_Z,_Z,_T,_T,_T,_T,_T,_T,_Z,_Z,_Z,_Z,_Z,2021,0.76,,,,,,,,,AGR_LIVESTOCK_ANY,SHARE,0.01,A,SEN_EHCVM2021_LEGACY_v1,
dataflow,WB.AFW360:AFW360_HH(0.3.0),R,A,SEN,SN_ZONES04,SURVEY,AGR_TLU,_Z,_Z,_T,_T,_T,_T,_T,_T,_Z,_Z,_Z,_Z,_Z,2021,4.85,,,,,,,,,AGR_TLU,TLU,0.01,A,SEN_EHCVM2021_LEGACY_v1,
dataflow,WB.AFW360:AFW360_HH(0.3.0),R,A,SEN,SN_ZONES04,SURVEY,CONS_SH,_Z,_Z,_T,_T,_T,_T,_T,_T,COICOP_CP01,ACQ_OWNPROD,_Z,_Z,_Z,2021,0.03,,,,,,,,,CONS_SH.COICOP_CP01.ACQ_OWNPROD,SHARE,0.01,A,SEN_EHCVM2021_LEGACY_v1,
dataflow,WB.AFW360:AFW360_HH(0.3.0),R,A,SEN,SN_ZONES04,SURVEY,CONS_SH,_Z,_Z,_T,_T,_T,_T,_T,_T,COICOP_CP01,ACQ_PURCH,_Z,_Z,_Z,2021,0.48,,,,,,,,,CONS_SH.COICOP_CP01.ACQ_PURCH,SHARE,0.01,A,SEN_EHCVM2021_LEGACY_v1,
dataflow,WB.AFW360:AFW360_HH(0.3.0),R,A,SEN,SN_ZONES04,SURVEY,CONS_SH,_Z,_Z,_T,_T,_T,_T,_T,_T,COICOP_CP01,_Z,_Z,_Z,_Z,2021,0.53,,,,,,,,,CONS_SH.COICOP_CP01,SHARE,0.01,A,SEN_EHCVM2021_LEGACY_v1,
dataflow,WB.AFW360:AFW360_HH(0.3.0),R,A,SEN,SN_ZONES04,SURVEY,CONS_SH,_Z,_Z,_T,_T,_T,_T,_T,_T,COICOP_CP02,_Z,_Z,_Z,_Z,2021,0,,,,,,,,,CONS_SH.COICOP_CP02,SHARE,0.01,A,SEN_EHCVM2021_LEGACY_v1,
dataflow,WB.AFW360:AFW360_HH(0.3.0),R,A,SEN,SN_ZONES04,SURVEY,CONS_SH,_Z,_Z,_T,_T,_T,_T,_T,_T,COICOP_CP03,_Z,_Z,_Z,_Z,2021,0.06,,,,,,,,,CONS_SH.COICOP_CP03,SHARE,0.01,A,SEN_EHCVM2021_LEGACY_v1,
dataflow,WB.AFW360:AFW360_HH(0.3.0),R,A,SEN,SN_ZONES04,SURVEY,CONS_SH,_Z,_Z,_T,_T,_T,_T,_T,_T,COICOP_CP04,_Z,_Z,_Z,_Z,2021,0.15,,,,,,,,,CONS_SH.COICOP_CP04,SHARE,0.01,A,SEN_EHCVM2021_LEGACY_v1,
dataflow,WB.AFW360:AFW360_HH(0.3.0),R,A,SEN,SN_ZONES04,SURVEY,CONS_SH,_Z,_Z,_T,_T,_T,_T,_T,_T,COICOP_CP05,_Z,_Z,_Z,_Z,2021,0.05,,,,,,,,,CONS_SH.COICOP_CP05,SHARE,0.01,A,SEN_EHCVM2021_LEGACY_v1,
dataflow,WB.AFW360:AFW360_HH(0.3.0),R,A,SEN,SN_ZONES04,SURVEY,CONS_SH,_Z,_Z,_T,_T,_T,_T,_T,_T,COICOP_CP06,_Z,_Z,_Z,_Z,2021,0.04,,,,,,,,,CONS_SH.COICOP_CP06,SHARE,0.01,A,SEN_EHCVM2021_LEGACY_v1,
dataflow,WB.AFW360:AFW360_HH(0.3.0),R,A,SEN,SN_ZONES04,SURVEY,CONS_SH,_Z,_Z,_T,_T,_T,_T,_T,_T,COICOP_CP07,_Z,_Z,_Z,_Z,2021,0.02,,,,,,,,,CONS_SH.COICOP_CP07,SHARE,0.01,A,SEN_EHCVM2021_LEGACY_v1,
dataflow,WB.AFW360:AFW360_HH(0.3.0),R,A,SEN,SN_ZONES04,SURVEY,CONS_SH,_Z,_Z,_T,_T,_T,_T,_T,_T,COICOP_CP08,_Z,_Z,_Z,_Z,2021,0.05,,,,,,,,,CONS_SH.COICOP_CP08,SHARE,0.01,A,SEN_EHCVM2021_LEGACY_v1,
dataflow,WB.AFW360:AFW360_HH(0.3.0),R,A,SEN,SN_ZONES04,SURVEY,CONS_SH,_Z,_Z,_T,_T,_T,_T,_T,_T,COICOP_CP09,_Z,_Z,_Z,_Z,2021,0,,,,,,,,,CONS_SH.COICOP_CP09,SHARE,0.01,A,SEN_EHCVM2021_LEGACY_v1,
dataflow,WB.AFW360:AFW360_HH(0.3.0),R,A,SEN,SN_ZONES04,SURVEY,CONS_SH,_Z,_Z,_T,_T,_T,_T,_T,_T,COICOP_CP10,_Z,_Z,_Z,_Z,2021,0.01,,,,,,,,,CONS_SH.COICOP_CP10,SHARE,0.01,A,SEN_EHCVM2021_LEGACY_v1,
dataflow,WB.AFW360:AFW360_HH(0.3.0),R,A,SEN,SN_ZONES04,SURVEY,CONS_SH,_Z,_Z,_T,_T,_T,_T,_T,_T,COICOP_CP11,_Z,_Z,_Z,_Z,2021,0.07,,,,,,,,,CONS_SH.COICOP_CP11,SHARE,0.01,A,SEN_EHCVM2021_LEGACY_v1,
dataflow,WB.AFW360:AFW360_HH(0.3.0),R,A,SEN,SN_ZONES04,SURVEY,CONS_SH,_Z,_Z,_T,_T,_T,_T,_T,_T,COICOP_CP12,_Z,_Z,_Z,_Z,2021,0,,,,,,,,,CONS_SH.COICOP_CP12,SHARE,0.01,A,SEN_EHCVM2021_LEGACY_v1,
dataflow,WB.AFW360:AFW360_HH(0.3.0),R,A,SEN,SN_ZONES04,SURVEY,CONS_SH,_Z,_Z,_T,_T,_T,_T,_T,_T,COICOP_CP13,_Z,_Z,_Z,_Z,2021,0.03,,,,,,,,,CONS_SH.COICOP_CP13,SHARE,0.01,A,SEN_EHCVM2021_LEGACY_v1,
dataflow,WB.AFW360:AFW360_HH(0.3.0),R,A,SEN,SN_ZONES04,SURVEY,EN_ASSET_AC,_Z,_Z,_T,_T,_T,_T,_T,_T,_Z,_Z,_Z,_Z,_Z,2021,0.08,,,,,,,,,EN_ASSET_AC,SHARE,0.01,A,SEN_EHCVM2021_LEGACY_v1,
dataflow,WB.AFW360:AFW360_HH(0.3.0),R,A,SEN,SN_ZONES04,SURVEY,EN_ASSET_COOKER,_Z,_Z,_T,_T,_T,_T,_T,_T,_Z,_Z,_Z,_Z,_Z,2021,0.01,,,,,,,,,EN_ASSET_COOKER,SHARE,0.01,A,SEN_EHCVM2021_LEGACY_v1,
dataflow,WB.AFW360:AFW360_HH(0.3.0),R,A,SEN,SN_ZONES04,SURVEY,EN_ASSET_FAN,_Z,_Z,_T,_T,_T,_T,_T,_T,_Z,_Z,_Z,_Z,_Z,2021,0.03,,,,,,,,,EN_ASSET_FAN,SHARE,0.01,A,SEN_EHCVM2021_LEGACY_v1,
dataflow,WB.AFW360:AFW360_HH(0.3.0),R,A,SEN,SN_ZONES04,SURVEY,EN_ASSET_WATER_HEATER,_Z,_Z,_T,_T,_T,_T,_T,_T,_Z,_Z,_Z,_Z,_Z,2021,0.02,,,,,,,,,EN_ASSET_WATER_HEATER,SHARE,0.01,A,SEN_EHCVM2021_LEGACY_v1,
dataflow,WB.AFW360:AFW360_HH(0.3.0),R,A,SEN,SN_ZONES04,SURVEY,EN_COOK_BIOMASS,_Z,_Z,_T,_T,_T,_T,_T,_T,_Z,_Z,_Z,_Z,_Z,2021,0.14,,,,,,,,,EN_COOK_BIOMASS,SHARE,0.01,A,SEN_EHCVM2021_LEGACY_v1,
dataflow,WB.AFW360:AFW360_HH(0.3.0),R,A,SEN,SN_ZONES04,SURVEY,EN_COOK_CLEAN,_Z,_Z,_T,_T,_T,_T,_T,_T,_Z,_Z,_Z,_Z,_Z,2021,0.81,,,,,,,,,EN_COOK_CLEAN,SHARE,0.01,A,SEN_EHCVM2021_LEGACY_v1,LEGACY_SUSPECT: Implausible pattern: higher in Rural and Q1 than in Capital and Q4.
dataflow,WB.AFW360:AFW360_HH(0.3.0),R,A,SEN,SN_ZONES04,SURVEY,EN_ELEC_ACCESS,_Z,_Z,_T,_T,_T,_T,_T,_T,_Z,_Z,_Z,_Z,_Z,2021,0.61,,,,,,,,,EN_ELEC_ACCESS,SHARE,0.01,A,SEN_EHCVM2021_LEGACY_v1,
dataflow,WB.AFW360:AFW360_HH(0.3.0),R,A,SEN,SN_ZONES04,SURVEY,EN_ELEC_INFORMAL,_Z,_Z,_T,_T,_T,_T,_T,_T,_Z,_Z,_Z,_Z,_Z,2021,0.01,,,,,,,,,EN_ELEC_INFORMAL,SHARE,0.01,A,SEN_EHCVM2021_LEGACY_v1,
dataflow,WB.AFW360:AFW360_HH(0.3.0),R,A,SEN,SN_ZONES04,SURVEY,EN_ELEC_SPEND,_Z,_Z,_T,_T,_T,_T,_T,_T,_Z,_Z,_Z,_Z,_Z,2021,19199.69,,,,,,,,,EN_ELEC_SPEND,XOF,0.01,A,SEN_EHCVM2021_LEGACY_v1,
dataflow,WB.AFW360:AFW360_HH(0.3.0),R,A,SEN,SN_ZONES04,SURVEY,EN_GRID_CONN,_Z,_Z,_T,_T,_T,_T,_T,_T,_Z,_Z,_Z,_Z,_Z,2021,0.98,,,,,,,,,EN_GRID_CONN,SHARE,0.01,A,SEN_EHCVM2021_LEGACY_v1,"LEGACY_SUSPECT: Implausible: 0.96-1.00 in every cell, including Q1 and Rural."
dataflow,WB.AFW360:AFW360_HH(0.3.0),R,A,SEN,SN_ZONES04,SURVEY,EN_GRID_USE,_Z,_Z,_T,_T,_T,_T,_T,_T,_Z,_Z,_Z,_Z,_Z,2021,0.63,,,,,,,,,EN_GRID_USE,SHARE,0.01,A,SEN_EHCVM2021_LEGACY_v1,
dataflow,WB.AFW360:AFW360_HH(0.3.0),R,A,SEN,SN_ZONES04,SURVEY,EN_LIGHT_IMPROVED,_Z,_Z,_T,_T,_T,_T,_T,_T,_Z,_Z,_Z,_Z,_Z,2021,0.94,,,,,,,,,EN_LIGHT_IMPROVED,SHARE,0.01,A,SEN_EHCVM2021_LEGACY_v1,
dataflow,WB.AFW360:AFW360_HH(0.3.0),R,A,SEN,SN_ZONES04,SURVEY,EN_OFFGRID_USE,_Z,_Z,_T,_T,_T,_T,_T,_T,_Z,_Z,_Z,_Z,_Z,2021,0.1,,,,,,,,,EN_OFFGRID_USE,SHARE,0.01,A,SEN_EHCVM2021_LEGACY_v1,
dataflow,WB.AFW360:AFW360_HH(0.3.0),R,A,SEN,SN_ZONES04,SURVEY,EN_OUTAGE_ANY,_Z,_Z,_T,_T,_T,_T,_T,_T,_Z,_Z,_Z,_Z,_Z,2021,0.19,,,,,,,,,EN_OUTAGE_ANY,SHARE,0.01,A,SEN_EHCVM2021_LEGACY_v1,
dataflow,WB.AFW360:AFW360_HH(0.3.0),R,A,SEN,SN_ZONES04,SURVEY,EN_OUTAGE_DAYS,_Z,_Z,_T,_T,_T,_T,_T,_T,_Z,_Z,_Z,_Z,_Z,2021,1.84,,,,,,,,,EN_OUTAGE_DAYS,DAY,0.01,A,SEN_EHCVM2021_LEGACY_v1,
dataflow,WB.AFW360:AFW360_HH(0.3.0),R,A,SEN,SN_ZONES04,SURVEY,EN_OUTAGE_DUR_CODE,_Z,_Z,_T,_T,_T,_T,_T,_T,_Z,_Z,_Z,_Z,_Z,2021,2.54,,,,,,,,,EN_OUTAGE_DUR_CODE,INDEX,0.01,A,SEN_EHCVM2021_LEGACY_v1,
dataflow,WB.AFW360:AFW360_HH(0.3.0),R,A,SEN,SN_ZONES04,SURVEY,EN_PREPAID_METER,_Z,_Z,_T,_T,_T,_T,_T,_T,_Z,_Z,_Z,_Z,_Z,2021,0.41,,,,,,,,,EN_PREPAID_METER,SHARE,0.01,A,SEN_EHCVM2021_LEGACY_v1,
dataflow,WB.AFW360:AFW360_HH(0.3.0),R,A,SEN,SN_ZONES04,SURVEY,HE_ACCOUNTS,_Z,_Z,_T,_T,_T,_T,_T,_T,_Z,_Z,_Z,_Z,_Z,2021,0.06,,,,,,,,,HE_ACCOUNTS,SHARE,0.01,A,SEN_EHCVM2021_LEGACY_v1,
dataflow,WB.AFW360:AFW360_HH(0.3.0),R,A,SEN,SN_ZONES04,SURVEY,HE_AGE,_Z,_Z,_T,_T,_T,_T,_T,_T,_Z,_Z,_Z,_Z,_Z,2021,6.74,,,,,,,,,HE_AGE,YEAR,0.01,A,SEN_EHCVM2021_LEGACY_v1,
dataflow,WB.AFW360:AFW360_HH(0.3.0),R,A,SEN,SN_ZONES04,SURVEY,HE_BUY_FIRMS,_Z,_Z,_T,_T,_T,_T,_T,_T,_Z,_Z,_Z,_Z,_Z,2021,0.22,,,,,,,,,HE_BUY_FIRMS,SHARE,0.01,A,SEN_EHCVM2021_LEGACY_v1,
dataflow,WB.AFW360:AFW360_HH(0.3.0),R,A,SEN,SN_ZONES04,SURVEY,HE_CAPITAL,_Z,_Z,_T,_T,_T,_T,_T,_T,_Z,_Z,_Z,_Z,_Z,2021,805106.97,,,,,,,,,HE_CAPITAL,XOF,0.01,A,SEN_EHCVM2021_LEGACY_v1,
dataflow,WB.AFW360:AFW360_HH(0.3.0),R,A,SEN,SN_ZONES04,SURVEY,HE_COSTS,_Z,_Z,_T,_T,_T,_T,_T,_T,_Z,_Z,_Z,_Z,_Z,2021,41752.23,,,,,,,,,HE_COSTS,XOF,0.01,A,SEN_EHCVM2021_LEGACY_v1,
dataflow,WB.AFW360:AFW360_HH(0.3.0),R,A,SEN,SN_ZONES04,SURVEY,HE_CREDIT_ANY,_Z,_Z,_T,_T,_T,_T,_T,_T,_Z,_Z,_Z,_Z,_Z,2021,0.22,,,,,,,,,HE_CREDIT_ANY,SHARE,0.01,A,SEN_EHCVM2021_LEGACY_v1,
dataflow,WB.AFW360:AFW360_HH(0.3.0),R,A,SEN,SN_ZONES04,SURVEY,HE_CREDIT_FORMAL,_Z,_Z,_T,_T,_T,_T,_T,_T,_Z,_Z,_Z,_Z,_Z,2021,0.08,,,,,,,,,HE_CREDIT_FORMAL,SHARE,0.01,A,SEN_EHCVM2021_LEGACY_v1,
dataflow,WB.AFW360:AFW360_HH(0.3.0),R,A,SEN,SN_ZONES04,SURVEY,HE_CREDIT_INFORMAL,_Z,_Z,_T,_T,_T,_T,_T,_T,_Z,_Z,_Z,_Z,_Z,2021,0.16,,,,,,,,,HE_CREDIT_INFORMAL,SHARE,0.01,A,SEN_EHCVM2021_LEGACY_v1,
dataflow,WB.AFW360:AFW360_HH(0.3.0),R,A,SEN,SN_ZONES04,SURVEY,HE_ELEC,_Z,_Z,_T,_T,_T,_T,_T,_T,_Z,_Z,_Z,_Z,_Z,2021,1,,,,,,,,,HE_ELEC,SHARE,0.01,A,SEN_EHCVM2021_LEGACY_v1,
dataflow,WB.AFW360:AFW360_HH(0.3.0),R,A,SEN,SN_ZONES04,SURVEY,HE_EMP_EXT_ANY,_Z,_Z,_T,_T,_T,_T,_T,_T,_Z,_Z,_Z,_Z,_Z,2021,0.99,,,,,,,,,HE_EMP_EXT_ANY,SHARE,0.01,A,SEN_EHCVM2021_LEGACY_v1,LEGACY_SUSPECT: Implausible: share 0.96 while mean non-HH employees is 0.54.
dataflow,WB.AFW360:AFW360_HH(0.3.0),R,A,SEN,SN_ZONES04,SURVEY,HE_EMP_HH_NUM,_Z,_Z,_T,_T,_T,_T,_T,_T,_Z,_Z,_Z,_Z,_Z,2021,0.11,,,,,,,,,HE_EMP_HH_NUM,PERSON,0.01,A,SEN_EHCVM2021_LEGACY_v1,
dataflow,WB.AFW360:AFW360_HH(0.3.0),R,A,SEN,SN_ZONES04,SURVEY,HE_EMP_NONHH_NUM,_Z,_Z,_T,_T,_T,_T,_T,_T,_Z,_Z,_Z,_Z,_Z,2021,0.44,,,,,,,,,HE_EMP_NONHH_NUM,PERSON,0.01,A,SEN_EHCVM2021_LEGACY_v1,
dataflow,WB.AFW360:AFW360_HH(0.3.0),R,A,SEN,SN_ZONES04,SURVEY,HE_EMP_NUM,_Z,_Z,_T,_T,_T,_T,_T,_T,_Z,_Z,_Z,_Z,_Z,2021,1.23,,,,,,,,,HE_EMP_NUM,PERSON,0.01,A,SEN_EHCVM2021_LEGACY_v1,
dataflow,WB.AFW360:AFW360_HH(0.3.0),R,A,SEN,SN_ZONES04,SURVEY,HE_HH_OWNER,_Z,_Z,_T,_T,_T,_T,_T,_T,_Z,_Z,_Z,_Z,_Z,2021,0.58,,,,,,,,,HE_HH_OWNER,SHARE,0.01,A,SEN_EHCVM2021_LEGACY_v1,
dataflow,WB.AFW360:AFW360_HH(0.3.0),R,A,SEN,SN_ZONES04,SURVEY,HE_HOME_BASED,_Z,_Z,_T,_T,_T,_T,_T,_T,_Z,_Z,_Z,_Z,_Z,2021,0.44,,,,,,,,,HE_HOME_BASED,SHARE,0.01,A,SEN_EHCVM2021_LEGACY_v1,
dataflow,WB.AFW360:AFW360_HH(0.3.0),R,A,SEN,SN_ZONES04,SURVEY,HE_PHONE,_Z,_Z,_T,_T,_T,_T,_T,_T,_Z,_Z,_Z,_Z,_Z,2021,1,,,,,,,,,HE_PHONE,SHARE,0.01,A,SEN_EHCVM2021_LEGACY_v1,
dataflow,WB.AFW360:AFW360_HH(0.3.0),R,A,SEN,SN_ZONES04,SURVEY,HE_PREMISES_FORMAL,_Z,_Z,_T,_T,_T,_T,_T,_T,_Z,_Z,_Z,_Z,_Z,2021,0.1,,,,,,,,,HE_PREMISES_FORMAL,SHARE,0.01,A,SEN_EHCVM2021_LEGACY_v1,
dataflow,WB.AFW360:AFW360_HH(0.3.0),R,A,SEN,SN_ZONES04,SURVEY,HE_PROFIT,_Z,_Z,_T,_T,_T,_T,_T,_T,_Z,_Z,_Z,_Z,_Z,2021,35992.02,,,,,,,,,HE_PROFIT,XOF,0.01,A,SEN_EHCVM2021_LEGACY_v1,
dataflow,WB.AFW360:AFW360_HH(0.3.0),R,A,SEN,SN_ZONES04,SURVEY,HE_RENT,_Z,_Z,_T,_T,_T,_T,_T,_T,_Z,_Z,_Z,_Z,_Z,2021,0.8,,,,,,,,,HE_RENT,SHARE,0.01,A,SEN_EHCVM2021_LEGACY_v1,
dataflow,WB.AFW360:AFW360_HH(0.3.0),R,A,SEN,SN_ZONES04,SURVEY,HE_REV_PER_WORKER,_Z,_Z,_T,_T,_T,_T,_T,_T,_Z,_Z,_Z,_Z,_Z,2021,1474007.6200000001,,,,,,,,,HE_REV_PER_WORKER,XOF,0.01,A,SEN_EHCVM2021_LEGACY_v1,
dataflow,WB.AFW360:AFW360_HH(0.3.0),R,A,SEN,SN_ZONES04,SURVEY,HE_SELL_FIRMS,_Z,_Z,_T,_T,_T,_T,_T,_T,_Z,_Z,_Z,_Z,_Z,2021,0.06,,,,,,,,,HE_SELL_FIRMS,SHARE,0.01,A,SEN_EHCVM2021_LEGACY_v1,
dataflow,WB.AFW360:AFW360_HH(0.3.0),R,A,SEN,SN_ZONES04,SURVEY,HE_TAX_ID,_Z,_Z,_T,_T,_T,_T,_T,_T,_Z,_Z,_Z,_Z,_Z,2021,0.07,,,,,,,,,HE_TAX_ID,SHARE,0.01,A,SEN_EHCVM2021_LEGACY_v1,
dataflow,WB.AFW360:AFW360_HH(0.3.0),R,A,SEN,SN_ZONES04,SURVEY,HE_WATER,_Z,_Z,_T,_T,_T,_T,_T,_T,_Z,_Z,_Z,_Z,_Z,2021,0.54,,,,,,,,,HE_WATER,SHARE,0.01,A,SEN_EHCVM2021_LEGACY_v1,
dataflow,WB.AFW360:AFW360_HH(0.3.0),R,A,SEN,SN_ZONES04,SURVEY,HOUS_FLOOR_DURABLE,_Z,_Z,_T,_T,_T,_T,_T,_T,_Z,_Z,_Z,_Z,_Z,2021,0.69,,,,,,,,,HOUS_FLOOR_DURABLE,SHARE,0.01,A,SEN_EHCVM2021_LEGACY_v1,
dataflow,WB.AFW360:AFW360_HH(0.3.0),R,A,SEN,SN_ZONES04,SURVEY,HOUS_ROOF_DURABLE,_Z,_Z,_T,_T,_T,_T,_T,_T,_Z,_Z,_Z,_Z,_Z,2021,0.85,,,,,,,,,HOUS_ROOF_DURABLE,SHARE,0.01,A,SEN_EHCVM2021_LEGACY_v1,
dataflow,WB.AFW360:AFW360_HH(0.3.0),R,A,SEN,SN_ZONES04,SURVEY,HOUS_SANIT_IMPROVED,_Z,_Z,_T,_T,_T,_T,_T,_T,_Z,_Z,_Z,_Z,_Z,2021,0.49,,,,,,,,,HOUS_SANIT_IMPROVED,SHARE,0.01,A,SEN_EHCVM2021_LEGACY_v1,
dataflow,WB.AFW360:AFW360_HH(0.3.0),R,A,SEN,SN_ZONES04,SURVEY,HOUS_WALL_DURABLE,_Z,_Z,_T,_T,_T,_T,_T,_T,_Z,_Z,_Z,_Z,_Z,2021,0.87,,,,,,,,,HOUS_WALL_DURABLE,SHARE,0.01,A,SEN_EHCVM2021_LEGACY_v1,
dataflow,WB.AFW360:AFW360_HH(0.3.0),R,A,SEN,SN_ZONES04,SURVEY,HOUS_WATER_SAFE_DRY,_Z,_Z,_T,_T,_T,_T,_T,_T,_Z,_Z,_Z,_Z,_Z,2021,0.89,,,,,,,,,HOUS_WATER_SAFE_DRY,SHARE,0.01,A,SEN_EHCVM2021_LEGACY_v1,
dataflow,WB.AFW360:AFW360_HH(0.3.0),R,A,SEN,SN_ZONES04,SURVEY,POP_HE_SH,_Z,_Z,_T,HEO_MSTAT_MARRIED,_T,_T,_T,_T,_Z,_Z,_Z,_Z,_Z,2021,0.76,,,,,,,,,POP_HE_SH.HEO_MSTAT_MARRIED,SHARE,0.01,A,SEN_EHCVM2021_LEGACY_v1,
dataflow,WB.AFW360:AFW360_HH(0.3.0),R,A,SEN,SN_ZONES04,SURVEY,POP_HE_SH,_Z,_Z,_T,HEO_SEX_F,_T,_T,_T,_T,_Z,_Z,_Z,_Z,_Z,2021,0.74,,,,,,,,,POP_HE_SH.HEO_SEX_F,SHARE,0.01,A,SEN_EHCVM2021_LEGACY_v1,
dataflow,WB.AFW360:AFW360_HH(0.3.0),R,A,SEN,SN_ZONES04,SURVEY,POP_HH_SH,_Z,_Z,_T,HE_COUNT_0,_T,_T,_T,_T,_Z,_Z,_Z,_Z,_Z,2021,0.57,,,,,,,,,POP_HH_SH.HE_COUNT_0,SHARE,0.01,A,SEN_EHCVM2021_LEGACY_v1,
dataflow,WB.AFW360:AFW360_HH(0.3.0),R,A,SEN,SN_ZONES04,SURVEY,POP_HH_SH,_Z,_Z,_T,HE_COUNT_1,_T,_T,_T,_T,_Z,_Z,_Z,_Z,_Z,2021,0.37,,,,,,,,,POP_HH_SH.HE_COUNT_1,SHARE,0.01,A,SEN_EHCVM2021_LEGACY_v1,
dataflow,WB.AFW360:AFW360_HH(0.3.0),R,A,SEN,SN_ZONES04,SURVEY,POP_HH_SH,_Z,_Z,_T,HE_COUNT_2,_T,_T,_T,_T,_Z,_Z,_Z,_Z,_Z,2021,0.06,,,,,,,,,POP_HH_SH.HE_COUNT_2,SHARE,0.01,A,SEN_EHCVM2021_LEGACY_v1,
dataflow,WB.AFW360:AFW360_HH(0.3.0),R,A,SEN,SN_ZONES04,SURVEY,POP_HH_SH,_Z,_Z,_T,HE_COUNT_3,_T,_T,_T,_T,_Z,_Z,_Z,_Z,_Z,2021,0.01,,,,,,,,,POP_HH_SH.HE_COUNT_3,SHARE,0.01,A,SEN_EHCVM2021_LEGACY_v1,
dataflow,WB.AFW360:AFW360_HH(0.3.0),R,A,SEN,SN_ZONES04,SURVEY,POP_HH_SH,_Z,_Z,_T,HE_COUNT_4P,_T,_T,_T,_T,_Z,_Z,_Z,_Z,_Z,2021,0,,,,,,,,,POP_HH_SH.HE_COUNT_4P,SHARE,0.01,A,SEN_EHCVM2021_LEGACY_v1,
dataflow,WB.AFW360:AFW360_HH(0.3.0),R,A,SEN,SN_ZONES04,SURVEY,POP_SH,_T,_T,_T,EMP_FORMAL_N,_T,_T,_T,_T,_Z,_Z,_Z,_Z,_Z,2021,0.77,,,,,,,,,POP_SH.EMP_FORMAL_N,SHARE,0.01,A,SEN_EHCVM2021_LEGACY_v1,
dataflow,WB.AFW360:AFW360_HH(0.3.0),R,A,SEN,SN_ZONES04,SURVEY,POP_SH,_T,_T,_T,EMP_ISIC_G,_T,_T,_T,_T,_Z,_Z,_Z,_Z,_Z,2021,0.18,,,,,,,,,POP_SH.EMP_ISIC_G,SHARE,0.01,A,SEN_EHCVM2021_LEGACY_v1,
dataflow,WB.AFW360:AFW360_HH(0.3.0),R,A,SEN,SN_ZONES04,SURVEY,POP_SH,_T,_T,_T,EMP_ISIC_H,_T,_T,_T,_T,_Z,_Z,_Z,_Z,_Z,2021,0.04,,,,,,,,,POP_SH.EMP_ISIC_H,SHARE,0.01,A,SEN_EHCVM2021_LEGACY_v1,
dataflow,WB.AFW360:AFW360_HH(0.3.0),R,A,SEN,SN_ZONES04,SURVEY,POP_SH,_T,_T,_T,EMP_SECTOR_AGR,_T,_T,_T,_T,_Z,_Z,_Z,_Z,_Z,2021,0.46,,,,,,,,,POP_SH.EMP_SECTOR_AGR,SHARE,0.01,A,SEN_EHCVM2021_LEGACY_v1,
dataflow,WB.AFW360:AFW360_HH(0.3.0),R,A,SEN,SN_ZONES04,SURVEY,POP_SH,_T,_T,_T,EMP_SECTOR_IND,_T,_T,_T,_T,_Z,_Z,_Z,_Z,_Z,2021,0.2,,,,,,,,,POP_SH.EMP_SECTOR_IND,SHARE,0.01,A,SEN_EHCVM2021_LEGACY_v1,
dataflow,WB.AFW360:AFW360_HH(0.3.0),R,A,SEN,SN_ZONES04,SURVEY,POP_SH,_T,_T,_T,EMP_SECTOR_SER,_T,_T,_T,_T,_Z,_Z,_Z,_Z,_Z,2021,0.34,,,,,,,,,POP_SH.EMP_SECTOR_SER,SHARE,0.01,A,SEN_EHCVM2021_LEGACY_v1,
dataflow,WB.AFW360:AFW360_HH(0.3.0),R,A,SEN,SN_ZONES04,SURVEY,POP_SH,_T,_T,_T,EMP_STATUS_EMPLOYED,_T,_T,_T,_T,_Z,_Z,_Z,_Z,_Z,2021,0.54,,,,,,,,,POP_SH.EMP_STATUS_EMPLOYED,SHARE,0.01,A,SEN_EHCVM2021_LEGACY_v1,
dataflow,WB.AFW360:AFW360_HH(0.3.0),R,A,SEN,SN_ZONES04,SURVEY,POP_SH,_T,_T,_T,EMP_TYPE_NONWAGE,_T,_T,_T,_T,_Z,_Z,_Z,_Z,_Z,2021,0.76,,,,,,,,,POP_SH.EMP_TYPE_NONWAGE,SHARE,0.01,A,SEN_EHCVM2021_LEGACY_v1,
dataflow,WB.AFW360:AFW360_HH(0.3.0),R,A,SEN,SN_ZONES04,SURVEY,POP_SH,_T,_T,_T,EMP_TYPE_WAGE,_T,_T,_T,_T,_Z,_Z,_Z,_Z,_Z,2021,0.24,,,,,,,,,POP_SH.EMP_TYPE_WAGE,SHARE,0.01,A,SEN_EHCVM2021_LEGACY_v1,
dataflow,WB.AFW360:AFW360_HH(0.3.0),R,A,SEN,SN_ZONES04,SURVEY,POV_HC,_T,_T,_T,_T,_T,_T,_T,_T,POVLINE_PL300,PPP_2021,_Z,_Z,_Z,2021,0.21,,,,,,,,,POV_HC.POVLINE_PL300.PPP_2021,SHARE,0.01,A,SEN_EHCVM2021_LEGACY_v1,
dataflow,WB.AFW360:AFW360_HH(0.3.0),R,A,SEN,SN_ZONES04,SURVEY,POV_HC,_T,_T,_T,_T,_T,_T,_T,_T,POVLINE_PL420,PPP_2021,_Z,_Z,_Z,2021,0.43,,,,,,,,,POV_HC.POVLINE_PL420.PPP_2021,SHARE,0.01,A,SEN_EHCVM2021_LEGACY_v1,
dataflow,WB.AFW360:AFW360_HH(0.3.0),R,A,SEN,SN_ZONES04,SURVEY,POV_NUM,_T,_T,_T,_T,_T,_T,_T,_T,POVLINE_PL300,PPP_2021,_Z,_Z,_Z,2021,390000,,,,,,,,,POV_NUM.POVLINE_PL300.PPP_2021,PERSON,10000,A,SEN_EHCVM2021_LEGACY_v1,
dataflow,WB.AFW360:AFW360_HH(0.3.0),R,A,SEN,SN_ZONES04,SURVEY,POV_NUM,_T,_T,_T,_T,_T,_T,_T,_T,POVLINE_PL420,PPP_2021,_Z,_Z,_Z,2021,820000.0000000001,,,,,,,,,POV_NUM.POVLINE_PL420.PPP_2021,PERSON,10000,A,SEN_EHCVM2021_LEGACY_v1,
dataflow,WB.AFW360:AFW360_HH(0.3.0),R,A,SEN,SN_ZONES04,SURVEY,SHK_ANY,_Z,_Z,_T,_T,_T,_T,_T,_T,_Z,_Z,_Z,_Z,_Z,2021,0.81,,,,,,,,,SHK_ANY,SHARE,0.01,A,SEN_EHCVM2021_LEGACY_v1,
dataflow,WB.AFW360:AFW360_HH(0.3.0),R,A,SEN,SN_ZONES04,SURVEY,SHK_COV_CONFLICT,_Z,_Z,_T,_T,_T,_T,_T,_T,_Z,_Z,_Z,_Z,_Z,2021,0.05,,,,,,,,,SHK_COV_CONFLICT,SHARE,0.01,A,SEN_EHCVM2021_LEGACY_v1,
dataflow,WB.AFW360:AFW360_HH(0.3.0),R,A,SEN,SN_ZONES04,SURVEY,SHK_COV_ECON,_Z,_Z,_T,_T,_T,_T,_T,_T,_Z,_Z,_Z,_Z,_Z,2021,0.55,,,,,,,,,SHK_COV_ECON,SHARE,0.01,A,SEN_EHCVM2021_LEGACY_v1,
dataflow,WB.AFW360:AFW360_HH(0.3.0),R,A,SEN,SN_ZONES04,SURVEY,SHK_COV_NATURAL,_Z,_Z,_T,_T,_T,_T,_T,_T,_Z,_Z,_Z,_Z,_Z,2021,0.42,,,,,,,,,SHK_COV_NATURAL,SHARE,0.01,A,SEN_EHCVM2021_LEGACY_v1,
dataflow,WB.AFW360:AFW360_HH(0.3.0),R,A,SEN,SN_ZONES04,SURVEY,SHK_IDIO_ECON,_Z,_Z,_T,_T,_T,_T,_T,_T,_Z,_Z,_Z,_Z,_Z,2021,0.21,,,,,,,,,SHK_IDIO_ECON,SHARE,0.01,A,SEN_EHCVM2021_LEGACY_v1,
dataflow,WB.AFW360:AFW360_HH(0.3.0),R,A,SEN,SN_ZONES04,SURVEY,SP_HEALTH_COV,_T,_T,_T,_T,_T,_T,_T,_T,_Z,_Z,_Z,_Z,_Z,2021,0.01,,,,,,,,,SP_HEALTH_COV,SHARE,0.01,A,SEN_EHCVM2021_LEGACY_v1,
dataflow,WB.AFW360:AFW360_HH(0.3.0),R,A,SEN,SN_ZONES04,SURVEY,SP_HEALTH_COV_HH,_Z,_Z,_T,_T,_T,_T,_T,_T,_Z,_Z,_Z,_Z,_Z,2021,0.04,,,,,,,,,SP_HEALTH_COV_HH,SHARE,0.01,A,SEN_EHCVM2021_LEGACY_v1,
dataflow,WB.AFW360:AFW360_HH(0.3.0),R,A,SEN,SN_ZONES05,SURVEY,AGR_CULTIVATES,_Z,_Z,_T,_T,_T,_T,_T,_T,_Z,_Z,_Z,_Z,_Z,2021,0.37,,,,,,,,,AGR_CULTIVATES,SHARE,0.01,A,SEN_EHCVM2021_LEGACY_v1,
dataflow,WB.AFW360:AFW360_HH(0.3.0),R,A,SEN,SN_ZONES05,SURVEY,AGR_CULT_AREA,_Z,_Z,_T,_T,_T,_T,_T,_T,_Z,_Z,_Z,_Z,_Z,2021,4.15,,,,,,,,,AGR_CULT_AREA,HA,0.01,A,SEN_EHCVM2021_LEGACY_v1,
dataflow,WB.AFW360:AFW360_HH(0.3.0),R,A,SEN,SN_ZONES05,SURVEY,AGR_LIVESTOCK_ANY,_Z,_Z,_T,_T,_T,_T,_T,_T,_Z,_Z,_Z,_Z,_Z,2021,0.59,,,,,,,,,AGR_LIVESTOCK_ANY,SHARE,0.01,A,SEN_EHCVM2021_LEGACY_v1,
dataflow,WB.AFW360:AFW360_HH(0.3.0),R,A,SEN,SN_ZONES05,SURVEY,AGR_TLU,_Z,_Z,_T,_T,_T,_T,_T,_T,_Z,_Z,_Z,_Z,_Z,2021,2.36,,,,,,,,,AGR_TLU,TLU,0.01,A,SEN_EHCVM2021_LEGACY_v1,
dataflow,WB.AFW360:AFW360_HH(0.3.0),R,A,SEN,SN_ZONES05,SURVEY,CONS_SH,_Z,_Z,_T,_T,_T,_T,_T,_T,COICOP_CP01,ACQ_OWNPROD,_Z,_Z,_Z,2021,0.02,,,,,,,,,CONS_SH.COICOP_CP01.ACQ_OWNPROD,SHARE,0.01,A,SEN_EHCVM2021_LEGACY_v1,
dataflow,WB.AFW360:AFW360_HH(0.3.0),R,A,SEN,SN_ZONES05,SURVEY,CONS_SH,_Z,_Z,_T,_T,_T,_T,_T,_T,COICOP_CP01,ACQ_PURCH,_Z,_Z,_Z,2021,0.42,,,,,,,,,CONS_SH.COICOP_CP01.ACQ_PURCH,SHARE,0.01,A,SEN_EHCVM2021_LEGACY_v1,
dataflow,WB.AFW360:AFW360_HH(0.3.0),R,A,SEN,SN_ZONES05,SURVEY,CONS_SH,_Z,_Z,_T,_T,_T,_T,_T,_T,COICOP_CP01,_Z,_Z,_Z,_Z,2021,0.47,,,,,,,,,CONS_SH.COICOP_CP01,SHARE,0.01,A,SEN_EHCVM2021_LEGACY_v1,
dataflow,WB.AFW360:AFW360_HH(0.3.0),R,A,SEN,SN_ZONES05,SURVEY,CONS_SH,_Z,_Z,_T,_T,_T,_T,_T,_T,COICOP_CP02,_Z,_Z,_Z,_Z,2021,0,,,,,,,,,CONS_SH.COICOP_CP02,SHARE,0.01,A,SEN_EHCVM2021_LEGACY_v1,
dataflow,WB.AFW360:AFW360_HH(0.3.0),R,A,SEN,SN_ZONES05,SURVEY,CONS_SH,_Z,_Z,_T,_T,_T,_T,_T,_T,COICOP_CP03,_Z,_Z,_Z,_Z,2021,0.06,,,,,,,,,CONS_SH.COICOP_CP03,SHARE,0.01,A,SEN_EHCVM2021_LEGACY_v1,
dataflow,WB.AFW360:AFW360_HH(0.3.0),R,A,SEN,SN_ZONES05,SURVEY,CONS_SH,_Z,_Z,_T,_T,_T,_T,_T,_T,COICOP_CP04,_Z,_Z,_Z,_Z,2021,0.17,,,,,,,,,CONS_SH.COICOP_CP04,SHARE,0.01,A,SEN_EHCVM2021_LEGACY_v1,
dataflow,WB.AFW360:AFW360_HH(0.3.0),R,A,SEN,SN_ZONES05,SURVEY,CONS_SH,_Z,_Z,_T,_T,_T,_T,_T,_T,COICOP_CP05,_Z,_Z,_Z,_Z,2021,0.06,,,,,,,,,CONS_SH.COICOP_CP05,SHARE,0.01,A,SEN_EHCVM2021_LEGACY_v1,
dataflow,WB.AFW360:AFW360_HH(0.3.0),R,A,SEN,SN_ZONES05,SURVEY,CONS_SH,_Z,_Z,_T,_T,_T,_T,_T,_T,COICOP_CP06,_Z,_Z,_Z,_Z,2021,0.03,,,,,,,,,CONS_SH.COICOP_CP06,SHARE,0.01,A,SEN_EHCVM2021_LEGACY_v1,
dataflow,WB.AFW360:AFW360_HH(0.3.0),R,A,SEN,SN_ZONES05,SURVEY,CONS_SH,_Z,_Z,_T,_T,_T,_T,_T,_T,COICOP_CP07,_Z,_Z,_Z,_Z,2021,0.03,,,,,,,,,CONS_SH.COICOP_CP07,SHARE,0.01,A,SEN_EHCVM2021_LEGACY_v1,
dataflow,WB.AFW360:AFW360_HH(0.3.0),R,A,SEN,SN_ZONES05,SURVEY,CONS_SH,_Z,_Z,_T,_T,_T,_T,_T,_T,COICOP_CP08,_Z,_Z,_Z,_Z,2021,0.06,,,,,,,,,CONS_SH.COICOP_CP08,SHARE,0.01,A,SEN_EHCVM2021_LEGACY_v1,
dataflow,WB.AFW360:AFW360_HH(0.3.0),R,A,SEN,SN_ZONES05,SURVEY,CONS_SH,_Z,_Z,_T,_T,_T,_T,_T,_T,COICOP_CP09,_Z,_Z,_Z,_Z,2021,0,,,,,,,,,CONS_SH.COICOP_CP09,SHARE,0.01,A,SEN_EHCVM2021_LEGACY_v1,
dataflow,WB.AFW360:AFW360_HH(0.3.0),R,A,SEN,SN_ZONES05,SURVEY,CONS_SH,_Z,_Z,_T,_T,_T,_T,_T,_T,COICOP_CP10,_Z,_Z,_Z,_Z,2021,0.01,,,,,,,,,CONS_SH.COICOP_CP10,SHARE,0.01,A,SEN_EHCVM2021_LEGACY_v1,
dataflow,WB.AFW360:AFW360_HH(0.3.0),R,A,SEN,SN_ZONES05,SURVEY,CONS_SH,_Z,_Z,_T,_T,_T,_T,_T,_T,COICOP_CP11,_Z,_Z,_Z,_Z,2021,0.09,,,,,,,,,CONS_SH.COICOP_CP11,SHARE,0.01,A,SEN_EHCVM2021_LEGACY_v1,
dataflow,WB.AFW360:AFW360_HH(0.3.0),R,A,SEN,SN_ZONES05,SURVEY,CONS_SH,_Z,_Z,_T,_T,_T,_T,_T,_T,COICOP_CP12,_Z,_Z,_Z,_Z,2021,0,,,,,,,,,CONS_SH.COICOP_CP12,SHARE,0.01,A,SEN_EHCVM2021_LEGACY_v1,
dataflow,WB.AFW360:AFW360_HH(0.3.0),R,A,SEN,SN_ZONES05,SURVEY,CONS_SH,_Z,_Z,_T,_T,_T,_T,_T,_T,COICOP_CP13,_Z,_Z,_Z,_Z,2021,0.03,,,,,,,,,CONS_SH.COICOP_CP13,SHARE,0.01,A,SEN_EHCVM2021_LEGACY_v1,
dataflow,WB.AFW360:AFW360_HH(0.3.0),R,A,SEN,SN_ZONES05,SURVEY,EN_ASSET_AC,_Z,_Z,_T,_T,_T,_T,_T,_T,_Z,_Z,_Z,_Z,_Z,2021,0.08,,,,,,,,,EN_ASSET_AC,SHARE,0.01,A,SEN_EHCVM2021_LEGACY_v1,
dataflow,WB.AFW360:AFW360_HH(0.3.0),R,A,SEN,SN_ZONES05,SURVEY,EN_ASSET_COOKER,_Z,_Z,_T,_T,_T,_T,_T,_T,_Z,_Z,_Z,_Z,_Z,2021,0.01,,,,,,,,,EN_ASSET_COOKER,SHARE,0.01,A,SEN_EHCVM2021_LEGACY_v1,
dataflow,WB.AFW360:AFW360_HH(0.3.0),R,A,SEN,SN_ZONES05,SURVEY,EN_ASSET_FAN,_Z,_Z,_T,_T,_T,_T,_T,_T,_Z,_Z,_Z,_Z,_Z,2021,0.06,,,,,,,,,EN_ASSET_FAN,SHARE,0.01,A,SEN_EHCVM2021_LEGACY_v1,
dataflow,WB.AFW360:AFW360_HH(0.3.0),R,A,SEN,SN_ZONES05,SURVEY,EN_ASSET_WATER_HEATER,_Z,_Z,_T,_T,_T,_T,_T,_T,_Z,_Z,_Z,_Z,_Z,2021,0.05,,,,,,,,,EN_ASSET_WATER_HEATER,SHARE,0.01,A,SEN_EHCVM2021_LEGACY_v1,
dataflow,WB.AFW360:AFW360_HH(0.3.0),R,A,SEN,SN_ZONES05,SURVEY,EN_COOK_BIOMASS,_Z,_Z,_T,_T,_T,_T,_T,_T,_Z,_Z,_Z,_Z,_Z,2021,0.29,,,,,,,,,EN_COOK_BIOMASS,SHARE,0.01,A,SEN_EHCVM2021_LEGACY_v1,
dataflow,WB.AFW360:AFW360_HH(0.3.0),R,A,SEN,SN_ZONES05,SURVEY,EN_COOK_CLEAN,_Z,_Z,_T,_T,_T,_T,_T,_T,_Z,_Z,_Z,_Z,_Z,2021,0.71,,,,,,,,,EN_COOK_CLEAN,SHARE,0.01,A,SEN_EHCVM2021_LEGACY_v1,LEGACY_SUSPECT: Implausible pattern: higher in Rural and Q1 than in Capital and Q4.
dataflow,WB.AFW360:AFW360_HH(0.3.0),R,A,SEN,SN_ZONES05,SURVEY,EN_ELEC_ACCESS,_Z,_Z,_T,_T,_T,_T,_T,_T,_Z,_Z,_Z,_Z,_Z,2021,0.69,,,,,,,,,EN_ELEC_ACCESS,SHARE,0.01,A,SEN_EHCVM2021_LEGACY_v1,
dataflow,WB.AFW360:AFW360_HH(0.3.0),R,A,SEN,SN_ZONES05,SURVEY,EN_ELEC_INFORMAL,_Z,_Z,_T,_T,_T,_T,_T,_T,_Z,_Z,_Z,_Z,_Z,2021,0,,,,,,,,,EN_ELEC_INFORMAL,SHARE,0.01,A,SEN_EHCVM2021_LEGACY_v1,
dataflow,WB.AFW360:AFW360_HH(0.3.0),R,A,SEN,SN_ZONES05,SURVEY,EN_ELEC_SPEND,_Z,_Z,_T,_T,_T,_T,_T,_T,_Z,_Z,_Z,_Z,_Z,2021,16220.88,,,,,,,,,EN_ELEC_SPEND,XOF,0.01,A,SEN_EHCVM2021_LEGACY_v1,
dataflow,WB.AFW360:AFW360_HH(0.3.0),R,A,SEN,SN_ZONES05,SURVEY,EN_GRID_CONN,_Z,_Z,_T,_T,_T,_T,_T,_T,_Z,_Z,_Z,_Z,_Z,2021,1,,,,,,,,,EN_GRID_CONN,SHARE,0.01,A,SEN_EHCVM2021_LEGACY_v1,"LEGACY_SUSPECT: Implausible: 0.96-1.00 in every cell, including Q1 and Rural."
dataflow,WB.AFW360:AFW360_HH(0.3.0),R,A,SEN,SN_ZONES05,SURVEY,EN_GRID_USE,_Z,_Z,_T,_T,_T,_T,_T,_T,_Z,_Z,_Z,_Z,_Z,2021,0.66,,,,,,,,,EN_GRID_USE,SHARE,0.01,A,SEN_EHCVM2021_LEGACY_v1,
dataflow,WB.AFW360:AFW360_HH(0.3.0),R,A,SEN,SN_ZONES05,SURVEY,EN_LIGHT_IMPROVED,_Z,_Z,_T,_T,_T,_T,_T,_T,_Z,_Z,_Z,_Z,_Z,2021,0.97,,,,,,,,,EN_LIGHT_IMPROVED,SHARE,0.01,A,SEN_EHCVM2021_LEGACY_v1,
dataflow,WB.AFW360:AFW360_HH(0.3.0),R,A,SEN,SN_ZONES05,SURVEY,EN_OFFGRID_USE,_Z,_Z,_T,_T,_T,_T,_T,_T,_Z,_Z,_Z,_Z,_Z,2021,0.17,,,,,,,,,EN_OFFGRID_USE,SHARE,0.01,A,SEN_EHCVM2021_LEGACY_v1,
dataflow,WB.AFW360:AFW360_HH(0.3.0),R,A,SEN,SN_ZONES05,SURVEY,EN_OUTAGE_ANY,_Z,_Z,_T,_T,_T,_T,_T,_T,_Z,_Z,_Z,_Z,_Z,2021,0.33,,,,,,,,,EN_OUTAGE_ANY,SHARE,0.01,A,SEN_EHCVM2021_LEGACY_v1,
dataflow,WB.AFW360:AFW360_HH(0.3.0),R,A,SEN,SN_ZONES05,SURVEY,EN_OUTAGE_DAYS,_Z,_Z,_T,_T,_T,_T,_T,_T,_Z,_Z,_Z,_Z,_Z,2021,2.15,,,,,,,,,EN_OUTAGE_DAYS,DAY,0.01,A,SEN_EHCVM2021_LEGACY_v1,
dataflow,WB.AFW360:AFW360_HH(0.3.0),R,A,SEN,SN_ZONES05,SURVEY,EN_OUTAGE_DUR_CODE,_Z,_Z,_T,_T,_T,_T,_T,_T,_Z,_Z,_Z,_Z,_Z,2021,1.54,,,,,,,,,EN_OUTAGE_DUR_CODE,INDEX,0.01,A,SEN_EHCVM2021_LEGACY_v1,
dataflow,WB.AFW360:AFW360_HH(0.3.0),R,A,SEN,SN_ZONES05,SURVEY,EN_PREPAID_METER,_Z,_Z,_T,_T,_T,_T,_T,_T,_Z,_Z,_Z,_Z,_Z,2021,0.41,,,,,,,,,EN_PREPAID_METER,SHARE,0.01,A,SEN_EHCVM2021_LEGACY_v1,
dataflow,WB.AFW360:AFW360_HH(0.3.0),R,A,SEN,SN_ZONES05,SURVEY,HE_ACCOUNTS,_Z,_Z,_T,_T,_T,_T,_T,_T,_Z,_Z,_Z,_Z,_Z,2021,0.03,,,,,,,,,HE_ACCOUNTS,SHARE,0.01,A,SEN_EHCVM2021_LEGACY_v1,
dataflow,WB.AFW360:AFW360_HH(0.3.0),R,A,SEN,SN_ZONES05,SURVEY,HE_AGE,_Z,_Z,_T,_T,_T,_T,_T,_T,_Z,_Z,_Z,_Z,_Z,2021,7.58,,,,,,,,,HE_AGE,YEAR,0.01,A,SEN_EHCVM2021_LEGACY_v1,
dataflow,WB.AFW360:AFW360_HH(0.3.0),R,A,SEN,SN_ZONES05,SURVEY,HE_BUY_FIRMS,_Z,_Z,_T,_T,_T,_T,_T,_T,_Z,_Z,_Z,_Z,_Z,2021,0.08,,,,,,,,,HE_BUY_FIRMS,SHARE,0.01,A,SEN_EHCVM2021_LEGACY_v1,
dataflow,WB.AFW360:AFW360_HH(0.3.0),R,A,SEN,SN_ZONES05,SURVEY,HE_CAPITAL,_Z,_Z,_T,_T,_T,_T,_T,_T,_Z,_Z,_Z,_Z,_Z,2021,182395.31,,,,,,,,,HE_CAPITAL,XOF,0.01,A,SEN_EHCVM2021_LEGACY_v1,
dataflow,WB.AFW360:AFW360_HH(0.3.0),R,A,SEN,SN_ZONES05,SURVEY,HE_COSTS,_Z,_Z,_T,_T,_T,_T,_T,_T,_Z,_Z,_Z,_Z,_Z,2021,54250.13,,,,,,,,,HE_COSTS,XOF,0.01,A,SEN_EHCVM2021_LEGACY_v1,
dataflow,WB.AFW360:AFW360_HH(0.3.0),R,A,SEN,SN_ZONES05,SURVEY,HE_CREDIT_ANY,_Z,_Z,_T,_T,_T,_T,_T,_T,_Z,_Z,_Z,_Z,_Z,2021,0.46,,,,,,,,,HE_CREDIT_ANY,SHARE,0.01,A,SEN_EHCVM2021_LEGACY_v1,
dataflow,WB.AFW360:AFW360_HH(0.3.0),R,A,SEN,SN_ZONES05,SURVEY,HE_CREDIT_FORMAL,_Z,_Z,_T,_T,_T,_T,_T,_T,_Z,_Z,_Z,_Z,_Z,2021,0.18,,,,,,,,,HE_CREDIT_FORMAL,SHARE,0.01,A,SEN_EHCVM2021_LEGACY_v1,
dataflow,WB.AFW360:AFW360_HH(0.3.0),R,A,SEN,SN_ZONES05,SURVEY,HE_CREDIT_INFORMAL,_Z,_Z,_T,_T,_T,_T,_T,_T,_Z,_Z,_Z,_Z,_Z,2021,0.3,,,,,,,,,HE_CREDIT_INFORMAL,SHARE,0.01,A,SEN_EHCVM2021_LEGACY_v1,
dataflow,WB.AFW360:AFW360_HH(0.3.0),R,A,SEN,SN_ZONES05,SURVEY,HE_ELEC,_Z,_Z,_T,_T,_T,_T,_T,_T,_Z,_Z,_Z,_Z,_Z,2021,1,,,,,,,,,HE_ELEC,SHARE,0.01,A,SEN_EHCVM2021_LEGACY_v1,
dataflow,WB.AFW360:AFW360_HH(0.3.0),R,A,SEN,SN_ZONES05,SURVEY,HE_EMP_EXT_ANY,_Z,_Z,_T,_T,_T,_T,_T,_T,_Z,_Z,_Z,_Z,_Z,2021,0.97,,,,,,,,,HE_EMP_EXT_ANY,SHARE,0.01,A,SEN_EHCVM2021_LEGACY_v1,LEGACY_SUSPECT: Implausible: share 0.96 while mean non-HH employees is 0.54.
dataflow,WB.AFW360:AFW360_HH(0.3.0),R,A,SEN,SN_ZONES05,SURVEY,HE_EMP_HH_NUM,_Z,_Z,_T,_T,_T,_T,_T,_T,_Z,_Z,_Z,_Z,_Z,2021,0.14,,,,,,,,,HE_EMP_HH_NUM,PERSON,0.01,A,SEN_EHCVM2021_LEGACY_v1,
dataflow,WB.AFW360:AFW360_HH(0.3.0),R,A,SEN,SN_ZONES05,SURVEY,HE_EMP_NONHH_NUM,_Z,_Z,_T,_T,_T,_T,_T,_T,_Z,_Z,_Z,_Z,_Z,2021,0.15,,,,,,,,,HE_EMP_NONHH_NUM,PERSON,0.01,A,SEN_EHCVM2021_LEGACY_v1,
dataflow,WB.AFW360:AFW360_HH(0.3.0),R,A,SEN,SN_ZONES05,SURVEY,HE_EMP_NUM,_Z,_Z,_T,_T,_T,_T,_T,_T,_Z,_Z,_Z,_Z,_Z,2021,0.67,,,,,,,,,HE_EMP_NUM,PERSON,0.01,A,SEN_EHCVM2021_LEGACY_v1,
dataflow,WB.AFW360:AFW360_HH(0.3.0),R,A,SEN,SN_ZONES05,SURVEY,HE_HH_OWNER,_Z,_Z,_T,_T,_T,_T,_T,_T,_Z,_Z,_Z,_Z,_Z,2021,0.7,,,,,,,,,HE_HH_OWNER,SHARE,0.01,A,SEN_EHCVM2021_LEGACY_v1,
dataflow,WB.AFW360:AFW360_HH(0.3.0),R,A,SEN,SN_ZONES05,SURVEY,HE_HOME_BASED,_Z,_Z,_T,_T,_T,_T,_T,_T,_Z,_Z,_Z,_Z,_Z,2021,0.38,,,,,,,,,HE_HOME_BASED,SHARE,0.01,A,SEN_EHCVM2021_LEGACY_v1,
dataflow,WB.AFW360:AFW360_HH(0.3.0),R,A,SEN,SN_ZONES05,SURVEY,HE_PHONE,_Z,_Z,_T,_T,_T,_T,_T,_T,_Z,_Z,_Z,_Z,_Z,2021,1,,,,,,,,,HE_PHONE,SHARE,0.01,A,SEN_EHCVM2021_LEGACY_v1,
dataflow,WB.AFW360:AFW360_HH(0.3.0),R,A,SEN,SN_ZONES05,SURVEY,HE_PREMISES_FORMAL,_Z,_Z,_T,_T,_T,_T,_T,_T,_Z,_Z,_Z,_Z,_Z,2021,0.19,,,,,,,,,HE_PREMISES_FORMAL,SHARE,0.01,A,SEN_EHCVM2021_LEGACY_v1,
dataflow,WB.AFW360:AFW360_HH(0.3.0),R,A,SEN,SN_ZONES05,SURVEY,HE_PROFIT,_Z,_Z,_T,_T,_T,_T,_T,_T,_Z,_Z,_Z,_Z,_Z,2021,32041.13,,,,,,,,,HE_PROFIT,XOF,0.01,A,SEN_EHCVM2021_LEGACY_v1,
dataflow,WB.AFW360:AFW360_HH(0.3.0),R,A,SEN,SN_ZONES05,SURVEY,HE_RENT,_Z,_Z,_T,_T,_T,_T,_T,_T,_Z,_Z,_Z,_Z,_Z,2021,0.97,,,,,,,,,HE_RENT,SHARE,0.01,A,SEN_EHCVM2021_LEGACY_v1,
dataflow,WB.AFW360:AFW360_HH(0.3.0),R,A,SEN,SN_ZONES05,SURVEY,HE_REV_PER_WORKER,_Z,_Z,_T,_T,_T,_T,_T,_T,_Z,_Z,_Z,_Z,_Z,2021,1155125.45,,,,,,,,,HE_REV_PER_WORKER,XOF,0.01,A,SEN_EHCVM2021_LEGACY_v1,
dataflow,WB.AFW360:AFW360_HH(0.3.0),R,A,SEN,SN_ZONES05,SURVEY,HE_SELL_FIRMS,_Z,_Z,_T,_T,_T,_T,_T,_T,_Z,_Z,_Z,_Z,_Z,2021,0.08,,,,,,,,,HE_SELL_FIRMS,SHARE,0.01,A,SEN_EHCVM2021_LEGACY_v1,
dataflow,WB.AFW360:AFW360_HH(0.3.0),R,A,SEN,SN_ZONES05,SURVEY,HE_TAX_ID,_Z,_Z,_T,_T,_T,_T,_T,_T,_Z,_Z,_Z,_Z,_Z,2021,0.09,,,,,,,,,HE_TAX_ID,SHARE,0.01,A,SEN_EHCVM2021_LEGACY_v1,
dataflow,WB.AFW360:AFW360_HH(0.3.0),R,A,SEN,SN_ZONES05,SURVEY,HE_WATER,_Z,_Z,_T,_T,_T,_T,_T,_T,_Z,_Z,_Z,_Z,_Z,2021,0.2,,,,,,,,,HE_WATER,SHARE,0.01,A,SEN_EHCVM2021_LEGACY_v1,
dataflow,WB.AFW360:AFW360_HH(0.3.0),R,A,SEN,SN_ZONES05,SURVEY,HOUS_FLOOR_DURABLE,_Z,_Z,_T,_T,_T,_T,_T,_T,_Z,_Z,_Z,_Z,_Z,2021,0.84,,,,,,,,,HOUS_FLOOR_DURABLE,SHARE,0.01,A,SEN_EHCVM2021_LEGACY_v1,
dataflow,WB.AFW360:AFW360_HH(0.3.0),R,A,SEN,SN_ZONES05,SURVEY,HOUS_ROOF_DURABLE,_Z,_Z,_T,_T,_T,_T,_T,_T,_Z,_Z,_Z,_Z,_Z,2021,0.92,,,,,,,,,HOUS_ROOF_DURABLE,SHARE,0.01,A,SEN_EHCVM2021_LEGACY_v1,
dataflow,WB.AFW360:AFW360_HH(0.3.0),R,A,SEN,SN_ZONES05,SURVEY,HOUS_SANIT_IMPROVED,_Z,_Z,_T,_T,_T,_T,_T,_T,_Z,_Z,_Z,_Z,_Z,2021,0.68,,,,,,,,,HOUS_SANIT_IMPROVED,SHARE,0.01,A,SEN_EHCVM2021_LEGACY_v1,
dataflow,WB.AFW360:AFW360_HH(0.3.0),R,A,SEN,SN_ZONES05,SURVEY,HOUS_WALL_DURABLE,_Z,_Z,_T,_T,_T,_T,_T,_T,_Z,_Z,_Z,_Z,_Z,2021,0.87,,,,,,,,,HOUS_WALL_DURABLE,SHARE,0.01,A,SEN_EHCVM2021_LEGACY_v1,
dataflow,WB.AFW360:AFW360_HH(0.3.0),R,A,SEN,SN_ZONES05,SURVEY,HOUS_WATER_SAFE_DRY,_Z,_Z,_T,_T,_T,_T,_T,_T,_Z,_Z,_Z,_Z,_Z,2021,0.78,,,,,,,,,HOUS_WATER_SAFE_DRY,SHARE,0.01,A,SEN_EHCVM2021_LEGACY_v1,
dataflow,WB.AFW360:AFW360_HH(0.3.0),R,A,SEN,SN_ZONES05,SURVEY,POP_HE_SH,_Z,_Z,_T,HEO_MSTAT_MARRIED,_T,_T,_T,_T,_Z,_Z,_Z,_Z,_Z,2021,0.64,,,,,,,,,POP_HE_SH.HEO_MSTAT_MARRIED,SHARE,0.01,A,SEN_EHCVM2021_LEGACY_v1,
dataflow,WB.AFW360:AFW360_HH(0.3.0),R,A,SEN,SN_ZONES05,SURVEY,POP_HE_SH,_Z,_Z,_T,HEO_SEX_F,_T,_T,_T,_T,_Z,_Z,_Z,_Z,_Z,2021,0.7,,,,,,,,,POP_HE_SH.HEO_SEX_F,SHARE,0.01,A,SEN_EHCVM2021_LEGACY_v1,
dataflow,WB.AFW360:AFW360_HH(0.3.0),R,A,SEN,SN_ZONES05,SURVEY,POP_HH_SH,_Z,_Z,_T,HE_COUNT_0,_T,_T,_T,_T,_Z,_Z,_Z,_Z,_Z,2021,0.37,,,,,,,,,POP_HH_SH.HE_COUNT_0,SHARE,0.01,A,SEN_EHCVM2021_LEGACY_v1,
dataflow,WB.AFW360:AFW360_HH(0.3.0),R,A,SEN,SN_ZONES05,SURVEY,POP_HH_SH,_Z,_Z,_T,HE_COUNT_1,_T,_T,_T,_T,_Z,_Z,_Z,_Z,_Z,2021,0.57,,,,,,,,,POP_HH_SH.HE_COUNT_1,SHARE,0.01,A,SEN_EHCVM2021_LEGACY_v1,
dataflow,WB.AFW360:AFW360_HH(0.3.0),R,A,SEN,SN_ZONES05,SURVEY,POP_HH_SH,_Z,_Z,_T,HE_COUNT_2,_T,_T,_T,_T,_Z,_Z,_Z,_Z,_Z,2021,0.04,,,,,,,,,POP_HH_SH.HE_COUNT_2,SHARE,0.01,A,SEN_EHCVM2021_LEGACY_v1,
dataflow,WB.AFW360:AFW360_HH(0.3.0),R,A,SEN,SN_ZONES05,SURVEY,POP_HH_SH,_Z,_Z,_T,HE_COUNT_3,_T,_T,_T,_T,_Z,_Z,_Z,_Z,_Z,2021,0.02,,,,,,,,,POP_HH_SH.HE_COUNT_3,SHARE,0.01,A,SEN_EHCVM2021_LEGACY_v1,
dataflow,WB.AFW360:AFW360_HH(0.3.0),R,A,SEN,SN_ZONES05,SURVEY,POP_HH_SH,_Z,_Z,_T,HE_COUNT_4P,_T,_T,_T,_T,_Z,_Z,_Z,_Z,_Z,2021,0,,,,,,,,,POP_HH_SH.HE_COUNT_4P,SHARE,0.01,A,SEN_EHCVM2021_LEGACY_v1,
dataflow,WB.AFW360:AFW360_HH(0.3.0),R,A,SEN,SN_ZONES05,SURVEY,POP_SH,_T,_T,_T,EMP_FORMAL_N,_T,_T,_T,_T,_Z,_Z,_Z,_Z,_Z,2021,0.72,,,,,,,,,POP_SH.EMP_FORMAL_N,SHARE,0.01,A,SEN_EHCVM2021_LEGACY_v1,
dataflow,WB.AFW360:AFW360_HH(0.3.0),R,A,SEN,SN_ZONES05,SURVEY,POP_SH,_T,_T,_T,EMP_ISIC_G,_T,_T,_T,_T,_Z,_Z,_Z,_Z,_Z,2021,0.22,,,,,,,,,POP_SH.EMP_ISIC_G,SHARE,0.01,A,SEN_EHCVM2021_LEGACY_v1,
dataflow,WB.AFW360:AFW360_HH(0.3.0),R,A,SEN,SN_ZONES05,SURVEY,POP_SH,_T,_T,_T,EMP_ISIC_H,_T,_T,_T,_T,_Z,_Z,_Z,_Z,_Z,2021,0.07,,,,,,,,,POP_SH.EMP_ISIC_H,SHARE,0.01,A,SEN_EHCVM2021_LEGACY_v1,
dataflow,WB.AFW360:AFW360_HH(0.3.0),R,A,SEN,SN_ZONES05,SURVEY,POP_SH,_T,_T,_T,EMP_SECTOR_AGR,_T,_T,_T,_T,_Z,_Z,_Z,_Z,_Z,2021,0.26,,,,,,,,,POP_SH.EMP_SECTOR_AGR,SHARE,0.01,A,SEN_EHCVM2021_LEGACY_v1,
dataflow,WB.AFW360:AFW360_HH(0.3.0),R,A,SEN,SN_ZONES05,SURVEY,POP_SH,_T,_T,_T,EMP_SECTOR_IND,_T,_T,_T,_T,_Z,_Z,_Z,_Z,_Z,2021,0.28,,,,,,,,,POP_SH.EMP_SECTOR_IND,SHARE,0.01,A,SEN_EHCVM2021_LEGACY_v1,
dataflow,WB.AFW360:AFW360_HH(0.3.0),R,A,SEN,SN_ZONES05,SURVEY,POP_SH,_T,_T,_T,EMP_SECTOR_SER,_T,_T,_T,_T,_Z,_Z,_Z,_Z,_Z,2021,0.46,,,,,,,,,POP_SH.EMP_SECTOR_SER,SHARE,0.01,A,SEN_EHCVM2021_LEGACY_v1,
dataflow,WB.AFW360:AFW360_HH(0.3.0),R,A,SEN,SN_ZONES05,SURVEY,POP_SH,_T,_T,_T,EMP_STATUS_EMPLOYED,_T,_T,_T,_T,_Z,_Z,_Z,_Z,_Z,2021,0.58,,,,,,,,,POP_SH.EMP_STATUS_EMPLOYED,SHARE,0.01,A,SEN_EHCVM2021_LEGACY_v1,
dataflow,WB.AFW360:AFW360_HH(0.3.0),R,A,SEN,SN_ZONES05,SURVEY,POP_SH,_T,_T,_T,EMP_TYPE_NONWAGE,_T,_T,_T,_T,_Z,_Z,_Z,_Z,_Z,2021,0.72,,,,,,,,,POP_SH.EMP_TYPE_NONWAGE,SHARE,0.01,A,SEN_EHCVM2021_LEGACY_v1,
dataflow,WB.AFW360:AFW360_HH(0.3.0),R,A,SEN,SN_ZONES05,SURVEY,POP_SH,_T,_T,_T,EMP_TYPE_WAGE,_T,_T,_T,_T,_Z,_Z,_Z,_Z,_Z,2021,0.28,,,,,,,,,POP_SH.EMP_TYPE_WAGE,SHARE,0.01,A,SEN_EHCVM2021_LEGACY_v1,
dataflow,WB.AFW360:AFW360_HH(0.3.0),R,A,SEN,SN_ZONES05,SURVEY,POV_HC,_T,_T,_T,_T,_T,_T,_T,_T,POVLINE_PL300,PPP_2021,_Z,_Z,_Z,2021,0.13,,,,,,,,,POV_HC.POVLINE_PL300.PPP_2021,SHARE,0.01,A,SEN_EHCVM2021_LEGACY_v1,
dataflow,WB.AFW360:AFW360_HH(0.3.0),R,A,SEN,SN_ZONES05,SURVEY,POV_HC,_T,_T,_T,_T,_T,_T,_T,_T,POVLINE_PL420,PPP_2021,_Z,_Z,_Z,2021,0.34,,,,,,,,,POV_HC.POVLINE_PL420.PPP_2021,SHARE,0.01,A,SEN_EHCVM2021_LEGACY_v1,
dataflow,WB.AFW360:AFW360_HH(0.3.0),R,A,SEN,SN_ZONES05,SURVEY,POV_NUM,_T,_T,_T,_T,_T,_T,_T,_T,POVLINE_PL300,PPP_2021,_Z,_Z,_Z,2021,690000,,,,,,,,,POV_NUM.POVLINE_PL300.PPP_2021,PERSON,10000,A,SEN_EHCVM2021_LEGACY_v1,
dataflow,WB.AFW360:AFW360_HH(0.3.0),R,A,SEN,SN_ZONES05,SURVEY,POV_NUM,_T,_T,_T,_T,_T,_T,_T,_T,POVLINE_PL420,PPP_2021,_Z,_Z,_Z,2021,1790000,,,,,,,,,POV_NUM.POVLINE_PL420.PPP_2021,PERSON,10000,A,SEN_EHCVM2021_LEGACY_v1,
dataflow,WB.AFW360:AFW360_HH(0.3.0),R,A,SEN,SN_ZONES05,SURVEY,SHK_ANY,_Z,_Z,_T,_T,_T,_T,_T,_T,_Z,_Z,_Z,_Z,_Z,2021,0.7,,,,,,,,,SHK_ANY,SHARE,0.01,A,SEN_EHCVM2021_LEGACY_v1,
dataflow,WB.AFW360:AFW360_HH(0.3.0),R,A,SEN,SN_ZONES05,SURVEY,SHK_COV_CONFLICT,_Z,_Z,_T,_T,_T,_T,_T,_T,_Z,_Z,_Z,_Z,_Z,2021,0.01,,,,,,,,,SHK_COV_CONFLICT,SHARE,0.01,A,SEN_EHCVM2021_LEGACY_v1,
dataflow,WB.AFW360:AFW360_HH(0.3.0),R,A,SEN,SN_ZONES05,SURVEY,SHK_COV_ECON,_Z,_Z,_T,_T,_T,_T,_T,_T,_Z,_Z,_Z,_Z,_Z,2021,0.48,,,,,,,,,SHK_COV_ECON,SHARE,0.01,A,SEN_EHCVM2021_LEGACY_v1,
dataflow,WB.AFW360:AFW360_HH(0.3.0),R,A,SEN,SN_ZONES05,SURVEY,SHK_COV_NATURAL,_Z,_Z,_T,_T,_T,_T,_T,_T,_Z,_Z,_Z,_Z,_Z,2021,0.21,,,,,,,,,SHK_COV_NATURAL,SHARE,0.01,A,SEN_EHCVM2021_LEGACY_v1,
dataflow,WB.AFW360:AFW360_HH(0.3.0),R,A,SEN,SN_ZONES05,SURVEY,SHK_IDIO_ECON,_Z,_Z,_T,_T,_T,_T,_T,_T,_Z,_Z,_Z,_Z,_Z,2021,0.2,,,,,,,,,SHK_IDIO_ECON,SHARE,0.01,A,SEN_EHCVM2021_LEGACY_v1,
dataflow,WB.AFW360:AFW360_HH(0.3.0),R,A,SEN,SN_ZONES05,SURVEY,SP_HEALTH_COV,_T,_T,_T,_T,_T,_T,_T,_T,_Z,_Z,_Z,_Z,_Z,2021,0.01,,,,,,,,,SP_HEALTH_COV,SHARE,0.01,A,SEN_EHCVM2021_LEGACY_v1,
dataflow,WB.AFW360:AFW360_HH(0.3.0),R,A,SEN,SN_ZONES05,SURVEY,SP_HEALTH_COV_HH,_Z,_Z,_T,_T,_T,_T,_T,_T,_Z,_Z,_Z,_Z,_Z,2021,0.02,,,,,,,,,SP_HEALTH_COV_HH,SHARE,0.01,A,SEN_EHCVM2021_LEGACY_v1,
dataflow,WB.AFW360:AFW360_HH(0.3.0),R,A,SEN,SN_ZONES06,SURVEY,AGR_CULTIVATES,_Z,_Z,_T,_T,_T,_T,_T,_T,_Z,_Z,_Z,_Z,_Z,2021,0.65,,,,,,,,,AGR_CULTIVATES,SHARE,0.01,A,SEN_EHCVM2021_LEGACY_v1,
dataflow,WB.AFW360:AFW360_HH(0.3.0),R,A,SEN,SN_ZONES06,SURVEY,AGR_CULT_AREA,_Z,_Z,_T,_T,_T,_T,_T,_T,_Z,_Z,_Z,_Z,_Z,2021,3.9,,,,,,,,,AGR_CULT_AREA,HA,0.01,A,SEN_EHCVM2021_LEGACY_v1,
dataflow,WB.AFW360:AFW360_HH(0.3.0),R,A,SEN,SN_ZONES06,SURVEY,AGR_LIVESTOCK_ANY,_Z,_Z,_T,_T,_T,_T,_T,_T,_Z,_Z,_Z,_Z,_Z,2021,0.61,,,,,,,,,AGR_LIVESTOCK_ANY,SHARE,0.01,A,SEN_EHCVM2021_LEGACY_v1,
dataflow,WB.AFW360:AFW360_HH(0.3.0),R,A,SEN,SN_ZONES06,SURVEY,AGR_TLU,_Z,_Z,_T,_T,_T,_T,_T,_T,_Z,_Z,_Z,_Z,_Z,2021,4.37,,,,,,,,,AGR_TLU,TLU,0.01,A,SEN_EHCVM2021_LEGACY_v1,
dataflow,WB.AFW360:AFW360_HH(0.3.0),R,A,SEN,SN_ZONES06,SURVEY,CONS_SH,_Z,_Z,_T,_T,_T,_T,_T,_T,COICOP_CP01,ACQ_OWNPROD,_Z,_Z,_Z,2021,0.09,,,,,,,,,CONS_SH.COICOP_CP01.ACQ_OWNPROD,SHARE,0.01,A,SEN_EHCVM2021_LEGACY_v1,
dataflow,WB.AFW360:AFW360_HH(0.3.0),R,A,SEN,SN_ZONES06,SURVEY,CONS_SH,_Z,_Z,_T,_T,_T,_T,_T,_T,COICOP_CP01,ACQ_PURCH,_Z,_Z,_Z,2021,0.36,,,,,,,,,CONS_SH.COICOP_CP01.ACQ_PURCH,SHARE,0.01,A,SEN_EHCVM2021_LEGACY_v1,
dataflow,WB.AFW360:AFW360_HH(0.3.0),R,A,SEN,SN_ZONES06,SURVEY,CONS_SH,_Z,_Z,_T,_T,_T,_T,_T,_T,COICOP_CP01,_Z,_Z,_Z,_Z,2021,0.48,,,,,,,,,CONS_SH.COICOP_CP01,SHARE,0.01,A,SEN_EHCVM2021_LEGACY_v1,
dataflow,WB.AFW360:AFW360_HH(0.3.0),R,A,SEN,SN_ZONES06,SURVEY,CONS_SH,_Z,_Z,_T,_T,_T,_T,_T,_T,COICOP_CP02,_Z,_Z,_Z,_Z,2021,0,,,,,,,,,CONS_SH.COICOP_CP02,SHARE,0.01,A,SEN_EHCVM2021_LEGACY_v1,
dataflow,WB.AFW360:AFW360_HH(0.3.0),R,A,SEN,SN_ZONES06,SURVEY,CONS_SH,_Z,_Z,_T,_T,_T,_T,_T,_T,COICOP_CP03,_Z,_Z,_Z,_Z,2021,0.06,,,,,,,,,CONS_SH.COICOP_CP03,SHARE,0.01,A,SEN_EHCVM2021_LEGACY_v1,
dataflow,WB.AFW360:AFW360_HH(0.3.0),R,A,SEN,SN_ZONES06,SURVEY,CONS_SH,_Z,_Z,_T,_T,_T,_T,_T,_T,COICOP_CP04,_Z,_Z,_Z,_Z,2021,0.16,,,,,,,,,CONS_SH.COICOP_CP04,SHARE,0.01,A,SEN_EHCVM2021_LEGACY_v1,
dataflow,WB.AFW360:AFW360_HH(0.3.0),R,A,SEN,SN_ZONES06,SURVEY,CONS_SH,_Z,_Z,_T,_T,_T,_T,_T,_T,COICOP_CP05,_Z,_Z,_Z,_Z,2021,0.04,,,,,,,,,CONS_SH.COICOP_CP05,SHARE,0.01,A,SEN_EHCVM2021_LEGACY_v1,
dataflow,WB.AFW360:AFW360_HH(0.3.0),R,A,SEN,SN_ZONES06,SURVEY,CONS_SH,_Z,_Z,_T,_T,_T,_T,_T,_T,COICOP_CP06,_Z,_Z,_Z,_Z,2021,0.03,,,,,,,,,CONS_SH.COICOP_CP06,SHARE,0.01,A,SEN_EHCVM2021_LEGACY_v1,
dataflow,WB.AFW360:AFW360_HH(0.3.0),R,A,SEN,SN_ZONES06,SURVEY,CONS_SH,_Z,_Z,_T,_T,_T,_T,_T,_T,COICOP_CP07,_Z,_Z,_Z,_Z,2021,0.04,,,,,,,,,CONS_SH.COICOP_CP07,SHARE,0.01,A,SEN_EHCVM2021_LEGACY_v1,
dataflow,WB.AFW360:AFW360_HH(0.3.0),R,A,SEN,SN_ZONES06,SURVEY,CONS_SH,_Z,_Z,_T,_T,_T,_T,_T,_T,COICOP_CP08,_Z,_Z,_Z,_Z,2021,0.06,,,,,,,,,CONS_SH.COICOP_CP08,SHARE,0.01,A,SEN_EHCVM2021_LEGACY_v1,
dataflow,WB.AFW360:AFW360_HH(0.3.0),R,A,SEN,SN_ZONES06,SURVEY,CONS_SH,_Z,_Z,_T,_T,_T,_T,_T,_T,COICOP_CP09,_Z,_Z,_Z,_Z,2021,0,,,,,,,,,CONS_SH.COICOP_CP09,SHARE,0.01,A,SEN_EHCVM2021_LEGACY_v1,
dataflow,WB.AFW360:AFW360_HH(0.3.0),R,A,SEN,SN_ZONES06,SURVEY,CONS_SH,_Z,_Z,_T,_T,_T,_T,_T,_T,COICOP_CP10,_Z,_Z,_Z,_Z,2021,0.01,,,,,,,,,CONS_SH.COICOP_CP10,SHARE,0.01,A,SEN_EHCVM2021_LEGACY_v1,
dataflow,WB.AFW360:AFW360_HH(0.3.0),R,A,SEN,SN_ZONES06,SURVEY,CONS_SH,_Z,_Z,_T,_T,_T,_T,_T,_T,COICOP_CP11,_Z,_Z,_Z,_Z,2021,0.07,,,,,,,,,CONS_SH.COICOP_CP11,SHARE,0.01,A,SEN_EHCVM2021_LEGACY_v1,
dataflow,WB.AFW360:AFW360_HH(0.3.0),R,A,SEN,SN_ZONES06,SURVEY,CONS_SH,_Z,_Z,_T,_T,_T,_T,_T,_T,COICOP_CP12,_Z,_Z,_Z,_Z,2021,0,,,,,,,,,CONS_SH.COICOP_CP12,SHARE,0.01,A,SEN_EHCVM2021_LEGACY_v1,
dataflow,WB.AFW360:AFW360_HH(0.3.0),R,A,SEN,SN_ZONES06,SURVEY,CONS_SH,_Z,_Z,_T,_T,_T,_T,_T,_T,COICOP_CP13,_Z,_Z,_Z,_Z,2021,0.02,,,,,,,,,CONS_SH.COICOP_CP13,SHARE,0.01,A,SEN_EHCVM2021_LEGACY_v1,
dataflow,WB.AFW360:AFW360_HH(0.3.0),R,A,SEN,SN_ZONES06,SURVEY,EN_ASSET_AC,_Z,_Z,_T,_T,_T,_T,_T,_T,_Z,_Z,_Z,_Z,_Z,2021,0.12,,,,,,,,,EN_ASSET_AC,SHARE,0.01,A,SEN_EHCVM2021_LEGACY_v1,
dataflow,WB.AFW360:AFW360_HH(0.3.0),R,A,SEN,SN_ZONES06,SURVEY,EN_ASSET_COOKER,_Z,_Z,_T,_T,_T,_T,_T,_T,_Z,_Z,_Z,_Z,_Z,2021,0.01,,,,,,,,,EN_ASSET_COOKER,SHARE,0.01,A,SEN_EHCVM2021_LEGACY_v1,
dataflow,WB.AFW360:AFW360_HH(0.3.0),R,A,SEN,SN_ZONES06,SURVEY,EN_ASSET_FAN,_Z,_Z,_T,_T,_T,_T,_T,_T,_Z,_Z,_Z,_Z,_Z,2021,0,,,,,,,,,EN_ASSET_FAN,SHARE,0.01,A,SEN_EHCVM2021_LEGACY_v1,
dataflow,WB.AFW360:AFW360_HH(0.3.0),R,A,SEN,SN_ZONES06,SURVEY,EN_ASSET_WATER_HEATER,_Z,_Z,_T,_T,_T,_T,_T,_T,_Z,_Z,_Z,_Z,_Z,2021,0.02,,,,,,,,,EN_ASSET_WATER_HEATER,SHARE,0.01,A,SEN_EHCVM2021_LEGACY_v1,
dataflow,WB.AFW360:AFW360_HH(0.3.0),R,A,SEN,SN_ZONES06,SURVEY,EN_COOK_BIOMASS,_Z,_Z,_T,_T,_T,_T,_T,_T,_Z,_Z,_Z,_Z,_Z,2021,0.18,,,,,,,,,EN_COOK_BIOMASS,SHARE,0.01,A,SEN_EHCVM2021_LEGACY_v1,
dataflow,WB.AFW360:AFW360_HH(0.3.0),R,A,SEN,SN_ZONES06,SURVEY,EN_COOK_CLEAN,_Z,_Z,_T,_T,_T,_T,_T,_T,_Z,_Z,_Z,_Z,_Z,2021,0.78,,,,,,,,,EN_COOK_CLEAN,SHARE,0.01,A,SEN_EHCVM2021_LEGACY_v1,LEGACY_SUSPECT: Implausible pattern: higher in Rural and Q1 than in Capital and Q4.
dataflow,WB.AFW360:AFW360_HH(0.3.0),R,A,SEN,SN_ZONES06,SURVEY,EN_ELEC_ACCESS,_Z,_Z,_T,_T,_T,_T,_T,_T,_Z,_Z,_Z,_Z,_Z,2021,0.44,,,,,,,,,EN_ELEC_ACCESS,SHARE,0.01,A,SEN_EHCVM2021_LEGACY_v1,
dataflow,WB.AFW360:AFW360_HH(0.3.0),R,A,SEN,SN_ZONES06,SURVEY,EN_ELEC_INFORMAL,_Z,_Z,_T,_T,_T,_T,_T,_T,_Z,_Z,_Z,_Z,_Z,2021,0.02,,,,,,,,,EN_ELEC_INFORMAL,SHARE,0.01,A,SEN_EHCVM2021_LEGACY_v1,
dataflow,WB.AFW360:AFW360_HH(0.3.0),R,A,SEN,SN_ZONES06,SURVEY,EN_ELEC_SPEND,_Z,_Z,_T,_T,_T,_T,_T,_T,_Z,_Z,_Z,_Z,_Z,2021,17442.33,,,,,,,,,EN_ELEC_SPEND,XOF,0.01,A,SEN_EHCVM2021_LEGACY_v1,
dataflow,WB.AFW360:AFW360_HH(0.3.0),R,A,SEN,SN_ZONES06,SURVEY,EN_GRID_CONN,_Z,_Z,_T,_T,_T,_T,_T,_T,_Z,_Z,_Z,_Z,_Z,2021,0.95,,,,,,,,,EN_GRID_CONN,SHARE,0.01,A,SEN_EHCVM2021_LEGACY_v1,"LEGACY_SUSPECT: Implausible: 0.96-1.00 in every cell, including Q1 and Rural."
dataflow,WB.AFW360:AFW360_HH(0.3.0),R,A,SEN,SN_ZONES06,SURVEY,EN_GRID_USE,_Z,_Z,_T,_T,_T,_T,_T,_T,_Z,_Z,_Z,_Z,_Z,2021,0.44,,,,,,,,,EN_GRID_USE,SHARE,0.01,A,SEN_EHCVM2021_LEGACY_v1,
dataflow,WB.AFW360:AFW360_HH(0.3.0),R,A,SEN,SN_ZONES06,SURVEY,EN_LIGHT_IMPROVED,_Z,_Z,_T,_T,_T,_T,_T,_T,_Z,_Z,_Z,_Z,_Z,2021,0.93,,,,,,,,,EN_LIGHT_IMPROVED,SHARE,0.01,A,SEN_EHCVM2021_LEGACY_v1,
dataflow,WB.AFW360:AFW360_HH(0.3.0),R,A,SEN,SN_ZONES06,SURVEY,EN_OFFGRID_USE,_Z,_Z,_T,_T,_T,_T,_T,_T,_Z,_Z,_Z,_Z,_Z,2021,0.25,,,,,,,,,EN_OFFGRID_USE,SHARE,0.01,A,SEN_EHCVM2021_LEGACY_v1,
dataflow,WB.AFW360:AFW360_HH(0.3.0),R,A,SEN,SN_ZONES06,SURVEY,EN_OUTAGE_ANY,_Z,_Z,_T,_T,_T,_T,_T,_T,_Z,_Z,_Z,_Z,_Z,2021,0.29,,,,,,,,,EN_OUTAGE_ANY,SHARE,0.01,A,SEN_EHCVM2021_LEGACY_v1,
dataflow,WB.AFW360:AFW360_HH(0.3.0),R,A,SEN,SN_ZONES06,SURVEY,EN_OUTAGE_DAYS,_Z,_Z,_T,_T,_T,_T,_T,_T,_Z,_Z,_Z,_Z,_Z,2021,2.18,,,,,,,,,EN_OUTAGE_DAYS,DAY,0.01,A,SEN_EHCVM2021_LEGACY_v1,
dataflow,WB.AFW360:AFW360_HH(0.3.0),R,A,SEN,SN_ZONES06,SURVEY,EN_OUTAGE_DUR_CODE,_Z,_Z,_T,_T,_T,_T,_T,_T,_Z,_Z,_Z,_Z,_Z,2021,2.07,,,,,,,,,EN_OUTAGE_DUR_CODE,INDEX,0.01,A,SEN_EHCVM2021_LEGACY_v1,
dataflow,WB.AFW360:AFW360_HH(0.3.0),R,A,SEN,SN_ZONES06,SURVEY,EN_PREPAID_METER,_Z,_Z,_T,_T,_T,_T,_T,_T,_Z,_Z,_Z,_Z,_Z,2021,0.44,,,,,,,,,EN_PREPAID_METER,SHARE,0.01,A,SEN_EHCVM2021_LEGACY_v1,
dataflow,WB.AFW360:AFW360_HH(0.3.0),R,A,SEN,SN_ZONES06,SURVEY,HE_ACCOUNTS,_Z,_Z,_T,_T,_T,_T,_T,_T,_Z,_Z,_Z,_Z,_Z,2021,0.07,,,,,,,,,HE_ACCOUNTS,SHARE,0.01,A,SEN_EHCVM2021_LEGACY_v1,
dataflow,WB.AFW360:AFW360_HH(0.3.0),R,A,SEN,SN_ZONES06,SURVEY,HE_AGE,_Z,_Z,_T,_T,_T,_T,_T,_T,_Z,_Z,_Z,_Z,_Z,2021,8.31,,,,,,,,,HE_AGE,YEAR,0.01,A,SEN_EHCVM2021_LEGACY_v1,
dataflow,WB.AFW360:AFW360_HH(0.3.0),R,A,SEN,SN_ZONES06,SURVEY,HE_BUY_FIRMS,_Z,_Z,_T,_T,_T,_T,_T,_T,_Z,_Z,_Z,_Z,_Z,2021,0.29,,,,,,,,,HE_BUY_FIRMS,SHARE,0.01,A,SEN_EHCVM2021_LEGACY_v1,
dataflow,WB.AFW360:AFW360_HH(0.3.0),R,A,SEN,SN_ZONES06,SURVEY,HE_CAPITAL,_Z,_Z,_T,_T,_T,_T,_T,_T,_Z,_Z,_Z,_Z,_Z,2021,240283.81,,,,,,,,,HE_CAPITAL,XOF,0.01,A,SEN_EHCVM2021_LEGACY_v1,
dataflow,WB.AFW360:AFW360_HH(0.3.0),R,A,SEN,SN_ZONES06,SURVEY,HE_COSTS,_Z,_Z,_T,_T,_T,_T,_T,_T,_Z,_Z,_Z,_Z,_Z,2021,53130.67,,,,,,,,,HE_COSTS,XOF,0.01,A,SEN_EHCVM2021_LEGACY_v1,
dataflow,WB.AFW360:AFW360_HH(0.3.0),R,A,SEN,SN_ZONES06,SURVEY,HE_CREDIT_ANY,_Z,_Z,_T,_T,_T,_T,_T,_T,_Z,_Z,_Z,_Z,_Z,2021,0.36,,,,,,,,,HE_CREDIT_ANY,SHARE,0.01,A,SEN_EHCVM2021_LEGACY_v1,
dataflow,WB.AFW360:AFW360_HH(0.3.0),R,A,SEN,SN_ZONES06,SURVEY,HE_CREDIT_FORMAL,_Z,_Z,_T,_T,_T,_T,_T,_T,_Z,_Z,_Z,_Z,_Z,2021,0.05,,,,,,,,,HE_CREDIT_FORMAL,SHARE,0.01,A,SEN_EHCVM2021_LEGACY_v1,
dataflow,WB.AFW360:AFW360_HH(0.3.0),R,A,SEN,SN_ZONES06,SURVEY,HE_CREDIT_INFORMAL,_Z,_Z,_T,_T,_T,_T,_T,_T,_Z,_Z,_Z,_Z,_Z,2021,0.31,,,,,,,,,HE_CREDIT_INFORMAL,SHARE,0.01,A,SEN_EHCVM2021_LEGACY_v1,
dataflow,WB.AFW360:AFW360_HH(0.3.0),R,A,SEN,SN_ZONES06,SURVEY,HE_ELEC,_Z,_Z,_T,_T,_T,_T,_T,_T,_Z,_Z,_Z,_Z,_Z,2021,0.95,,,,,,,,,HE_ELEC,SHARE,0.01,A,SEN_EHCVM2021_LEGACY_v1,
dataflow,WB.AFW360:AFW360_HH(0.3.0),R,A,SEN,SN_ZONES06,SURVEY,HE_EMP_EXT_ANY,_Z,_Z,_T,_T,_T,_T,_T,_T,_Z,_Z,_Z,_Z,_Z,2021,0.97,,,,,,,,,HE_EMP_EXT_ANY,SHARE,0.01,A,SEN_EHCVM2021_LEGACY_v1,LEGACY_SUSPECT: Implausible: share 0.96 while mean non-HH employees is 0.54.
dataflow,WB.AFW360:AFW360_HH(0.3.0),R,A,SEN,SN_ZONES06,SURVEY,HE_EMP_HH_NUM,_Z,_Z,_T,_T,_T,_T,_T,_T,_Z,_Z,_Z,_Z,_Z,2021,0.18,,,,,,,,,HE_EMP_HH_NUM,PERSON,0.01,A,SEN_EHCVM2021_LEGACY_v1,
dataflow,WB.AFW360:AFW360_HH(0.3.0),R,A,SEN,SN_ZONES06,SURVEY,HE_EMP_NONHH_NUM,_Z,_Z,_T,_T,_T,_T,_T,_T,_Z,_Z,_Z,_Z,_Z,2021,0.38,,,,,,,,,HE_EMP_NONHH_NUM,PERSON,0.01,A,SEN_EHCVM2021_LEGACY_v1,
dataflow,WB.AFW360:AFW360_HH(0.3.0),R,A,SEN,SN_ZONES06,SURVEY,HE_EMP_NUM,_Z,_Z,_T,_T,_T,_T,_T,_T,_Z,_Z,_Z,_Z,_Z,2021,0.7,,,,,,,,,HE_EMP_NUM,PERSON,0.01,A,SEN_EHCVM2021_LEGACY_v1,
dataflow,WB.AFW360:AFW360_HH(0.3.0),R,A,SEN,SN_ZONES06,SURVEY,HE_HH_OWNER,_Z,_Z,_T,_T,_T,_T,_T,_T,_Z,_Z,_Z,_Z,_Z,2021,0.47,,,,,,,,,HE_HH_OWNER,SHARE,0.01,A,SEN_EHCVM2021_LEGACY_v1,
dataflow,WB.AFW360:AFW360_HH(0.3.0),R,A,SEN,SN_ZONES06,SURVEY,HE_HOME_BASED,_Z,_Z,_T,_T,_T,_T,_T,_T,_Z,_Z,_Z,_Z,_Z,2021,0.38,,,,,,,,,HE_HOME_BASED,SHARE,0.01,A,SEN_EHCVM2021_LEGACY_v1,
dataflow,WB.AFW360:AFW360_HH(0.3.0),R,A,SEN,SN_ZONES06,SURVEY,HE_PHONE,_Z,_Z,_T,_T,_T,_T,_T,_T,_Z,_Z,_Z,_Z,_Z,2021,0.99,,,,,,,,,HE_PHONE,SHARE,0.01,A,SEN_EHCVM2021_LEGACY_v1,
dataflow,WB.AFW360:AFW360_HH(0.3.0),R,A,SEN,SN_ZONES06,SURVEY,HE_PREMISES_FORMAL,_Z,_Z,_T,_T,_T,_T,_T,_T,_Z,_Z,_Z,_Z,_Z,2021,0.15,,,,,,,,,HE_PREMISES_FORMAL,SHARE,0.01,A,SEN_EHCVM2021_LEGACY_v1,
dataflow,WB.AFW360:AFW360_HH(0.3.0),R,A,SEN,SN_ZONES06,SURVEY,HE_PROFIT,_Z,_Z,_T,_T,_T,_T,_T,_T,_Z,_Z,_Z,_Z,_Z,2021,16695.45,,,,,,,,,HE_PROFIT,XOF,0.01,A,SEN_EHCVM2021_LEGACY_v1,
dataflow,WB.AFW360:AFW360_HH(0.3.0),R,A,SEN,SN_ZONES06,SURVEY,HE_RENT,_Z,_Z,_T,_T,_T,_T,_T,_T,_Z,_Z,_Z,_Z,_Z,2021,0.69,,,,,,,,,HE_RENT,SHARE,0.01,A,SEN_EHCVM2021_LEGACY_v1,
dataflow,WB.AFW360:AFW360_HH(0.3.0),R,A,SEN,SN_ZONES06,SURVEY,HE_REV_PER_WORKER,_Z,_Z,_T,_T,_T,_T,_T,_T,_Z,_Z,_Z,_Z,_Z,2021,249344.35,,,,,,,,,HE_REV_PER_WORKER,XOF,0.01,A,SEN_EHCVM2021_LEGACY_v1,
dataflow,WB.AFW360:AFW360_HH(0.3.0),R,A,SEN,SN_ZONES06,SURVEY,HE_SELL_FIRMS,_Z,_Z,_T,_T,_T,_T,_T,_T,_Z,_Z,_Z,_Z,_Z,2021,0.01,,,,,,,,,HE_SELL_FIRMS,SHARE,0.01,A,SEN_EHCVM2021_LEGACY_v1,
dataflow,WB.AFW360:AFW360_HH(0.3.0),R,A,SEN,SN_ZONES06,SURVEY,HE_TAX_ID,_Z,_Z,_T,_T,_T,_T,_T,_T,_Z,_Z,_Z,_Z,_Z,2021,0.14,,,,,,,,,HE_TAX_ID,SHARE,0.01,A,SEN_EHCVM2021_LEGACY_v1,
dataflow,WB.AFW360:AFW360_HH(0.3.0),R,A,SEN,SN_ZONES06,SURVEY,HE_WATER,_Z,_Z,_T,_T,_T,_T,_T,_T,_Z,_Z,_Z,_Z,_Z,2021,0.14,,,,,,,,,HE_WATER,SHARE,0.01,A,SEN_EHCVM2021_LEGACY_v1,
dataflow,WB.AFW360:AFW360_HH(0.3.0),R,A,SEN,SN_ZONES06,SURVEY,HOUS_FLOOR_DURABLE,_Z,_Z,_T,_T,_T,_T,_T,_T,_Z,_Z,_Z,_Z,_Z,2021,0.63,,,,,,,,,HOUS_FLOOR_DURABLE,SHARE,0.01,A,SEN_EHCVM2021_LEGACY_v1,
dataflow,WB.AFW360:AFW360_HH(0.3.0),R,A,SEN,SN_ZONES06,SURVEY,HOUS_ROOF_DURABLE,_Z,_Z,_T,_T,_T,_T,_T,_T,_Z,_Z,_Z,_Z,_Z,2021,0.79,,,,,,,,,HOUS_ROOF_DURABLE,SHARE,0.01,A,SEN_EHCVM2021_LEGACY_v1,
dataflow,WB.AFW360:AFW360_HH(0.3.0),R,A,SEN,SN_ZONES06,SURVEY,HOUS_SANIT_IMPROVED,_Z,_Z,_T,_T,_T,_T,_T,_T,_Z,_Z,_Z,_Z,_Z,2021,0.25,,,,,,,,,HOUS_SANIT_IMPROVED,SHARE,0.01,A,SEN_EHCVM2021_LEGACY_v1,
dataflow,WB.AFW360:AFW360_HH(0.3.0),R,A,SEN,SN_ZONES06,SURVEY,HOUS_WALL_DURABLE,_Z,_Z,_T,_T,_T,_T,_T,_T,_Z,_Z,_Z,_Z,_Z,2021,0.88,,,,,,,,,HOUS_WALL_DURABLE,SHARE,0.01,A,SEN_EHCVM2021_LEGACY_v1,
dataflow,WB.AFW360:AFW360_HH(0.3.0),R,A,SEN,SN_ZONES06,SURVEY,HOUS_WATER_SAFE_DRY,_Z,_Z,_T,_T,_T,_T,_T,_T,_Z,_Z,_Z,_Z,_Z,2021,0.48,,,,,,,,,HOUS_WATER_SAFE_DRY,SHARE,0.01,A,SEN_EHCVM2021_LEGACY_v1,
dataflow,WB.AFW360:AFW360_HH(0.3.0),R,A,SEN,SN_ZONES06,SURVEY,POP_HE_SH,_Z,_Z,_T,HEO_MSTAT_MARRIED,_T,_T,_T,_T,_Z,_Z,_Z,_Z,_Z,2021,0.8,,,,,,,,,POP_HE_SH.HEO_MSTAT_MARRIED,SHARE,0.01,A,SEN_EHCVM2021_LEGACY_v1,
dataflow,WB.AFW360:AFW360_HH(0.3.0),R,A,SEN,SN_ZONES06,SURVEY,POP_HE_SH,_Z,_Z,_T,HEO_SEX_F,_T,_T,_T,_T,_Z,_Z,_Z,_Z,_Z,2021,0.69,,,,,,,,,POP_HE_SH.HEO_SEX_F,SHARE,0.01,A,SEN_EHCVM2021_LEGACY_v1,
dataflow,WB.AFW360:AFW360_HH(0.3.0),R,A,SEN,SN_ZONES06,SURVEY,POP_HH_SH,_Z,_Z,_T,HE_COUNT_0,_T,_T,_T,_T,_Z,_Z,_Z,_Z,_Z,2021,0.41,,,,,,,,,POP_HH_SH.HE_COUNT_0,SHARE,0.01,A,SEN_EHCVM2021_LEGACY_v1,
dataflow,WB.AFW360:AFW360_HH(0.3.0),R,A,SEN,SN_ZONES06,SURVEY,POP_HH_SH,_Z,_Z,_T,HE_COUNT_1,_T,_T,_T,_T,_Z,_Z,_Z,_Z,_Z,2021,0.5,,,,,,,,,POP_HH_SH.HE_COUNT_1,SHARE,0.01,A,SEN_EHCVM2021_LEGACY_v1,
dataflow,WB.AFW360:AFW360_HH(0.3.0),R,A,SEN,SN_ZONES06,SURVEY,POP_HH_SH,_Z,_Z,_T,HE_COUNT_2,_T,_T,_T,_T,_Z,_Z,_Z,_Z,_Z,2021,0.06,,,,,,,,,POP_HH_SH.HE_COUNT_2,SHARE,0.01,A,SEN_EHCVM2021_LEGACY_v1,
dataflow,WB.AFW360:AFW360_HH(0.3.0),R,A,SEN,SN_ZONES06,SURVEY,POP_HH_SH,_Z,_Z,_T,HE_COUNT_3,_T,_T,_T,_T,_Z,_Z,_Z,_Z,_Z,2021,0.03,,,,,,,,,POP_HH_SH.HE_COUNT_3,SHARE,0.01,A,SEN_EHCVM2021_LEGACY_v1,
dataflow,WB.AFW360:AFW360_HH(0.3.0),R,A,SEN,SN_ZONES06,SURVEY,POP_HH_SH,_Z,_Z,_T,HE_COUNT_4P,_T,_T,_T,_T,_Z,_Z,_Z,_Z,_Z,2021,0,,,,,,,,,POP_HH_SH.HE_COUNT_4P,SHARE,0.01,A,SEN_EHCVM2021_LEGACY_v1,
dataflow,WB.AFW360:AFW360_HH(0.3.0),R,A,SEN,SN_ZONES06,SURVEY,POP_SH,_T,_T,_T,EMP_FORMAL_N,_T,_T,_T,_T,_Z,_Z,_Z,_Z,_Z,2021,0.78,,,,,,,,,POP_SH.EMP_FORMAL_N,SHARE,0.01,A,SEN_EHCVM2021_LEGACY_v1,
dataflow,WB.AFW360:AFW360_HH(0.3.0),R,A,SEN,SN_ZONES06,SURVEY,POP_SH,_T,_T,_T,EMP_ISIC_G,_T,_T,_T,_T,_Z,_Z,_Z,_Z,_Z,2021,0.12,,,,,,,,,POP_SH.EMP_ISIC_G,SHARE,0.01,A,SEN_EHCVM2021_LEGACY_v1,
dataflow,WB.AFW360:AFW360_HH(0.3.0),R,A,SEN,SN_ZONES06,SURVEY,POP_SH,_T,_T,_T,EMP_ISIC_H,_T,_T,_T,_T,_Z,_Z,_Z,_Z,_Z,2021,0.05,,,,,,,,,POP_SH.EMP_ISIC_H,SHARE,0.01,A,SEN_EHCVM2021_LEGACY_v1,
dataflow,WB.AFW360:AFW360_HH(0.3.0),R,A,SEN,SN_ZONES06,SURVEY,POP_SH,_T,_T,_T,EMP_SECTOR_AGR,_T,_T,_T,_T,_Z,_Z,_Z,_Z,_Z,2021,0.52,,,,,,,,,POP_SH.EMP_SECTOR_AGR,SHARE,0.01,A,SEN_EHCVM2021_LEGACY_v1,
dataflow,WB.AFW360:AFW360_HH(0.3.0),R,A,SEN,SN_ZONES06,SURVEY,POP_SH,_T,_T,_T,EMP_SECTOR_IND,_T,_T,_T,_T,_Z,_Z,_Z,_Z,_Z,2021,0.19,,,,,,,,,POP_SH.EMP_SECTOR_IND,SHARE,0.01,A,SEN_EHCVM2021_LEGACY_v1,
dataflow,WB.AFW360:AFW360_HH(0.3.0),R,A,SEN,SN_ZONES06,SURVEY,POP_SH,_T,_T,_T,EMP_SECTOR_SER,_T,_T,_T,_T,_Z,_Z,_Z,_Z,_Z,2021,0.29,,,,,,,,,POP_SH.EMP_SECTOR_SER,SHARE,0.01,A,SEN_EHCVM2021_LEGACY_v1,
dataflow,WB.AFW360:AFW360_HH(0.3.0),R,A,SEN,SN_ZONES06,SURVEY,POP_SH,_T,_T,_T,EMP_STATUS_EMPLOYED,_T,_T,_T,_T,_Z,_Z,_Z,_Z,_Z,2021,0.56,,,,,,,,,POP_SH.EMP_STATUS_EMPLOYED,SHARE,0.01,A,SEN_EHCVM2021_LEGACY_v1,
dataflow,WB.AFW360:AFW360_HH(0.3.0),R,A,SEN,SN_ZONES06,SURVEY,POP_SH,_T,_T,_T,EMP_TYPE_NONWAGE,_T,_T,_T,_T,_Z,_Z,_Z,_Z,_Z,2021,0.79,,,,,,,,,POP_SH.EMP_TYPE_NONWAGE,SHARE,0.01,A,SEN_EHCVM2021_LEGACY_v1,
dataflow,WB.AFW360:AFW360_HH(0.3.0),R,A,SEN,SN_ZONES06,SURVEY,POP_SH,_T,_T,_T,EMP_TYPE_WAGE,_T,_T,_T,_T,_Z,_Z,_Z,_Z,_Z,2021,0.21,,,,,,,,,POP_SH.EMP_TYPE_WAGE,SHARE,0.01,A,SEN_EHCVM2021_LEGACY_v1,
dataflow,WB.AFW360:AFW360_HH(0.3.0),R,A,SEN,SN_ZONES06,SURVEY,POV_HC,_T,_T,_T,_T,_T,_T,_T,_T,POVLINE_PL300,PPP_2021,_Z,_Z,_Z,2021,0.36,,,,,,,,,POV_HC.POVLINE_PL300.PPP_2021,SHARE,0.01,A,SEN_EHCVM2021_LEGACY_v1,
dataflow,WB.AFW360:AFW360_HH(0.3.0),R,A,SEN,SN_ZONES06,SURVEY,POV_HC,_T,_T,_T,_T,_T,_T,_T,_T,POVLINE_PL420,PPP_2021,_Z,_Z,_Z,2021,0.64,,,,,,,,,POV_HC.POVLINE_PL420.PPP_2021,SHARE,0.01,A,SEN_EHCVM2021_LEGACY_v1,
dataflow,WB.AFW360:AFW360_HH(0.3.0),R,A,SEN,SN_ZONES06,SURVEY,POV_NUM,_T,_T,_T,_T,_T,_T,_T,_T,POVLINE_PL300,PPP_2021,_Z,_Z,_Z,2021,1110000,,,,,,,,,POV_NUM.POVLINE_PL300.PPP_2021,PERSON,10000,A,SEN_EHCVM2021_LEGACY_v1,
dataflow,WB.AFW360:AFW360_HH(0.3.0),R,A,SEN,SN_ZONES06,SURVEY,POV_NUM,_T,_T,_T,_T,_T,_T,_T,_T,POVLINE_PL420,PPP_2021,_Z,_Z,_Z,2021,2000000,,,,,,,,,POV_NUM.POVLINE_PL420.PPP_2021,PERSON,10000,A,SEN_EHCVM2021_LEGACY_v1,
dataflow,WB.AFW360:AFW360_HH(0.3.0),R,A,SEN,SN_ZONES06,SURVEY,SHK_ANY,_Z,_Z,_T,_T,_T,_T,_T,_T,_Z,_Z,_Z,_Z,_Z,2021,0.64,,,,,,,,,SHK_ANY,SHARE,0.01,A,SEN_EHCVM2021_LEGACY_v1,
dataflow,WB.AFW360:AFW360_HH(0.3.0),R,A,SEN,SN_ZONES06,SURVEY,SHK_COV_CONFLICT,_Z,_Z,_T,_T,_T,_T,_T,_T,_Z,_Z,_Z,_Z,_Z,2021,0.02,,,,,,,,,SHK_COV_CONFLICT,SHARE,0.01,A,SEN_EHCVM2021_LEGACY_v1,
dataflow,WB.AFW360:AFW360_HH(0.3.0),R,A,SEN,SN_ZONES06,SURVEY,SHK_COV_ECON,_Z,_Z,_T,_T,_T,_T,_T,_T,_Z,_Z,_Z,_Z,_Z,2021,0.33,,,,,,,,,SHK_COV_ECON,SHARE,0.01,A,SEN_EHCVM2021_LEGACY_v1,
dataflow,WB.AFW360:AFW360_HH(0.3.0),R,A,SEN,SN_ZONES06,SURVEY,SHK_COV_NATURAL,_Z,_Z,_T,_T,_T,_T,_T,_T,_Z,_Z,_Z,_Z,_Z,2021,0.24,,,,,,,,,SHK_COV_NATURAL,SHARE,0.01,A,SEN_EHCVM2021_LEGACY_v1,
dataflow,WB.AFW360:AFW360_HH(0.3.0),R,A,SEN,SN_ZONES06,SURVEY,SHK_IDIO_ECON,_Z,_Z,_T,_T,_T,_T,_T,_T,_Z,_Z,_Z,_Z,_Z,2021,0.14,,,,,,,,,SHK_IDIO_ECON,SHARE,0.01,A,SEN_EHCVM2021_LEGACY_v1,
dataflow,WB.AFW360:AFW360_HH(0.3.0),R,A,SEN,SN_ZONES06,SURVEY,SP_HEALTH_COV,_T,_T,_T,_T,_T,_T,_T,_T,_Z,_Z,_Z,_Z,_Z,2021,0.01,,,,,,,,,SP_HEALTH_COV,SHARE,0.01,A,SEN_EHCVM2021_LEGACY_v1,
dataflow,WB.AFW360:AFW360_HH(0.3.0),R,A,SEN,SN_ZONES06,SURVEY,SP_HEALTH_COV_HH,_Z,_Z,_T,_T,_T,_T,_T,_T,_Z,_Z,_Z,_Z,_Z,2021,0.02,,,,,,,,,SP_HEALTH_COV_HH,SHARE,0.01,A,SEN_EHCVM2021_LEGACY_v1,
dataflow,WB.AFW360:AFW360_HH(0.3.0),R,A,SEN,_T,SURVEY,AGR_CULTIVATES,_Z,_Z,CAP,_T,_T,_T,_T,_T,_Z,_Z,_Z,_Z,_Z,2021,0.01,,,,,,,,,AGR_CULTIVATES,SHARE,0.01,A,SEN_EHCVM2021_LEGACY_v1,
dataflow,WB.AFW360:AFW360_HH(0.3.0),R,A,SEN,_T,SURVEY,AGR_CULTIVATES,_Z,_Z,OU,_T,_T,_T,_T,_T,_Z,_Z,_Z,_Z,_Z,2021,0.17,,,,,,,,,AGR_CULTIVATES,SHARE,0.01,A,SEN_EHCVM2021_LEGACY_v1,
dataflow,WB.AFW360:AFW360_HH(0.3.0),R,A,SEN,_T,SURVEY,AGR_CULTIVATES,_Z,_Z,R,_T,_T,_T,_T,_T,_Z,_Z,_Z,_Z,_Z,2021,0.69,,,,,,,,,AGR_CULTIVATES,SHARE,0.01,A,SEN_EHCVM2021_LEGACY_v1,
dataflow,WB.AFW360:AFW360_HH(0.3.0),R,A,SEN,_T,SURVEY,AGR_CULTIVATES,_Z,_Z,_T,HHH_AGE_GE35,_T,_T,_T,_T,_Z,_Z,_Z,_Z,_Z,2021,0.41,,,,,,,,,AGR_CULTIVATES,SHARE,0.01,A,SEN_EHCVM2021_LEGACY_v1,
dataflow,WB.AFW360:AFW360_HH(0.3.0),R,A,SEN,_T,SURVEY,AGR_CULTIVATES,_Z,_Z,_T,HHH_AGE_LT35,_T,_T,_T,_T,_Z,_Z,_Z,_Z,_Z,2021,0.44,,,,,,,,,AGR_CULTIVATES,SHARE,0.01,A,SEN_EHCVM2021_LEGACY_v1,
dataflow,WB.AFW360:AFW360_HH(0.3.0),R,A,SEN,_T,SURVEY,AGR_CULTIVATES,_Z,_Z,_T,HHH_SEX_F,_T,_T,_T,_T,_Z,_Z,_Z,_Z,_Z,2021,0.2,,,,,,,,,AGR_CULTIVATES,SHARE,0.01,A,SEN_EHCVM2021_LEGACY_v1,
dataflow,WB.AFW360:AFW360_HH(0.3.0),R,A,SEN,_T,SURVEY,AGR_CULTIVATES,_Z,_Z,_T,HHH_SEX_M,_T,_T,_T,_T,_Z,_Z,_Z,_Z,_Z,2021,0.48,,,,,,,,,AGR_CULTIVATES,SHARE,0.01,A,SEN_EHCVM2021_LEGACY_v1,
dataflow,WB.AFW360:AFW360_HH(0.3.0),R,A,SEN,_T,SURVEY,AGR_CULTIVATES,_Z,_Z,_T,QUINT_Q1,_T,_T,_T,_T,_Z,_Z,_Z,_Z,_Z,2021,0.78,,,,,,,,,AGR_CULTIVATES,SHARE,0.01,A,SEN_EHCVM2021_LEGACY_v1,
dataflow,WB.AFW360:AFW360_HH(0.3.0),R,A,SEN,_T,SURVEY,AGR_CULTIVATES,_Z,_Z,_T,QUINT_Q2,_T,_T,_T,_T,_Z,_Z,_Z,_Z,_Z,2021,0.54,,,,,,,,,AGR_CULTIVATES,SHARE,0.01,A,SEN_EHCVM2021_LEGACY_v1,
dataflow,WB.AFW360:AFW360_HH(0.3.0),R,A,SEN,_T,SURVEY,AGR_CULTIVATES,_Z,_Z,_T,QUINT_Q3,_T,_T,_T,_T,_Z,_Z,_Z,_Z,_Z,2021,0.38,,,,,,,,,AGR_CULTIVATES,SHARE,0.01,A,SEN_EHCVM2021_LEGACY_v1,
dataflow,WB.AFW360:AFW360_HH(0.3.0),R,A,SEN,_T,SURVEY,AGR_CULTIVATES,_Z,_Z,_T,QUINT_Q4,_T,_T,_T,_T,_Z,_Z,_Z,_Z,_Z,2021,0.24,,,,,,,,,AGR_CULTIVATES,SHARE,0.01,A,SEN_EHCVM2021_LEGACY_v1,
dataflow,WB.AFW360:AFW360_HH(0.3.0),R,A,SEN,_T,SURVEY,AGR_CULTIVATES,_Z,_Z,_T,QUINT_Q5,_T,_T,_T,_T,_Z,_Z,_Z,_Z,_Z,2021,0.1,,,,,,,,,AGR_CULTIVATES,SHARE,0.01,A,SEN_EHCVM2021_LEGACY_v1,
dataflow,WB.AFW360:AFW360_HH(0.3.0),R,A,SEN,_T,SURVEY,AGR_CULTIVATES,_Z,_Z,_T,_T,_T,_T,_T,_T,_Z,_Z,_Z,_Z,_Z,2021,0.41,,,,,,,,,AGR_CULTIVATES,SHARE,0.01,A,SEN_EHCVM2021_LEGACY_v1,
dataflow,WB.AFW360:AFW360_HH(0.3.0),R,A,SEN,_T,SURVEY,AGR_CULT_AREA,_Z,_Z,CAP,_T,_T,_T,_T,_T,_Z,_Z,_Z,_Z,_Z,2021,0.66,,,,,,,,,AGR_CULT_AREA,HA,0.01,A,SEN_EHCVM2021_LEGACY_v1,
dataflow,WB.AFW360:AFW360_HH(0.3.0),R,A,SEN,_T,SURVEY,AGR_CULT_AREA,_Z,_Z,OU,_T,_T,_T,_T,_T,_Z,_Z,_Z,_Z,_Z,2021,2.42,,,,,,,,,AGR_CULT_AREA,HA,0.01,A,SEN_EHCVM2021_LEGACY_v1,
dataflow,WB.AFW360:AFW360_HH(0.3.0),R,A,SEN,_T,SURVEY,AGR_CULT_AREA,_Z,_Z,R,_T,_T,_T,_T,_T,_Z,_Z,_Z,_Z,_Z,2021,4.14,,,,,,,,,AGR_CULT_AREA,HA,0.01,A,SEN_EHCVM2021_LEGACY_v1,
dataflow,WB.AFW360:AFW360_HH(0.3.0),R,A,SEN,_T,SURVEY,AGR_CULT_AREA,_Z,_Z,_T,HHH_AGE_GE35,_T,_T,_T,_T,_Z,_Z,_Z,_Z,_Z,2021,3.92,,,,,,,,,AGR_CULT_AREA,HA,0.01,A,SEN_EHCVM2021_LEGACY_v1,
dataflow,WB.AFW360:AFW360_HH(0.3.0),R,A,SEN,_T,SURVEY,AGR_CULT_AREA,_Z,_Z,_T,HHH_AGE_LT35,_T,_T,_T,_T,_Z,_Z,_Z,_Z,_Z,2021,4.14,,,,,,,,,AGR_CULT_AREA,HA,0.01,A,SEN_EHCVM2021_LEGACY_v1,
dataflow,WB.AFW360:AFW360_HH(0.3.0),R,A,SEN,_T,SURVEY,AGR_CULT_AREA,_Z,_Z,_T,HHH_SEX_F,_T,_T,_T,_T,_Z,_Z,_Z,_Z,_Z,2021,2.83,,,,,,,,,AGR_CULT_AREA,HA,0.01,A,SEN_EHCVM2021_LEGACY_v1,
dataflow,WB.AFW360:AFW360_HH(0.3.0),R,A,SEN,_T,SURVEY,AGR_CULT_AREA,_Z,_Z,_T,HHH_SEX_M,_T,_T,_T,_T,_Z,_Z,_Z,_Z,_Z,2021,4.09,,,,,,,,,AGR_CULT_AREA,HA,0.01,A,SEN_EHCVM2021_LEGACY_v1,
dataflow,WB.AFW360:AFW360_HH(0.3.0),R,A,SEN,_T,SURVEY,AGR_CULT_AREA,_Z,_Z,_T,QUINT_Q1,_T,_T,_T,_T,_Z,_Z,_Z,_Z,_Z,2021,3.85,,,,,,,,,AGR_CULT_AREA,HA,0.01,A,SEN_EHCVM2021_LEGACY_v1,
dataflow,WB.AFW360:AFW360_HH(0.3.0),R,A,SEN,_T,SURVEY,AGR_CULT_AREA,_Z,_Z,_T,QUINT_Q2,_T,_T,_T,_T,_Z,_Z,_Z,_Z,_Z,2021,4.11,,,,,,,,,AGR_CULT_AREA,HA,0.01,A,SEN_EHCVM2021_LEGACY_v1,
dataflow,WB.AFW360:AFW360_HH(0.3.0),R,A,SEN,_T,SURVEY,AGR_CULT_AREA,_Z,_Z,_T,QUINT_Q3,_T,_T,_T,_T,_Z,_Z,_Z,_Z,_Z,2021,4.29,,,,,,,,,AGR_CULT_AREA,HA,0.01,A,SEN_EHCVM2021_LEGACY_v1,
dataflow,WB.AFW360:AFW360_HH(0.3.0),R,A,SEN,_T,SURVEY,AGR_CULT_AREA,_Z,_Z,_T,QUINT_Q4,_T,_T,_T,_T,_Z,_Z,_Z,_Z,_Z,2021,3.54,,,,,,,,,AGR_CULT_AREA,HA,0.01,A,SEN_EHCVM2021_LEGACY_v1,
dataflow,WB.AFW360:AFW360_HH(0.3.0),R,A,SEN,_T,SURVEY,AGR_CULT_AREA,_Z,_Z,_T,QUINT_Q5,_T,_T,_T,_T,_Z,_Z,_Z,_Z,_Z,2021,3.35,,,,,,,,,AGR_CULT_AREA,HA,0.01,A,SEN_EHCVM2021_LEGACY_v1,
dataflow,WB.AFW360:AFW360_HH(0.3.0),R,A,SEN,_T,SURVEY,AGR_CULT_AREA,_Z,_Z,_T,_T,_T,_T,_T,_T,_Z,_Z,_Z,_Z,_Z,2021,3.94,,,,,,,,,AGR_CULT_AREA,HA,0.01,A,SEN_EHCVM2021_LEGACY_v1,
dataflow,WB.AFW360:AFW360_HH(0.3.0),R,A,SEN,_T,SURVEY,AGR_LIVESTOCK_ANY,_Z,_Z,CAP,_T,_T,_T,_T,_T,_Z,_Z,_Z,_Z,_Z,2021,0.26,,,,,,,,,AGR_LIVESTOCK_ANY,SHARE,0.01,A,SEN_EHCVM2021_LEGACY_v1,
dataflow,WB.AFW360:AFW360_HH(0.3.0),R,A,SEN,_T,SURVEY,AGR_LIVESTOCK_ANY,_Z,_Z,OU,_T,_T,_T,_T,_T,_Z,_Z,_Z,_Z,_Z,2021,0.46,,,,,,,,,AGR_LIVESTOCK_ANY,SHARE,0.01,A,SEN_EHCVM2021_LEGACY_v1,
dataflow,WB.AFW360:AFW360_HH(0.3.0),R,A,SEN,_T,SURVEY,AGR_LIVESTOCK_ANY,_Z,_Z,R,_T,_T,_T,_T,_T,_Z,_Z,_Z,_Z,_Z,2021,0.76,,,,,,,,,AGR_LIVESTOCK_ANY,SHARE,0.01,A,SEN_EHCVM2021_LEGACY_v1,
dataflow,WB.AFW360:AFW360_HH(0.3.0),R,A,SEN,_T,SURVEY,AGR_LIVESTOCK_ANY,_Z,_Z,_T,HHH_AGE_GE35,_T,_T,_T,_T,_Z,_Z,_Z,_Z,_Z,2021,0.57,,,,,,,,,AGR_LIVESTOCK_ANY,SHARE,0.01,A,SEN_EHCVM2021_LEGACY_v1,
dataflow,WB.AFW360:AFW360_HH(0.3.0),R,A,SEN,_T,SURVEY,AGR_LIVESTOCK_ANY,_Z,_Z,_T,HHH_AGE_LT35,_T,_T,_T,_T,_Z,_Z,_Z,_Z,_Z,2021,0.54,,,,,,,,,AGR_LIVESTOCK_ANY,SHARE,0.01,A,SEN_EHCVM2021_LEGACY_v1,
dataflow,WB.AFW360:AFW360_HH(0.3.0),R,A,SEN,_T,SURVEY,AGR_LIVESTOCK_ANY,_Z,_Z,_T,HHH_SEX_F,_T,_T,_T,_T,_Z,_Z,_Z,_Z,_Z,2021,0.41,,,,,,,,,AGR_LIVESTOCK_ANY,SHARE,0.01,A,SEN_EHCVM2021_LEGACY_v1,
dataflow,WB.AFW360:AFW360_HH(0.3.0),R,A,SEN,_T,SURVEY,AGR_LIVESTOCK_ANY,_Z,_Z,_T,HHH_SEX_M,_T,_T,_T,_T,_Z,_Z,_Z,_Z,_Z,2021,0.63,,,,,,,,,AGR_LIVESTOCK_ANY,SHARE,0.01,A,SEN_EHCVM2021_LEGACY_v1,
dataflow,WB.AFW360:AFW360_HH(0.3.0),R,A,SEN,_T,SURVEY,AGR_LIVESTOCK_ANY,_Z,_Z,_T,QUINT_Q1,_T,_T,_T,_T,_Z,_Z,_Z,_Z,_Z,2021,0.76,,,,,,,,,AGR_LIVESTOCK_ANY,SHARE,0.01,A,SEN_EHCVM2021_LEGACY_v1,
dataflow,WB.AFW360:AFW360_HH(0.3.0),R,A,SEN,_T,SURVEY,AGR_LIVESTOCK_ANY,_Z,_Z,_T,QUINT_Q2,_T,_T,_T,_T,_Z,_Z,_Z,_Z,_Z,2021,0.66,,,,,,,,,AGR_LIVESTOCK_ANY,SHARE,0.01,A,SEN_EHCVM2021_LEGACY_v1,
dataflow,WB.AFW360:AFW360_HH(0.3.0),R,A,SEN,_T,SURVEY,AGR_LIVESTOCK_ANY,_Z,_Z,_T,QUINT_Q3,_T,_T,_T,_T,_Z,_Z,_Z,_Z,_Z,2021,0.62,,,,,,,,,AGR_LIVESTOCK_ANY,SHARE,0.01,A,SEN_EHCVM2021_LEGACY_v1,
dataflow,WB.AFW360:AFW360_HH(0.3.0),R,A,SEN,_T,SURVEY,AGR_LIVESTOCK_ANY,_Z,_Z,_T,QUINT_Q4,_T,_T,_T,_T,_Z,_Z,_Z,_Z,_Z,2021,0.48,,,,,,,,,AGR_LIVESTOCK_ANY,SHARE,0.01,A,SEN_EHCVM2021_LEGACY_v1,
dataflow,WB.AFW360:AFW360_HH(0.3.0),R,A,SEN,_T,SURVEY,AGR_LIVESTOCK_ANY,_Z,_Z,_T,QUINT_Q5,_T,_T,_T,_T,_Z,_Z,_Z,_Z,_Z,2021,0.34,,,,,,,,,AGR_LIVESTOCK_ANY,SHARE,0.01,A,SEN_EHCVM2021_LEGACY_v1,
dataflow,WB.AFW360:AFW360_HH(0.3.0),R,A,SEN,_T,SURVEY,AGR_LIVESTOCK_ANY,_Z,_Z,_T,_T,_T,_T,_T,_T,_Z,_Z,_Z,_Z,_Z,2021,0.57,,,,,,,,,AGR_LIVESTOCK_ANY,SHARE,0.01,A,SEN_EHCVM2021_LEGACY_v1,
dataflow,WB.AFW360:AFW360_HH(0.3.0),R,A,SEN,_T,SURVEY,AGR_TLU,_Z,_Z,CAP,_T,_T,_T,_T,_T,_Z,_Z,_Z,_Z,_Z,2021,0.18,,,,,,,,,AGR_TLU,TLU,0.01,A,SEN_EHCVM2021_LEGACY_v1,
dataflow,WB.AFW360:AFW360_HH(0.3.0),R,A,SEN,_T,SURVEY,AGR_TLU,_Z,_Z,OU,_T,_T,_T,_T,_T,_Z,_Z,_Z,_Z,_Z,2021,0.82,,,,,,,,,AGR_TLU,TLU,0.01,A,SEN_EHCVM2021_LEGACY_v1,
dataflow,WB.AFW360:AFW360_HH(0.3.0),R,A,SEN,_T,SURVEY,AGR_TLU,_Z,_Z,R,_T,_T,_T,_T,_T,_Z,_Z,_Z,_Z,_Z,2021,4.91,,,,,,,,,AGR_TLU,TLU,0.01,A,SEN_EHCVM2021_LEGACY_v1,
dataflow,WB.AFW360:AFW360_HH(0.3.0),R,A,SEN,_T,SURVEY,AGR_TLU,_Z,_Z,_T,HHH_AGE_GE35,_T,_T,_T,_T,_Z,_Z,_Z,_Z,_Z,2021,2.84,,,,,,,,,AGR_TLU,TLU,0.01,A,SEN_EHCVM2021_LEGACY_v1,
dataflow,WB.AFW360:AFW360_HH(0.3.0),R,A,SEN,_T,SURVEY,AGR_TLU,_Z,_Z,_T,HHH_AGE_LT35,_T,_T,_T,_T,_Z,_Z,_Z,_Z,_Z,2021,2.63,,,,,,,,,AGR_TLU,TLU,0.01,A,SEN_EHCVM2021_LEGACY_v1,
dataflow,WB.AFW360:AFW360_HH(0.3.0),R,A,SEN,_T,SURVEY,AGR_TLU,_Z,_Z,_T,HHH_SEX_F,_T,_T,_T,_T,_Z,_Z,_Z,_Z,_Z,2021,0.85,,,,,,,,,AGR_TLU,TLU,0.01,A,SEN_EHCVM2021_LEGACY_v1,
dataflow,WB.AFW360:AFW360_HH(0.3.0),R,A,SEN,_T,SURVEY,AGR_TLU,_Z,_Z,_T,HHH_SEX_M,_T,_T,_T,_T,_Z,_Z,_Z,_Z,_Z,2021,3.51,,,,,,,,,AGR_TLU,TLU,0.01,A,SEN_EHCVM2021_LEGACY_v1,
dataflow,WB.AFW360:AFW360_HH(0.3.0),R,A,SEN,_T,SURVEY,AGR_TLU,_Z,_Z,_T,QUINT_Q1,_T,_T,_T,_T,_Z,_Z,_Z,_Z,_Z,2021,4.86,,,,,,,,,AGR_TLU,TLU,0.01,A,SEN_EHCVM2021_LEGACY_v1,
dataflow,WB.AFW360:AFW360_HH(0.3.0),R,A,SEN,_T,SURVEY,AGR_TLU,_Z,_Z,_T,QUINT_Q2,_T,_T,_T,_T,_Z,_Z,_Z,_Z,_Z,2021,3.5,,,,,,,,,AGR_TLU,TLU,0.01,A,SEN_EHCVM2021_LEGACY_v1,
dataflow,WB.AFW360:AFW360_HH(0.3.0),R,A,SEN,_T,SURVEY,AGR_TLU,_Z,_Z,_T,QUINT_Q3,_T,_T,_T,_T,_Z,_Z,_Z,_Z,_Z,2021,2.64,,,,,,,,,AGR_TLU,TLU,0.01,A,SEN_EHCVM2021_LEGACY_v1,
dataflow,WB.AFW360:AFW360_HH(0.3.0),R,A,SEN,_T,SURVEY,AGR_TLU,_Z,_Z,_T,QUINT_Q4,_T,_T,_T,_T,_Z,_Z,_Z,_Z,_Z,2021,2.16,,,,,,,,,AGR_TLU,TLU,0.01,A,SEN_EHCVM2021_LEGACY_v1,
dataflow,WB.AFW360:AFW360_HH(0.3.0),R,A,SEN,_T,SURVEY,AGR_TLU,_Z,_Z,_T,QUINT_Q5,_T,_T,_T,_T,_Z,_Z,_Z,_Z,_Z,2021,0.95,,,,,,,,,AGR_TLU,TLU,0.01,A,SEN_EHCVM2021_LEGACY_v1,
dataflow,WB.AFW360:AFW360_HH(0.3.0),R,A,SEN,_T,SURVEY,AGR_TLU,_Z,_Z,_T,_T,_T,_T,_T,_T,_Z,_Z,_Z,_Z,_Z,2021,2.82,,,,,,,,,AGR_TLU,TLU,0.01,A,SEN_EHCVM2021_LEGACY_v1,
dataflow,WB.AFW360:AFW360_HH(0.3.0),R,A,SEN,_T,SURVEY,CONS_SH,_Z,_Z,CAP,_T,_T,_T,_T,_T,COICOP_CP01,ACQ_OWNPROD,_Z,_Z,_Z,2021,0,,,,,,,,,CONS_SH.COICOP_CP01.ACQ_OWNPROD,SHARE,0.01,A,SEN_EHCVM2021_LEGACY_v1,
dataflow,WB.AFW360:AFW360_HH(0.3.0),R,A,SEN,_T,SURVEY,CONS_SH,_Z,_Z,CAP,_T,_T,_T,_T,_T,COICOP_CP01,ACQ_PURCH,_Z,_Z,_Z,2021,0.31,,,,,,,,,CONS_SH.COICOP_CP01.ACQ_PURCH,SHARE,0.01,A,SEN_EHCVM2021_LEGACY_v1,
dataflow,WB.AFW360:AFW360_HH(0.3.0),R,A,SEN,_T,SURVEY,CONS_SH,_Z,_Z,CAP,_T,_T,_T,_T,_T,COICOP_CP01,_Z,_Z,_Z,_Z,2021,0.33,,,,,,,,,CONS_SH.COICOP_CP01,SHARE,0.01,A,SEN_EHCVM2021_LEGACY_v1,
dataflow,WB.AFW360:AFW360_HH(0.3.0),R,A,SEN,_T,SURVEY,CONS_SH,_Z,_Z,CAP,_T,_T,_T,_T,_T,COICOP_CP02,_Z,_Z,_Z,_Z,2021,0,,,,,,,,,CONS_SH.COICOP_CP02,SHARE,0.01,A,SEN_EHCVM2021_LEGACY_v1,
dataflow,WB.AFW360:AFW360_HH(0.3.0),R,A,SEN,_T,SURVEY,CONS_SH,_Z,_Z,CAP,_T,_T,_T,_T,_T,COICOP_CP03,_Z,_Z,_Z,_Z,2021,0.05,,,,,,,,,CONS_SH.COICOP_CP03,SHARE,0.01,A,SEN_EHCVM2021_LEGACY_v1,
dataflow,WB.AFW360:AFW360_HH(0.3.0),R,A,SEN,_T,SURVEY,CONS_SH,_Z,_Z,CAP,_T,_T,_T,_T,_T,COICOP_CP04,_Z,_Z,_Z,_Z,2021,0.19,,,,,,,,,CONS_SH.COICOP_CP04,SHARE,0.01,A,SEN_EHCVM2021_LEGACY_v1,
dataflow,WB.AFW360:AFW360_HH(0.3.0),R,A,SEN,_T,SURVEY,CONS_SH,_Z,_Z,CAP,_T,_T,_T,_T,_T,COICOP_CP05,_Z,_Z,_Z,_Z,2021,0.06,,,,,,,,,CONS_SH.COICOP_CP05,SHARE,0.01,A,SEN_EHCVM2021_LEGACY_v1,
dataflow,WB.AFW360:AFW360_HH(0.3.0),R,A,SEN,_T,SURVEY,CONS_SH,_Z,_Z,CAP,_T,_T,_T,_T,_T,COICOP_CP06,_Z,_Z,_Z,_Z,2021,0.03,,,,,,,,,CONS_SH.COICOP_CP06,SHARE,0.01,A,SEN_EHCVM2021_LEGACY_v1,
dataflow,WB.AFW360:AFW360_HH(0.3.0),R,A,SEN,_T,SURVEY,CONS_SH,_Z,_Z,CAP,_T,_T,_T,_T,_T,COICOP_CP07,_Z,_Z,_Z,_Z,2021,0.05,,,,,,,,,CONS_SH.COICOP_CP07,SHARE,0.01,A,SEN_EHCVM2021_LEGACY_v1,
dataflow,WB.AFW360:AFW360_HH(0.3.0),R,A,SEN,_T,SURVEY,CONS_SH,_Z,_Z,CAP,_T,_T,_T,_T,_T,COICOP_CP08,_Z,_Z,_Z,_Z,2021,0.07,,,,,,,,,CONS_SH.COICOP_CP08,SHARE,0.01,A,SEN_EHCVM2021_LEGACY_v1,
dataflow,WB.AFW360:AFW360_HH(0.3.0),R,A,SEN,_T,SURVEY,CONS_SH,_Z,_Z,CAP,_T,_T,_T,_T,_T,COICOP_CP09,_Z,_Z,_Z,_Z,2021,0,,,,,,,,,CONS_SH.COICOP_CP09,SHARE,0.01,A,SEN_EHCVM2021_LEGACY_v1,
dataflow,WB.AFW360:AFW360_HH(0.3.0),R,A,SEN,_T,SURVEY,CONS_SH,_Z,_Z,CAP,_T,_T,_T,_T,_T,COICOP_CP10,_Z,_Z,_Z,_Z,2021,0.03,,,,,,,,,CONS_SH.COICOP_CP10,SHARE,0.01,A,SEN_EHCVM2021_LEGACY_v1,
dataflow,WB.AFW360:AFW360_HH(0.3.0),R,A,SEN,_T,SURVEY,CONS_SH,_Z,_Z,CAP,_T,_T,_T,_T,_T,COICOP_CP11,_Z,_Z,_Z,_Z,2021,0.15,,,,,,,,,CONS_SH.COICOP_CP11,SHARE,0.01,A,SEN_EHCVM2021_LEGACY_v1,
dataflow,WB.AFW360:AFW360_HH(0.3.0),R,A,SEN,_T,SURVEY,CONS_SH,_Z,_Z,CAP,_T,_T,_T,_T,_T,COICOP_CP12,_Z,_Z,_Z,_Z,2021,0,,,,,,,,,CONS_SH.COICOP_CP12,SHARE,0.01,A,SEN_EHCVM2021_LEGACY_v1,
dataflow,WB.AFW360:AFW360_HH(0.3.0),R,A,SEN,_T,SURVEY,CONS_SH,_Z,_Z,CAP,_T,_T,_T,_T,_T,COICOP_CP13,_Z,_Z,_Z,_Z,2021,0.03,,,,,,,,,CONS_SH.COICOP_CP13,SHARE,0.01,A,SEN_EHCVM2021_LEGACY_v1,
dataflow,WB.AFW360:AFW360_HH(0.3.0),R,A,SEN,_T,SURVEY,CONS_SH,_Z,_Z,OU,_T,_T,_T,_T,_T,COICOP_CP01,ACQ_OWNPROD,_Z,_Z,_Z,2021,0.01,,,,,,,,,CONS_SH.COICOP_CP01.ACQ_OWNPROD,SHARE,0.01,A,SEN_EHCVM2021_LEGACY_v1,
dataflow,WB.AFW360:AFW360_HH(0.3.0),R,A,SEN,_T,SURVEY,CONS_SH,_Z,_Z,OU,_T,_T,_T,_T,_T,COICOP_CP01,ACQ_PURCH,_Z,_Z,_Z,2021,0.41,,,,,,,,,CONS_SH.COICOP_CP01.ACQ_PURCH,SHARE,0.01,A,SEN_EHCVM2021_LEGACY_v1,
dataflow,WB.AFW360:AFW360_HH(0.3.0),R,A,SEN,_T,SURVEY,CONS_SH,_Z,_Z,OU,_T,_T,_T,_T,_T,COICOP_CP01,_Z,_Z,_Z,_Z,2021,0.44,,,,,,,,,CONS_SH.COICOP_CP01,SHARE,0.01,A,SEN_EHCVM2021_LEGACY_v1,
dataflow,WB.AFW360:AFW360_HH(0.3.0),R,A,SEN,_T,SURVEY,CONS_SH,_Z,_Z,OU,_T,_T,_T,_T,_T,COICOP_CP02,_Z,_Z,_Z,_Z,2021,0,,,,,,,,,CONS_SH.COICOP_CP02,SHARE,0.01,A,SEN_EHCVM2021_LEGACY_v1,
dataflow,WB.AFW360:AFW360_HH(0.3.0),R,A,SEN,_T,SURVEY,CONS_SH,_Z,_Z,OU,_T,_T,_T,_T,_T,COICOP_CP03,_Z,_Z,_Z,_Z,2021,0.06,,,,,,,,,CONS_SH.COICOP_CP03,SHARE,0.01,A,SEN_EHCVM2021_LEGACY_v1,
dataflow,WB.AFW360:AFW360_HH(0.3.0),R,A,SEN,_T,SURVEY,CONS_SH,_Z,_Z,OU,_T,_T,_T,_T,_T,COICOP_CP04,_Z,_Z,_Z,_Z,2021,0.16,,,,,,,,,CONS_SH.COICOP_CP04,SHARE,0.01,A,SEN_EHCVM2021_LEGACY_v1,
dataflow,WB.AFW360:AFW360_HH(0.3.0),R,A,SEN,_T,SURVEY,CONS_SH,_Z,_Z,OU,_T,_T,_T,_T,_T,COICOP_CP05,_Z,_Z,_Z,_Z,2021,0.06,,,,,,,,,CONS_SH.COICOP_CP05,SHARE,0.01,A,SEN_EHCVM2021_LEGACY_v1,
dataflow,WB.AFW360:AFW360_HH(0.3.0),R,A,SEN,_T,SURVEY,CONS_SH,_Z,_Z,OU,_T,_T,_T,_T,_T,COICOP_CP06,_Z,_Z,_Z,_Z,2021,0.03,,,,,,,,,CONS_SH.COICOP_CP06,SHARE,0.01,A,SEN_EHCVM2021_LEGACY_v1,
dataflow,WB.AFW360:AFW360_HH(0.3.0),R,A,SEN,_T,SURVEY,CONS_SH,_Z,_Z,OU,_T,_T,_T,_T,_T,COICOP_CP07,_Z,_Z,_Z,_Z,2021,0.03,,,,,,,,,CONS_SH.COICOP_CP07,SHARE,0.01,A,SEN_EHCVM2021_LEGACY_v1,
dataflow,WB.AFW360:AFW360_HH(0.3.0),R,A,SEN,_T,SURVEY,CONS_SH,_Z,_Z,OU,_T,_T,_T,_T,_T,COICOP_CP08,_Z,_Z,_Z,_Z,2021,0.07,,,,,,,,,CONS_SH.COICOP_CP08,SHARE,0.01,A,SEN_EHCVM2021_LEGACY_v1,
dataflow,WB.AFW360:AFW360_HH(0.3.0),R,A,SEN,_T,SURVEY,CONS_SH,_Z,_Z,OU,_T,_T,_T,_T,_T,COICOP_CP09,_Z,_Z,_Z,_Z,2021,0,,,,,,,,,CONS_SH.COICOP_CP09,SHARE,0.01,A,SEN_EHCVM2021_LEGACY_v1,
dataflow,WB.AFW360:AFW360_HH(0.3.0),R,A,SEN,_T,SURVEY,CONS_SH,_Z,_Z,OU,_T,_T,_T,_T,_T,COICOP_CP10,_Z,_Z,_Z,_Z,2021,0.02,,,,,,,,,CONS_SH.COICOP_CP10,SHARE,0.01,A,SEN_EHCVM2021_LEGACY_v1,
dataflow,WB.AFW360:AFW360_HH(0.3.0),R,A,SEN,_T,SURVEY,CONS_SH,_Z,_Z,OU,_T,_T,_T,_T,_T,COICOP_CP11,_Z,_Z,_Z,_Z,2021,0.1,,,,,,,,,CONS_SH.COICOP_CP11,SHARE,0.01,A,SEN_EHCVM2021_LEGACY_v1,
dataflow,WB.AFW360:AFW360_HH(0.3.0),R,A,SEN,_T,SURVEY,CONS_SH,_Z,_Z,OU,_T,_T,_T,_T,_T,COICOP_CP12,_Z,_Z,_Z,_Z,2021,0,,,,,,,,,CONS_SH.COICOP_CP12,SHARE,0.01,A,SEN_EHCVM2021_LEGACY_v1,
dataflow,WB.AFW360:AFW360_HH(0.3.0),R,A,SEN,_T,SURVEY,CONS_SH,_Z,_Z,OU,_T,_T,_T,_T,_T,COICOP_CP13,_Z,_Z,_Z,_Z,2021,0.03,,,,,,,,,CONS_SH.COICOP_CP13,SHARE,0.01,A,SEN_EHCVM2021_LEGACY_v1,
dataflow,WB.AFW360:AFW360_HH(0.3.0),R,A,SEN,_T,SURVEY,CONS_SH,_Z,_Z,R,_T,_T,_T,_T,_T,COICOP_CP01,ACQ_OWNPROD,_Z,_Z,_Z,2021,0.07,,,,,,,,,CONS_SH.COICOP_CP01.ACQ_OWNPROD,SHARE,0.01,A,SEN_EHCVM2021_LEGACY_v1,
dataflow,WB.AFW360:AFW360_HH(0.3.0),R,A,SEN,_T,SURVEY,CONS_SH,_Z,_Z,R,_T,_T,_T,_T,_T,COICOP_CP01,ACQ_PURCH,_Z,_Z,_Z,2021,0.41,,,,,,,,,CONS_SH.COICOP_CP01.ACQ_PURCH,SHARE,0.01,A,SEN_EHCVM2021_LEGACY_v1,
dataflow,WB.AFW360:AFW360_HH(0.3.0),R,A,SEN,_T,SURVEY,CONS_SH,_Z,_Z,R,_T,_T,_T,_T,_T,COICOP_CP01,_Z,_Z,_Z,_Z,2021,0.5,,,,,,,,,CONS_SH.COICOP_CP01,SHARE,0.01,A,SEN_EHCVM2021_LEGACY_v1,
dataflow,WB.AFW360:AFW360_HH(0.3.0),R,A,SEN,_T,SURVEY,CONS_SH,_Z,_Z,R,_T,_T,_T,_T,_T,COICOP_CP02,_Z,_Z,_Z,_Z,2021,0,,,,,,,,,CONS_SH.COICOP_CP02,SHARE,0.01,A,SEN_EHCVM2021_LEGACY_v1,
dataflow,WB.AFW360:AFW360_HH(0.3.0),R,A,SEN,_T,SURVEY,CONS_SH,_Z,_Z,R,_T,_T,_T,_T,_T,COICOP_CP03,_Z,_Z,_Z,_Z,2021,0.06,,,,,,,,,CONS_SH.COICOP_CP03,SHARE,0.01,A,SEN_EHCVM2021_LEGACY_v1,
dataflow,WB.AFW360:AFW360_HH(0.3.0),R,A,SEN,_T,SURVEY,CONS_SH,_Z,_Z,R,_T,_T,_T,_T,_T,COICOP_CP04,_Z,_Z,_Z,_Z,2021,0.17,,,,,,,,,CONS_SH.COICOP_CP04,SHARE,0.01,A,SEN_EHCVM2021_LEGACY_v1,
dataflow,WB.AFW360:AFW360_HH(0.3.0),R,A,SEN,_T,SURVEY,CONS_SH,_Z,_Z,R,_T,_T,_T,_T,_T,COICOP_CP05,_Z,_Z,_Z,_Z,2021,0.05,,,,,,,,,CONS_SH.COICOP_CP05,SHARE,0.01,A,SEN_EHCVM2021_LEGACY_v1,
dataflow,WB.AFW360:AFW360_HH(0.3.0),R,A,SEN,_T,SURVEY,CONS_SH,_Z,_Z,R,_T,_T,_T,_T,_T,COICOP_CP06,_Z,_Z,_Z,_Z,2021,0.03,,,,,,,,,CONS_SH.COICOP_CP06,SHARE,0.01,A,SEN_EHCVM2021_LEGACY_v1,
dataflow,WB.AFW360:AFW360_HH(0.3.0),R,A,SEN,_T,SURVEY,CONS_SH,_Z,_Z,R,_T,_T,_T,_T,_T,COICOP_CP07,_Z,_Z,_Z,_Z,2021,0.03,,,,,,,,,CONS_SH.COICOP_CP07,SHARE,0.01,A,SEN_EHCVM2021_LEGACY_v1,
dataflow,WB.AFW360:AFW360_HH(0.3.0),R,A,SEN,_T,SURVEY,CONS_SH,_Z,_Z,R,_T,_T,_T,_T,_T,COICOP_CP08,_Z,_Z,_Z,_Z,2021,0.05,,,,,,,,,CONS_SH.COICOP_CP08,SHARE,0.01,A,SEN_EHCVM2021_LEGACY_v1,
dataflow,WB.AFW360:AFW360_HH(0.3.0),R,A,SEN,_T,SURVEY,CONS_SH,_Z,_Z,R,_T,_T,_T,_T,_T,COICOP_CP09,_Z,_Z,_Z,_Z,2021,0,,,,,,,,,CONS_SH.COICOP_CP09,SHARE,0.01,A,SEN_EHCVM2021_LEGACY_v1,
dataflow,WB.AFW360:AFW360_HH(0.3.0),R,A,SEN,_T,SURVEY,CONS_SH,_Z,_Z,R,_T,_T,_T,_T,_T,COICOP_CP10,_Z,_Z,_Z,_Z,2021,0.01,,,,,,,,,CONS_SH.COICOP_CP10,SHARE,0.01,A,SEN_EHCVM2021_LEGACY_v1,
dataflow,WB.AFW360:AFW360_HH(0.3.0),R,A,SEN,_T,SURVEY,CONS_SH,_Z,_Z,R,_T,_T,_T,_T,_T,COICOP_CP11,_Z,_Z,_Z,_Z,2021,0.07,,,,,,,,,CONS_SH.COICOP_CP11,SHARE,0.01,A,SEN_EHCVM2021_LEGACY_v1,
dataflow,WB.AFW360:AFW360_HH(0.3.0),R,A,SEN,_T,SURVEY,CONS_SH,_Z,_Z,R,_T,_T,_T,_T,_T,COICOP_CP12,_Z,_Z,_Z,_Z,2021,0,,,,,,,,,CONS_SH.COICOP_CP12,SHARE,0.01,A,SEN_EHCVM2021_LEGACY_v1,
dataflow,WB.AFW360:AFW360_HH(0.3.0),R,A,SEN,_T,SURVEY,CONS_SH,_Z,_Z,R,_T,_T,_T,_T,_T,COICOP_CP13,_Z,_Z,_Z,_Z,2021,0.02,,,,,,,,,CONS_SH.COICOP_CP13,SHARE,0.01,A,SEN_EHCVM2021_LEGACY_v1,
dataflow,WB.AFW360:AFW360_HH(0.3.0),R,A,SEN,_T,SURVEY,CONS_SH,_Z,_Z,_T,HHH_AGE_GE35,_T,_T,_T,_T,COICOP_CP01,ACQ_OWNPROD,_Z,_Z,_Z,2021,0.04,,,,,,,,,CONS_SH.COICOP_CP01.ACQ_OWNPROD,SHARE,0.01,A,SEN_EHCVM2021_LEGACY_v1,
dataflow,WB.AFW360:AFW360_HH(0.3.0),R,A,SEN,_T,SURVEY,CONS_SH,_Z,_Z,_T,HHH_AGE_GE35,_T,_T,_T,_T,COICOP_CP01,ACQ_PURCH,_Z,_Z,_Z,2021,0.39,,,,,,,,,CONS_SH.COICOP_CP01.ACQ_PURCH,SHARE,0.01,A,SEN_EHCVM2021_LEGACY_v1,
dataflow,WB.AFW360:AFW360_HH(0.3.0),R,A,SEN,_T,SURVEY,CONS_SH,_Z,_Z,_T,HHH_AGE_GE35,_T,_T,_T,_T,COICOP_CP01,_Z,_Z,_Z,_Z,2021,0.45,,,,,,,,,CONS_SH.COICOP_CP01,SHARE,0.01,A,SEN_EHCVM2021_LEGACY_v1,
dataflow,WB.AFW360:AFW360_HH(0.3.0),R,A,SEN,_T,SURVEY,CONS_SH,_Z,_Z,_T,HHH_AGE_GE35,_T,_T,_T,_T,COICOP_CP02,_Z,_Z,_Z,_Z,2021,0,,,,,,,,,CONS_SH.COICOP_CP02,SHARE,0.01,A,SEN_EHCVM2021_LEGACY_v1,
dataflow,WB.AFW360:AFW360_HH(0.3.0),R,A,SEN,_T,SURVEY,CONS_SH,_Z,_Z,_T,HHH_AGE_GE35,_T,_T,_T,_T,COICOP_CP03,_Z,_Z,_Z,_Z,2021,0.06,,,,,,,,,CONS_SH.COICOP_CP03,SHARE,0.01,A,SEN_EHCVM2021_LEGACY_v1,
dataflow,WB.AFW360:AFW360_HH(0.3.0),R,A,SEN,_T,SURVEY,CONS_SH,_Z,_Z,_T,HHH_AGE_GE35,_T,_T,_T,_T,COICOP_CP04,_Z,_Z,_Z,_Z,2021,0.17,,,,,,,,,CONS_SH.COICOP_CP04,SHARE,0.01,A,SEN_EHCVM2021_LEGACY_v1,
dataflow,WB.AFW360:AFW360_HH(0.3.0),R,A,SEN,_T,SURVEY,CONS_SH,_Z,_Z,_T,HHH_AGE_GE35,_T,_T,_T,_T,COICOP_CP05,_Z,_Z,_Z,_Z,2021,0.05,,,,,,,,,CONS_SH.COICOP_CP05,SHARE,0.01,A,SEN_EHCVM2021_LEGACY_v1,
dataflow,WB.AFW360:AFW360_HH(0.3.0),R,A,SEN,_T,SURVEY,CONS_SH,_Z,_Z,_T,HHH_AGE_GE35,_T,_T,_T,_T,COICOP_CP06,_Z,_Z,_Z,_Z,2021,0.03,,,,,,,,,CONS_SH.COICOP_CP06,SHARE,0.01,A,SEN_EHCVM2021_LEGACY_v1,
dataflow,WB.AFW360:AFW360_HH(0.3.0),R,A,SEN,_T,SURVEY,CONS_SH,_Z,_Z,_T,HHH_AGE_GE35,_T,_T,_T,_T,COICOP_CP07,_Z,_Z,_Z,_Z,2021,0.03,,,,,,,,,CONS_SH.COICOP_CP07,SHARE,0.01,A,SEN_EHCVM2021_LEGACY_v1,
dataflow,WB.AFW360:AFW360_HH(0.3.0),R,A,SEN,_T,SURVEY,CONS_SH,_Z,_Z,_T,HHH_AGE_GE35,_T,_T,_T,_T,COICOP_CP08,_Z,_Z,_Z,_Z,2021,0.06,,,,,,,,,CONS_SH.COICOP_CP08,SHARE,0.01,A,SEN_EHCVM2021_LEGACY_v1,
dataflow,WB.AFW360:AFW360_HH(0.3.0),R,A,SEN,_T,SURVEY,CONS_SH,_Z,_Z,_T,HHH_AGE_GE35,_T,_T,_T,_T,COICOP_CP09,_Z,_Z,_Z,_Z,2021,0,,,,,,,,,CONS_SH.COICOP_CP09,SHARE,0.01,A,SEN_EHCVM2021_LEGACY_v1,
dataflow,WB.AFW360:AFW360_HH(0.3.0),R,A,SEN,_T,SURVEY,CONS_SH,_Z,_Z,_T,HHH_AGE_GE35,_T,_T,_T,_T,COICOP_CP10,_Z,_Z,_Z,_Z,2021,0.02,,,,,,,,,CONS_SH.COICOP_CP10,SHARE,0.01,A,SEN_EHCVM2021_LEGACY_v1,
dataflow,WB.AFW360:AFW360_HH(0.3.0),R,A,SEN,_T,SURVEY,CONS_SH,_Z,_Z,_T,HHH_AGE_GE35,_T,_T,_T,_T,COICOP_CP11,_Z,_Z,_Z,_Z,2021,0.09,,,,,,,,,CONS_SH.COICOP_CP11,SHARE,0.01,A,SEN_EHCVM2021_LEGACY_v1,
dataflow,WB.AFW360:AFW360_HH(0.3.0),R,A,SEN,_T,SURVEY,CONS_SH,_Z,_Z,_T,HHH_AGE_GE35,_T,_T,_T,_T,COICOP_CP12,_Z,_Z,_Z,_Z,2021,0,,,,,,,,,CONS_SH.COICOP_CP12,SHARE,0.01,A,SEN_EHCVM2021_LEGACY_v1,
dataflow,WB.AFW360:AFW360_HH(0.3.0),R,A,SEN,_T,SURVEY,CONS_SH,_Z,_Z,_T,HHH_AGE_GE35,_T,_T,_T,_T,COICOP_CP13,_Z,_Z,_Z,_Z,2021,0.03,,,,,,,,,CONS_SH.COICOP_CP13,SHARE,0.01,A,SEN_EHCVM2021_LEGACY_v1,
dataflow,WB.AFW360:AFW360_HH(0.3.0),R,A,SEN,_T,SURVEY,CONS_SH,_Z,_Z,_T,HHH_AGE_LT35,_T,_T,_T,_T,COICOP_CP01,ACQ_OWNPROD,_Z,_Z,_Z,2021,0.04,,,,,,,,,CONS_SH.COICOP_CP01.ACQ_OWNPROD,SHARE,0.01,A,SEN_EHCVM2021_LEGACY_v1,
dataflow,WB.AFW360:AFW360_HH(0.3.0),R,A,SEN,_T,SURVEY,CONS_SH,_Z,_Z,_T,HHH_AGE_LT35,_T,_T,_T,_T,COICOP_CP01,ACQ_PURCH,_Z,_Z,_Z,2021,0.38,,,,,,,,,CONS_SH.COICOP_CP01.ACQ_PURCH,SHARE,0.01,A,SEN_EHCVM2021_LEGACY_v1,
dataflow,WB.AFW360:AFW360_HH(0.3.0),R,A,SEN,_T,SURVEY,CONS_SH,_Z,_Z,_T,HHH_AGE_LT35,_T,_T,_T,_T,COICOP_CP01,_Z,_Z,_Z,_Z,2021,0.45,,,,,,,,,CONS_SH.COICOP_CP01,SHARE,0.01,A,SEN_EHCVM2021_LEGACY_v1,
dataflow,WB.AFW360:AFW360_HH(0.3.0),R,A,SEN,_T,SURVEY,CONS_SH,_Z,_Z,_T,HHH_AGE_LT35,_T,_T,_T,_T,COICOP_CP02,_Z,_Z,_Z,_Z,2021,0,,,,,,,,,CONS_SH.COICOP_CP02,SHARE,0.01,A,SEN_EHCVM2021_LEGACY_v1,
dataflow,WB.AFW360:AFW360_HH(0.3.0),R,A,SEN,_T,SURVEY,CONS_SH,_Z,_Z,_T,HHH_AGE_LT35,_T,_T,_T,_T,COICOP_CP03,_Z,_Z,_Z,_Z,2021,0.06,,,,,,,,,CONS_SH.COICOP_CP03,SHARE,0.01,A,SEN_EHCVM2021_LEGACY_v1,
dataflow,WB.AFW360:AFW360_HH(0.3.0),R,A,SEN,_T,SURVEY,CONS_SH,_Z,_Z,_T,HHH_AGE_LT35,_T,_T,_T,_T,COICOP_CP04,_Z,_Z,_Z,_Z,2021,0.17,,,,,,,,,CONS_SH.COICOP_CP04,SHARE,0.01,A,SEN_EHCVM2021_LEGACY_v1,
dataflow,WB.AFW360:AFW360_HH(0.3.0),R,A,SEN,_T,SURVEY,CONS_SH,_Z,_Z,_T,HHH_AGE_LT35,_T,_T,_T,_T,COICOP_CP05,_Z,_Z,_Z,_Z,2021,0.05,,,,,,,,,CONS_SH.COICOP_CP05,SHARE,0.01,A,SEN_EHCVM2021_LEGACY_v1,
dataflow,WB.AFW360:AFW360_HH(0.3.0),R,A,SEN,_T,SURVEY,CONS_SH,_Z,_Z,_T,HHH_AGE_LT35,_T,_T,_T,_T,COICOP_CP06,_Z,_Z,_Z,_Z,2021,0.03,,,,,,,,,CONS_SH.COICOP_CP06,SHARE,0.01,A,SEN_EHCVM2021_LEGACY_v1,
dataflow,WB.AFW360:AFW360_HH(0.3.0),R,A,SEN,_T,SURVEY,CONS_SH,_Z,_Z,_T,HHH_AGE_LT35,_T,_T,_T,_T,COICOP_CP07,_Z,_Z,_Z,_Z,2021,0.04,,,,,,,,,CONS_SH.COICOP_CP07,SHARE,0.01,A,SEN_EHCVM2021_LEGACY_v1,
dataflow,WB.AFW360:AFW360_HH(0.3.0),R,A,SEN,_T,SURVEY,CONS_SH,_Z,_Z,_T,HHH_AGE_LT35,_T,_T,_T,_T,COICOP_CP08,_Z,_Z,_Z,_Z,2021,0.06,,,,,,,,,CONS_SH.COICOP_CP08,SHARE,0.01,A,SEN_EHCVM2021_LEGACY_v1,
dataflow,WB.AFW360:AFW360_HH(0.3.0),R,A,SEN,_T,SURVEY,CONS_SH,_Z,_Z,_T,HHH_AGE_LT35,_T,_T,_T,_T,COICOP_CP09,_Z,_Z,_Z,_Z,2021,0,,,,,,,,,CONS_SH.COICOP_CP09,SHARE,0.01,A,SEN_EHCVM2021_LEGACY_v1,
dataflow,WB.AFW360:AFW360_HH(0.3.0),R,A,SEN,_T,SURVEY,CONS_SH,_Z,_Z,_T,HHH_AGE_LT35,_T,_T,_T,_T,COICOP_CP10,_Z,_Z,_Z,_Z,2021,0.01,,,,,,,,,CONS_SH.COICOP_CP10,SHARE,0.01,A,SEN_EHCVM2021_LEGACY_v1,
dataflow,WB.AFW360:AFW360_HH(0.3.0),R,A,SEN,_T,SURVEY,CONS_SH,_Z,_Z,_T,HHH_AGE_LT35,_T,_T,_T,_T,COICOP_CP11,_Z,_Z,_Z,_Z,2021,0.1,,,,,,,,,CONS_SH.COICOP_CP11,SHARE,0.01,A,SEN_EHCVM2021_LEGACY_v1,
dataflow,WB.AFW360:AFW360_HH(0.3.0),R,A,SEN,_T,SURVEY,CONS_SH,_Z,_Z,_T,HHH_AGE_LT35,_T,_T,_T,_T,COICOP_CP12,_Z,_Z,_Z,_Z,2021,0,,,,,,,,,CONS_SH.COICOP_CP12,SHARE,0.01,A,SEN_EHCVM2021_LEGACY_v1,
dataflow,WB.AFW360:AFW360_HH(0.3.0),R,A,SEN,_T,SURVEY,CONS_SH,_Z,_Z,_T,HHH_AGE_LT35,_T,_T,_T,_T,COICOP_CP13,_Z,_Z,_Z,_Z,2021,0.03,,,,,,,,,CONS_SH.COICOP_CP13,SHARE,0.01,A,SEN_EHCVM2021_LEGACY_v1,
dataflow,WB.AFW360:AFW360_HH(0.3.0),R,A,SEN,_T,SURVEY,CONS_SH,_Z,_Z,_T,HHH_SEX_F,_T,_T,_T,_T,COICOP_CP01,ACQ_OWNPROD,_Z,_Z,_Z,2021,0.01,,,,,,,,,CONS_SH.COICOP_CP01.ACQ_OWNPROD,SHARE,0.01,A,SEN_EHCVM2021_LEGACY_v1,
dataflow,WB.AFW360:AFW360_HH(0.3.0),R,A,SEN,_T,SURVEY,CONS_SH,_Z,_Z,_T,HHH_SEX_F,_T,_T,_T,_T,COICOP_CP01,ACQ_PURCH,_Z,_Z,_Z,2021,0.39,,,,,,,,,CONS_SH.COICOP_CP01.ACQ_PURCH,SHARE,0.01,A,SEN_EHCVM2021_LEGACY_v1,
dataflow,WB.AFW360:AFW360_HH(0.3.0),R,A,SEN,_T,SURVEY,CONS_SH,_Z,_Z,_T,HHH_SEX_F,_T,_T,_T,_T,COICOP_CP01,_Z,_Z,_Z,_Z,2021,0.42,,,,,,,,,CONS_SH.COICOP_CP01,SHARE,0.01,A,SEN_EHCVM2021_LEGACY_v1,
dataflow,WB.AFW360:AFW360_HH(0.3.0),R,A,SEN,_T,SURVEY,CONS_SH,_Z,_Z,_T,HHH_SEX_F,_T,_T,_T,_T,COICOP_CP02,_Z,_Z,_Z,_Z,2021,0,,,,,,,,,CONS_SH.COICOP_CP02,SHARE,0.01,A,SEN_EHCVM2021_LEGACY_v1,
dataflow,WB.AFW360:AFW360_HH(0.3.0),R,A,SEN,_T,SURVEY,CONS_SH,_Z,_Z,_T,HHH_SEX_F,_T,_T,_T,_T,COICOP_CP03,_Z,_Z,_Z,_Z,2021,0.06,,,,,,,,,CONS_SH.COICOP_CP03,SHARE,0.01,A,SEN_EHCVM2021_LEGACY_v1,
dataflow,WB.AFW360:AFW360_HH(0.3.0),R,A,SEN,_T,SURVEY,CONS_SH,_Z,_Z,_T,HHH_SEX_F,_T,_T,_T,_T,COICOP_CP04,_Z,_Z,_Z,_Z,2021,0.18,,,,,,,,,CONS_SH.COICOP_CP04,SHARE,0.01,A,SEN_EHCVM2021_LEGACY_v1,
dataflow,WB.AFW360:AFW360_HH(0.3.0),R,A,SEN,_T,SURVEY,CONS_SH,_Z,_Z,_T,HHH_SEX_F,_T,_T,_T,_T,COICOP_CP05,_Z,_Z,_Z,_Z,2021,0.06,,,,,,,,,CONS_SH.COICOP_CP05,SHARE,0.01,A,SEN_EHCVM2021_LEGACY_v1,
dataflow,WB.AFW360:AFW360_HH(0.3.0),R,A,SEN,_T,SURVEY,CONS_SH,_Z,_Z,_T,HHH_SEX_F,_T,_T,_T,_T,COICOP_CP06,_Z,_Z,_Z,_Z,2021,0.03,,,,,,,,,CONS_SH.COICOP_CP06,SHARE,0.01,A,SEN_EHCVM2021_LEGACY_v1,
dataflow,WB.AFW360:AFW360_HH(0.3.0),R,A,SEN,_T,SURVEY,CONS_SH,_Z,_Z,_T,HHH_SEX_F,_T,_T,_T,_T,COICOP_CP07,_Z,_Z,_Z,_Z,2021,0.03,,,,,,,,,CONS_SH.COICOP_CP07,SHARE,0.01,A,SEN_EHCVM2021_LEGACY_v1,
dataflow,WB.AFW360:AFW360_HH(0.3.0),R,A,SEN,_T,SURVEY,CONS_SH,_Z,_Z,_T,HHH_SEX_F,_T,_T,_T,_T,COICOP_CP08,_Z,_Z,_Z,_Z,2021,0.06,,,,,,,,,CONS_SH.COICOP_CP08,SHARE,0.01,A,SEN_EHCVM2021_LEGACY_v1,
dataflow,WB.AFW360:AFW360_HH(0.3.0),R,A,SEN,_T,SURVEY,CONS_SH,_Z,_Z,_T,HHH_SEX_F,_T,_T,_T,_T,COICOP_CP09,_Z,_Z,_Z,_Z,2021,0,,,,,,,,,CONS_SH.COICOP_CP09,SHARE,0.01,A,SEN_EHCVM2021_LEGACY_v1,
dataflow,WB.AFW360:AFW360_HH(0.3.0),R,A,SEN,_T,SURVEY,CONS_SH,_Z,_Z,_T,HHH_SEX_F,_T,_T,_T,_T,COICOP_CP10,_Z,_Z,_Z,_Z,2021,0.02,,,,,,,,,CONS_SH.COICOP_CP10,SHARE,0.01,A,SEN_EHCVM2021_LEGACY_v1,
dataflow,WB.AFW360:AFW360_HH(0.3.0),R,A,SEN,_T,SURVEY,CONS_SH,_Z,_Z,_T,HHH_SEX_F,_T,_T,_T,_T,COICOP_CP11,_Z,_Z,_Z,_Z,2021,0.1,,,,,,,,,CONS_SH.COICOP_CP11,SHARE,0.01,A,SEN_EHCVM2021_LEGACY_v1,
dataflow,WB.AFW360:AFW360_HH(0.3.0),R,A,SEN,_T,SURVEY,CONS_SH,_Z,_Z,_T,HHH_SEX_F,_T,_T,_T,_T,COICOP_CP12,_Z,_Z,_Z,_Z,2021,0,,,,,,,,,CONS_SH.COICOP_CP12,SHARE,0.01,A,SEN_EHCVM2021_LEGACY_v1,
dataflow,WB.AFW360:AFW360_HH(0.3.0),R,A,SEN,_T,SURVEY,CONS_SH,_Z,_Z,_T,HHH_SEX_F,_T,_T,_T,_T,COICOP_CP13,_Z,_Z,_Z,_Z,2021,0.03,,,,,,,,,CONS_SH.COICOP_CP13,SHARE,0.01,A,SEN_EHCVM2021_LEGACY_v1,
dataflow,WB.AFW360:AFW360_HH(0.3.0),R,A,SEN,_T,SURVEY,CONS_SH,_Z,_Z,_T,HHH_SEX_M,_T,_T,_T,_T,COICOP_CP01,ACQ_OWNPROD,_Z,_Z,_Z,2021,0.05,,,,,,,,,CONS_SH.COICOP_CP01.ACQ_OWNPROD,SHARE,0.01,A,SEN_EHCVM2021_LEGACY_v1,
dataflow,WB.AFW360:AFW360_HH(0.3.0),R,A,SEN,_T,SURVEY,CONS_SH,_Z,_Z,_T,HHH_SEX_M,_T,_T,_T,_T,COICOP_CP01,ACQ_PURCH,_Z,_Z,_Z,2021,0.38,,,,,,,,,CONS_SH.COICOP_CP01.ACQ_PURCH,SHARE,0.01,A,SEN_EHCVM2021_LEGACY_v1,
dataflow,WB.AFW360:AFW360_HH(0.3.0),R,A,SEN,_T,SURVEY,CONS_SH,_Z,_Z,_T,HHH_SEX_M,_T,_T,_T,_T,COICOP_CP01,_Z,_Z,_Z,_Z,2021,0.46,,,,,,,,,CONS_SH.COICOP_CP01,SHARE,0.01,A,SEN_EHCVM2021_LEGACY_v1,
dataflow,WB.AFW360:AFW360_HH(0.3.0),R,A,SEN,_T,SURVEY,CONS_SH,_Z,_Z,_T,HHH_SEX_M,_T,_T,_T,_T,COICOP_CP02,_Z,_Z,_Z,_Z,2021,0,,,,,,,,,CONS_SH.COICOP_CP02,SHARE,0.01,A,SEN_EHCVM2021_LEGACY_v1,
dataflow,WB.AFW360:AFW360_HH(0.3.0),R,A,SEN,_T,SURVEY,CONS_SH,_Z,_Z,_T,HHH_SEX_M,_T,_T,_T,_T,COICOP_CP03,_Z,_Z,_Z,_Z,2021,0.06,,,,,,,,,CONS_SH.COICOP_CP03,SHARE,0.01,A,SEN_EHCVM2021_LEGACY_v1,
dataflow,WB.AFW360:AFW360_HH(0.3.0),R,A,SEN,_T,SURVEY,CONS_SH,_Z,_Z,_T,HHH_SEX_M,_T,_T,_T,_T,COICOP_CP04,_Z,_Z,_Z,_Z,2021,0.16,,,,,,,,,CONS_SH.COICOP_CP04,SHARE,0.01,A,SEN_EHCVM2021_LEGACY_v1,
dataflow,WB.AFW360:AFW360_HH(0.3.0),R,A,SEN,_T,SURVEY,CONS_SH,_Z,_Z,_T,HHH_SEX_M,_T,_T,_T,_T,COICOP_CP05,_Z,_Z,_Z,_Z,2021,0.05,,,,,,,,,CONS_SH.COICOP_CP05,SHARE,0.01,A,SEN_EHCVM2021_LEGACY_v1,
dataflow,WB.AFW360:AFW360_HH(0.3.0),R,A,SEN,_T,SURVEY,CONS_SH,_Z,_Z,_T,HHH_SEX_M,_T,_T,_T,_T,COICOP_CP06,_Z,_Z,_Z,_Z,2021,0.03,,,,,,,,,CONS_SH.COICOP_CP06,SHARE,0.01,A,SEN_EHCVM2021_LEGACY_v1,
dataflow,WB.AFW360:AFW360_HH(0.3.0),R,A,SEN,_T,SURVEY,CONS_SH,_Z,_Z,_T,HHH_SEX_M,_T,_T,_T,_T,COICOP_CP07,_Z,_Z,_Z,_Z,2021,0.04,,,,,,,,,CONS_SH.COICOP_CP07,SHARE,0.01,A,SEN_EHCVM2021_LEGACY_v1,
dataflow,WB.AFW360:AFW360_HH(0.3.0),R,A,SEN,_T,SURVEY,CONS_SH,_Z,_Z,_T,HHH_SEX_M,_T,_T,_T,_T,COICOP_CP08,_Z,_Z,_Z,_Z,2021,0.06,,,,,,,,,CONS_SH.COICOP_CP08,SHARE,0.01,A,SEN_EHCVM2021_LEGACY_v1,
dataflow,WB.AFW360:AFW360_HH(0.3.0),R,A,SEN,_T,SURVEY,CONS_SH,_Z,_Z,_T,HHH_SEX_M,_T,_T,_T,_T,COICOP_CP09,_Z,_Z,_Z,_Z,2021,0,,,,,,,,,CONS_SH.COICOP_CP09,SHARE,0.01,A,SEN_EHCVM2021_LEGACY_v1,
dataflow,WB.AFW360:AFW360_HH(0.3.0),R,A,SEN,_T,SURVEY,CONS_SH,_Z,_Z,_T,HHH_SEX_M,_T,_T,_T,_T,COICOP_CP10,_Z,_Z,_Z,_Z,2021,0.02,,,,,,,,,CONS_SH.COICOP_CP10,SHARE,0.01,A,SEN_EHCVM2021_LEGACY_v1,
dataflow,WB.AFW360:AFW360_HH(0.3.0),R,A,SEN,_T,SURVEY,CONS_SH,_Z,_Z,_T,HHH_SEX_M,_T,_T,_T,_T,COICOP_CP11,_Z,_Z,_Z,_Z,2021,0.09,,,,,,,,,CONS_SH.COICOP_CP11,SHARE,0.01,A,SEN_EHCVM2021_LEGACY_v1,
dataflow,WB.AFW360:AFW360_HH(0.3.0),R,A,SEN,_T,SURVEY,CONS_SH,_Z,_Z,_T,HHH_SEX_M,_T,_T,_T,_T,COICOP_CP12,_Z,_Z,_Z,_Z,2021,0,,,,,,,,,CONS_SH.COICOP_CP12,SHARE,0.01,A,SEN_EHCVM2021_LEGACY_v1,
dataflow,WB.AFW360:AFW360_HH(0.3.0),R,A,SEN,_T,SURVEY,CONS_SH,_Z,_Z,_T,HHH_SEX_M,_T,_T,_T,_T,COICOP_CP13,_Z,_Z,_Z,_Z,2021,0.03,,,,,,,,,CONS_SH.COICOP_CP13,SHARE,0.01,A,SEN_EHCVM2021_LEGACY_v1,
dataflow,WB.AFW360:AFW360_HH(0.3.0),R,A,SEN,_T,SURVEY,CONS_SH,_Z,_Z,_T,QUINT_Q1,_T,_T,_T,_T,COICOP_CP01,ACQ_OWNPROD,_Z,_Z,_Z,2021,0.09,,,,,,,,,CONS_SH.COICOP_CP01.ACQ_OWNPROD,SHARE,0.01,A,SEN_EHCVM2021_LEGACY_v1,
dataflow,WB.AFW360:AFW360_HH(0.3.0),R,A,SEN,_T,SURVEY,CONS_SH,_Z,_Z,_T,QUINT_Q1,_T,_T,_T,_T,COICOP_CP01,ACQ_PURCH,_Z,_Z,_Z,2021,0.42,,,,,,,,,CONS_SH.COICOP_CP01.ACQ_PURCH,SHARE,0.01,A,SEN_EHCVM2021_LEGACY_v1,
dataflow,WB.AFW360:AFW360_HH(0.3.0),R,A,SEN,_T,SURVEY,CONS_SH,_Z,_Z,_T,QUINT_Q1,_T,_T,_T,_T,COICOP_CP01,_Z,_Z,_Z,_Z,2021,0.53,,,,,,,,,CONS_SH.COICOP_CP01,SHARE,0.01,A,SEN_EHCVM2021_LEGACY_v1,
dataflow,WB.AFW360:AFW360_HH(0.3.0),R,A,SEN,_T,SURVEY,CONS_SH,_Z,_Z,_T,QUINT_Q1,_T,_T,_T,_T,COICOP_CP02,_Z,_Z,_Z,_Z,2021,0,,,,,,,,,CONS_SH.COICOP_CP02,SHARE,0.01,A,SEN_EHCVM2021_LEGACY_v1,
dataflow,WB.AFW360:AFW360_HH(0.3.0),R,A,SEN,_T,SURVEY,CONS_SH,_Z,_Z,_T,QUINT_Q1,_T,_T,_T,_T,COICOP_CP03,_Z,_Z,_Z,_Z,2021,0.05,,,,,,,,,CONS_SH.COICOP_CP03,SHARE,0.01,A,SEN_EHCVM2021_LEGACY_v1,
dataflow,WB.AFW360:AFW360_HH(0.3.0),R,A,SEN,_T,SURVEY,CONS_SH,_Z,_Z,_T,QUINT_Q1,_T,_T,_T,_T,COICOP_CP04,_Z,_Z,_Z,_Z,2021,0.17,,,,,,,,,CONS_SH.COICOP_CP04,SHARE,0.01,A,SEN_EHCVM2021_LEGACY_v1,
dataflow,WB.AFW360:AFW360_HH(0.3.0),R,A,SEN,_T,SURVEY,CONS_SH,_Z,_Z,_T,QUINT_Q1,_T,_T,_T,_T,COICOP_CP05,_Z,_Z,_Z,_Z,2021,0.05,,,,,,,,,CONS_SH.COICOP_CP05,SHARE,0.01,A,SEN_EHCVM2021_LEGACY_v1,
dataflow,WB.AFW360:AFW360_HH(0.3.0),R,A,SEN,_T,SURVEY,CONS_SH,_Z,_Z,_T,QUINT_Q1,_T,_T,_T,_T,COICOP_CP06,_Z,_Z,_Z,_Z,2021,0.03,,,,,,,,,CONS_SH.COICOP_CP06,SHARE,0.01,A,SEN_EHCVM2021_LEGACY_v1,
dataflow,WB.AFW360:AFW360_HH(0.3.0),R,A,SEN,_T,SURVEY,CONS_SH,_Z,_Z,_T,QUINT_Q1,_T,_T,_T,_T,COICOP_CP07,_Z,_Z,_Z,_Z,2021,0.02,,,,,,,,,CONS_SH.COICOP_CP07,SHARE,0.01,A,SEN_EHCVM2021_LEGACY_v1,
dataflow,WB.AFW360:AFW360_HH(0.3.0),R,A,SEN,_T,SURVEY,CONS_SH,_Z,_Z,_T,QUINT_Q1,_T,_T,_T,_T,COICOP_CP08,_Z,_Z,_Z,_Z,2021,0.05,,,,,,,,,CONS_SH.COICOP_CP08,SHARE,0.01,A,SEN_EHCVM2021_LEGACY_v1,
dataflow,WB.AFW360:AFW360_HH(0.3.0),R,A,SEN,_T,SURVEY,CONS_SH,_Z,_Z,_T,QUINT_Q1,_T,_T,_T,_T,COICOP_CP09,_Z,_Z,_Z,_Z,2021,0,,,,,,,,,CONS_SH.COICOP_CP09,SHARE,0.01,A,SEN_EHCVM2021_LEGACY_v1,
dataflow,WB.AFW360:AFW360_HH(0.3.0),R,A,SEN,_T,SURVEY,CONS_SH,_Z,_Z,_T,QUINT_Q1,_T,_T,_T,_T,COICOP_CP10,_Z,_Z,_Z,_Z,2021,0.01,,,,,,,,,CONS_SH.COICOP_CP10,SHARE,0.01,A,SEN_EHCVM2021_LEGACY_v1,
dataflow,WB.AFW360:AFW360_HH(0.3.0),R,A,SEN,_T,SURVEY,CONS_SH,_Z,_Z,_T,QUINT_Q1,_T,_T,_T,_T,COICOP_CP11,_Z,_Z,_Z,_Z,2021,0.05,,,,,,,,,CONS_SH.COICOP_CP11,SHARE,0.01,A,SEN_EHCVM2021_LEGACY_v1,
dataflow,WB.AFW360:AFW360_HH(0.3.0),R,A,SEN,_T,SURVEY,CONS_SH,_Z,_Z,_T,QUINT_Q1,_T,_T,_T,_T,COICOP_CP12,_Z,_Z,_Z,_Z,2021,0,,,,,,,,,CONS_SH.COICOP_CP12,SHARE,0.01,A,SEN_EHCVM2021_LEGACY_v1,
dataflow,WB.AFW360:AFW360_HH(0.3.0),R,A,SEN,_T,SURVEY,CONS_SH,_Z,_Z,_T,QUINT_Q1,_T,_T,_T,_T,COICOP_CP13,_Z,_Z,_Z,_Z,2021,0.02,,,,,,,,,CONS_SH.COICOP_CP13,SHARE,0.01,A,SEN_EHCVM2021_LEGACY_v1,
dataflow,WB.AFW360:AFW360_HH(0.3.0),R,A,SEN,_T,SURVEY,CONS_SH,_Z,_Z,_T,QUINT_Q2,_T,_T,_T,_T,COICOP_CP01,ACQ_OWNPROD,_Z,_Z,_Z,2021,0.05,,,,,,,,,CONS_SH.COICOP_CP01.ACQ_OWNPROD,SHARE,0.01,A,SEN_EHCVM2021_LEGACY_v1,
dataflow,WB.AFW360:AFW360_HH(0.3.0),R,A,SEN,_T,SURVEY,CONS_SH,_Z,_Z,_T,QUINT_Q2,_T,_T,_T,_T,COICOP_CP01,ACQ_PURCH,_Z,_Z,_Z,2021,0.41,,,,,,,,,CONS_SH.COICOP_CP01.ACQ_PURCH,SHARE,0.01,A,SEN_EHCVM2021_LEGACY_v1,
dataflow,WB.AFW360:AFW360_HH(0.3.0),R,A,SEN,_T,SURVEY,CONS_SH,_Z,_Z,_T,QUINT_Q2,_T,_T,_T,_T,COICOP_CP01,_Z,_Z,_Z,_Z,2021,0.48,,,,,,,,,CONS_SH.COICOP_CP01,SHARE,0.01,A,SEN_EHCVM2021_LEGACY_v1,
dataflow,WB.AFW360:AFW360_HH(0.3.0),R,A,SEN,_T,SURVEY,CONS_SH,_Z,_Z,_T,QUINT_Q2,_T,_T,_T,_T,COICOP_CP02,_Z,_Z,_Z,_Z,2021,0,,,,,,,,,CONS_SH.COICOP_CP02,SHARE,0.01,A,SEN_EHCVM2021_LEGACY_v1,
dataflow,WB.AFW360:AFW360_HH(0.3.0),R,A,SEN,_T,SURVEY,CONS_SH,_Z,_Z,_T,QUINT_Q2,_T,_T,_T,_T,COICOP_CP03,_Z,_Z,_Z,_Z,2021,0.05,,,,,,,,,CONS_SH.COICOP_CP03,SHARE,0.01,A,SEN_EHCVM2021_LEGACY_v1,
dataflow,WB.AFW360:AFW360_HH(0.3.0),R,A,SEN,_T,SURVEY,CONS_SH,_Z,_Z,_T,QUINT_Q2,_T,_T,_T,_T,COICOP_CP04,_Z,_Z,_Z,_Z,2021,0.17,,,,,,,,,CONS_SH.COICOP_CP04,SHARE,0.01,A,SEN_EHCVM2021_LEGACY_v1,
dataflow,WB.AFW360:AFW360_HH(0.3.0),R,A,SEN,_T,SURVEY,CONS_SH,_Z,_Z,_T,QUINT_Q2,_T,_T,_T,_T,COICOP_CP05,_Z,_Z,_Z,_Z,2021,0.05,,,,,,,,,CONS_SH.COICOP_CP05,SHARE,0.01,A,SEN_EHCVM2021_LEGACY_v1,
dataflow,WB.AFW360:AFW360_HH(0.3.0),R,A,SEN,_T,SURVEY,CONS_SH,_Z,_Z,_T,QUINT_Q2,_T,_T,_T,_T,COICOP_CP06,_Z,_Z,_Z,_Z,2021,0.03,,,,,,,,,CONS_SH.COICOP_CP06,SHARE,0.01,A,SEN_EHCVM2021_LEGACY_v1,
dataflow,WB.AFW360:AFW360_HH(0.3.0),R,A,SEN,_T,SURVEY,CONS_SH,_Z,_Z,_T,QUINT_Q2,_T,_T,_T,_T,COICOP_CP07,_Z,_Z,_Z,_Z,2021,0.03,,,,,,,,,CONS_SH.COICOP_CP07,SHARE,0.01,A,SEN_EHCVM2021_LEGACY_v1,
dataflow,WB.AFW360:AFW360_HH(0.3.0),R,A,SEN,_T,SURVEY,CONS_SH,_Z,_Z,_T,QUINT_Q2,_T,_T,_T,_T,COICOP_CP08,_Z,_Z,_Z,_Z,2021,0.06,,,,,,,,,CONS_SH.COICOP_CP08,SHARE,0.01,A,SEN_EHCVM2021_LEGACY_v1,
dataflow,WB.AFW360:AFW360_HH(0.3.0),R,A,SEN,_T,SURVEY,CONS_SH,_Z,_Z,_T,QUINT_Q2,_T,_T,_T,_T,COICOP_CP09,_Z,_Z,_Z,_Z,2021,0,,,,,,,,,CONS_SH.COICOP_CP09,SHARE,0.01,A,SEN_EHCVM2021_LEGACY_v1,
dataflow,WB.AFW360:AFW360_HH(0.3.0),R,A,SEN,_T,SURVEY,CONS_SH,_Z,_Z,_T,QUINT_Q2,_T,_T,_T,_T,COICOP_CP10,_Z,_Z,_Z,_Z,2021,0.01,,,,,,,,,CONS_SH.COICOP_CP10,SHARE,0.01,A,SEN_EHCVM2021_LEGACY_v1,
dataflow,WB.AFW360:AFW360_HH(0.3.0),R,A,SEN,_T,SURVEY,CONS_SH,_Z,_Z,_T,QUINT_Q2,_T,_T,_T,_T,COICOP_CP11,_Z,_Z,_Z,_Z,2021,0.09,,,,,,,,,CONS_SH.COICOP_CP11,SHARE,0.01,A,SEN_EHCVM2021_LEGACY_v1,
dataflow,WB.AFW360:AFW360_HH(0.3.0),R,A,SEN,_T,SURVEY,CONS_SH,_Z,_Z,_T,QUINT_Q2,_T,_T,_T,_T,COICOP_CP12,_Z,_Z,_Z,_Z,2021,0,,,,,,,,,CONS_SH.COICOP_CP12,SHARE,0.01,A,SEN_EHCVM2021_LEGACY_v1,
dataflow,WB.AFW360:AFW360_HH(0.3.0),R,A,SEN,_T,SURVEY,CONS_SH,_Z,_Z,_T,QUINT_Q2,_T,_T,_T,_T,COICOP_CP13,_Z,_Z,_Z,_Z,2021,0.02,,,,,,,,,CONS_SH.COICOP_CP13,SHARE,0.01,A,SEN_EHCVM2021_LEGACY_v1,
dataflow,WB.AFW360:AFW360_HH(0.3.0),R,A,SEN,_T,SURVEY,CONS_SH,_Z,_Z,_T,QUINT_Q3,_T,_T,_T,_T,COICOP_CP01,ACQ_OWNPROD,_Z,_Z,_Z,2021,0.03,,,,,,,,,CONS_SH.COICOP_CP01.ACQ_OWNPROD,SHARE,0.01,A,SEN_EHCVM2021_LEGACY_v1,
dataflow,WB.AFW360:AFW360_HH(0.3.0),R,A,SEN,_T,SURVEY,CONS_SH,_Z,_Z,_T,QUINT_Q3,_T,_T,_T,_T,COICOP_CP01,ACQ_PURCH,_Z,_Z,_Z,2021,0.4,,,,,,,,,CONS_SH.COICOP_CP01.ACQ_PURCH,SHARE,0.01,A,SEN_EHCVM2021_LEGACY_v1,
dataflow,WB.AFW360:AFW360_HH(0.3.0),R,A,SEN,_T,SURVEY,CONS_SH,_Z,_Z,_T,QUINT_Q3,_T,_T,_T,_T,COICOP_CP01,_Z,_Z,_Z,_Z,2021,0.45,,,,,,,,,CONS_SH.COICOP_CP01,SHARE,0.01,A,SEN_EHCVM2021_LEGACY_v1,
dataflow,WB.AFW360:AFW360_HH(0.3.0),R,A,SEN,_T,SURVEY,CONS_SH,_Z,_Z,_T,QUINT_Q3,_T,_T,_T,_T,COICOP_CP02,_Z,_Z,_Z,_Z,2021,0,,,,,,,,,CONS_SH.COICOP_CP02,SHARE,0.01,A,SEN_EHCVM2021_LEGACY_v1,
dataflow,WB.AFW360:AFW360_HH(0.3.0),R,A,SEN,_T,SURVEY,CONS_SH,_Z,_Z,_T,QUINT_Q3,_T,_T,_T,_T,COICOP_CP03,_Z,_Z,_Z,_Z,2021,0.06,,,,,,,,,CONS_SH.COICOP_CP03,SHARE,0.01,A,SEN_EHCVM2021_LEGACY_v1,
dataflow,WB.AFW360:AFW360_HH(0.3.0),R,A,SEN,_T,SURVEY,CONS_SH,_Z,_Z,_T,QUINT_Q3,_T,_T,_T,_T,COICOP_CP04,_Z,_Z,_Z,_Z,2021,0.16,,,,,,,,,CONS_SH.COICOP_CP04,SHARE,0.01,A,SEN_EHCVM2021_LEGACY_v1,
dataflow,WB.AFW360:AFW360_HH(0.3.0),R,A,SEN,_T,SURVEY,CONS_SH,_Z,_Z,_T,QUINT_Q3,_T,_T,_T,_T,COICOP_CP05,_Z,_Z,_Z,_Z,2021,0.05,,,,,,,,,CONS_SH.COICOP_CP05,SHARE,0.01,A,SEN_EHCVM2021_LEGACY_v1,
dataflow,WB.AFW360:AFW360_HH(0.3.0),R,A,SEN,_T,SURVEY,CONS_SH,_Z,_Z,_T,QUINT_Q3,_T,_T,_T,_T,COICOP_CP06,_Z,_Z,_Z,_Z,2021,0.03,,,,,,,,,CONS_SH.COICOP_CP06,SHARE,0.01,A,SEN_EHCVM2021_LEGACY_v1,
dataflow,WB.AFW360:AFW360_HH(0.3.0),R,A,SEN,_T,SURVEY,CONS_SH,_Z,_Z,_T,QUINT_Q3,_T,_T,_T,_T,COICOP_CP07,_Z,_Z,_Z,_Z,2021,0.03,,,,,,,,,CONS_SH.COICOP_CP07,SHARE,0.01,A,SEN_EHCVM2021_LEGACY_v1,
dataflow,WB.AFW360:AFW360_HH(0.3.0),R,A,SEN,_T,SURVEY,CONS_SH,_Z,_Z,_T,QUINT_Q3,_T,_T,_T,_T,COICOP_CP08,_Z,_Z,_Z,_Z,2021,0.06,,,,,,,,,CONS_SH.COICOP_CP08,SHARE,0.01,A,SEN_EHCVM2021_LEGACY_v1,
dataflow,WB.AFW360:AFW360_HH(0.3.0),R,A,SEN,_T,SURVEY,CONS_SH,_Z,_Z,_T,QUINT_Q3,_T,_T,_T,_T,COICOP_CP09,_Z,_Z,_Z,_Z,2021,0,,,,,,,,,CONS_SH.COICOP_CP09,SHARE,0.01,A,SEN_EHCVM2021_LEGACY_v1,
dataflow,WB.AFW360:AFW360_HH(0.3.0),R,A,SEN,_T,SURVEY,CONS_SH,_Z,_Z,_T,QUINT_Q3,_T,_T,_T,_T,COICOP_CP10,_Z,_Z,_Z,_Z,2021,0.01,,,,,,,,,CONS_SH.COICOP_CP10,SHARE,0.01,A,SEN_EHCVM2021_LEGACY_v1,
dataflow,WB.AFW360:AFW360_HH(0.3.0),R,A,SEN,_T,SURVEY,CONS_SH,_Z,_Z,_T,QUINT_Q3,_T,_T,_T,_T,COICOP_CP11,_Z,_Z,_Z,_Z,2021,0.1,,,,,,,,,CONS_SH.COICOP_CP11,SHARE,0.01,A,SEN_EHCVM2021_LEGACY_v1,
dataflow,WB.AFW360:AFW360_HH(0.3.0),R,A,SEN,_T,SURVEY,CONS_SH,_Z,_Z,_T,QUINT_Q3,_T,_T,_T,_T,COICOP_CP12,_Z,_Z,_Z,_Z,2021,0,,,,,,,,,CONS_SH.COICOP_CP12,SHARE,0.01,A,SEN_EHCVM2021_LEGACY_v1,
dataflow,WB.AFW360:AFW360_HH(0.3.0),R,A,SEN,_T,SURVEY,CONS_SH,_Z,_Z,_T,QUINT_Q3,_T,_T,_T,_T,COICOP_CP13,_Z,_Z,_Z,_Z,2021,0.03,,,,,,,,,CONS_SH.COICOP_CP13,SHARE,0.01,A,SEN_EHCVM2021_LEGACY_v1,
dataflow,WB.AFW360:AFW360_HH(0.3.0),R,A,SEN,_T,SURVEY,CONS_SH,_Z,_Z,_T,QUINT_Q4,_T,_T,_T,_T,COICOP_CP01,ACQ_OWNPROD,_Z,_Z,_Z,2021,0.02,,,,,,,,,CONS_SH.COICOP_CP01.ACQ_OWNPROD,SHARE,0.01,A,SEN_EHCVM2021_LEGACY_v1,
dataflow,WB.AFW360:AFW360_HH(0.3.0),R,A,SEN,_T,SURVEY,CONS_SH,_Z,_Z,_T,QUINT_Q4,_T,_T,_T,_T,COICOP_CP01,ACQ_PURCH,_Z,_Z,_Z,2021,0.37,,,,,,,,,CONS_SH.COICOP_CP01.ACQ_PURCH,SHARE,0.01,A,SEN_EHCVM2021_LEGACY_v1,
dataflow,WB.AFW360:AFW360_HH(0.3.0),R,A,SEN,_T,SURVEY,CONS_SH,_Z,_Z,_T,QUINT_Q4,_T,_T,_T,_T,COICOP_CP01,_Z,_Z,_Z,_Z,2021,0.42,,,,,,,,,CONS_SH.COICOP_CP01,SHARE,0.01,A,SEN_EHCVM2021_LEGACY_v1,
dataflow,WB.AFW360:AFW360_HH(0.3.0),R,A,SEN,_T,SURVEY,CONS_SH,_Z,_Z,_T,QUINT_Q4,_T,_T,_T,_T,COICOP_CP02,_Z,_Z,_Z,_Z,2021,0,,,,,,,,,CONS_SH.COICOP_CP02,SHARE,0.01,A,SEN_EHCVM2021_LEGACY_v1,
dataflow,WB.AFW360:AFW360_HH(0.3.0),R,A,SEN,_T,SURVEY,CONS_SH,_Z,_Z,_T,QUINT_Q4,_T,_T,_T,_T,COICOP_CP03,_Z,_Z,_Z,_Z,2021,0.06,,,,,,,,,CONS_SH.COICOP_CP03,SHARE,0.01,A,SEN_EHCVM2021_LEGACY_v1,
dataflow,WB.AFW360:AFW360_HH(0.3.0),R,A,SEN,_T,SURVEY,CONS_SH,_Z,_Z,_T,QUINT_Q4,_T,_T,_T,_T,COICOP_CP04,_Z,_Z,_Z,_Z,2021,0.17,,,,,,,,,CONS_SH.COICOP_CP04,SHARE,0.01,A,SEN_EHCVM2021_LEGACY_v1,
dataflow,WB.AFW360:AFW360_HH(0.3.0),R,A,SEN,_T,SURVEY,CONS_SH,_Z,_Z,_T,QUINT_Q4,_T,_T,_T,_T,COICOP_CP05,_Z,_Z,_Z,_Z,2021,0.06,,,,,,,,,CONS_SH.COICOP_CP05,SHARE,0.01,A,SEN_EHCVM2021_LEGACY_v1,
dataflow,WB.AFW360:AFW360_HH(0.3.0),R,A,SEN,_T,SURVEY,CONS_SH,_Z,_Z,_T,QUINT_Q4,_T,_T,_T,_T,COICOP_CP06,_Z,_Z,_Z,_Z,2021,0.03,,,,,,,,,CONS_SH.COICOP_CP06,SHARE,0.01,A,SEN_EHCVM2021_LEGACY_v1,
dataflow,WB.AFW360:AFW360_HH(0.3.0),R,A,SEN,_T,SURVEY,CONS_SH,_Z,_Z,_T,QUINT_Q4,_T,_T,_T,_T,COICOP_CP07,_Z,_Z,_Z,_Z,2021,0.04,,,,,,,,,CONS_SH.COICOP_CP07,SHARE,0.01,A,SEN_EHCVM2021_LEGACY_v1,
dataflow,WB.AFW360:AFW360_HH(0.3.0),R,A,SEN,_T,SURVEY,CONS_SH,_Z,_Z,_T,QUINT_Q4,_T,_T,_T,_T,COICOP_CP08,_Z,_Z,_Z,_Z,2021,0.06,,,,,,,,,CONS_SH.COICOP_CP08,SHARE,0.01,A,SEN_EHCVM2021_LEGACY_v1,
dataflow,WB.AFW360:AFW360_HH(0.3.0),R,A,SEN,_T,SURVEY,CONS_SH,_Z,_Z,_T,QUINT_Q4,_T,_T,_T,_T,COICOP_CP09,_Z,_Z,_Z,_Z,2021,0,,,,,,,,,CONS_SH.COICOP_CP09,SHARE,0.01,A,SEN_EHCVM2021_LEGACY_v1,
dataflow,WB.AFW360:AFW360_HH(0.3.0),R,A,SEN,_T,SURVEY,CONS_SH,_Z,_Z,_T,QUINT_Q4,_T,_T,_T,_T,COICOP_CP10,_Z,_Z,_Z,_Z,2021,0.02,,,,,,,,,CONS_SH.COICOP_CP10,SHARE,0.01,A,SEN_EHCVM2021_LEGACY_v1,
dataflow,WB.AFW360:AFW360_HH(0.3.0),R,A,SEN,_T,SURVEY,CONS_SH,_Z,_Z,_T,QUINT_Q4,_T,_T,_T,_T,COICOP_CP11,_Z,_Z,_Z,_Z,2021,0.11,,,,,,,,,CONS_SH.COICOP_CP11,SHARE,0.01,A,SEN_EHCVM2021_LEGACY_v1,
dataflow,WB.AFW360:AFW360_HH(0.3.0),R,A,SEN,_T,SURVEY,CONS_SH,_Z,_Z,_T,QUINT_Q4,_T,_T,_T,_T,COICOP_CP12,_Z,_Z,_Z,_Z,2021,0,,,,,,,,,CONS_SH.COICOP_CP12,SHARE,0.01,A,SEN_EHCVM2021_LEGACY_v1,
dataflow,WB.AFW360:AFW360_HH(0.3.0),R,A,SEN,_T,SURVEY,CONS_SH,_Z,_Z,_T,QUINT_Q4,_T,_T,_T,_T,COICOP_CP13,_Z,_Z,_Z,_Z,2021,0.03,,,,,,,,,CONS_SH.COICOP_CP13,SHARE,0.01,A,SEN_EHCVM2021_LEGACY_v1,
dataflow,WB.AFW360:AFW360_HH(0.3.0),R,A,SEN,_T,SURVEY,CONS_SH,_Z,_Z,_T,QUINT_Q5,_T,_T,_T,_T,COICOP_CP01,ACQ_OWNPROD,_Z,_Z,_Z,2021,0.01,,,,,,,,,CONS_SH.COICOP_CP01.ACQ_OWNPROD,SHARE,0.01,A,SEN_EHCVM2021_LEGACY_v1,
dataflow,WB.AFW360:AFW360_HH(0.3.0),R,A,SEN,_T,SURVEY,CONS_SH,_Z,_Z,_T,QUINT_Q5,_T,_T,_T,_T,COICOP_CP01,ACQ_PURCH,_Z,_Z,_Z,2021,0.33,,,,,,,,,CONS_SH.COICOP_CP01.ACQ_PURCH,SHARE,0.01,A,SEN_EHCVM2021_LEGACY_v1,
dataflow,WB.AFW360:AFW360_HH(0.3.0),R,A,SEN,_T,SURVEY,CONS_SH,_Z,_Z,_T,QUINT_Q5,_T,_T,_T,_T,COICOP_CP01,_Z,_Z,_Z,_Z,2021,0.35,,,,,,,,,CONS_SH.COICOP_CP01,SHARE,0.01,A,SEN_EHCVM2021_LEGACY_v1,
dataflow,WB.AFW360:AFW360_HH(0.3.0),R,A,SEN,_T,SURVEY,CONS_SH,_Z,_Z,_T,QUINT_Q5,_T,_T,_T,_T,COICOP_CP02,_Z,_Z,_Z,_Z,2021,0,,,,,,,,,CONS_SH.COICOP_CP02,SHARE,0.01,A,SEN_EHCVM2021_LEGACY_v1,
dataflow,WB.AFW360:AFW360_HH(0.3.0),R,A,SEN,_T,SURVEY,CONS_SH,_Z,_Z,_T,QUINT_Q5,_T,_T,_T,_T,COICOP_CP03,_Z,_Z,_Z,_Z,2021,0.06,,,,,,,,,CONS_SH.COICOP_CP03,SHARE,0.01,A,SEN_EHCVM2021_LEGACY_v1,
dataflow,WB.AFW360:AFW360_HH(0.3.0),R,A,SEN,_T,SURVEY,CONS_SH,_Z,_Z,_T,QUINT_Q5,_T,_T,_T,_T,COICOP_CP04,_Z,_Z,_Z,_Z,2021,0.17,,,,,,,,,CONS_SH.COICOP_CP04,SHARE,0.01,A,SEN_EHCVM2021_LEGACY_v1,
dataflow,WB.AFW360:AFW360_HH(0.3.0),R,A,SEN,_T,SURVEY,CONS_SH,_Z,_Z,_T,QUINT_Q5,_T,_T,_T,_T,COICOP_CP05,_Z,_Z,_Z,_Z,2021,0.07,,,,,,,,,CONS_SH.COICOP_CP05,SHARE,0.01,A,SEN_EHCVM2021_LEGACY_v1,
dataflow,WB.AFW360:AFW360_HH(0.3.0),R,A,SEN,_T,SURVEY,CONS_SH,_Z,_Z,_T,QUINT_Q5,_T,_T,_T,_T,COICOP_CP06,_Z,_Z,_Z,_Z,2021,0.03,,,,,,,,,CONS_SH.COICOP_CP06,SHARE,0.01,A,SEN_EHCVM2021_LEGACY_v1,
dataflow,WB.AFW360:AFW360_HH(0.3.0),R,A,SEN,_T,SURVEY,CONS_SH,_Z,_Z,_T,QUINT_Q5,_T,_T,_T,_T,COICOP_CP07,_Z,_Z,_Z,_Z,2021,0.05,,,,,,,,,CONS_SH.COICOP_CP07,SHARE,0.01,A,SEN_EHCVM2021_LEGACY_v1,
dataflow,WB.AFW360:AFW360_HH(0.3.0),R,A,SEN,_T,SURVEY,CONS_SH,_Z,_Z,_T,QUINT_Q5,_T,_T,_T,_T,COICOP_CP08,_Z,_Z,_Z,_Z,2021,0.07,,,,,,,,,CONS_SH.COICOP_CP08,SHARE,0.01,A,SEN_EHCVM2021_LEGACY_v1,
dataflow,WB.AFW360:AFW360_HH(0.3.0),R,A,SEN,_T,SURVEY,CONS_SH,_Z,_Z,_T,QUINT_Q5,_T,_T,_T,_T,COICOP_CP09,_Z,_Z,_Z,_Z,2021,0,,,,,,,,,CONS_SH.COICOP_CP09,SHARE,0.01,A,SEN_EHCVM2021_LEGACY_v1,
dataflow,WB.AFW360:AFW360_HH(0.3.0),R,A,SEN,_T,SURVEY,CONS_SH,_Z,_Z,_T,QUINT_Q5,_T,_T,_T,_T,COICOP_CP10,_Z,_Z,_Z,_Z,2021,0.03,,,,,,,,,CONS_SH.COICOP_CP10,SHARE,0.01,A,SEN_EHCVM2021_LEGACY_v1,
dataflow,WB.AFW360:AFW360_HH(0.3.0),R,A,SEN,_T,SURVEY,CONS_SH,_Z,_Z,_T,QUINT_Q5,_T,_T,_T,_T,COICOP_CP11,_Z,_Z,_Z,_Z,2021,0.13,,,,,,,,,CONS_SH.COICOP_CP11,SHARE,0.01,A,SEN_EHCVM2021_LEGACY_v1,
dataflow,WB.AFW360:AFW360_HH(0.3.0),R,A,SEN,_T,SURVEY,CONS_SH,_Z,_Z,_T,QUINT_Q5,_T,_T,_T,_T,COICOP_CP12,_Z,_Z,_Z,_Z,2021,0,,,,,,,,,CONS_SH.COICOP_CP12,SHARE,0.01,A,SEN_EHCVM2021_LEGACY_v1,
dataflow,WB.AFW360:AFW360_HH(0.3.0),R,A,SEN,_T,SURVEY,CONS_SH,_Z,_Z,_T,QUINT_Q5,_T,_T,_T,_T,COICOP_CP13,_Z,_Z,_Z,_Z,2021,0.03,,,,,,,,,CONS_SH.COICOP_CP13,SHARE,0.01,A,SEN_EHCVM2021_LEGACY_v1,
dataflow,WB.AFW360:AFW360_HH(0.3.0),R,A,SEN,_T,SURVEY,CONS_SH,_Z,_Z,_T,_T,_T,_T,_T,_T,COICOP_CP01,ACQ_OWNPROD,_Z,_Z,_Z,2021,0.04,,,,,,,,,CONS_SH.COICOP_CP01.ACQ_OWNPROD,SHARE,0.01,A,SEN_EHCVM2021_LEGACY_v1,
dataflow,WB.AFW360:AFW360_HH(0.3.0),R,A,SEN,_T,SURVEY,CONS_SH,_Z,_Z,_T,_T,_T,_T,_T,_T,COICOP_CP01,ACQ_PURCH,_Z,_Z,_Z,2021,0.38,,,,,,,,,CONS_SH.COICOP_CP01.ACQ_PURCH,SHARE,0.01,A,SEN_EHCVM2021_LEGACY_v1,
dataflow,WB.AFW360:AFW360_HH(0.3.0),R,A,SEN,_T,SURVEY,CONS_SH,_Z,_Z,_T,_T,_T,_T,_T,_T,COICOP_CP01,_Z,_Z,_Z,_Z,2021,0.45,,,,,,,,,CONS_SH.COICOP_CP01,SHARE,0.01,A,SEN_EHCVM2021_LEGACY_v1,
dataflow,WB.AFW360:AFW360_HH(0.3.0),R,A,SEN,_T,SURVEY,CONS_SH,_Z,_Z,_T,_T,_T,_T,_T,_T,COICOP_CP02,_Z,_Z,_Z,_Z,2021,0,,,,,,,,,CONS_SH.COICOP_CP02,SHARE,0.01,A,SEN_EHCVM2021_LEGACY_v1,
dataflow,WB.AFW360:AFW360_HH(0.3.0),R,A,SEN,_T,SURVEY,CONS_SH,_Z,_Z,_T,_T,_T,_T,_T,_T,COICOP_CP03,_Z,_Z,_Z,_Z,2021,0.06,,,,,,,,,CONS_SH.COICOP_CP03,SHARE,0.01,A,SEN_EHCVM2021_LEGACY_v1,
dataflow,WB.AFW360:AFW360_HH(0.3.0),R,A,SEN,_T,SURVEY,CONS_SH,_Z,_Z,_T,_T,_T,_T,_T,_T,COICOP_CP04,_Z,_Z,_Z,_Z,2021,0.17,,,,,,,,,CONS_SH.COICOP_CP04,SHARE,0.01,A,SEN_EHCVM2021_LEGACY_v1,
dataflow,WB.AFW360:AFW360_HH(0.3.0),R,A,SEN,_T,SURVEY,CONS_SH,_Z,_Z,_T,_T,_T,_T,_T,_T,COICOP_CP05,_Z,_Z,_Z,_Z,2021,0.05,,,,,,,,,CONS_SH.COICOP_CP05,SHARE,0.01,A,SEN_EHCVM2021_LEGACY_v1,
dataflow,WB.AFW360:AFW360_HH(0.3.0),R,A,SEN,_T,SURVEY,CONS_SH,_Z,_Z,_T,_T,_T,_T,_T,_T,COICOP_CP06,_Z,_Z,_Z,_Z,2021,0.03,,,,,,,,,CONS_SH.COICOP_CP06,SHARE,0.01,A,SEN_EHCVM2021_LEGACY_v1,
dataflow,WB.AFW360:AFW360_HH(0.3.0),R,A,SEN,_T,SURVEY,CONS_SH,_Z,_Z,_T,_T,_T,_T,_T,_T,COICOP_CP07,_Z,_Z,_Z,_Z,2021,0.03,,,,,,,,,CONS_SH.COICOP_CP07,SHARE,0.01,A,SEN_EHCVM2021_LEGACY_v1,
dataflow,WB.AFW360:AFW360_HH(0.3.0),R,A,SEN,_T,SURVEY,CONS_SH,_Z,_Z,_T,_T,_T,_T,_T,_T,COICOP_CP08,_Z,_Z,_Z,_Z,2021,0.06,,,,,,,,,CONS_SH.COICOP_CP08,SHARE,0.01,A,SEN_EHCVM2021_LEGACY_v1,
dataflow,WB.AFW360:AFW360_HH(0.3.0),R,A,SEN,_T,SURVEY,CONS_SH,_Z,_Z,_T,_T,_T,_T,_T,_T,COICOP_CP09,_Z,_Z,_Z,_Z,2021,0,,,,,,,,,CONS_SH.COICOP_CP09,SHARE,0.01,A,SEN_EHCVM2021_LEGACY_v1,
dataflow,WB.AFW360:AFW360_HH(0.3.0),R,A,SEN,_T,SURVEY,CONS_SH,_Z,_Z,_T,_T,_T,_T,_T,_T,COICOP_CP10,_Z,_Z,_Z,_Z,2021,0.02,,,,,,,,,CONS_SH.COICOP_CP10,SHARE,0.01,A,SEN_EHCVM2021_LEGACY_v1,
dataflow,WB.AFW360:AFW360_HH(0.3.0),R,A,SEN,_T,SURVEY,CONS_SH,_Z,_Z,_T,_T,_T,_T,_T,_T,COICOP_CP11,_Z,_Z,_Z,_Z,2021,0.1,,,,,,,,,CONS_SH.COICOP_CP11,SHARE,0.01,A,SEN_EHCVM2021_LEGACY_v1,
dataflow,WB.AFW360:AFW360_HH(0.3.0),R,A,SEN,_T,SURVEY,CONS_SH,_Z,_Z,_T,_T,_T,_T,_T,_T,COICOP_CP12,_Z,_Z,_Z,_Z,2021,0,,,,,,,,,CONS_SH.COICOP_CP12,SHARE,0.01,A,SEN_EHCVM2021_LEGACY_v1,
dataflow,WB.AFW360:AFW360_HH(0.3.0),R,A,SEN,_T,SURVEY,CONS_SH,_Z,_Z,_T,_T,_T,_T,_T,_T,COICOP_CP13,_Z,_Z,_Z,_Z,2021,0.03,,,,,,,,,CONS_SH.COICOP_CP13,SHARE,0.01,A,SEN_EHCVM2021_LEGACY_v1,
dataflow,WB.AFW360:AFW360_HH(0.3.0),R,A,SEN,_T,SURVEY,EN_ASSET_AC,_Z,_Z,CAP,_T,_T,_T,_T,_T,_Z,_Z,_Z,_Z,_Z,2021,0.02,,,,,,,,,EN_ASSET_AC,SHARE,0.01,A,SEN_EHCVM2021_LEGACY_v1,
dataflow,WB.AFW360:AFW360_HH(0.3.0),R,A,SEN,_T,SURVEY,EN_ASSET_AC,_Z,_Z,OU,_T,_T,_T,_T,_T,_Z,_Z,_Z,_Z,_Z,2021,0.05,,,,,,,,,EN_ASSET_AC,SHARE,0.01,A,SEN_EHCVM2021_LEGACY_v1,
dataflow,WB.AFW360:AFW360_HH(0.3.0),R,A,SEN,_T,SURVEY,EN_ASSET_AC,_Z,_Z,R,_T,_T,_T,_T,_T,_Z,_Z,_Z,_Z,_Z,2021,0.08,,,,,,,,,EN_ASSET_AC,SHARE,0.01,A,SEN_EHCVM2021_LEGACY_v1,
dataflow,WB.AFW360:AFW360_HH(0.3.0),R,A,SEN,_T,SURVEY,EN_ASSET_AC,_Z,_Z,_T,HHH_AGE_GE35,_T,_T,_T,_T,_Z,_Z,_Z,_Z,_Z,2021,0.06,,,,,,,,,EN_ASSET_AC,SHARE,0.01,A,SEN_EHCVM2021_LEGACY_v1,
dataflow,WB.AFW360:AFW360_HH(0.3.0),R,A,SEN,_T,SURVEY,EN_ASSET_AC,_Z,_Z,_T,HHH_AGE_LT35,_T,_T,_T,_T,_Z,_Z,_Z,_Z,_Z,2021,0.01,,,,,,,,,EN_ASSET_AC,SHARE,0.01,A,SEN_EHCVM2021_LEGACY_v1,
dataflow,WB.AFW360:AFW360_HH(0.3.0),R,A,SEN,_T,SURVEY,EN_ASSET_AC,_Z,_Z,_T,HHH_SEX_F,_T,_T,_T,_T,_Z,_Z,_Z,_Z,_Z,2021,0.05,,,,,,,,,EN_ASSET_AC,SHARE,0.01,A,SEN_EHCVM2021_LEGACY_v1,
dataflow,WB.AFW360:AFW360_HH(0.3.0),R,A,SEN,_T,SURVEY,EN_ASSET_AC,_Z,_Z,_T,HHH_SEX_M,_T,_T,_T,_T,_Z,_Z,_Z,_Z,_Z,2021,0.06,,,,,,,,,EN_ASSET_AC,SHARE,0.01,A,SEN_EHCVM2021_LEGACY_v1,
dataflow,WB.AFW360:AFW360_HH(0.3.0),R,A,SEN,_T,SURVEY,EN_ASSET_AC,_Z,_Z,_T,QUINT_Q1,_T,_T,_T,_T,_Z,_Z,_Z,_Z,_Z,2021,0.03,,,,,,,,,EN_ASSET_AC,SHARE,0.01,A,SEN_EHCVM2021_LEGACY_v1,
dataflow,WB.AFW360:AFW360_HH(0.3.0),R,A,SEN,_T,SURVEY,EN_ASSET_AC,_Z,_Z,_T,QUINT_Q2,_T,_T,_T,_T,_Z,_Z,_Z,_Z,_Z,2021,0.06,,,,,,,,,EN_ASSET_AC,SHARE,0.01,A,SEN_EHCVM2021_LEGACY_v1,
dataflow,WB.AFW360:AFW360_HH(0.3.0),R,A,SEN,_T,SURVEY,EN_ASSET_AC,_Z,_Z,_T,QUINT_Q3,_T,_T,_T,_T,_Z,_Z,_Z,_Z,_Z,2021,0,,,,,,,,,EN_ASSET_AC,SHARE,0.01,A,SEN_EHCVM2021_LEGACY_v1,
dataflow,WB.AFW360:AFW360_HH(0.3.0),R,A,SEN,_T,SURVEY,EN_ASSET_AC,_Z,_Z,_T,QUINT_Q4,_T,_T,_T,_T,_Z,_Z,_Z,_Z,_Z,2021,0.06,,,,,,,,,EN_ASSET_AC,SHARE,0.01,A,SEN_EHCVM2021_LEGACY_v1,
dataflow,WB.AFW360:AFW360_HH(0.3.0),R,A,SEN,_T,SURVEY,EN_ASSET_AC,_Z,_Z,_T,QUINT_Q5,_T,_T,_T,_T,_Z,_Z,_Z,_Z,_Z,2021,0.14,,,,,,,,,EN_ASSET_AC,SHARE,0.01,A,SEN_EHCVM2021_LEGACY_v1,
dataflow,WB.AFW360:AFW360_HH(0.3.0),R,A,SEN,_T,SURVEY,EN_ASSET_AC,_Z,_Z,_T,_T,_T,_T,_T,_T,_Z,_Z,_Z,_Z,_Z,2021,0.06,,,,,,,,,EN_ASSET_AC,SHARE,0.01,A,SEN_EHCVM2021_LEGACY_v1,
dataflow,WB.AFW360:AFW360_HH(0.3.0),R,A,SEN,_T,SURVEY,EN_ASSET_COOKER,_Z,_Z,CAP,_T,_T,_T,_T,_T,_Z,_Z,_Z,_Z,_Z,2021,0.14,,,,,,,,,EN_ASSET_COOKER,SHARE,0.01,A,SEN_EHCVM2021_LEGACY_v1,
dataflow,WB.AFW360:AFW360_HH(0.3.0),R,A,SEN,_T,SURVEY,EN_ASSET_COOKER,_Z,_Z,OU,_T,_T,_T,_T,_T,_Z,_Z,_Z,_Z,_Z,2021,0.03,,,,,,,,,EN_ASSET_COOKER,SHARE,0.01,A,SEN_EHCVM2021_LEGACY_v1,
dataflow,WB.AFW360:AFW360_HH(0.3.0),R,A,SEN,_T,SURVEY,EN_ASSET_COOKER,_Z,_Z,R,_T,_T,_T,_T,_T,_Z,_Z,_Z,_Z,_Z,2021,0,,,,,,,,,EN_ASSET_COOKER,SHARE,0.01,A,SEN_EHCVM2021_LEGACY_v1,
dataflow,WB.AFW360:AFW360_HH(0.3.0),R,A,SEN,_T,SURVEY,EN_ASSET_COOKER,_Z,_Z,_T,HHH_AGE_GE35,_T,_T,_T,_T,_Z,_Z,_Z,_Z,_Z,2021,0.04,,,,,,,,,EN_ASSET_COOKER,SHARE,0.01,A,SEN_EHCVM2021_LEGACY_v1,
dataflow,WB.AFW360:AFW360_HH(0.3.0),R,A,SEN,_T,SURVEY,EN_ASSET_COOKER,_Z,_Z,_T,HHH_AGE_LT35,_T,_T,_T,_T,_Z,_Z,_Z,_Z,_Z,2021,0.01,,,,,,,,,EN_ASSET_COOKER,SHARE,0.01,A,SEN_EHCVM2021_LEGACY_v1,
dataflow,WB.AFW360:AFW360_HH(0.3.0),R,A,SEN,_T,SURVEY,EN_ASSET_COOKER,_Z,_Z,_T,HHH_SEX_F,_T,_T,_T,_T,_Z,_Z,_Z,_Z,_Z,2021,0.06,,,,,,,,,EN_ASSET_COOKER,SHARE,0.01,A,SEN_EHCVM2021_LEGACY_v1,
dataflow,WB.AFW360:AFW360_HH(0.3.0),R,A,SEN,_T,SURVEY,EN_ASSET_COOKER,_Z,_Z,_T,HHH_SEX_M,_T,_T,_T,_T,_Z,_Z,_Z,_Z,_Z,2021,0.03,,,,,,,,,EN_ASSET_COOKER,SHARE,0.01,A,SEN_EHCVM2021_LEGACY_v1,
dataflow,WB.AFW360:AFW360_HH(0.3.0),R,A,SEN,_T,SURVEY,EN_ASSET_COOKER,_Z,_Z,_T,QUINT_Q1,_T,_T,_T,_T,_Z,_Z,_Z,_Z,_Z,2021,0,,,,,,,,,EN_ASSET_COOKER,SHARE,0.01,A,SEN_EHCVM2021_LEGACY_v1,
dataflow,WB.AFW360:AFW360_HH(0.3.0),R,A,SEN,_T,SURVEY,EN_ASSET_COOKER,_Z,_Z,_T,QUINT_Q2,_T,_T,_T,_T,_Z,_Z,_Z,_Z,_Z,2021,0.01,,,,,,,,,EN_ASSET_COOKER,SHARE,0.01,A,SEN_EHCVM2021_LEGACY_v1,
dataflow,WB.AFW360:AFW360_HH(0.3.0),R,A,SEN,_T,SURVEY,EN_ASSET_COOKER,_Z,_Z,_T,QUINT_Q3,_T,_T,_T,_T,_Z,_Z,_Z,_Z,_Z,2021,0.01,,,,,,,,,EN_ASSET_COOKER,SHARE,0.01,A,SEN_EHCVM2021_LEGACY_v1,
dataflow,WB.AFW360:AFW360_HH(0.3.0),R,A,SEN,_T,SURVEY,EN_ASSET_COOKER,_Z,_Z,_T,QUINT_Q4,_T,_T,_T,_T,_Z,_Z,_Z,_Z,_Z,2021,0.01,,,,,,,,,EN_ASSET_COOKER,SHARE,0.01,A,SEN_EHCVM2021_LEGACY_v1,
dataflow,WB.AFW360:AFW360_HH(0.3.0),R,A,SEN,_T,SURVEY,EN_ASSET_COOKER,_Z,_Z,_T,QUINT_Q5,_T,_T,_T,_T,_Z,_Z,_Z,_Z,_Z,2021,0.17,,,,,,,,,EN_ASSET_COOKER,SHARE,0.01,A,SEN_EHCVM2021_LEGACY_v1,
dataflow,WB.AFW360:AFW360_HH(0.3.0),R,A,SEN,_T,SURVEY,EN_ASSET_COOKER,_Z,_Z,_T,_T,_T,_T,_T,_T,_Z,_Z,_Z,_Z,_Z,2021,0.04,,,,,,,,,EN_ASSET_COOKER,SHARE,0.01,A,SEN_EHCVM2021_LEGACY_v1,
dataflow,WB.AFW360:AFW360_HH(0.3.0),R,A,SEN,_T,SURVEY,EN_ASSET_FAN,_Z,_Z,CAP,_T,_T,_T,_T,_T,_Z,_Z,_Z,_Z,_Z,2021,0.03,,,,,,,,,EN_ASSET_FAN,SHARE,0.01,A,SEN_EHCVM2021_LEGACY_v1,
dataflow,WB.AFW360:AFW360_HH(0.3.0),R,A,SEN,_T,SURVEY,EN_ASSET_FAN,_Z,_Z,OU,_T,_T,_T,_T,_T,_Z,_Z,_Z,_Z,_Z,2021,0.02,,,,,,,,,EN_ASSET_FAN,SHARE,0.01,A,SEN_EHCVM2021_LEGACY_v1,
dataflow,WB.AFW360:AFW360_HH(0.3.0),R,A,SEN,_T,SURVEY,EN_ASSET_FAN,_Z,_Z,R,_T,_T,_T,_T,_T,_Z,_Z,_Z,_Z,_Z,2021,0.04,,,,,,,,,EN_ASSET_FAN,SHARE,0.01,A,SEN_EHCVM2021_LEGACY_v1,
dataflow,WB.AFW360:AFW360_HH(0.3.0),R,A,SEN,_T,SURVEY,EN_ASSET_FAN,_Z,_Z,_T,HHH_AGE_GE35,_T,_T,_T,_T,_Z,_Z,_Z,_Z,_Z,2021,0.03,,,,,,,,,EN_ASSET_FAN,SHARE,0.01,A,SEN_EHCVM2021_LEGACY_v1,
dataflow,WB.AFW360:AFW360_HH(0.3.0),R,A,SEN,_T,SURVEY,EN_ASSET_FAN,_Z,_Z,_T,HHH_AGE_LT35,_T,_T,_T,_T,_Z,_Z,_Z,_Z,_Z,2021,0.02,,,,,,,,,EN_ASSET_FAN,SHARE,0.01,A,SEN_EHCVM2021_LEGACY_v1,
dataflow,WB.AFW360:AFW360_HH(0.3.0),R,A,SEN,_T,SURVEY,EN_ASSET_FAN,_Z,_Z,_T,HHH_SEX_F,_T,_T,_T,_T,_Z,_Z,_Z,_Z,_Z,2021,0.02,,,,,,,,,EN_ASSET_FAN,SHARE,0.01,A,SEN_EHCVM2021_LEGACY_v1,
dataflow,WB.AFW360:AFW360_HH(0.3.0),R,A,SEN,_T,SURVEY,EN_ASSET_FAN,_Z,_Z,_T,HHH_SEX_M,_T,_T,_T,_T,_Z,_Z,_Z,_Z,_Z,2021,0.04,,,,,,,,,EN_ASSET_FAN,SHARE,0.01,A,SEN_EHCVM2021_LEGACY_v1,
dataflow,WB.AFW360:AFW360_HH(0.3.0),R,A,SEN,_T,SURVEY,EN_ASSET_FAN,_Z,_Z,_T,QUINT_Q1,_T,_T,_T,_T,_Z,_Z,_Z,_Z,_Z,2021,0.03,,,,,,,,,EN_ASSET_FAN,SHARE,0.01,A,SEN_EHCVM2021_LEGACY_v1,
dataflow,WB.AFW360:AFW360_HH(0.3.0),R,A,SEN,_T,SURVEY,EN_ASSET_FAN,_Z,_Z,_T,QUINT_Q2,_T,_T,_T,_T,_Z,_Z,_Z,_Z,_Z,2021,0.03,,,,,,,,,EN_ASSET_FAN,SHARE,0.01,A,SEN_EHCVM2021_LEGACY_v1,
dataflow,WB.AFW360:AFW360_HH(0.3.0),R,A,SEN,_T,SURVEY,EN_ASSET_FAN,_Z,_Z,_T,QUINT_Q3,_T,_T,_T,_T,_Z,_Z,_Z,_Z,_Z,2021,0.02,,,,,,,,,EN_ASSET_FAN,SHARE,0.01,A,SEN_EHCVM2021_LEGACY_v1,
dataflow,WB.AFW360:AFW360_HH(0.3.0),R,A,SEN,_T,SURVEY,EN_ASSET_FAN,_Z,_Z,_T,QUINT_Q4,_T,_T,_T,_T,_Z,_Z,_Z,_Z,_Z,2021,0.01,,,,,,,,,EN_ASSET_FAN,SHARE,0.01,A,SEN_EHCVM2021_LEGACY_v1,
dataflow,WB.AFW360:AFW360_HH(0.3.0),R,A,SEN,_T,SURVEY,EN_ASSET_FAN,_Z,_Z,_T,QUINT_Q5,_T,_T,_T,_T,_Z,_Z,_Z,_Z,_Z,2021,0.07,,,,,,,,,EN_ASSET_FAN,SHARE,0.01,A,SEN_EHCVM2021_LEGACY_v1,
dataflow,WB.AFW360:AFW360_HH(0.3.0),R,A,SEN,_T,SURVEY,EN_ASSET_FAN,_Z,_Z,_T,_T,_T,_T,_T,_T,_Z,_Z,_Z,_Z,_Z,2021,0.03,,,,,,,,,EN_ASSET_FAN,SHARE,0.01,A,SEN_EHCVM2021_LEGACY_v1,
dataflow,WB.AFW360:AFW360_HH(0.3.0),R,A,SEN,_T,SURVEY,EN_ASSET_WATER_HEATER,_Z,_Z,CAP,_T,_T,_T,_T,_T,_Z,_Z,_Z,_Z,_Z,2021,0.03,,,,,,,,,EN_ASSET_WATER_HEATER,SHARE,0.01,A,SEN_EHCVM2021_LEGACY_v1,
dataflow,WB.AFW360:AFW360_HH(0.3.0),R,A,SEN,_T,SURVEY,EN_ASSET_WATER_HEATER,_Z,_Z,OU,_T,_T,_T,_T,_T,_Z,_Z,_Z,_Z,_Z,2021,0.03,,,,,,,,,EN_ASSET_WATER_HEATER,SHARE,0.01,A,SEN_EHCVM2021_LEGACY_v1,
dataflow,WB.AFW360:AFW360_HH(0.3.0),R,A,SEN,_T,SURVEY,EN_ASSET_WATER_HEATER,_Z,_Z,R,_T,_T,_T,_T,_T,_Z,_Z,_Z,_Z,_Z,2021,0.03,,,,,,,,,EN_ASSET_WATER_HEATER,SHARE,0.01,A,SEN_EHCVM2021_LEGACY_v1,
dataflow,WB.AFW360:AFW360_HH(0.3.0),R,A,SEN,_T,SURVEY,EN_ASSET_WATER_HEATER,_Z,_Z,_T,HHH_AGE_GE35,_T,_T,_T,_T,_Z,_Z,_Z,_Z,_Z,2021,0.03,,,,,,,,,EN_ASSET_WATER_HEATER,SHARE,0.01,A,SEN_EHCVM2021_LEGACY_v1,
dataflow,WB.AFW360:AFW360_HH(0.3.0),R,A,SEN,_T,SURVEY,EN_ASSET_WATER_HEATER,_Z,_Z,_T,HHH_AGE_LT35,_T,_T,_T,_T,_Z,_Z,_Z,_Z,_Z,2021,0.01,,,,,,,,,EN_ASSET_WATER_HEATER,SHARE,0.01,A,SEN_EHCVM2021_LEGACY_v1,
dataflow,WB.AFW360:AFW360_HH(0.3.0),R,A,SEN,_T,SURVEY,EN_ASSET_WATER_HEATER,_Z,_Z,_T,HHH_SEX_F,_T,_T,_T,_T,_Z,_Z,_Z,_Z,_Z,2021,0.01,,,,,,,,,EN_ASSET_WATER_HEATER,SHARE,0.01,A,SEN_EHCVM2021_LEGACY_v1,
dataflow,WB.AFW360:AFW360_HH(0.3.0),R,A,SEN,_T,SURVEY,EN_ASSET_WATER_HEATER,_Z,_Z,_T,HHH_SEX_M,_T,_T,_T,_T,_Z,_Z,_Z,_Z,_Z,2021,0.03,,,,,,,,,EN_ASSET_WATER_HEATER,SHARE,0.01,A,SEN_EHCVM2021_LEGACY_v1,
dataflow,WB.AFW360:AFW360_HH(0.3.0),R,A,SEN,_T,SURVEY,EN_ASSET_WATER_HEATER,_Z,_Z,_T,QUINT_Q1,_T,_T,_T,_T,_Z,_Z,_Z,_Z,_Z,2021,0.01,,,,,,,,,EN_ASSET_WATER_HEATER,SHARE,0.01,A,SEN_EHCVM2021_LEGACY_v1,
dataflow,WB.AFW360:AFW360_HH(0.3.0),R,A,SEN,_T,SURVEY,EN_ASSET_WATER_HEATER,_Z,_Z,_T,QUINT_Q2,_T,_T,_T,_T,_Z,_Z,_Z,_Z,_Z,2021,0,,,,,,,,,EN_ASSET_WATER_HEATER,SHARE,0.01,A,SEN_EHCVM2021_LEGACY_v1,
dataflow,WB.AFW360:AFW360_HH(0.3.0),R,A,SEN,_T,SURVEY,EN_ASSET_WATER_HEATER,_Z,_Z,_T,QUINT_Q3,_T,_T,_T,_T,_Z,_Z,_Z,_Z,_Z,2021,0,,,,,,,,,EN_ASSET_WATER_HEATER,SHARE,0.01,A,SEN_EHCVM2021_LEGACY_v1,
dataflow,WB.AFW360:AFW360_HH(0.3.0),R,A,SEN,_T,SURVEY,EN_ASSET_WATER_HEATER,_Z,_Z,_T,QUINT_Q4,_T,_T,_T,_T,_Z,_Z,_Z,_Z,_Z,2021,0.07,,,,,,,,,EN_ASSET_WATER_HEATER,SHARE,0.01,A,SEN_EHCVM2021_LEGACY_v1,
dataflow,WB.AFW360:AFW360_HH(0.3.0),R,A,SEN,_T,SURVEY,EN_ASSET_WATER_HEATER,_Z,_Z,_T,QUINT_Q5,_T,_T,_T,_T,_Z,_Z,_Z,_Z,_Z,2021,0.04,,,,,,,,,EN_ASSET_WATER_HEATER,SHARE,0.01,A,SEN_EHCVM2021_LEGACY_v1,
dataflow,WB.AFW360:AFW360_HH(0.3.0),R,A,SEN,_T,SURVEY,EN_ASSET_WATER_HEATER,_Z,_Z,_T,_T,_T,_T,_T,_T,_Z,_Z,_Z,_Z,_Z,2021,0.03,,,,,,,,,EN_ASSET_WATER_HEATER,SHARE,0.01,A,SEN_EHCVM2021_LEGACY_v1,
dataflow,WB.AFW360:AFW360_HH(0.3.0),R,A,SEN,_T,SURVEY,EN_COOK_BIOMASS,_Z,_Z,CAP,_T,_T,_T,_T,_T,_Z,_Z,_Z,_Z,_Z,2021,0.26,,,,,,,,,EN_COOK_BIOMASS,SHARE,0.01,A,SEN_EHCVM2021_LEGACY_v1,
dataflow,WB.AFW360:AFW360_HH(0.3.0),R,A,SEN,_T,SURVEY,EN_COOK_BIOMASS,_Z,_Z,OU,_T,_T,_T,_T,_T,_Z,_Z,_Z,_Z,_Z,2021,0.2,,,,,,,,,EN_COOK_BIOMASS,SHARE,0.01,A,SEN_EHCVM2021_LEGACY_v1,
dataflow,WB.AFW360:AFW360_HH(0.3.0),R,A,SEN,_T,SURVEY,EN_COOK_BIOMASS,_Z,_Z,R,_T,_T,_T,_T,_T,_Z,_Z,_Z,_Z,_Z,2021,0.23,,,,,,,,,EN_COOK_BIOMASS,SHARE,0.01,A,SEN_EHCVM2021_LEGACY_v1,
dataflow,WB.AFW360:AFW360_HH(0.3.0),R,A,SEN,_T,SURVEY,EN_COOK_BIOMASS,_Z,_Z,_T,HHH_AGE_GE35,_T,_T,_T,_T,_Z,_Z,_Z,_Z,_Z,2021,0.23,,,,,,,,,EN_COOK_BIOMASS,SHARE,0.01,A,SEN_EHCVM2021_LEGACY_v1,
dataflow,WB.AFW360:AFW360_HH(0.3.0),R,A,SEN,_T,SURVEY,EN_COOK_BIOMASS,_Z,_Z,_T,HHH_AGE_LT35,_T,_T,_T,_T,_Z,_Z,_Z,_Z,_Z,2021,0.17,,,,,,,,,EN_COOK_BIOMASS,SHARE,0.01,A,SEN_EHCVM2021_LEGACY_v1,
dataflow,WB.AFW360:AFW360_HH(0.3.0),R,A,SEN,_T,SURVEY,EN_COOK_BIOMASS,_Z,_Z,_T,HHH_SEX_F,_T,_T,_T,_T,_Z,_Z,_Z,_Z,_Z,2021,0.21,,,,,,,,,EN_COOK_BIOMASS,SHARE,0.01,A,SEN_EHCVM2021_LEGACY_v1,
dataflow,WB.AFW360:AFW360_HH(0.3.0),R,A,SEN,_T,SURVEY,EN_COOK_BIOMASS,_Z,_Z,_T,HHH_SEX_M,_T,_T,_T,_T,_Z,_Z,_Z,_Z,_Z,2021,0.24,,,,,,,,,EN_COOK_BIOMASS,SHARE,0.01,A,SEN_EHCVM2021_LEGACY_v1,
dataflow,WB.AFW360:AFW360_HH(0.3.0),R,A,SEN,_T,SURVEY,EN_COOK_BIOMASS,_Z,_Z,_T,QUINT_Q1,_T,_T,_T,_T,_Z,_Z,_Z,_Z,_Z,2021,0.16,,,,,,,,,EN_COOK_BIOMASS,SHARE,0.01,A,SEN_EHCVM2021_LEGACY_v1,
dataflow,WB.AFW360:AFW360_HH(0.3.0),R,A,SEN,_T,SURVEY,EN_COOK_BIOMASS,_Z,_Z,_T,QUINT_Q2,_T,_T,_T,_T,_Z,_Z,_Z,_Z,_Z,2021,0.31,,,,,,,,,EN_COOK_BIOMASS,SHARE,0.01,A,SEN_EHCVM2021_LEGACY_v1,
dataflow,WB.AFW360:AFW360_HH(0.3.0),R,A,SEN,_T,SURVEY,EN_COOK_BIOMASS,_Z,_Z,_T,QUINT_Q3,_T,_T,_T,_T,_Z,_Z,_Z,_Z,_Z,2021,0.13,,,,,,,,,EN_COOK_BIOMASS,SHARE,0.01,A,SEN_EHCVM2021_LEGACY_v1,
dataflow,WB.AFW360:AFW360_HH(0.3.0),R,A,SEN,_T,SURVEY,EN_COOK_BIOMASS,_Z,_Z,_T,QUINT_Q4,_T,_T,_T,_T,_Z,_Z,_Z,_Z,_Z,2021,0.34,,,,,,,,,EN_COOK_BIOMASS,SHARE,0.01,A,SEN_EHCVM2021_LEGACY_v1,
dataflow,WB.AFW360:AFW360_HH(0.3.0),R,A,SEN,_T,SURVEY,EN_COOK_BIOMASS,_Z,_Z,_T,QUINT_Q5,_T,_T,_T,_T,_Z,_Z,_Z,_Z,_Z,2021,0.18,,,,,,,,,EN_COOK_BIOMASS,SHARE,0.01,A,SEN_EHCVM2021_LEGACY_v1,
dataflow,WB.AFW360:AFW360_HH(0.3.0),R,A,SEN,_T,SURVEY,EN_COOK_BIOMASS,_Z,_Z,_T,_T,_T,_T,_T,_T,_Z,_Z,_Z,_Z,_Z,2021,0.23,,,,,,,,,EN_COOK_BIOMASS,SHARE,0.01,A,SEN_EHCVM2021_LEGACY_v1,
dataflow,WB.AFW360:AFW360_HH(0.3.0),R,A,SEN,_T,SURVEY,EN_COOK_CLEAN,_Z,_Z,CAP,_T,_T,_T,_T,_T,_Z,_Z,_Z,_Z,_Z,2021,0.6,,,,,,,,,EN_COOK_CLEAN,SHARE,0.01,A,SEN_EHCVM2021_LEGACY_v1,LEGACY_SUSPECT: Implausible pattern: higher in Rural and Q1 than in Capital and Q4.
dataflow,WB.AFW360:AFW360_HH(0.3.0),R,A,SEN,_T,SURVEY,EN_COOK_CLEAN,_Z,_Z,OU,_T,_T,_T,_T,_T,_Z,_Z,_Z,_Z,_Z,2021,0.78,,,,,,,,,EN_COOK_CLEAN,SHARE,0.01,A,SEN_EHCVM2021_LEGACY_v1,LEGACY_SUSPECT: Implausible pattern: higher in Rural and Q1 than in Capital and Q4.
dataflow,WB.AFW360:AFW360_HH(0.3.0),R,A,SEN,_T,SURVEY,EN_COOK_CLEAN,_Z,_Z,R,_T,_T,_T,_T,_T,_Z,_Z,_Z,_Z,_Z,2021,0.76,,,,,,,,,EN_COOK_CLEAN,SHARE,0.01,A,SEN_EHCVM2021_LEGACY_v1,LEGACY_SUSPECT: Implausible pattern: higher in Rural and Q1 than in Capital and Q4.
dataflow,WB.AFW360:AFW360_HH(0.3.0),R,A,SEN,_T,SURVEY,EN_COOK_CLEAN,_Z,_Z,_T,HHH_AGE_GE35,_T,_T,_T,_T,_Z,_Z,_Z,_Z,_Z,2021,0.72,,,,,,,,,EN_COOK_CLEAN,SHARE,0.01,A,SEN_EHCVM2021_LEGACY_v1,LEGACY_SUSPECT: Implausible pattern: higher in Rural and Q1 than in Capital and Q4.
dataflow,WB.AFW360:AFW360_HH(0.3.0),R,A,SEN,_T,SURVEY,EN_COOK_CLEAN,_Z,_Z,_T,HHH_AGE_LT35,_T,_T,_T,_T,_Z,_Z,_Z,_Z,_Z,2021,0.83,,,,,,,,,EN_COOK_CLEAN,SHARE,0.01,A,SEN_EHCVM2021_LEGACY_v1,LEGACY_SUSPECT: Implausible pattern: higher in Rural and Q1 than in Capital and Q4.
dataflow,WB.AFW360:AFW360_HH(0.3.0),R,A,SEN,_T,SURVEY,EN_COOK_CLEAN,_Z,_Z,_T,HHH_SEX_F,_T,_T,_T,_T,_Z,_Z,_Z,_Z,_Z,2021,0.7,,,,,,,,,EN_COOK_CLEAN,SHARE,0.01,A,SEN_EHCVM2021_LEGACY_v1,LEGACY_SUSPECT: Implausible pattern: higher in Rural and Q1 than in Capital and Q4.
dataflow,WB.AFW360:AFW360_HH(0.3.0),R,A,SEN,_T,SURVEY,EN_COOK_CLEAN,_Z,_Z,_T,HHH_SEX_M,_T,_T,_T,_T,_Z,_Z,_Z,_Z,_Z,2021,0.74,,,,,,,,,EN_COOK_CLEAN,SHARE,0.01,A,SEN_EHCVM2021_LEGACY_v1,LEGACY_SUSPECT: Implausible pattern: higher in Rural and Q1 than in Capital and Q4.
dataflow,WB.AFW360:AFW360_HH(0.3.0),R,A,SEN,_T,SURVEY,EN_COOK_CLEAN,_Z,_Z,_T,QUINT_Q1,_T,_T,_T,_T,_Z,_Z,_Z,_Z,_Z,2021,0.79,,,,,,,,,EN_COOK_CLEAN,SHARE,0.01,A,SEN_EHCVM2021_LEGACY_v1,LEGACY_SUSPECT: Implausible pattern: higher in Rural and Q1 than in Capital and Q4.
dataflow,WB.AFW360:AFW360_HH(0.3.0),R,A,SEN,_T,SURVEY,EN_COOK_CLEAN,_Z,_Z,_T,QUINT_Q2,_T,_T,_T,_T,_Z,_Z,_Z,_Z,_Z,2021,0.69,,,,,,,,,EN_COOK_CLEAN,SHARE,0.01,A,SEN_EHCVM2021_LEGACY_v1,LEGACY_SUSPECT: Implausible pattern: higher in Rural and Q1 than in Capital and Q4.
dataflow,WB.AFW360:AFW360_HH(0.3.0),R,A,SEN,_T,SURVEY,EN_COOK_CLEAN,_Z,_Z,_T,QUINT_Q3,_T,_T,_T,_T,_Z,_Z,_Z,_Z,_Z,2021,0.85,,,,,,,,,EN_COOK_CLEAN,SHARE,0.01,A,SEN_EHCVM2021_LEGACY_v1,LEGACY_SUSPECT: Implausible pattern: higher in Rural and Q1 than in Capital and Q4.
dataflow,WB.AFW360:AFW360_HH(0.3.0),R,A,SEN,_T,SURVEY,EN_COOK_CLEAN,_Z,_Z,_T,QUINT_Q4,_T,_T,_T,_T,_Z,_Z,_Z,_Z,_Z,2021,0.57,,,,,,,,,EN_COOK_CLEAN,SHARE,0.01,A,SEN_EHCVM2021_LEGACY_v1,LEGACY_SUSPECT: Implausible pattern: higher in Rural and Q1 than in Capital and Q4.
dataflow,WB.AFW360:AFW360_HH(0.3.0),R,A,SEN,_T,SURVEY,EN_COOK_CLEAN,_Z,_Z,_T,QUINT_Q5,_T,_T,_T,_T,_Z,_Z,_Z,_Z,_Z,2021,0.8,,,,,,,,,EN_COOK_CLEAN,SHARE,0.01,A,SEN_EHCVM2021_LEGACY_v1,LEGACY_SUSPECT: Implausible pattern: higher in Rural and Q1 than in Capital and Q4.
dataflow,WB.AFW360:AFW360_HH(0.3.0),R,A,SEN,_T,SURVEY,EN_COOK_CLEAN,_Z,_Z,_T,_T,_T,_T,_T,_T,_Z,_Z,_Z,_Z,_Z,2021,0.73,,,,,,,,,EN_COOK_CLEAN,SHARE,0.01,A,SEN_EHCVM2021_LEGACY_v1,LEGACY_SUSPECT: Implausible pattern: higher in Rural and Q1 than in Capital and Q4.
dataflow,WB.AFW360:AFW360_HH(0.3.0),R,A,SEN,_T,SURVEY,EN_ELEC_ACCESS,_Z,_Z,CAP,_T,_T,_T,_T,_T,_Z,_Z,_Z,_Z,_Z,2021,0.97,,,,,,,,,EN_ELEC_ACCESS,SHARE,0.01,A,SEN_EHCVM2021_LEGACY_v1,
dataflow,WB.AFW360:AFW360_HH(0.3.0),R,A,SEN,_T,SURVEY,EN_ELEC_ACCESS,_Z,_Z,OU,_T,_T,_T,_T,_T,_Z,_Z,_Z,_Z,_Z,2021,0.87,,,,,,,,,EN_ELEC_ACCESS,SHARE,0.01,A,SEN_EHCVM2021_LEGACY_v1,
dataflow,WB.AFW360:AFW360_HH(0.3.0),R,A,SEN,_T,SURVEY,EN_ELEC_ACCESS,_Z,_Z,R,_T,_T,_T,_T,_T,_Z,_Z,_Z,_Z,_Z,2021,0.45,,,,,,,,,EN_ELEC_ACCESS,SHARE,0.01,A,SEN_EHCVM2021_LEGACY_v1,
dataflow,WB.AFW360:AFW360_HH(0.3.0),R,A,SEN,_T,SURVEY,EN_ELEC_ACCESS,_Z,_Z,_T,HHH_AGE_GE35,_T,_T,_T,_T,_Z,_Z,_Z,_Z,_Z,2021,0.68,,,,,,,,,EN_ELEC_ACCESS,SHARE,0.01,A,SEN_EHCVM2021_LEGACY_v1,
dataflow,WB.AFW360:AFW360_HH(0.3.0),R,A,SEN,_T,SURVEY,EN_ELEC_ACCESS,_Z,_Z,_T,HHH_AGE_LT35,_T,_T,_T,_T,_Z,_Z,_Z,_Z,_Z,2021,0.56,,,,,,,,,EN_ELEC_ACCESS,SHARE,0.01,A,SEN_EHCVM2021_LEGACY_v1,
dataflow,WB.AFW360:AFW360_HH(0.3.0),R,A,SEN,_T,SURVEY,EN_ELEC_ACCESS,_Z,_Z,_T,HHH_SEX_F,_T,_T,_T,_T,_Z,_Z,_Z,_Z,_Z,2021,0.82,,,,,,,,,EN_ELEC_ACCESS,SHARE,0.01,A,SEN_EHCVM2021_LEGACY_v1,
dataflow,WB.AFW360:AFW360_HH(0.3.0),R,A,SEN,_T,SURVEY,EN_ELEC_ACCESS,_Z,_Z,_T,HHH_SEX_M,_T,_T,_T,_T,_Z,_Z,_Z,_Z,_Z,2021,0.62,,,,,,,,,EN_ELEC_ACCESS,SHARE,0.01,A,SEN_EHCVM2021_LEGACY_v1,
dataflow,WB.AFW360:AFW360_HH(0.3.0),R,A,SEN,_T,SURVEY,EN_ELEC_ACCESS,_Z,_Z,_T,QUINT_Q1,_T,_T,_T,_T,_Z,_Z,_Z,_Z,_Z,2021,0.28,,,,,,,,,EN_ELEC_ACCESS,SHARE,0.01,A,SEN_EHCVM2021_LEGACY_v1,
dataflow,WB.AFW360:AFW360_HH(0.3.0),R,A,SEN,_T,SURVEY,EN_ELEC_ACCESS,_Z,_Z,_T,QUINT_Q2,_T,_T,_T,_T,_Z,_Z,_Z,_Z,_Z,2021,0.58,,,,,,,,,EN_ELEC_ACCESS,SHARE,0.01,A,SEN_EHCVM2021_LEGACY_v1,
dataflow,WB.AFW360:AFW360_HH(0.3.0),R,A,SEN,_T,SURVEY,EN_ELEC_ACCESS,_Z,_Z,_T,QUINT_Q3,_T,_T,_T,_T,_Z,_Z,_Z,_Z,_Z,2021,0.73,,,,,,,,,EN_ELEC_ACCESS,SHARE,0.01,A,SEN_EHCVM2021_LEGACY_v1,
dataflow,WB.AFW360:AFW360_HH(0.3.0),R,A,SEN,_T,SURVEY,EN_ELEC_ACCESS,_Z,_Z,_T,QUINT_Q4,_T,_T,_T,_T,_Z,_Z,_Z,_Z,_Z,2021,0.85,,,,,,,,,EN_ELEC_ACCESS,SHARE,0.01,A,SEN_EHCVM2021_LEGACY_v1,
dataflow,WB.AFW360:AFW360_HH(0.3.0),R,A,SEN,_T,SURVEY,EN_ELEC_ACCESS,_Z,_Z,_T,QUINT_Q5,_T,_T,_T,_T,_Z,_Z,_Z,_Z,_Z,2021,0.95,,,,,,,,,EN_ELEC_ACCESS,SHARE,0.01,A,SEN_EHCVM2021_LEGACY_v1,
dataflow,WB.AFW360:AFW360_HH(0.3.0),R,A,SEN,_T,SURVEY,EN_ELEC_ACCESS,_Z,_Z,_T,_T,_T,_T,_T,_T,_Z,_Z,_Z,_Z,_Z,2021,0.68,,,,,,,,,EN_ELEC_ACCESS,SHARE,0.01,A,SEN_EHCVM2021_LEGACY_v1,
dataflow,WB.AFW360:AFW360_HH(0.3.0),R,A,SEN,_T,SURVEY,EN_ELEC_INFORMAL,_Z,_Z,CAP,_T,_T,_T,_T,_T,_Z,_Z,_Z,_Z,_Z,2021,0.01,,,,,,,,,EN_ELEC_INFORMAL,SHARE,0.01,A,SEN_EHCVM2021_LEGACY_v1,
dataflow,WB.AFW360:AFW360_HH(0.3.0),R,A,SEN,_T,SURVEY,EN_ELEC_INFORMAL,_Z,_Z,OU,_T,_T,_T,_T,_T,_Z,_Z,_Z,_Z,_Z,2021,0.01,,,,,,,,,EN_ELEC_INFORMAL,SHARE,0.01,A,SEN_EHCVM2021_LEGACY_v1,
dataflow,WB.AFW360:AFW360_HH(0.3.0),R,A,SEN,_T,SURVEY,EN_ELEC_INFORMAL,_Z,_Z,R,_T,_T,_T,_T,_T,_Z,_Z,_Z,_Z,_Z,2021,0.01,,,,,,,,,EN_ELEC_INFORMAL,SHARE,0.01,A,SEN_EHCVM2021_LEGACY_v1,
dataflow,WB.AFW360:AFW360_HH(0.3.0),R,A,SEN,_T,SURVEY,EN_ELEC_INFORMAL,_Z,_Z,_T,HHH_AGE_GE35,_T,_T,_T,_T,_Z,_Z,_Z,_Z,_Z,2021,0.01,,,,,,,,,EN_ELEC_INFORMAL,SHARE,0.01,A,SEN_EHCVM2021_LEGACY_v1,
dataflow,WB.AFW360:AFW360_HH(0.3.0),R,A,SEN,_T,SURVEY,EN_ELEC_INFORMAL,_Z,_Z,_T,HHH_AGE_LT35,_T,_T,_T,_T,_Z,_Z,_Z,_Z,_Z,2021,0,,,,,,,,,EN_ELEC_INFORMAL,SHARE,0.01,A,SEN_EHCVM2021_LEGACY_v1,
dataflow,WB.AFW360:AFW360_HH(0.3.0),R,A,SEN,_T,SURVEY,EN_ELEC_INFORMAL,_Z,_Z,_T,HHH_SEX_F,_T,_T,_T,_T,_Z,_Z,_Z,_Z,_Z,2021,0.01,,,,,,,,,EN_ELEC_INFORMAL,SHARE,0.01,A,SEN_EHCVM2021_LEGACY_v1,
dataflow,WB.AFW360:AFW360_HH(0.3.0),R,A,SEN,_T,SURVEY,EN_ELEC_INFORMAL,_Z,_Z,_T,HHH_SEX_M,_T,_T,_T,_T,_Z,_Z,_Z,_Z,_Z,2021,0.01,,,,,,,,,EN_ELEC_INFORMAL,SHARE,0.01,A,SEN_EHCVM2021_LEGACY_v1,
dataflow,WB.AFW360:AFW360_HH(0.3.0),R,A,SEN,_T,SURVEY,EN_ELEC_INFORMAL,_Z,_Z,_T,QUINT_Q1,_T,_T,_T,_T,_Z,_Z,_Z,_Z,_Z,2021,0,,,,,,,,,EN_ELEC_INFORMAL,SHARE,0.01,A,SEN_EHCVM2021_LEGACY_v1,
dataflow,WB.AFW360:AFW360_HH(0.3.0),R,A,SEN,_T,SURVEY,EN_ELEC_INFORMAL,_Z,_Z,_T,QUINT_Q2,_T,_T,_T,_T,_Z,_Z,_Z,_Z,_Z,2021,0.02,,,,,,,,,EN_ELEC_INFORMAL,SHARE,0.01,A,SEN_EHCVM2021_LEGACY_v1,
dataflow,WB.AFW360:AFW360_HH(0.3.0),R,A,SEN,_T,SURVEY,EN_ELEC_INFORMAL,_Z,_Z,_T,QUINT_Q3,_T,_T,_T,_T,_Z,_Z,_Z,_Z,_Z,2021,0.01,,,,,,,,,EN_ELEC_INFORMAL,SHARE,0.01,A,SEN_EHCVM2021_LEGACY_v1,
dataflow,WB.AFW360:AFW360_HH(0.3.0),R,A,SEN,_T,SURVEY,EN_ELEC_INFORMAL,_Z,_Z,_T,QUINT_Q4,_T,_T,_T,_T,_Z,_Z,_Z,_Z,_Z,2021,0.01,,,,,,,,,EN_ELEC_INFORMAL,SHARE,0.01,A,SEN_EHCVM2021_LEGACY_v1,
dataflow,WB.AFW360:AFW360_HH(0.3.0),R,A,SEN,_T,SURVEY,EN_ELEC_INFORMAL,_Z,_Z,_T,QUINT_Q5,_T,_T,_T,_T,_Z,_Z,_Z,_Z,_Z,2021,0.02,,,,,,,,,EN_ELEC_INFORMAL,SHARE,0.01,A,SEN_EHCVM2021_LEGACY_v1,
dataflow,WB.AFW360:AFW360_HH(0.3.0),R,A,SEN,_T,SURVEY,EN_ELEC_INFORMAL,_Z,_Z,_T,_T,_T,_T,_T,_T,_Z,_Z,_Z,_Z,_Z,2021,0.01,,,,,,,,,EN_ELEC_INFORMAL,SHARE,0.01,A,SEN_EHCVM2021_LEGACY_v1,
dataflow,WB.AFW360:AFW360_HH(0.3.0),R,A,SEN,_T,SURVEY,EN_ELEC_SPEND,_Z,_Z,CAP,_T,_T,_T,_T,_T,_Z,_Z,_Z,_Z,_Z,2021,10796.67,,,,,,,,,EN_ELEC_SPEND,XOF,0.01,A,SEN_EHCVM2021_LEGACY_v1,
dataflow,WB.AFW360:AFW360_HH(0.3.0),R,A,SEN,_T,SURVEY,EN_ELEC_SPEND,_Z,_Z,OU,_T,_T,_T,_T,_T,_Z,_Z,_Z,_Z,_Z,2021,20241.61,,,,,,,,,EN_ELEC_SPEND,XOF,0.01,A,SEN_EHCVM2021_LEGACY_v1,
dataflow,WB.AFW360:AFW360_HH(0.3.0),R,A,SEN,_T,SURVEY,EN_ELEC_SPEND,_Z,_Z,R,_T,_T,_T,_T,_T,_Z,_Z,_Z,_Z,_Z,2021,14527.39,,,,,,,,,EN_ELEC_SPEND,XOF,0.01,A,SEN_EHCVM2021_LEGACY_v1,
dataflow,WB.AFW360:AFW360_HH(0.3.0),R,A,SEN,_T,SURVEY,EN_ELEC_SPEND,_Z,_Z,_T,HHH_AGE_GE35,_T,_T,_T,_T,_Z,_Z,_Z,_Z,_Z,2021,14320.24,,,,,,,,,EN_ELEC_SPEND,XOF,0.01,A,SEN_EHCVM2021_LEGACY_v1,
dataflow,WB.AFW360:AFW360_HH(0.3.0),R,A,SEN,_T,SURVEY,EN_ELEC_SPEND,_Z,_Z,_T,HHH_AGE_LT35,_T,_T,_T,_T,_Z,_Z,_Z,_Z,_Z,2021,19402.74,,,,,,,,,EN_ELEC_SPEND,XOF,0.01,A,SEN_EHCVM2021_LEGACY_v1,
dataflow,WB.AFW360:AFW360_HH(0.3.0),R,A,SEN,_T,SURVEY,EN_ELEC_SPEND,_Z,_Z,_T,HHH_SEX_F,_T,_T,_T,_T,_Z,_Z,_Z,_Z,_Z,2021,14400.73,,,,,,,,,EN_ELEC_SPEND,XOF,0.01,A,SEN_EHCVM2021_LEGACY_v1,
dataflow,WB.AFW360:AFW360_HH(0.3.0),R,A,SEN,_T,SURVEY,EN_ELEC_SPEND,_Z,_Z,_T,HHH_SEX_M,_T,_T,_T,_T,_Z,_Z,_Z,_Z,_Z,2021,14669.32,,,,,,,,,EN_ELEC_SPEND,XOF,0.01,A,SEN_EHCVM2021_LEGACY_v1,
dataflow,WB.AFW360:AFW360_HH(0.3.0),R,A,SEN,_T,SURVEY,EN_ELEC_SPEND,_Z,_Z,_T,QUINT_Q1,_T,_T,_T,_T,_Z,_Z,_Z,_Z,_Z,2021,10795.5,,,,,,,,,EN_ELEC_SPEND,XOF,0.01,A,SEN_EHCVM2021_LEGACY_v1,
dataflow,WB.AFW360:AFW360_HH(0.3.0),R,A,SEN,_T,SURVEY,EN_ELEC_SPEND,_Z,_Z,_T,QUINT_Q2,_T,_T,_T,_T,_Z,_Z,_Z,_Z,_Z,2021,12034.51,,,,,,,,,EN_ELEC_SPEND,XOF,0.01,A,SEN_EHCVM2021_LEGACY_v1,
dataflow,WB.AFW360:AFW360_HH(0.3.0),R,A,SEN,_T,SURVEY,EN_ELEC_SPEND,_Z,_Z,_T,QUINT_Q3,_T,_T,_T,_T,_Z,_Z,_Z,_Z,_Z,2021,13910.01,,,,,,,,,EN_ELEC_SPEND,XOF,0.01,A,SEN_EHCVM2021_LEGACY_v1,
dataflow,WB.AFW360:AFW360_HH(0.3.0),R,A,SEN,_T,SURVEY,EN_ELEC_SPEND,_Z,_Z,_T,QUINT_Q4,_T,_T,_T,_T,_Z,_Z,_Z,_Z,_Z,2021,17793.37,,,,,,,,,EN_ELEC_SPEND,XOF,0.01,A,SEN_EHCVM2021_LEGACY_v1,
dataflow,WB.AFW360:AFW360_HH(0.3.0),R,A,SEN,_T,SURVEY,EN_ELEC_SPEND,_Z,_Z,_T,QUINT_Q5,_T,_T,_T,_T,_Z,_Z,_Z,_Z,_Z,2021,18354.2,,,,,,,,,EN_ELEC_SPEND,XOF,0.01,A,SEN_EHCVM2021_LEGACY_v1,
dataflow,WB.AFW360:AFW360_HH(0.3.0),R,A,SEN,_T,SURVEY,EN_ELEC_SPEND,_Z,_Z,_T,_T,_T,_T,_T,_T,_Z,_Z,_Z,_Z,_Z,2021,14598.96,,,,,,,,,EN_ELEC_SPEND,XOF,0.01,A,SEN_EHCVM2021_LEGACY_v1,
dataflow,WB.AFW360:AFW360_HH(0.3.0),R,A,SEN,_T,SURVEY,EN_GRID_CONN,_Z,_Z,CAP,_T,_T,_T,_T,_T,_Z,_Z,_Z,_Z,_Z,2021,0.99,,,,,,,,,EN_GRID_CONN,SHARE,0.01,A,SEN_EHCVM2021_LEGACY_v1,"LEGACY_SUSPECT: Implausible: 0.96-1.00 in every cell, including Q1 and Rural."
dataflow,WB.AFW360:AFW360_HH(0.3.0),R,A,SEN,_T,SURVEY,EN_GRID_CONN,_Z,_Z,OU,_T,_T,_T,_T,_T,_Z,_Z,_Z,_Z,_Z,2021,0.98,,,,,,,,,EN_GRID_CONN,SHARE,0.01,A,SEN_EHCVM2021_LEGACY_v1,"LEGACY_SUSPECT: Implausible: 0.96-1.00 in every cell, including Q1 and Rural."
dataflow,WB.AFW360:AFW360_HH(0.3.0),R,A,SEN,_T,SURVEY,EN_GRID_CONN,_Z,_Z,R,_T,_T,_T,_T,_T,_Z,_Z,_Z,_Z,_Z,2021,0.98,,,,,,,,,EN_GRID_CONN,SHARE,0.01,A,SEN_EHCVM2021_LEGACY_v1,"LEGACY_SUSPECT: Implausible: 0.96-1.00 in every cell, including Q1 and Rural."
dataflow,WB.AFW360:AFW360_HH(0.3.0),R,A,SEN,_T,SURVEY,EN_GRID_CONN,_Z,_Z,_T,HHH_AGE_GE35,_T,_T,_T,_T,_Z,_Z,_Z,_Z,_Z,2021,0.98,,,,,,,,,EN_GRID_CONN,SHARE,0.01,A,SEN_EHCVM2021_LEGACY_v1,"LEGACY_SUSPECT: Implausible: 0.96-1.00 in every cell, including Q1 and Rural."
dataflow,WB.AFW360:AFW360_HH(0.3.0),R,A,SEN,_T,SURVEY,EN_GRID_CONN,_Z,_Z,_T,HHH_AGE_LT35,_T,_T,_T,_T,_Z,_Z,_Z,_Z,_Z,2021,0.99,,,,,,,,,EN_GRID_CONN,SHARE,0.01,A,SEN_EHCVM2021_LEGACY_v1,"LEGACY_SUSPECT: Implausible: 0.96-1.00 in every cell, including Q1 and Rural."
dataflow,WB.AFW360:AFW360_HH(0.3.0),R,A,SEN,_T,SURVEY,EN_GRID_CONN,_Z,_Z,_T,HHH_SEX_F,_T,_T,_T,_T,_Z,_Z,_Z,_Z,_Z,2021,0.98,,,,,,,,,EN_GRID_CONN,SHARE,0.01,A,SEN_EHCVM2021_LEGACY_v1,"LEGACY_SUSPECT: Implausible: 0.96-1.00 in every cell, including Q1 and Rural."
dataflow,WB.AFW360:AFW360_HH(0.3.0),R,A,SEN,_T,SURVEY,EN_GRID_CONN,_Z,_Z,_T,HHH_SEX_M,_T,_T,_T,_T,_Z,_Z,_Z,_Z,_Z,2021,0.98,,,,,,,,,EN_GRID_CONN,SHARE,0.01,A,SEN_EHCVM2021_LEGACY_v1,"LEGACY_SUSPECT: Implausible: 0.96-1.00 in every cell, including Q1 and Rural."
dataflow,WB.AFW360:AFW360_HH(0.3.0),R,A,SEN,_T,SURVEY,EN_GRID_CONN,_Z,_Z,_T,QUINT_Q1,_T,_T,_T,_T,_Z,_Z,_Z,_Z,_Z,2021,1,,,,,,,,,EN_GRID_CONN,SHARE,0.01,A,SEN_EHCVM2021_LEGACY_v1,"LEGACY_SUSPECT: Implausible: 0.96-1.00 in every cell, including Q1 and Rural."
dataflow,WB.AFW360:AFW360_HH(0.3.0),R,A,SEN,_T,SURVEY,EN_GRID_CONN,_Z,_Z,_T,QUINT_Q2,_T,_T,_T,_T,_Z,_Z,_Z,_Z,_Z,2021,0.96,,,,,,,,,EN_GRID_CONN,SHARE,0.01,A,SEN_EHCVM2021_LEGACY_v1,"LEGACY_SUSPECT: Implausible: 0.96-1.00 in every cell, including Q1 and Rural."
dataflow,WB.AFW360:AFW360_HH(0.3.0),R,A,SEN,_T,SURVEY,EN_GRID_CONN,_Z,_Z,_T,QUINT_Q3,_T,_T,_T,_T,_Z,_Z,_Z,_Z,_Z,2021,0.98,,,,,,,,,EN_GRID_CONN,SHARE,0.01,A,SEN_EHCVM2021_LEGACY_v1,"LEGACY_SUSPECT: Implausible: 0.96-1.00 in every cell, including Q1 and Rural."
dataflow,WB.AFW360:AFW360_HH(0.3.0),R,A,SEN,_T,SURVEY,EN_GRID_CONN,_Z,_Z,_T,QUINT_Q4,_T,_T,_T,_T,_Z,_Z,_Z,_Z,_Z,2021,0.98,,,,,,,,,EN_GRID_CONN,SHARE,0.01,A,SEN_EHCVM2021_LEGACY_v1,"LEGACY_SUSPECT: Implausible: 0.96-1.00 in every cell, including Q1 and Rural."
dataflow,WB.AFW360:AFW360_HH(0.3.0),R,A,SEN,_T,SURVEY,EN_GRID_CONN,_Z,_Z,_T,QUINT_Q5,_T,_T,_T,_T,_Z,_Z,_Z,_Z,_Z,2021,0.98,,,,,,,,,EN_GRID_CONN,SHARE,0.01,A,SEN_EHCVM2021_LEGACY_v1,"LEGACY_SUSPECT: Implausible: 0.96-1.00 in every cell, including Q1 and Rural."
dataflow,WB.AFW360:AFW360_HH(0.3.0),R,A,SEN,_T,SURVEY,EN_GRID_CONN,_Z,_Z,_T,_T,_T,_T,_T,_T,_Z,_Z,_Z,_Z,_Z,2021,0.98,,,,,,,,,EN_GRID_CONN,SHARE,0.01,A,SEN_EHCVM2021_LEGACY_v1,"LEGACY_SUSPECT: Implausible: 0.96-1.00 in every cell, including Q1 and Rural."
dataflow,WB.AFW360:AFW360_HH(0.3.0),R,A,SEN,_T,SURVEY,EN_GRID_USE,_Z,_Z,CAP,_T,_T,_T,_T,_T,_Z,_Z,_Z,_Z,_Z,2021,0.95,,,,,,,,,EN_GRID_USE,SHARE,0.01,A,SEN_EHCVM2021_LEGACY_v1,
dataflow,WB.AFW360:AFW360_HH(0.3.0),R,A,SEN,_T,SURVEY,EN_GRID_USE,_Z,_Z,OU,_T,_T,_T,_T,_T,_Z,_Z,_Z,_Z,_Z,2021,0.85,,,,,,,,,EN_GRID_USE,SHARE,0.01,A,SEN_EHCVM2021_LEGACY_v1,
dataflow,WB.AFW360:AFW360_HH(0.3.0),R,A,SEN,_T,SURVEY,EN_GRID_USE,_Z,_Z,R,_T,_T,_T,_T,_T,_Z,_Z,_Z,_Z,_Z,2021,0.44,,,,,,,,,EN_GRID_USE,SHARE,0.01,A,SEN_EHCVM2021_LEGACY_v1,
dataflow,WB.AFW360:AFW360_HH(0.3.0),R,A,SEN,_T,SURVEY,EN_GRID_USE,_Z,_Z,_T,HHH_AGE_GE35,_T,_T,_T,_T,_Z,_Z,_Z,_Z,_Z,2021,0.66,,,,,,,,,EN_GRID_USE,SHARE,0.01,A,SEN_EHCVM2021_LEGACY_v1,
dataflow,WB.AFW360:AFW360_HH(0.3.0),R,A,SEN,_T,SURVEY,EN_GRID_USE,_Z,_Z,_T,HHH_AGE_LT35,_T,_T,_T,_T,_Z,_Z,_Z,_Z,_Z,2021,0.52,,,,,,,,,EN_GRID_USE,SHARE,0.01,A,SEN_EHCVM2021_LEGACY_v1,
dataflow,WB.AFW360:AFW360_HH(0.3.0),R,A,SEN,_T,SURVEY,EN_GRID_USE,_Z,_Z,_T,HHH_SEX_F,_T,_T,_T,_T,_Z,_Z,_Z,_Z,_Z,2021,0.79,,,,,,,,,EN_GRID_USE,SHARE,0.01,A,SEN_EHCVM2021_LEGACY_v1,
dataflow,WB.AFW360:AFW360_HH(0.3.0),R,A,SEN,_T,SURVEY,EN_GRID_USE,_Z,_Z,_T,HHH_SEX_M,_T,_T,_T,_T,_Z,_Z,_Z,_Z,_Z,2021,0.61,,,,,,,,,EN_GRID_USE,SHARE,0.01,A,SEN_EHCVM2021_LEGACY_v1,
dataflow,WB.AFW360:AFW360_HH(0.3.0),R,A,SEN,_T,SURVEY,EN_GRID_USE,_Z,_Z,_T,QUINT_Q1,_T,_T,_T,_T,_Z,_Z,_Z,_Z,_Z,2021,0.26,,,,,,,,,EN_GRID_USE,SHARE,0.01,A,SEN_EHCVM2021_LEGACY_v1,
dataflow,WB.AFW360:AFW360_HH(0.3.0),R,A,SEN,_T,SURVEY,EN_GRID_USE,_Z,_Z,_T,QUINT_Q2,_T,_T,_T,_T,_Z,_Z,_Z,_Z,_Z,2021,0.58,,,,,,,,,EN_GRID_USE,SHARE,0.01,A,SEN_EHCVM2021_LEGACY_v1,
dataflow,WB.AFW360:AFW360_HH(0.3.0),R,A,SEN,_T,SURVEY,EN_GRID_USE,_Z,_Z,_T,QUINT_Q3,_T,_T,_T,_T,_Z,_Z,_Z,_Z,_Z,2021,0.71,,,,,,,,,EN_GRID_USE,SHARE,0.01,A,SEN_EHCVM2021_LEGACY_v1,
dataflow,WB.AFW360:AFW360_HH(0.3.0),R,A,SEN,_T,SURVEY,EN_GRID_USE,_Z,_Z,_T,QUINT_Q4,_T,_T,_T,_T,_Z,_Z,_Z,_Z,_Z,2021,0.82,,,,,,,,,EN_GRID_USE,SHARE,0.01,A,SEN_EHCVM2021_LEGACY_v1,
dataflow,WB.AFW360:AFW360_HH(0.3.0),R,A,SEN,_T,SURVEY,EN_GRID_USE,_Z,_Z,_T,QUINT_Q5,_T,_T,_T,_T,_Z,_Z,_Z,_Z,_Z,2021,0.91,,,,,,,,,EN_GRID_USE,SHARE,0.01,A,SEN_EHCVM2021_LEGACY_v1,
dataflow,WB.AFW360:AFW360_HH(0.3.0),R,A,SEN,_T,SURVEY,EN_GRID_USE,_Z,_Z,_T,_T,_T,_T,_T,_T,_Z,_Z,_Z,_Z,_Z,2021,0.66,,,,,,,,,EN_GRID_USE,SHARE,0.01,A,SEN_EHCVM2021_LEGACY_v1,
dataflow,WB.AFW360:AFW360_HH(0.3.0),R,A,SEN,_T,SURVEY,EN_LIGHT_IMPROVED,_Z,_Z,CAP,_T,_T,_T,_T,_T,_Z,_Z,_Z,_Z,_Z,2021,1,,,,,,,,,EN_LIGHT_IMPROVED,SHARE,0.01,A,SEN_EHCVM2021_LEGACY_v1,
dataflow,WB.AFW360:AFW360_HH(0.3.0),R,A,SEN,_T,SURVEY,EN_LIGHT_IMPROVED,_Z,_Z,OU,_T,_T,_T,_T,_T,_Z,_Z,_Z,_Z,_Z,2021,0.97,,,,,,,,,EN_LIGHT_IMPROVED,SHARE,0.01,A,SEN_EHCVM2021_LEGACY_v1,
dataflow,WB.AFW360:AFW360_HH(0.3.0),R,A,SEN,_T,SURVEY,EN_LIGHT_IMPROVED,_Z,_Z,R,_T,_T,_T,_T,_T,_Z,_Z,_Z,_Z,_Z,2021,0.95,,,,,,,,,EN_LIGHT_IMPROVED,SHARE,0.01,A,SEN_EHCVM2021_LEGACY_v1,
dataflow,WB.AFW360:AFW360_HH(0.3.0),R,A,SEN,_T,SURVEY,EN_LIGHT_IMPROVED,_Z,_Z,_T,HHH_AGE_GE35,_T,_T,_T,_T,_Z,_Z,_Z,_Z,_Z,2021,0.96,,,,,,,,,EN_LIGHT_IMPROVED,SHARE,0.01,A,SEN_EHCVM2021_LEGACY_v1,
dataflow,WB.AFW360:AFW360_HH(0.3.0),R,A,SEN,_T,SURVEY,EN_LIGHT_IMPROVED,_Z,_Z,_T,HHH_AGE_LT35,_T,_T,_T,_T,_Z,_Z,_Z,_Z,_Z,2021,0.98,,,,,,,,,EN_LIGHT_IMPROVED,SHARE,0.01,A,SEN_EHCVM2021_LEGACY_v1,
dataflow,WB.AFW360:AFW360_HH(0.3.0),R,A,SEN,_T,SURVEY,EN_LIGHT_IMPROVED,_Z,_Z,_T,HHH_SEX_F,_T,_T,_T,_T,_Z,_Z,_Z,_Z,_Z,2021,0.95,,,,,,,,,EN_LIGHT_IMPROVED,SHARE,0.01,A,SEN_EHCVM2021_LEGACY_v1,
dataflow,WB.AFW360:AFW360_HH(0.3.0),R,A,SEN,_T,SURVEY,EN_LIGHT_IMPROVED,_Z,_Z,_T,HHH_SEX_M,_T,_T,_T,_T,_Z,_Z,_Z,_Z,_Z,2021,0.97,,,,,,,,,EN_LIGHT_IMPROVED,SHARE,0.01,A,SEN_EHCVM2021_LEGACY_v1,
dataflow,WB.AFW360:AFW360_HH(0.3.0),R,A,SEN,_T,SURVEY,EN_LIGHT_IMPROVED,_Z,_Z,_T,QUINT_Q1,_T,_T,_T,_T,_Z,_Z,_Z,_Z,_Z,2021,0.94,,,,,,,,,EN_LIGHT_IMPROVED,SHARE,0.01,A,SEN_EHCVM2021_LEGACY_v1,
dataflow,WB.AFW360:AFW360_HH(0.3.0),R,A,SEN,_T,SURVEY,EN_LIGHT_IMPROVED,_Z,_Z,_T,QUINT_Q2,_T,_T,_T,_T,_Z,_Z,_Z,_Z,_Z,2021,0.95,,,,,,,,,EN_LIGHT_IMPROVED,SHARE,0.01,A,SEN_EHCVM2021_LEGACY_v1,
dataflow,WB.AFW360:AFW360_HH(0.3.0),R,A,SEN,_T,SURVEY,EN_LIGHT_IMPROVED,_Z,_Z,_T,QUINT_Q3,_T,_T,_T,_T,_Z,_Z,_Z,_Z,_Z,2021,0.98,,,,,,,,,EN_LIGHT_IMPROVED,SHARE,0.01,A,SEN_EHCVM2021_LEGACY_v1,
dataflow,WB.AFW360:AFW360_HH(0.3.0),R,A,SEN,_T,SURVEY,EN_LIGHT_IMPROVED,_Z,_Z,_T,QUINT_Q4,_T,_T,_T,_T,_Z,_Z,_Z,_Z,_Z,2021,0.97,,,,,,,,,EN_LIGHT_IMPROVED,SHARE,0.01,A,SEN_EHCVM2021_LEGACY_v1,
dataflow,WB.AFW360:AFW360_HH(0.3.0),R,A,SEN,_T,SURVEY,EN_LIGHT_IMPROVED,_Z,_Z,_T,QUINT_Q5,_T,_T,_T,_T,_Z,_Z,_Z,_Z,_Z,2021,0.98,,,,,,,,,EN_LIGHT_IMPROVED,SHARE,0.01,A,SEN_EHCVM2021_LEGACY_v1,
dataflow,WB.AFW360:AFW360_HH(0.3.0),R,A,SEN,_T,SURVEY,EN_LIGHT_IMPROVED,_Z,_Z,_T,_T,_T,_T,_T,_T,_Z,_Z,_Z,_Z,_Z,2021,0.96,,,,,,,,,EN_LIGHT_IMPROVED,SHARE,0.01,A,SEN_EHCVM2021_LEGACY_v1,
dataflow,WB.AFW360:AFW360_HH(0.3.0),R,A,SEN,_T,SURVEY,EN_OFFGRID_USE,_Z,_Z,CAP,_T,_T,_T,_T,_T,_Z,_Z,_Z,_Z,_Z,2021,0.04,,,,,,,,,EN_OFFGRID_USE,SHARE,0.01,A,SEN_EHCVM2021_LEGACY_v1,
dataflow,WB.AFW360:AFW360_HH(0.3.0),R,A,SEN,_T,SURVEY,EN_OFFGRID_USE,_Z,_Z,OU,_T,_T,_T,_T,_T,_Z,_Z,_Z,_Z,_Z,2021,0.08,,,,,,,,,EN_OFFGRID_USE,SHARE,0.01,A,SEN_EHCVM2021_LEGACY_v1,
dataflow,WB.AFW360:AFW360_HH(0.3.0),R,A,SEN,_T,SURVEY,EN_OFFGRID_USE,_Z,_Z,R,_T,_T,_T,_T,_T,_Z,_Z,_Z,_Z,_Z,2021,0.25,,,,,,,,,EN_OFFGRID_USE,SHARE,0.01,A,SEN_EHCVM2021_LEGACY_v1,
dataflow,WB.AFW360:AFW360_HH(0.3.0),R,A,SEN,_T,SURVEY,EN_OFFGRID_USE,_Z,_Z,_T,HHH_AGE_GE35,_T,_T,_T,_T,_Z,_Z,_Z,_Z,_Z,2021,0.16,,,,,,,,,EN_OFFGRID_USE,SHARE,0.01,A,SEN_EHCVM2021_LEGACY_v1,
dataflow,WB.AFW360:AFW360_HH(0.3.0),R,A,SEN,_T,SURVEY,EN_OFFGRID_USE,_Z,_Z,_T,HHH_AGE_LT35,_T,_T,_T,_T,_Z,_Z,_Z,_Z,_Z,2021,0.23,,,,,,,,,EN_OFFGRID_USE,SHARE,0.01,A,SEN_EHCVM2021_LEGACY_v1,
dataflow,WB.AFW360:AFW360_HH(0.3.0),R,A,SEN,_T,SURVEY,EN_OFFGRID_USE,_Z,_Z,_T,HHH_SEX_F,_T,_T,_T,_T,_Z,_Z,_Z,_Z,_Z,2021,0.11,,,,,,,,,EN_OFFGRID_USE,SHARE,0.01,A,SEN_EHCVM2021_LEGACY_v1,
dataflow,WB.AFW360:AFW360_HH(0.3.0),R,A,SEN,_T,SURVEY,EN_OFFGRID_USE,_Z,_Z,_T,HHH_SEX_M,_T,_T,_T,_T,_Z,_Z,_Z,_Z,_Z,2021,0.18,,,,,,,,,EN_OFFGRID_USE,SHARE,0.01,A,SEN_EHCVM2021_LEGACY_v1,
dataflow,WB.AFW360:AFW360_HH(0.3.0),R,A,SEN,_T,SURVEY,EN_OFFGRID_USE,_Z,_Z,_T,QUINT_Q1,_T,_T,_T,_T,_Z,_Z,_Z,_Z,_Z,2021,0.28,,,,,,,,,EN_OFFGRID_USE,SHARE,0.01,A,SEN_EHCVM2021_LEGACY_v1,
dataflow,WB.AFW360:AFW360_HH(0.3.0),R,A,SEN,_T,SURVEY,EN_OFFGRID_USE,_Z,_Z,_T,QUINT_Q2,_T,_T,_T,_T,_Z,_Z,_Z,_Z,_Z,2021,0.2,,,,,,,,,EN_OFFGRID_USE,SHARE,0.01,A,SEN_EHCVM2021_LEGACY_v1,
dataflow,WB.AFW360:AFW360_HH(0.3.0),R,A,SEN,_T,SURVEY,EN_OFFGRID_USE,_Z,_Z,_T,QUINT_Q3,_T,_T,_T,_T,_Z,_Z,_Z,_Z,_Z,2021,0.15,,,,,,,,,EN_OFFGRID_USE,SHARE,0.01,A,SEN_EHCVM2021_LEGACY_v1,
dataflow,WB.AFW360:AFW360_HH(0.3.0),R,A,SEN,_T,SURVEY,EN_OFFGRID_USE,_Z,_Z,_T,QUINT_Q4,_T,_T,_T,_T,_Z,_Z,_Z,_Z,_Z,2021,0.11,,,,,,,,,EN_OFFGRID_USE,SHARE,0.01,A,SEN_EHCVM2021_LEGACY_v1,
dataflow,WB.AFW360:AFW360_HH(0.3.0),R,A,SEN,_T,SURVEY,EN_OFFGRID_USE,_Z,_Z,_T,QUINT_Q5,_T,_T,_T,_T,_Z,_Z,_Z,_Z,_Z,2021,0.06,,,,,,,,,EN_OFFGRID_USE,SHARE,0.01,A,SEN_EHCVM2021_LEGACY_v1,
dataflow,WB.AFW360:AFW360_HH(0.3.0),R,A,SEN,_T,SURVEY,EN_OFFGRID_USE,_Z,_Z,_T,_T,_T,_T,_T,_T,_Z,_Z,_Z,_Z,_Z,2021,0.16,,,,,,,,,EN_OFFGRID_USE,SHARE,0.01,A,SEN_EHCVM2021_LEGACY_v1,
dataflow,WB.AFW360:AFW360_HH(0.3.0),R,A,SEN,_T,SURVEY,EN_OUTAGE_ANY,_Z,_Z,CAP,_T,_T,_T,_T,_T,_Z,_Z,_Z,_Z,_Z,2021,0.37,,,,,,,,,EN_OUTAGE_ANY,SHARE,0.01,A,SEN_EHCVM2021_LEGACY_v1,
dataflow,WB.AFW360:AFW360_HH(0.3.0),R,A,SEN,_T,SURVEY,EN_OUTAGE_ANY,_Z,_Z,OU,_T,_T,_T,_T,_T,_Z,_Z,_Z,_Z,_Z,2021,0.25,,,,,,,,,EN_OUTAGE_ANY,SHARE,0.01,A,SEN_EHCVM2021_LEGACY_v1,
dataflow,WB.AFW360:AFW360_HH(0.3.0),R,A,SEN,_T,SURVEY,EN_OUTAGE_ANY,_Z,_Z,R,_T,_T,_T,_T,_T,_Z,_Z,_Z,_Z,_Z,2021,0.34,,,,,,,,,EN_OUTAGE_ANY,SHARE,0.01,A,SEN_EHCVM2021_LEGACY_v1,
dataflow,WB.AFW360:AFW360_HH(0.3.0),R,A,SEN,_T,SURVEY,EN_OUTAGE_ANY,_Z,_Z,_T,HHH_AGE_GE35,_T,_T,_T,_T,_Z,_Z,_Z,_Z,_Z,2021,0.33,,,,,,,,,EN_OUTAGE_ANY,SHARE,0.01,A,SEN_EHCVM2021_LEGACY_v1,
dataflow,WB.AFW360:AFW360_HH(0.3.0),R,A,SEN,_T,SURVEY,EN_OUTAGE_ANY,_Z,_Z,_T,HHH_AGE_LT35,_T,_T,_T,_T,_Z,_Z,_Z,_Z,_Z,2021,0.25,,,,,,,,,EN_OUTAGE_ANY,SHARE,0.01,A,SEN_EHCVM2021_LEGACY_v1,
dataflow,WB.AFW360:AFW360_HH(0.3.0),R,A,SEN,_T,SURVEY,EN_OUTAGE_ANY,_Z,_Z,_T,HHH_SEX_F,_T,_T,_T,_T,_Z,_Z,_Z,_Z,_Z,2021,0.26,,,,,,,,,EN_OUTAGE_ANY,SHARE,0.01,A,SEN_EHCVM2021_LEGACY_v1,
dataflow,WB.AFW360:AFW360_HH(0.3.0),R,A,SEN,_T,SURVEY,EN_OUTAGE_ANY,_Z,_Z,_T,HHH_SEX_M,_T,_T,_T,_T,_Z,_Z,_Z,_Z,_Z,2021,0.35,,,,,,,,,EN_OUTAGE_ANY,SHARE,0.01,A,SEN_EHCVM2021_LEGACY_v1,
dataflow,WB.AFW360:AFW360_HH(0.3.0),R,A,SEN,_T,SURVEY,EN_OUTAGE_ANY,_Z,_Z,_T,QUINT_Q1,_T,_T,_T,_T,_Z,_Z,_Z,_Z,_Z,2021,0.4,,,,,,,,,EN_OUTAGE_ANY,SHARE,0.01,A,SEN_EHCVM2021_LEGACY_v1,
dataflow,WB.AFW360:AFW360_HH(0.3.0),R,A,SEN,_T,SURVEY,EN_OUTAGE_ANY,_Z,_Z,_T,QUINT_Q2,_T,_T,_T,_T,_Z,_Z,_Z,_Z,_Z,2021,0.33,,,,,,,,,EN_OUTAGE_ANY,SHARE,0.01,A,SEN_EHCVM2021_LEGACY_v1,
dataflow,WB.AFW360:AFW360_HH(0.3.0),R,A,SEN,_T,SURVEY,EN_OUTAGE_ANY,_Z,_Z,_T,QUINT_Q3,_T,_T,_T,_T,_Z,_Z,_Z,_Z,_Z,2021,0.3,,,,,,,,,EN_OUTAGE_ANY,SHARE,0.01,A,SEN_EHCVM2021_LEGACY_v1,
dataflow,WB.AFW360:AFW360_HH(0.3.0),R,A,SEN,_T,SURVEY,EN_OUTAGE_ANY,_Z,_Z,_T,QUINT_Q4,_T,_T,_T,_T,_Z,_Z,_Z,_Z,_Z,2021,0.36,,,,,,,,,EN_OUTAGE_ANY,SHARE,0.01,A,SEN_EHCVM2021_LEGACY_v1,
dataflow,WB.AFW360:AFW360_HH(0.3.0),R,A,SEN,_T,SURVEY,EN_OUTAGE_ANY,_Z,_Z,_T,QUINT_Q5,_T,_T,_T,_T,_Z,_Z,_Z,_Z,_Z,2021,0.22,,,,,,,,,EN_OUTAGE_ANY,SHARE,0.01,A,SEN_EHCVM2021_LEGACY_v1,
dataflow,WB.AFW360:AFW360_HH(0.3.0),R,A,SEN,_T,SURVEY,EN_OUTAGE_ANY,_Z,_Z,_T,_T,_T,_T,_T,_T,_Z,_Z,_Z,_Z,_Z,2021,0.33,,,,,,,,,EN_OUTAGE_ANY,SHARE,0.01,A,SEN_EHCVM2021_LEGACY_v1,
dataflow,WB.AFW360:AFW360_HH(0.3.0),R,A,SEN,_T,SURVEY,EN_OUTAGE_DAYS,_Z,_Z,CAP,_T,_T,_T,_T,_T,_Z,_Z,_Z,_Z,_Z,2021,2.72,,,,,,,,,EN_OUTAGE_DAYS,DAY,0.01,A,SEN_EHCVM2021_LEGACY_v1,
dataflow,WB.AFW360:AFW360_HH(0.3.0),R,A,SEN,_T,SURVEY,EN_OUTAGE_DAYS,_Z,_Z,OU,_T,_T,_T,_T,_T,_Z,_Z,_Z,_Z,_Z,2021,1.9,,,,,,,,,EN_OUTAGE_DAYS,DAY,0.01,A,SEN_EHCVM2021_LEGACY_v1,
dataflow,WB.AFW360:AFW360_HH(0.3.0),R,A,SEN,_T,SURVEY,EN_OUTAGE_DAYS,_Z,_Z,R,_T,_T,_T,_T,_T,_Z,_Z,_Z,_Z,_Z,2021,2.08,,,,,,,,,EN_OUTAGE_DAYS,DAY,0.01,A,SEN_EHCVM2021_LEGACY_v1,
dataflow,WB.AFW360:AFW360_HH(0.3.0),R,A,SEN,_T,SURVEY,EN_OUTAGE_DAYS,_Z,_Z,_T,HHH_AGE_GE35,_T,_T,_T,_T,_Z,_Z,_Z,_Z,_Z,2021,2.21,,,,,,,,,EN_OUTAGE_DAYS,DAY,0.01,A,SEN_EHCVM2021_LEGACY_v1,
dataflow,WB.AFW360:AFW360_HH(0.3.0),R,A,SEN,_T,SURVEY,EN_OUTAGE_DAYS,_Z,_Z,_T,HHH_AGE_LT35,_T,_T,_T,_T,_Z,_Z,_Z,_Z,_Z,2021,2.27,,,,,,,,,EN_OUTAGE_DAYS,DAY,0.01,A,SEN_EHCVM2021_LEGACY_v1,
dataflow,WB.AFW360:AFW360_HH(0.3.0),R,A,SEN,_T,SURVEY,EN_OUTAGE_DAYS,_Z,_Z,_T,HHH_SEX_F,_T,_T,_T,_T,_Z,_Z,_Z,_Z,_Z,2021,2.44,,,,,,,,,EN_OUTAGE_DAYS,DAY,0.01,A,SEN_EHCVM2021_LEGACY_v1,
dataflow,WB.AFW360:AFW360_HH(0.3.0),R,A,SEN,_T,SURVEY,EN_OUTAGE_DAYS,_Z,_Z,_T,HHH_SEX_M,_T,_T,_T,_T,_Z,_Z,_Z,_Z,_Z,2021,2.15,,,,,,,,,EN_OUTAGE_DAYS,DAY,0.01,A,SEN_EHCVM2021_LEGACY_v1,
dataflow,WB.AFW360:AFW360_HH(0.3.0),R,A,SEN,_T,SURVEY,EN_OUTAGE_DAYS,_Z,_Z,_T,QUINT_Q1,_T,_T,_T,_T,_Z,_Z,_Z,_Z,_Z,2021,2.17,,,,,,,,,EN_OUTAGE_DAYS,DAY,0.01,A,SEN_EHCVM2021_LEGACY_v1,
dataflow,WB.AFW360:AFW360_HH(0.3.0),R,A,SEN,_T,SURVEY,EN_OUTAGE_DAYS,_Z,_Z,_T,QUINT_Q2,_T,_T,_T,_T,_Z,_Z,_Z,_Z,_Z,2021,2.24,,,,,,,,,EN_OUTAGE_DAYS,DAY,0.01,A,SEN_EHCVM2021_LEGACY_v1,
dataflow,WB.AFW360:AFW360_HH(0.3.0),R,A,SEN,_T,SURVEY,EN_OUTAGE_DAYS,_Z,_Z,_T,QUINT_Q3,_T,_T,_T,_T,_Z,_Z,_Z,_Z,_Z,2021,2.28,,,,,,,,,EN_OUTAGE_DAYS,DAY,0.01,A,SEN_EHCVM2021_LEGACY_v1,
dataflow,WB.AFW360:AFW360_HH(0.3.0),R,A,SEN,_T,SURVEY,EN_OUTAGE_DAYS,_Z,_Z,_T,QUINT_Q4,_T,_T,_T,_T,_Z,_Z,_Z,_Z,_Z,2021,1.95,,,,,,,,,EN_OUTAGE_DAYS,DAY,0.01,A,SEN_EHCVM2021_LEGACY_v1,
dataflow,WB.AFW360:AFW360_HH(0.3.0),R,A,SEN,_T,SURVEY,EN_OUTAGE_DAYS,_Z,_Z,_T,QUINT_Q5,_T,_T,_T,_T,_Z,_Z,_Z,_Z,_Z,2021,2.71,,,,,,,,,EN_OUTAGE_DAYS,DAY,0.01,A,SEN_EHCVM2021_LEGACY_v1,
dataflow,WB.AFW360:AFW360_HH(0.3.0),R,A,SEN,_T,SURVEY,EN_OUTAGE_DAYS,_Z,_Z,_T,_T,_T,_T,_T,_T,_Z,_Z,_Z,_Z,_Z,2021,2.21,,,,,,,,,EN_OUTAGE_DAYS,DAY,0.01,A,SEN_EHCVM2021_LEGACY_v1,
dataflow,WB.AFW360:AFW360_HH(0.3.0),R,A,SEN,_T,SURVEY,EN_OUTAGE_DUR_CODE,_Z,_Z,CAP,_T,_T,_T,_T,_T,_Z,_Z,_Z,_Z,_Z,2021,1.78,,,,,,,,,EN_OUTAGE_DUR_CODE,INDEX,0.01,A,SEN_EHCVM2021_LEGACY_v1,
dataflow,WB.AFW360:AFW360_HH(0.3.0),R,A,SEN,_T,SURVEY,EN_OUTAGE_DUR_CODE,_Z,_Z,OU,_T,_T,_T,_T,_T,_Z,_Z,_Z,_Z,_Z,2021,1.76,,,,,,,,,EN_OUTAGE_DUR_CODE,INDEX,0.01,A,SEN_EHCVM2021_LEGACY_v1,
dataflow,WB.AFW360:AFW360_HH(0.3.0),R,A,SEN,_T,SURVEY,EN_OUTAGE_DUR_CODE,_Z,_Z,R,_T,_T,_T,_T,_T,_Z,_Z,_Z,_Z,_Z,2021,1.81,,,,,,,,,EN_OUTAGE_DUR_CODE,INDEX,0.01,A,SEN_EHCVM2021_LEGACY_v1,
dataflow,WB.AFW360:AFW360_HH(0.3.0),R,A,SEN,_T,SURVEY,EN_OUTAGE_DUR_CODE,_Z,_Z,_T,HHH_AGE_GE35,_T,_T,_T,_T,_Z,_Z,_Z,_Z,_Z,2021,1.74,,,,,,,,,EN_OUTAGE_DUR_CODE,INDEX,0.01,A,SEN_EHCVM2021_LEGACY_v1,
dataflow,WB.AFW360:AFW360_HH(0.3.0),R,A,SEN,_T,SURVEY,EN_OUTAGE_DUR_CODE,_Z,_Z,_T,HHH_AGE_LT35,_T,_T,_T,_T,_Z,_Z,_Z,_Z,_Z,2021,2.73,,,,,,,,,EN_OUTAGE_DUR_CODE,INDEX,0.01,A,SEN_EHCVM2021_LEGACY_v1,
dataflow,WB.AFW360:AFW360_HH(0.3.0),R,A,SEN,_T,SURVEY,EN_OUTAGE_DUR_CODE,_Z,_Z,_T,HHH_SEX_F,_T,_T,_T,_T,_Z,_Z,_Z,_Z,_Z,2021,1.66,,,,,,,,,EN_OUTAGE_DUR_CODE,INDEX,0.01,A,SEN_EHCVM2021_LEGACY_v1,
dataflow,WB.AFW360:AFW360_HH(0.3.0),R,A,SEN,_T,SURVEY,EN_OUTAGE_DUR_CODE,_Z,_Z,_T,HHH_SEX_M,_T,_T,_T,_T,_Z,_Z,_Z,_Z,_Z,2021,1.81,,,,,,,,,EN_OUTAGE_DUR_CODE,INDEX,0.01,A,SEN_EHCVM2021_LEGACY_v1,
dataflow,WB.AFW360:AFW360_HH(0.3.0),R,A,SEN,_T,SURVEY,EN_OUTAGE_DUR_CODE,_Z,_Z,_T,QUINT_Q1,_T,_T,_T,_T,_Z,_Z,_Z,_Z,_Z,2021,1.93,,,,,,,,,EN_OUTAGE_DUR_CODE,INDEX,0.01,A,SEN_EHCVM2021_LEGACY_v1,
dataflow,WB.AFW360:AFW360_HH(0.3.0),R,A,SEN,_T,SURVEY,EN_OUTAGE_DUR_CODE,_Z,_Z,_T,QUINT_Q2,_T,_T,_T,_T,_Z,_Z,_Z,_Z,_Z,2021,1.65,,,,,,,,,EN_OUTAGE_DUR_CODE,INDEX,0.01,A,SEN_EHCVM2021_LEGACY_v1,
dataflow,WB.AFW360:AFW360_HH(0.3.0),R,A,SEN,_T,SURVEY,EN_OUTAGE_DUR_CODE,_Z,_Z,_T,QUINT_Q3,_T,_T,_T,_T,_Z,_Z,_Z,_Z,_Z,2021,1.57,,,,,,,,,EN_OUTAGE_DUR_CODE,INDEX,0.01,A,SEN_EHCVM2021_LEGACY_v1,
dataflow,WB.AFW360:AFW360_HH(0.3.0),R,A,SEN,_T,SURVEY,EN_OUTAGE_DUR_CODE,_Z,_Z,_T,QUINT_Q4,_T,_T,_T,_T,_Z,_Z,_Z,_Z,_Z,2021,1.76,,,,,,,,,EN_OUTAGE_DUR_CODE,INDEX,0.01,A,SEN_EHCVM2021_LEGACY_v1,
dataflow,WB.AFW360:AFW360_HH(0.3.0),R,A,SEN,_T,SURVEY,EN_OUTAGE_DUR_CODE,_Z,_Z,_T,QUINT_Q5,_T,_T,_T,_T,_Z,_Z,_Z,_Z,_Z,2021,1.97,,,,,,,,,EN_OUTAGE_DUR_CODE,INDEX,0.01,A,SEN_EHCVM2021_LEGACY_v1,
dataflow,WB.AFW360:AFW360_HH(0.3.0),R,A,SEN,_T,SURVEY,EN_OUTAGE_DUR_CODE,_Z,_Z,_T,_T,_T,_T,_T,_T,_Z,_Z,_Z,_Z,_Z,2021,1.78,,,,,,,,,EN_OUTAGE_DUR_CODE,INDEX,0.01,A,SEN_EHCVM2021_LEGACY_v1,
dataflow,WB.AFW360:AFW360_HH(0.3.0),R,A,SEN,_T,SURVEY,EN_PREPAID_METER,_Z,_Z,CAP,_T,_T,_T,_T,_T,_Z,_Z,_Z,_Z,_Z,2021,0.49,,,,,,,,,EN_PREPAID_METER,SHARE,0.01,A,SEN_EHCVM2021_LEGACY_v1,
dataflow,WB.AFW360:AFW360_HH(0.3.0),R,A,SEN,_T,SURVEY,EN_PREPAID_METER,_Z,_Z,OU,_T,_T,_T,_T,_T,_Z,_Z,_Z,_Z,_Z,2021,0.41,,,,,,,,,EN_PREPAID_METER,SHARE,0.01,A,SEN_EHCVM2021_LEGACY_v1,
dataflow,WB.AFW360:AFW360_HH(0.3.0),R,A,SEN,_T,SURVEY,EN_PREPAID_METER,_Z,_Z,R,_T,_T,_T,_T,_T,_Z,_Z,_Z,_Z,_Z,2021,0.38,,,,,,,,,EN_PREPAID_METER,SHARE,0.01,A,SEN_EHCVM2021_LEGACY_v1,
dataflow,WB.AFW360:AFW360_HH(0.3.0),R,A,SEN,_T,SURVEY,EN_PREPAID_METER,_Z,_Z,_T,HHH_AGE_GE35,_T,_T,_T,_T,_Z,_Z,_Z,_Z,_Z,2021,0.41,,,,,,,,,EN_PREPAID_METER,SHARE,0.01,A,SEN_EHCVM2021_LEGACY_v1,
dataflow,WB.AFW360:AFW360_HH(0.3.0),R,A,SEN,_T,SURVEY,EN_PREPAID_METER,_Z,_Z,_T,HHH_AGE_LT35,_T,_T,_T,_T,_Z,_Z,_Z,_Z,_Z,2021,0.35,,,,,,,,,EN_PREPAID_METER,SHARE,0.01,A,SEN_EHCVM2021_LEGACY_v1,
dataflow,WB.AFW360:AFW360_HH(0.3.0),R,A,SEN,_T,SURVEY,EN_PREPAID_METER,_Z,_Z,_T,HHH_SEX_F,_T,_T,_T,_T,_Z,_Z,_Z,_Z,_Z,2021,0.36,,,,,,,,,EN_PREPAID_METER,SHARE,0.01,A,SEN_EHCVM2021_LEGACY_v1,
dataflow,WB.AFW360:AFW360_HH(0.3.0),R,A,SEN,_T,SURVEY,EN_PREPAID_METER,_Z,_Z,_T,HHH_SEX_M,_T,_T,_T,_T,_Z,_Z,_Z,_Z,_Z,2021,0.42,,,,,,,,,EN_PREPAID_METER,SHARE,0.01,A,SEN_EHCVM2021_LEGACY_v1,
dataflow,WB.AFW360:AFW360_HH(0.3.0),R,A,SEN,_T,SURVEY,EN_PREPAID_METER,_Z,_Z,_T,QUINT_Q1,_T,_T,_T,_T,_Z,_Z,_Z,_Z,_Z,2021,0.37,,,,,,,,,EN_PREPAID_METER,SHARE,0.01,A,SEN_EHCVM2021_LEGACY_v1,
dataflow,WB.AFW360:AFW360_HH(0.3.0),R,A,SEN,_T,SURVEY,EN_PREPAID_METER,_Z,_Z,_T,QUINT_Q2,_T,_T,_T,_T,_Z,_Z,_Z,_Z,_Z,2021,0.44,,,,,,,,,EN_PREPAID_METER,SHARE,0.01,A,SEN_EHCVM2021_LEGACY_v1,
dataflow,WB.AFW360:AFW360_HH(0.3.0),R,A,SEN,_T,SURVEY,EN_PREPAID_METER,_Z,_Z,_T,QUINT_Q3,_T,_T,_T,_T,_Z,_Z,_Z,_Z,_Z,2021,0.41,,,,,,,,,EN_PREPAID_METER,SHARE,0.01,A,SEN_EHCVM2021_LEGACY_v1,
dataflow,WB.AFW360:AFW360_HH(0.3.0),R,A,SEN,_T,SURVEY,EN_PREPAID_METER,_Z,_Z,_T,QUINT_Q4,_T,_T,_T,_T,_Z,_Z,_Z,_Z,_Z,2021,0.37,,,,,,,,,EN_PREPAID_METER,SHARE,0.01,A,SEN_EHCVM2021_LEGACY_v1,
dataflow,WB.AFW360:AFW360_HH(0.3.0),R,A,SEN,_T,SURVEY,EN_PREPAID_METER,_Z,_Z,_T,QUINT_Q5,_T,_T,_T,_T,_Z,_Z,_Z,_Z,_Z,2021,0.48,,,,,,,,,EN_PREPAID_METER,SHARE,0.01,A,SEN_EHCVM2021_LEGACY_v1,
dataflow,WB.AFW360:AFW360_HH(0.3.0),R,A,SEN,_T,SURVEY,EN_PREPAID_METER,_Z,_Z,_T,_T,_T,_T,_T,_T,_Z,_Z,_Z,_Z,_Z,2021,0.41,,,,,,,,,EN_PREPAID_METER,SHARE,0.01,A,SEN_EHCVM2021_LEGACY_v1,
dataflow,WB.AFW360:AFW360_HH(0.3.0),R,A,SEN,_T,SURVEY,HE_ACCOUNTS,_Z,_Z,CAP,_T,_T,_T,_T,_T,_Z,_Z,_Z,_Z,_Z,2021,0.01,,,,,,,,,HE_ACCOUNTS,SHARE,0.01,A,SEN_EHCVM2021_LEGACY_v1,
dataflow,WB.AFW360:AFW360_HH(0.3.0),R,A,SEN,_T,SURVEY,HE_ACCOUNTS,_Z,_Z,OU,_T,_T,_T,_T,_T,_Z,_Z,_Z,_Z,_Z,2021,0.04,,,,,,,,,HE_ACCOUNTS,SHARE,0.01,A,SEN_EHCVM2021_LEGACY_v1,
dataflow,WB.AFW360:AFW360_HH(0.3.0),R,A,SEN,_T,SURVEY,HE_ACCOUNTS,_Z,_Z,R,_T,_T,_T,_T,_T,_Z,_Z,_Z,_Z,_Z,2021,0.05,,,,,,,,,HE_ACCOUNTS,SHARE,0.01,A,SEN_EHCVM2021_LEGACY_v1,
dataflow,WB.AFW360:AFW360_HH(0.3.0),R,A,SEN,_T,SURVEY,HE_ACCOUNTS,_Z,_Z,_T,HHH_AGE_GE35,_T,_T,_T,_T,_Z,_Z,_Z,_Z,_Z,2021,0.03,,,,,,,,,HE_ACCOUNTS,SHARE,0.01,A,SEN_EHCVM2021_LEGACY_v1,
dataflow,WB.AFW360:AFW360_HH(0.3.0),R,A,SEN,_T,SURVEY,HE_ACCOUNTS,_Z,_Z,_T,HHH_AGE_LT35,_T,_T,_T,_T,_Z,_Z,_Z,_Z,_Z,2021,0.13,,,,,,,,,HE_ACCOUNTS,SHARE,0.01,A,SEN_EHCVM2021_LEGACY_v1,
dataflow,WB.AFW360:AFW360_HH(0.3.0),R,A,SEN,_T,SURVEY,HE_ACCOUNTS,_Z,_Z,_T,HHH_SEX_F,_T,_T,_T,_T,_Z,_Z,_Z,_Z,_Z,2021,0.11,,,,,,,,,HE_ACCOUNTS,SHARE,0.01,A,SEN_EHCVM2021_LEGACY_v1,
dataflow,WB.AFW360:AFW360_HH(0.3.0),R,A,SEN,_T,SURVEY,HE_ACCOUNTS,_Z,_Z,_T,HHH_SEX_M,_T,_T,_T,_T,_Z,_Z,_Z,_Z,_Z,2021,0.01,,,,,,,,,HE_ACCOUNTS,SHARE,0.01,A,SEN_EHCVM2021_LEGACY_v1,
dataflow,WB.AFW360:AFW360_HH(0.3.0),R,A,SEN,_T,SURVEY,HE_ACCOUNTS,_Z,_Z,_T,QUINT_Q1,_T,_T,_T,_T,_Z,_Z,_Z,_Z,_Z,2021,0.03,,,,,,,,,HE_ACCOUNTS,SHARE,0.01,A,SEN_EHCVM2021_LEGACY_v1,
dataflow,WB.AFW360:AFW360_HH(0.3.0),R,A,SEN,_T,SURVEY,HE_ACCOUNTS,_Z,_Z,_T,QUINT_Q2,_T,_T,_T,_T,_Z,_Z,_Z,_Z,_Z,2021,0.02,,,,,,,,,HE_ACCOUNTS,SHARE,0.01,A,SEN_EHCVM2021_LEGACY_v1,
dataflow,WB.AFW360:AFW360_HH(0.3.0),R,A,SEN,_T,SURVEY,HE_ACCOUNTS,_Z,_Z,_T,QUINT_Q3,_T,_T,_T,_T,_Z,_Z,_Z,_Z,_Z,2021,0.08,,,,,,,,,HE_ACCOUNTS,SHARE,0.01,A,SEN_EHCVM2021_LEGACY_v1,
dataflow,WB.AFW360:AFW360_HH(0.3.0),R,A,SEN,_T,SURVEY,HE_ACCOUNTS,_Z,_Z,_T,QUINT_Q4,_T,_T,_T,_T,_Z,_Z,_Z,_Z,_Z,2021,0.06,,,,,,,,,HE_ACCOUNTS,SHARE,0.01,A,SEN_EHCVM2021_LEGACY_v1,
dataflow,WB.AFW360:AFW360_HH(0.3.0),R,A,SEN,_T,SURVEY,HE_ACCOUNTS,_Z,_Z,_T,QUINT_Q5,_T,_T,_T,_T,_Z,_Z,_Z,_Z,_Z,2021,0.02,,,,,,,,,HE_ACCOUNTS,SHARE,0.01,A,SEN_EHCVM2021_LEGACY_v1,
dataflow,WB.AFW360:AFW360_HH(0.3.0),R,A,SEN,_T,SURVEY,HE_ACCOUNTS,_Z,_Z,_T,_T,_T,_T,_T,_T,_Z,_Z,_Z,_Z,_Z,2021,0.04,,,,,,,,,HE_ACCOUNTS,SHARE,0.01,A,SEN_EHCVM2021_LEGACY_v1,
dataflow,WB.AFW360:AFW360_HH(0.3.0),R,A,SEN,_T,SURVEY,HE_AGE,_Z,_Z,CAP,_T,_T,_T,_T,_T,_Z,_Z,_Z,_Z,_Z,2021,10.9,,,,,,,,,HE_AGE,YEAR,0.01,A,SEN_EHCVM2021_LEGACY_v1,
dataflow,WB.AFW360:AFW360_HH(0.3.0),R,A,SEN,_T,SURVEY,HE_AGE,_Z,_Z,OU,_T,_T,_T,_T,_T,_Z,_Z,_Z,_Z,_Z,2021,8.43,,,,,,,,,HE_AGE,YEAR,0.01,A,SEN_EHCVM2021_LEGACY_v1,
dataflow,WB.AFW360:AFW360_HH(0.3.0),R,A,SEN,_T,SURVEY,HE_AGE,_Z,_Z,R,_T,_T,_T,_T,_T,_Z,_Z,_Z,_Z,_Z,2021,8.34,,,,,,,,,HE_AGE,YEAR,0.01,A,SEN_EHCVM2021_LEGACY_v1,
dataflow,WB.AFW360:AFW360_HH(0.3.0),R,A,SEN,_T,SURVEY,HE_AGE,_Z,_Z,_T,HHH_AGE_GE35,_T,_T,_T,_T,_Z,_Z,_Z,_Z,_Z,2021,8.95,,,,,,,,,HE_AGE,YEAR,0.01,A,SEN_EHCVM2021_LEGACY_v1,
dataflow,WB.AFW360:AFW360_HH(0.3.0),R,A,SEN,_T,SURVEY,HE_AGE,_Z,_Z,_T,HHH_AGE_LT35,_T,_T,_T,_T,_Z,_Z,_Z,_Z,_Z,2021,8.17,,,,,,,,,HE_AGE,YEAR,0.01,A,SEN_EHCVM2021_LEGACY_v1,
dataflow,WB.AFW360:AFW360_HH(0.3.0),R,A,SEN,_T,SURVEY,HE_AGE,_Z,_Z,_T,HHH_SEX_F,_T,_T,_T,_T,_Z,_Z,_Z,_Z,_Z,2021,10.04,,,,,,,,,HE_AGE,YEAR,0.01,A,SEN_EHCVM2021_LEGACY_v1,
dataflow,WB.AFW360:AFW360_HH(0.3.0),R,A,SEN,_T,SURVEY,HE_AGE,_Z,_Z,_T,HHH_SEX_M,_T,_T,_T,_T,_Z,_Z,_Z,_Z,_Z,2021,8.5,,,,,,,,,HE_AGE,YEAR,0.01,A,SEN_EHCVM2021_LEGACY_v1,
dataflow,WB.AFW360:AFW360_HH(0.3.0),R,A,SEN,_T,SURVEY,HE_AGE,_Z,_Z,_T,QUINT_Q1,_T,_T,_T,_T,_Z,_Z,_Z,_Z,_Z,2021,8.3,,,,,,,,,HE_AGE,YEAR,0.01,A,SEN_EHCVM2021_LEGACY_v1,
dataflow,WB.AFW360:AFW360_HH(0.3.0),R,A,SEN,_T,SURVEY,HE_AGE,_Z,_Z,_T,QUINT_Q2,_T,_T,_T,_T,_Z,_Z,_Z,_Z,_Z,2021,9.38,,,,,,,,,HE_AGE,YEAR,0.01,A,SEN_EHCVM2021_LEGACY_v1,
dataflow,WB.AFW360:AFW360_HH(0.3.0),R,A,SEN,_T,SURVEY,HE_AGE,_Z,_Z,_T,QUINT_Q3,_T,_T,_T,_T,_Z,_Z,_Z,_Z,_Z,2021,10.15,,,,,,,,,HE_AGE,YEAR,0.01,A,SEN_EHCVM2021_LEGACY_v1,
dataflow,WB.AFW360:AFW360_HH(0.3.0),R,A,SEN,_T,SURVEY,HE_AGE,_Z,_Z,_T,QUINT_Q4,_T,_T,_T,_T,_Z,_Z,_Z,_Z,_Z,2021,8.2,,,,,,,,,HE_AGE,YEAR,0.01,A,SEN_EHCVM2021_LEGACY_v1,
dataflow,WB.AFW360:AFW360_HH(0.3.0),R,A,SEN,_T,SURVEY,HE_AGE,_Z,_Z,_T,QUINT_Q5,_T,_T,_T,_T,_Z,_Z,_Z,_Z,_Z,2021,9,,,,,,,,,HE_AGE,YEAR,0.01,A,SEN_EHCVM2021_LEGACY_v1,
dataflow,WB.AFW360:AFW360_HH(0.3.0),R,A,SEN,_T,SURVEY,HE_AGE,_Z,_Z,_T,_T,_T,_T,_T,_T,_Z,_Z,_Z,_Z,_Z,2021,8.89,,,,,,,,,HE_AGE,YEAR,0.01,A,SEN_EHCVM2021_LEGACY_v1,
dataflow,WB.AFW360:AFW360_HH(0.3.0),R,A,SEN,_T,SURVEY,HE_BUY_FIRMS,_Z,_Z,CAP,_T,_T,_T,_T,_T,_Z,_Z,_Z,_Z,_Z,2021,0.23,,,,,,,,,HE_BUY_FIRMS,SHARE,0.01,A,SEN_EHCVM2021_LEGACY_v1,
dataflow,WB.AFW360:AFW360_HH(0.3.0),R,A,SEN,_T,SURVEY,HE_BUY_FIRMS,_Z,_Z,OU,_T,_T,_T,_T,_T,_Z,_Z,_Z,_Z,_Z,2021,0.17,,,,,,,,,HE_BUY_FIRMS,SHARE,0.01,A,SEN_EHCVM2021_LEGACY_v1,
dataflow,WB.AFW360:AFW360_HH(0.3.0),R,A,SEN,_T,SURVEY,HE_BUY_FIRMS,_Z,_Z,R,_T,_T,_T,_T,_T,_Z,_Z,_Z,_Z,_Z,2021,0.18,,,,,,,,,HE_BUY_FIRMS,SHARE,0.01,A,SEN_EHCVM2021_LEGACY_v1,
dataflow,WB.AFW360:AFW360_HH(0.3.0),R,A,SEN,_T,SURVEY,HE_BUY_FIRMS,_Z,_Z,_T,HHH_AGE_GE35,_T,_T,_T,_T,_Z,_Z,_Z,_Z,_Z,2021,0.19,,,,,,,,,HE_BUY_FIRMS,SHARE,0.01,A,SEN_EHCVM2021_LEGACY_v1,
dataflow,WB.AFW360:AFW360_HH(0.3.0),R,A,SEN,_T,SURVEY,HE_BUY_FIRMS,_Z,_Z,_T,HHH_AGE_LT35,_T,_T,_T,_T,_Z,_Z,_Z,_Z,_Z,2021,0.15,,,,,,,,,HE_BUY_FIRMS,SHARE,0.01,A,SEN_EHCVM2021_LEGACY_v1,
dataflow,WB.AFW360:AFW360_HH(0.3.0),R,A,SEN,_T,SURVEY,HE_BUY_FIRMS,_Z,_Z,_T,HHH_SEX_F,_T,_T,_T,_T,_Z,_Z,_Z,_Z,_Z,2021,0.23,,,,,,,,,HE_BUY_FIRMS,SHARE,0.01,A,SEN_EHCVM2021_LEGACY_v1,
dataflow,WB.AFW360:AFW360_HH(0.3.0),R,A,SEN,_T,SURVEY,HE_BUY_FIRMS,_Z,_Z,_T,HHH_SEX_M,_T,_T,_T,_T,_Z,_Z,_Z,_Z,_Z,2021,0.17,,,,,,,,,HE_BUY_FIRMS,SHARE,0.01,A,SEN_EHCVM2021_LEGACY_v1,
dataflow,WB.AFW360:AFW360_HH(0.3.0),R,A,SEN,_T,SURVEY,HE_BUY_FIRMS,_Z,_Z,_T,QUINT_Q1,_T,_T,_T,_T,_Z,_Z,_Z,_Z,_Z,2021,0.17,,,,,,,,,HE_BUY_FIRMS,SHARE,0.01,A,SEN_EHCVM2021_LEGACY_v1,
dataflow,WB.AFW360:AFW360_HH(0.3.0),R,A,SEN,_T,SURVEY,HE_BUY_FIRMS,_Z,_Z,_T,QUINT_Q2,_T,_T,_T,_T,_Z,_Z,_Z,_Z,_Z,2021,0.22,,,,,,,,,HE_BUY_FIRMS,SHARE,0.01,A,SEN_EHCVM2021_LEGACY_v1,
dataflow,WB.AFW360:AFW360_HH(0.3.0),R,A,SEN,_T,SURVEY,HE_BUY_FIRMS,_Z,_Z,_T,QUINT_Q3,_T,_T,_T,_T,_Z,_Z,_Z,_Z,_Z,2021,0.26,,,,,,,,,HE_BUY_FIRMS,SHARE,0.01,A,SEN_EHCVM2021_LEGACY_v1,
dataflow,WB.AFW360:AFW360_HH(0.3.0),R,A,SEN,_T,SURVEY,HE_BUY_FIRMS,_Z,_Z,_T,QUINT_Q4,_T,_T,_T,_T,_Z,_Z,_Z,_Z,_Z,2021,0.14,,,,,,,,,HE_BUY_FIRMS,SHARE,0.01,A,SEN_EHCVM2021_LEGACY_v1,
dataflow,WB.AFW360:AFW360_HH(0.3.0),R,A,SEN,_T,SURVEY,HE_BUY_FIRMS,_Z,_Z,_T,QUINT_Q5,_T,_T,_T,_T,_Z,_Z,_Z,_Z,_Z,2021,0.17,,,,,,,,,HE_BUY_FIRMS,SHARE,0.01,A,SEN_EHCVM2021_LEGACY_v1,
dataflow,WB.AFW360:AFW360_HH(0.3.0),R,A,SEN,_T,SURVEY,HE_BUY_FIRMS,_Z,_Z,_T,_T,_T,_T,_T,_T,_Z,_Z,_Z,_Z,_Z,2021,0.19,,,,,,,,,HE_BUY_FIRMS,SHARE,0.01,A,SEN_EHCVM2021_LEGACY_v1,
dataflow,WB.AFW360:AFW360_HH(0.3.0),R,A,SEN,_T,SURVEY,HE_CAPITAL,_Z,_Z,CAP,_T,_T,_T,_T,_T,_Z,_Z,_Z,_Z,_Z,2021,3072975.7200000002,,,,,,,,,HE_CAPITAL,XOF,0.01,A,SEN_EHCVM2021_LEGACY_v1,
dataflow,WB.AFW360:AFW360_HH(0.3.0),R,A,SEN,_T,SURVEY,HE_CAPITAL,_Z,_Z,OU,_T,_T,_T,_T,_T,_Z,_Z,_Z,_Z,_Z,2021,1569560.78,,,,,,,,,HE_CAPITAL,XOF,0.01,A,SEN_EHCVM2021_LEGACY_v1,
dataflow,WB.AFW360:AFW360_HH(0.3.0),R,A,SEN,_T,SURVEY,HE_CAPITAL,_Z,_Z,R,_T,_T,_T,_T,_T,_Z,_Z,_Z,_Z,_Z,2021,191239.54,,,,,,,,,HE_CAPITAL,XOF,0.01,A,SEN_EHCVM2021_LEGACY_v1,
dataflow,WB.AFW360:AFW360_HH(0.3.0),R,A,SEN,_T,SURVEY,HE_CAPITAL,_Z,_Z,_T,HHH_AGE_GE35,_T,_T,_T,_T,_Z,_Z,_Z,_Z,_Z,2021,1075901.2,,,,,,,,,HE_CAPITAL,XOF,0.01,A,SEN_EHCVM2021_LEGACY_v1,
dataflow,WB.AFW360:AFW360_HH(0.3.0),R,A,SEN,_T,SURVEY,HE_CAPITAL,_Z,_Z,_T,HHH_AGE_LT35,_T,_T,_T,_T,_Z,_Z,_Z,_Z,_Z,2021,193188.94,,,,,,,,,HE_CAPITAL,XOF,0.01,A,SEN_EHCVM2021_LEGACY_v1,
dataflow,WB.AFW360:AFW360_HH(0.3.0),R,A,SEN,_T,SURVEY,HE_CAPITAL,_Z,_Z,_T,HHH_SEX_F,_T,_T,_T,_T,_Z,_Z,_Z,_Z,_Z,2021,3492528.77,,,,,,,,,HE_CAPITAL,XOF,0.01,A,SEN_EHCVM2021_LEGACY_v1,
dataflow,WB.AFW360:AFW360_HH(0.3.0),R,A,SEN,_T,SURVEY,HE_CAPITAL,_Z,_Z,_T,HHH_SEX_M,_T,_T,_T,_T,_Z,_Z,_Z,_Z,_Z,2021,167585.73,,,,,,,,,HE_CAPITAL,XOF,0.01,A,SEN_EHCVM2021_LEGACY_v1,
dataflow,WB.AFW360:AFW360_HH(0.3.0),R,A,SEN,_T,SURVEY,HE_CAPITAL,_Z,_Z,_T,QUINT_Q1,_T,_T,_T,_T,_Z,_Z,_Z,_Z,_Z,2021,91650.15,,,,,,,,,HE_CAPITAL,XOF,0.01,A,SEN_EHCVM2021_LEGACY_v1,
dataflow,WB.AFW360:AFW360_HH(0.3.0),R,A,SEN,_T,SURVEY,HE_CAPITAL,_Z,_Z,_T,QUINT_Q2,_T,_T,_T,_T,_Z,_Z,_Z,_Z,_Z,2021,91825.87,,,,,,,,,HE_CAPITAL,XOF,0.01,A,SEN_EHCVM2021_LEGACY_v1,
dataflow,WB.AFW360:AFW360_HH(0.3.0),R,A,SEN,_T,SURVEY,HE_CAPITAL,_Z,_Z,_T,QUINT_Q3,_T,_T,_T,_T,_Z,_Z,_Z,_Z,_Z,2021,597800.1800000001,,,,,,,,,HE_CAPITAL,XOF,0.01,A,SEN_EHCVM2021_LEGACY_v1,
dataflow,WB.AFW360:AFW360_HH(0.3.0),R,A,SEN,_T,SURVEY,HE_CAPITAL,_Z,_Z,_T,QUINT_Q4,_T,_T,_T,_T,_Z,_Z,_Z,_Z,_Z,2021,1042033.5700000001,,,,,,,,,HE_CAPITAL,XOF,0.01,A,SEN_EHCVM2021_LEGACY_v1,
dataflow,WB.AFW360:AFW360_HH(0.3.0),R,A,SEN,_T,SURVEY,HE_CAPITAL,_Z,_Z,_T,QUINT_Q5,_T,_T,_T,_T,_Z,_Z,_Z,_Z,_Z,2021,3857154.6299999999,,,,,,,,,HE_CAPITAL,XOF,0.01,A,SEN_EHCVM2021_LEGACY_v1,
dataflow,WB.AFW360:AFW360_HH(0.3.0),R,A,SEN,_T,SURVEY,HE_CAPITAL,_Z,_Z,_T,_T,_T,_T,_T,_T,_Z,_Z,_Z,_Z,_Z,2021,1010042.65,,,,,,,,,HE_CAPITAL,XOF,0.01,A,SEN_EHCVM2021_LEGACY_v1,
dataflow,WB.AFW360:AFW360_HH(0.3.0),R,A,SEN,_T,SURVEY,HE_COSTS,_Z,_Z,CAP,_T,_T,_T,_T,_T,_Z,_Z,_Z,_Z,_Z,2021,100619.09,,,,,,,,,HE_COSTS,XOF,0.01,A,SEN_EHCVM2021_LEGACY_v1,
dataflow,WB.AFW360:AFW360_HH(0.3.0),R,A,SEN,_T,SURVEY,HE_COSTS,_Z,_Z,OU,_T,_T,_T,_T,_T,_Z,_Z,_Z,_Z,_Z,2021,62532.76,,,,,,,,,HE_COSTS,XOF,0.01,A,SEN_EHCVM2021_LEGACY_v1,
dataflow,WB.AFW360:AFW360_HH(0.3.0),R,A,SEN,_T,SURVEY,HE_COSTS,_Z,_Z,R,_T,_T,_T,_T,_T,_Z,_Z,_Z,_Z,_Z,2021,42620.16,,,,,,,,,HE_COSTS,XOF,0.01,A,SEN_EHCVM2021_LEGACY_v1,
dataflow,WB.AFW360:AFW360_HH(0.3.0),R,A,SEN,_T,SURVEY,HE_COSTS,_Z,_Z,_T,HHH_AGE_GE35,_T,_T,_T,_T,_Z,_Z,_Z,_Z,_Z,2021,59243.37,,,,,,,,,HE_COSTS,XOF,0.01,A,SEN_EHCVM2021_LEGACY_v1,
dataflow,WB.AFW360:AFW360_HH(0.3.0),R,A,SEN,_T,SURVEY,HE_COSTS,_Z,_Z,_T,HHH_AGE_LT35,_T,_T,_T,_T,_Z,_Z,_Z,_Z,_Z,2021,37971.76,,,,,,,,,HE_COSTS,XOF,0.01,A,SEN_EHCVM2021_LEGACY_v1,
dataflow,WB.AFW360:AFW360_HH(0.3.0),R,A,SEN,_T,SURVEY,HE_COSTS,_Z,_Z,_T,HHH_SEX_F,_T,_T,_T,_T,_Z,_Z,_Z,_Z,_Z,2021,98348.37,,,,,,,,,HE_COSTS,XOF,0.01,A,SEN_EHCVM2021_LEGACY_v1,
dataflow,WB.AFW360:AFW360_HH(0.3.0),R,A,SEN,_T,SURVEY,HE_COSTS,_Z,_Z,_T,HHH_SEX_M,_T,_T,_T,_T,_Z,_Z,_Z,_Z,_Z,2021,44086.53,,,,,,,,,HE_COSTS,XOF,0.01,A,SEN_EHCVM2021_LEGACY_v1,
dataflow,WB.AFW360:AFW360_HH(0.3.0),R,A,SEN,_T,SURVEY,HE_COSTS,_Z,_Z,_T,QUINT_Q1,_T,_T,_T,_T,_Z,_Z,_Z,_Z,_Z,2021,26026.23,,,,,,,,,HE_COSTS,XOF,0.01,A,SEN_EHCVM2021_LEGACY_v1,
dataflow,WB.AFW360:AFW360_HH(0.3.0),R,A,SEN,_T,SURVEY,HE_COSTS,_Z,_Z,_T,QUINT_Q2,_T,_T,_T,_T,_Z,_Z,_Z,_Z,_Z,2021,44312.6,,,,,,,,,HE_COSTS,XOF,0.01,A,SEN_EHCVM2021_LEGACY_v1,
dataflow,WB.AFW360:AFW360_HH(0.3.0),R,A,SEN,_T,SURVEY,HE_COSTS,_Z,_Z,_T,QUINT_Q3,_T,_T,_T,_T,_Z,_Z,_Z,_Z,_Z,2021,86966.61,,,,,,,,,HE_COSTS,XOF,0.01,A,SEN_EHCVM2021_LEGACY_v1,
dataflow,WB.AFW360:AFW360_HH(0.3.0),R,A,SEN,_T,SURVEY,HE_COSTS,_Z,_Z,_T,QUINT_Q4,_T,_T,_T,_T,_Z,_Z,_Z,_Z,_Z,2021,49791.72,,,,,,,,,HE_COSTS,XOF,0.01,A,SEN_EHCVM2021_LEGACY_v1,
dataflow,WB.AFW360:AFW360_HH(0.3.0),R,A,SEN,_T,SURVEY,HE_COSTS,_Z,_Z,_T,QUINT_Q5,_T,_T,_T,_T,_Z,_Z,_Z,_Z,_Z,2021,97752.96,,,,,,,,,HE_COSTS,XOF,0.01,A,SEN_EHCVM2021_LEGACY_v1,
dataflow,WB.AFW360:AFW360_HH(0.3.0),R,A,SEN,_T,SURVEY,HE_COSTS,_Z,_Z,_T,_T,_T,_T,_T,_T,_Z,_Z,_Z,_Z,_Z,2021,58091.62,,,,,,,,,HE_COSTS,XOF,0.01,A,SEN_EHCVM2021_LEGACY_v1,
dataflow,WB.AFW360:AFW360_HH(0.3.0),R,A,SEN,_T,SURVEY,HE_CREDIT_ANY,_Z,_Z,CAP,_T,_T,_T,_T,_T,_Z,_Z,_Z,_Z,_Z,2021,0.14,,,,,,,,,HE_CREDIT_ANY,SHARE,0.01,A,SEN_EHCVM2021_LEGACY_v1,
dataflow,WB.AFW360:AFW360_HH(0.3.0),R,A,SEN,_T,SURVEY,HE_CREDIT_ANY,_Z,_Z,OU,_T,_T,_T,_T,_T,_Z,_Z,_Z,_Z,_Z,2021,0.43,,,,,,,,,HE_CREDIT_ANY,SHARE,0.01,A,SEN_EHCVM2021_LEGACY_v1,
dataflow,WB.AFW360:AFW360_HH(0.3.0),R,A,SEN,_T,SURVEY,HE_CREDIT_ANY,_Z,_Z,R,_T,_T,_T,_T,_T,_Z,_Z,_Z,_Z,_Z,2021,0.37,,,,,,,,,HE_CREDIT_ANY,SHARE,0.01,A,SEN_EHCVM2021_LEGACY_v1,
dataflow,WB.AFW360:AFW360_HH(0.3.0),R,A,SEN,_T,SURVEY,HE_CREDIT_ANY,_Z,_Z,_T,HHH_AGE_GE35,_T,_T,_T,_T,_Z,_Z,_Z,_Z,_Z,2021,0.33,,,,,,,,,HE_CREDIT_ANY,SHARE,0.01,A,SEN_EHCVM2021_LEGACY_v1,
dataflow,WB.AFW360:AFW360_HH(0.3.0),R,A,SEN,_T,SURVEY,HE_CREDIT_ANY,_Z,_Z,_T,HHH_AGE_LT35,_T,_T,_T,_T,_Z,_Z,_Z,_Z,_Z,2021,0.37,,,,,,,,,HE_CREDIT_ANY,SHARE,0.01,A,SEN_EHCVM2021_LEGACY_v1,
dataflow,WB.AFW360:AFW360_HH(0.3.0),R,A,SEN,_T,SURVEY,HE_CREDIT_ANY,_Z,_Z,_T,HHH_SEX_F,_T,_T,_T,_T,_Z,_Z,_Z,_Z,_Z,2021,0.41,,,,,,,,,HE_CREDIT_ANY,SHARE,0.01,A,SEN_EHCVM2021_LEGACY_v1,
dataflow,WB.AFW360:AFW360_HH(0.3.0),R,A,SEN,_T,SURVEY,HE_CREDIT_ANY,_Z,_Z,_T,HHH_SEX_M,_T,_T,_T,_T,_Z,_Z,_Z,_Z,_Z,2021,0.31,,,,,,,,,HE_CREDIT_ANY,SHARE,0.01,A,SEN_EHCVM2021_LEGACY_v1,
dataflow,WB.AFW360:AFW360_HH(0.3.0),R,A,SEN,_T,SURVEY,HE_CREDIT_ANY,_Z,_Z,_T,QUINT_Q1,_T,_T,_T,_T,_Z,_Z,_Z,_Z,_Z,2021,0.44,,,,,,,,,HE_CREDIT_ANY,SHARE,0.01,A,SEN_EHCVM2021_LEGACY_v1,
dataflow,WB.AFW360:AFW360_HH(0.3.0),R,A,SEN,_T,SURVEY,HE_CREDIT_ANY,_Z,_Z,_T,QUINT_Q2,_T,_T,_T,_T,_Z,_Z,_Z,_Z,_Z,2021,0.31,,,,,,,,,HE_CREDIT_ANY,SHARE,0.01,A,SEN_EHCVM2021_LEGACY_v1,
dataflow,WB.AFW360:AFW360_HH(0.3.0),R,A,SEN,_T,SURVEY,HE_CREDIT_ANY,_Z,_Z,_T,QUINT_Q3,_T,_T,_T,_T,_Z,_Z,_Z,_Z,_Z,2021,0.35,,,,,,,,,HE_CREDIT_ANY,SHARE,0.01,A,SEN_EHCVM2021_LEGACY_v1,
dataflow,WB.AFW360:AFW360_HH(0.3.0),R,A,SEN,_T,SURVEY,HE_CREDIT_ANY,_Z,_Z,_T,QUINT_Q4,_T,_T,_T,_T,_Z,_Z,_Z,_Z,_Z,2021,0.18,,,,,,,,,HE_CREDIT_ANY,SHARE,0.01,A,SEN_EHCVM2021_LEGACY_v1,
dataflow,WB.AFW360:AFW360_HH(0.3.0),R,A,SEN,_T,SURVEY,HE_CREDIT_ANY,_Z,_Z,_T,QUINT_Q5,_T,_T,_T,_T,_Z,_Z,_Z,_Z,_Z,2021,0.44,,,,,,,,,HE_CREDIT_ANY,SHARE,0.01,A,SEN_EHCVM2021_LEGACY_v1,
dataflow,WB.AFW360:AFW360_HH(0.3.0),R,A,SEN,_T,SURVEY,HE_CREDIT_ANY,_Z,_Z,_T,_T,_T,_T,_T,_T,_Z,_Z,_Z,_Z,_Z,2021,0.34,,,,,,,,,HE_CREDIT_ANY,SHARE,0.01,A,SEN_EHCVM2021_LEGACY_v1,
dataflow,WB.AFW360:AFW360_HH(0.3.0),R,A,SEN,_T,SURVEY,HE_CREDIT_FORMAL,_Z,_Z,CAP,_T,_T,_T,_T,_T,_Z,_Z,_Z,_Z,_Z,2021,0,,,,,,,,,HE_CREDIT_FORMAL,SHARE,0.01,A,SEN_EHCVM2021_LEGACY_v1,
dataflow,WB.AFW360:AFW360_HH(0.3.0),R,A,SEN,_T,SURVEY,HE_CREDIT_FORMAL,_Z,_Z,OU,_T,_T,_T,_T,_T,_Z,_Z,_Z,_Z,_Z,2021,0.1,,,,,,,,,HE_CREDIT_FORMAL,SHARE,0.01,A,SEN_EHCVM2021_LEGACY_v1,
dataflow,WB.AFW360:AFW360_HH(0.3.0),R,A,SEN,_T,SURVEY,HE_CREDIT_FORMAL,_Z,_Z,R,_T,_T,_T,_T,_T,_Z,_Z,_Z,_Z,_Z,2021,0.13,,,,,,,,,HE_CREDIT_FORMAL,SHARE,0.01,A,SEN_EHCVM2021_LEGACY_v1,
dataflow,WB.AFW360:AFW360_HH(0.3.0),R,A,SEN,_T,SURVEY,HE_CREDIT_FORMAL,_Z,_Z,_T,HHH_AGE_GE35,_T,_T,_T,_T,_Z,_Z,_Z,_Z,_Z,2021,0.1,,,,,,,,,HE_CREDIT_FORMAL,SHARE,0.01,A,SEN_EHCVM2021_LEGACY_v1,
dataflow,WB.AFW360:AFW360_HH(0.3.0),R,A,SEN,_T,SURVEY,HE_CREDIT_FORMAL,_Z,_Z,_T,HHH_AGE_LT35,_T,_T,_T,_T,_Z,_Z,_Z,_Z,_Z,2021,0.12,,,,,,,,,HE_CREDIT_FORMAL,SHARE,0.01,A,SEN_EHCVM2021_LEGACY_v1,
dataflow,WB.AFW360:AFW360_HH(0.3.0),R,A,SEN,_T,SURVEY,HE_CREDIT_FORMAL,_Z,_Z,_T,HHH_SEX_F,_T,_T,_T,_T,_Z,_Z,_Z,_Z,_Z,2021,0.11,,,,,,,,,HE_CREDIT_FORMAL,SHARE,0.01,A,SEN_EHCVM2021_LEGACY_v1,
dataflow,WB.AFW360:AFW360_HH(0.3.0),R,A,SEN,_T,SURVEY,HE_CREDIT_FORMAL,_Z,_Z,_T,HHH_SEX_M,_T,_T,_T,_T,_Z,_Z,_Z,_Z,_Z,2021,0.09,,,,,,,,,HE_CREDIT_FORMAL,SHARE,0.01,A,SEN_EHCVM2021_LEGACY_v1,
dataflow,WB.AFW360:AFW360_HH(0.3.0),R,A,SEN,_T,SURVEY,HE_CREDIT_FORMAL,_Z,_Z,_T,QUINT_Q1,_T,_T,_T,_T,_Z,_Z,_Z,_Z,_Z,2021,0.16,,,,,,,,,HE_CREDIT_FORMAL,SHARE,0.01,A,SEN_EHCVM2021_LEGACY_v1,
dataflow,WB.AFW360:AFW360_HH(0.3.0),R,A,SEN,_T,SURVEY,HE_CREDIT_FORMAL,_Z,_Z,_T,QUINT_Q2,_T,_T,_T,_T,_Z,_Z,_Z,_Z,_Z,2021,0.06,,,,,,,,,HE_CREDIT_FORMAL,SHARE,0.01,A,SEN_EHCVM2021_LEGACY_v1,
dataflow,WB.AFW360:AFW360_HH(0.3.0),R,A,SEN,_T,SURVEY,HE_CREDIT_FORMAL,_Z,_Z,_T,QUINT_Q3,_T,_T,_T,_T,_Z,_Z,_Z,_Z,_Z,2021,0.17,,,,,,,,,HE_CREDIT_FORMAL,SHARE,0.01,A,SEN_EHCVM2021_LEGACY_v1,
dataflow,WB.AFW360:AFW360_HH(0.3.0),R,A,SEN,_T,SURVEY,HE_CREDIT_FORMAL,_Z,_Z,_T,QUINT_Q4,_T,_T,_T,_T,_Z,_Z,_Z,_Z,_Z,2021,0.06,,,,,,,,,HE_CREDIT_FORMAL,SHARE,0.01,A,SEN_EHCVM2021_LEGACY_v1,
dataflow,WB.AFW360:AFW360_HH(0.3.0),R,A,SEN,_T,SURVEY,HE_CREDIT_FORMAL,_Z,_Z,_T,QUINT_Q5,_T,_T,_T,_T,_Z,_Z,_Z,_Z,_Z,2021,0.06,,,,,,,,,HE_CREDIT_FORMAL,SHARE,0.01,A,SEN_EHCVM2021_LEGACY_v1,
dataflow,WB.AFW360:AFW360_HH(0.3.0),R,A,SEN,_T,SURVEY,HE_CREDIT_FORMAL,_Z,_Z,_T,_T,_T,_T,_T,_T,_Z,_Z,_Z,_Z,_Z,2021,0.1,,,,,,,,,HE_CREDIT_FORMAL,SHARE,0.01,A,SEN_EHCVM2021_LEGACY_v1,
dataflow,WB.AFW360:AFW360_HH(0.3.0),R,A,SEN,_T,SURVEY,HE_CREDIT_INFORMAL,_Z,_Z,CAP,_T,_T,_T,_T,_T,_Z,_Z,_Z,_Z,_Z,2021,0.14,,,,,,,,,HE_CREDIT_INFORMAL,SHARE,0.01,A,SEN_EHCVM2021_LEGACY_v1,
dataflow,WB.AFW360:AFW360_HH(0.3.0),R,A,SEN,_T,SURVEY,HE_CREDIT_INFORMAL,_Z,_Z,OU,_T,_T,_T,_T,_T,_Z,_Z,_Z,_Z,_Z,2021,0.34,,,,,,,,,HE_CREDIT_INFORMAL,SHARE,0.01,A,SEN_EHCVM2021_LEGACY_v1,
dataflow,WB.AFW360:AFW360_HH(0.3.0),R,A,SEN,_T,SURVEY,HE_CREDIT_INFORMAL,_Z,_Z,R,_T,_T,_T,_T,_T,_Z,_Z,_Z,_Z,_Z,2021,0.26,,,,,,,,,HE_CREDIT_INFORMAL,SHARE,0.01,A,SEN_EHCVM2021_LEGACY_v1,
dataflow,WB.AFW360:AFW360_HH(0.3.0),R,A,SEN,_T,SURVEY,HE_CREDIT_INFORMAL,_Z,_Z,_T,HHH_AGE_GE35,_T,_T,_T,_T,_Z,_Z,_Z,_Z,_Z,2021,0.26,,,,,,,,,HE_CREDIT_INFORMAL,SHARE,0.01,A,SEN_EHCVM2021_LEGACY_v1,
dataflow,WB.AFW360:AFW360_HH(0.3.0),R,A,SEN,_T,SURVEY,HE_CREDIT_INFORMAL,_Z,_Z,_T,HHH_AGE_LT35,_T,_T,_T,_T,_Z,_Z,_Z,_Z,_Z,2021,0.25,,,,,,,,,HE_CREDIT_INFORMAL,SHARE,0.01,A,SEN_EHCVM2021_LEGACY_v1,
dataflow,WB.AFW360:AFW360_HH(0.3.0),R,A,SEN,_T,SURVEY,HE_CREDIT_INFORMAL,_Z,_Z,_T,HHH_SEX_F,_T,_T,_T,_T,_Z,_Z,_Z,_Z,_Z,2021,0.32,,,,,,,,,HE_CREDIT_INFORMAL,SHARE,0.01,A,SEN_EHCVM2021_LEGACY_v1,
dataflow,WB.AFW360:AFW360_HH(0.3.0),R,A,SEN,_T,SURVEY,HE_CREDIT_INFORMAL,_Z,_Z,_T,HHH_SEX_M,_T,_T,_T,_T,_Z,_Z,_Z,_Z,_Z,2021,0.23,,,,,,,,,HE_CREDIT_INFORMAL,SHARE,0.01,A,SEN_EHCVM2021_LEGACY_v1,
dataflow,WB.AFW360:AFW360_HH(0.3.0),R,A,SEN,_T,SURVEY,HE_CREDIT_INFORMAL,_Z,_Z,_T,QUINT_Q1,_T,_T,_T,_T,_Z,_Z,_Z,_Z,_Z,2021,0.33,,,,,,,,,HE_CREDIT_INFORMAL,SHARE,0.01,A,SEN_EHCVM2021_LEGACY_v1,
dataflow,WB.AFW360:AFW360_HH(0.3.0),R,A,SEN,_T,SURVEY,HE_CREDIT_INFORMAL,_Z,_Z,_T,QUINT_Q2,_T,_T,_T,_T,_Z,_Z,_Z,_Z,_Z,2021,0.26,,,,,,,,,HE_CREDIT_INFORMAL,SHARE,0.01,A,SEN_EHCVM2021_LEGACY_v1,
dataflow,WB.AFW360:AFW360_HH(0.3.0),R,A,SEN,_T,SURVEY,HE_CREDIT_INFORMAL,_Z,_Z,_T,QUINT_Q3,_T,_T,_T,_T,_Z,_Z,_Z,_Z,_Z,2021,0.2,,,,,,,,,HE_CREDIT_INFORMAL,SHARE,0.01,A,SEN_EHCVM2021_LEGACY_v1,
dataflow,WB.AFW360:AFW360_HH(0.3.0),R,A,SEN,_T,SURVEY,HE_CREDIT_INFORMAL,_Z,_Z,_T,QUINT_Q4,_T,_T,_T,_T,_Z,_Z,_Z,_Z,_Z,2021,0.12,,,,,,,,,HE_CREDIT_INFORMAL,SHARE,0.01,A,SEN_EHCVM2021_LEGACY_v1,
dataflow,WB.AFW360:AFW360_HH(0.3.0),R,A,SEN,_T,SURVEY,HE_CREDIT_INFORMAL,_Z,_Z,_T,QUINT_Q5,_T,_T,_T,_T,_Z,_Z,_Z,_Z,_Z,2021,0.38,,,,,,,,,HE_CREDIT_INFORMAL,SHARE,0.01,A,SEN_EHCVM2021_LEGACY_v1,
dataflow,WB.AFW360:AFW360_HH(0.3.0),R,A,SEN,_T,SURVEY,HE_CREDIT_INFORMAL,_Z,_Z,_T,_T,_T,_T,_T,_T,_Z,_Z,_Z,_Z,_Z,2021,0.25,,,,,,,,,HE_CREDIT_INFORMAL,SHARE,0.01,A,SEN_EHCVM2021_LEGACY_v1,
dataflow,WB.AFW360:AFW360_HH(0.3.0),R,A,SEN,_T,SURVEY,HE_ELEC,_Z,_Z,CAP,_T,_T,_T,_T,_T,_Z,_Z,_Z,_Z,_Z,2021,0.62,,,,,,,,,HE_ELEC,SHARE,0.01,A,SEN_EHCVM2021_LEGACY_v1,
dataflow,WB.AFW360:AFW360_HH(0.3.0),R,A,SEN,_T,SURVEY,HE_ELEC,_Z,_Z,OU,_T,_T,_T,_T,_T,_Z,_Z,_Z,_Z,_Z,2021,1,,,,,,,,,HE_ELEC,SHARE,0.01,A,SEN_EHCVM2021_LEGACY_v1,
dataflow,WB.AFW360:AFW360_HH(0.3.0),R,A,SEN,_T,SURVEY,HE_ELEC,_Z,_Z,R,_T,_T,_T,_T,_T,_Z,_Z,_Z,_Z,_Z,2021,0.95,,,,,,,,,HE_ELEC,SHARE,0.01,A,SEN_EHCVM2021_LEGACY_v1,
dataflow,WB.AFW360:AFW360_HH(0.3.0),R,A,SEN,_T,SURVEY,HE_ELEC,_Z,_Z,_T,HHH_AGE_GE35,_T,_T,_T,_T,_Z,_Z,_Z,_Z,_Z,2021,0.8,,,,,,,,,HE_ELEC,SHARE,0.01,A,SEN_EHCVM2021_LEGACY_v1,
dataflow,WB.AFW360:AFW360_HH(0.3.0),R,A,SEN,_T,SURVEY,HE_ELEC,_Z,_Z,_T,HHH_AGE_LT35,_T,_T,_T,_T,_Z,_Z,_Z,_Z,_Z,2021,1,,,,,,,,,HE_ELEC,SHARE,0.01,A,SEN_EHCVM2021_LEGACY_v1,
dataflow,WB.AFW360:AFW360_HH(0.3.0),R,A,SEN,_T,SURVEY,HE_ELEC,_Z,_Z,_T,HHH_SEX_F,_T,_T,_T,_T,_Z,_Z,_Z,_Z,_Z,2021,0.98,,,,,,,,,HE_ELEC,SHARE,0.01,A,SEN_EHCVM2021_LEGACY_v1,
dataflow,WB.AFW360:AFW360_HH(0.3.0),R,A,SEN,_T,SURVEY,HE_ELEC,_Z,_Z,_T,HHH_SEX_M,_T,_T,_T,_T,_Z,_Z,_Z,_Z,_Z,2021,0.73,,,,,,,,,HE_ELEC,SHARE,0.01,A,SEN_EHCVM2021_LEGACY_v1,
dataflow,WB.AFW360:AFW360_HH(0.3.0),R,A,SEN,_T,SURVEY,HE_ELEC,_Z,_Z,_T,QUINT_Q1,_T,_T,_T,_T,_Z,_Z,_Z,_Z,_Z,2021,1,,,,,,,,,HE_ELEC,SHARE,0.01,A,SEN_EHCVM2021_LEGACY_v1,
dataflow,WB.AFW360:AFW360_HH(0.3.0),R,A,SEN,_T,SURVEY,HE_ELEC,_Z,_Z,_T,QUINT_Q2,_T,_T,_T,_T,_Z,_Z,_Z,_Z,_Z,2021,0.98,,,,,,,,,HE_ELEC,SHARE,0.01,A,SEN_EHCVM2021_LEGACY_v1,
dataflow,WB.AFW360:AFW360_HH(0.3.0),R,A,SEN,_T,SURVEY,HE_ELEC,_Z,_Z,_T,QUINT_Q3,_T,_T,_T,_T,_Z,_Z,_Z,_Z,_Z,2021,1,,,,,,,,,HE_ELEC,SHARE,0.01,A,SEN_EHCVM2021_LEGACY_v1,
dataflow,WB.AFW360:AFW360_HH(0.3.0),R,A,SEN,_T,SURVEY,HE_ELEC,_Z,_Z,_T,QUINT_Q4,_T,_T,_T,_T,_Z,_Z,_Z,_Z,_Z,2021,0.62,,,,,,,,,HE_ELEC,SHARE,0.01,A,SEN_EHCVM2021_LEGACY_v1,
dataflow,WB.AFW360:AFW360_HH(0.3.0),R,A,SEN,_T,SURVEY,HE_ELEC,_Z,_Z,_T,QUINT_Q5,_T,_T,_T,_T,_Z,_Z,_Z,_Z,_Z,2021,0.91,,,,,,,,,HE_ELEC,SHARE,0.01,A,SEN_EHCVM2021_LEGACY_v1,
dataflow,WB.AFW360:AFW360_HH(0.3.0),R,A,SEN,_T,SURVEY,HE_ELEC,_Z,_Z,_T,_T,_T,_T,_T,_T,_Z,_Z,_Z,_Z,_Z,2021,0.8,,,,,,,,,HE_ELEC,SHARE,0.01,A,SEN_EHCVM2021_LEGACY_v1,
dataflow,WB.AFW360:AFW360_HH(0.3.0),R,A,SEN,_T,SURVEY,HE_EMP_EXT_ANY,_Z,_Z,CAP,_T,_T,_T,_T,_T,_Z,_Z,_Z,_Z,_Z,2021,0.9,,,,,,,,,HE_EMP_EXT_ANY,SHARE,0.01,A,SEN_EHCVM2021_LEGACY_v1,LEGACY_SUSPECT: Implausible: share 0.96 while mean non-HH employees is 0.54.
dataflow,WB.AFW360:AFW360_HH(0.3.0),R,A,SEN,_T,SURVEY,HE_EMP_EXT_ANY,_Z,_Z,OU,_T,_T,_T,_T,_T,_Z,_Z,_Z,_Z,_Z,2021,0.98,,,,,,,,,HE_EMP_EXT_ANY,SHARE,0.01,A,SEN_EHCVM2021_LEGACY_v1,LEGACY_SUSPECT: Implausible: share 0.96 while mean non-HH employees is 0.54.
dataflow,WB.AFW360:AFW360_HH(0.3.0),R,A,SEN,_T,SURVEY,HE_EMP_EXT_ANY,_Z,_Z,R,_T,_T,_T,_T,_T,_Z,_Z,_Z,_Z,_Z,2021,0.97,,,,,,,,,HE_EMP_EXT_ANY,SHARE,0.01,A,SEN_EHCVM2021_LEGACY_v1,LEGACY_SUSPECT: Implausible: share 0.96 while mean non-HH employees is 0.54.
dataflow,WB.AFW360:AFW360_HH(0.3.0),R,A,SEN,_T,SURVEY,HE_EMP_EXT_ANY,_Z,_Z,_T,HHH_AGE_GE35,_T,_T,_T,_T,_Z,_Z,_Z,_Z,_Z,2021,0.96,,,,,,,,,HE_EMP_EXT_ANY,SHARE,0.01,A,SEN_EHCVM2021_LEGACY_v1,LEGACY_SUSPECT: Implausible: share 0.96 while mean non-HH employees is 0.54.
dataflow,WB.AFW360:AFW360_HH(0.3.0),R,A,SEN,_T,SURVEY,HE_EMP_EXT_ANY,_Z,_Z,_T,HHH_AGE_LT35,_T,_T,_T,_T,_Z,_Z,_Z,_Z,_Z,2021,0.98,,,,,,,,,HE_EMP_EXT_ANY,SHARE,0.01,A,SEN_EHCVM2021_LEGACY_v1,LEGACY_SUSPECT: Implausible: share 0.96 while mean non-HH employees is 0.54.
dataflow,WB.AFW360:AFW360_HH(0.3.0),R,A,SEN,_T,SURVEY,HE_EMP_EXT_ANY,_Z,_Z,_T,HHH_SEX_F,_T,_T,_T,_T,_Z,_Z,_Z,_Z,_Z,2021,0.93,,,,,,,,,HE_EMP_EXT_ANY,SHARE,0.01,A,SEN_EHCVM2021_LEGACY_v1,LEGACY_SUSPECT: Implausible: share 0.96 while mean non-HH employees is 0.54.
dataflow,WB.AFW360:AFW360_HH(0.3.0),R,A,SEN,_T,SURVEY,HE_EMP_EXT_ANY,_Z,_Z,_T,HHH_SEX_M,_T,_T,_T,_T,_Z,_Z,_Z,_Z,_Z,2021,0.97,,,,,,,,,HE_EMP_EXT_ANY,SHARE,0.01,A,SEN_EHCVM2021_LEGACY_v1,LEGACY_SUSPECT: Implausible: share 0.96 while mean non-HH employees is 0.54.
dataflow,WB.AFW360:AFW360_HH(0.3.0),R,A,SEN,_T,SURVEY,HE_EMP_EXT_ANY,_Z,_Z,_T,QUINT_Q1,_T,_T,_T,_T,_Z,_Z,_Z,_Z,_Z,2021,0.93,,,,,,,,,HE_EMP_EXT_ANY,SHARE,0.01,A,SEN_EHCVM2021_LEGACY_v1,LEGACY_SUSPECT: Implausible: share 0.96 while mean non-HH employees is 0.54.
dataflow,WB.AFW360:AFW360_HH(0.3.0),R,A,SEN,_T,SURVEY,HE_EMP_EXT_ANY,_Z,_Z,_T,QUINT_Q2,_T,_T,_T,_T,_Z,_Z,_Z,_Z,_Z,2021,0.98,,,,,,,,,HE_EMP_EXT_ANY,SHARE,0.01,A,SEN_EHCVM2021_LEGACY_v1,LEGACY_SUSPECT: Implausible: share 0.96 while mean non-HH employees is 0.54.
dataflow,WB.AFW360:AFW360_HH(0.3.0),R,A,SEN,_T,SURVEY,HE_EMP_EXT_ANY,_Z,_Z,_T,QUINT_Q3,_T,_T,_T,_T,_Z,_Z,_Z,_Z,_Z,2021,0.97,,,,,,,,,HE_EMP_EXT_ANY,SHARE,0.01,A,SEN_EHCVM2021_LEGACY_v1,LEGACY_SUSPECT: Implausible: share 0.96 while mean non-HH employees is 0.54.
dataflow,WB.AFW360:AFW360_HH(0.3.0),R,A,SEN,_T,SURVEY,HE_EMP_EXT_ANY,_Z,_Z,_T,QUINT_Q4,_T,_T,_T,_T,_Z,_Z,_Z,_Z,_Z,2021,0.96,,,,,,,,,HE_EMP_EXT_ANY,SHARE,0.01,A,SEN_EHCVM2021_LEGACY_v1,LEGACY_SUSPECT: Implausible: share 0.96 while mean non-HH employees is 0.54.
dataflow,WB.AFW360:AFW360_HH(0.3.0),R,A,SEN,_T,SURVEY,HE_EMP_EXT_ANY,_Z,_Z,_T,QUINT_Q5,_T,_T,_T,_T,_Z,_Z,_Z,_Z,_Z,2021,0.96,,,,,,,,,HE_EMP_EXT_ANY,SHARE,0.01,A,SEN_EHCVM2021_LEGACY_v1,LEGACY_SUSPECT: Implausible: share 0.96 while mean non-HH employees is 0.54.
dataflow,WB.AFW360:AFW360_HH(0.3.0),R,A,SEN,_T,SURVEY,HE_EMP_EXT_ANY,_Z,_Z,_T,_T,_T,_T,_T,_T,_Z,_Z,_Z,_Z,_Z,2021,0.96,,,,,,,,,HE_EMP_EXT_ANY,SHARE,0.01,A,SEN_EHCVM2021_LEGACY_v1,LEGACY_SUSPECT: Implausible: share 0.96 while mean non-HH employees is 0.54.
dataflow,WB.AFW360:AFW360_HH(0.3.0),R,A,SEN,_T,SURVEY,HE_EMP_HH_NUM,_Z,_Z,CAP,_T,_T,_T,_T,_T,_Z,_Z,_Z,_Z,_Z,2021,0.27,,,,,,,,,HE_EMP_HH_NUM,PERSON,0.01,A,SEN_EHCVM2021_LEGACY_v1,
dataflow,WB.AFW360:AFW360_HH(0.3.0),R,A,SEN,_T,SURVEY,HE_EMP_HH_NUM,_Z,_Z,OU,_T,_T,_T,_T,_T,_Z,_Z,_Z,_Z,_Z,2021,0.19,,,,,,,,,HE_EMP_HH_NUM,PERSON,0.01,A,SEN_EHCVM2021_LEGACY_v1,
dataflow,WB.AFW360:AFW360_HH(0.3.0),R,A,SEN,_T,SURVEY,HE_EMP_HH_NUM,_Z,_Z,R,_T,_T,_T,_T,_T,_Z,_Z,_Z,_Z,_Z,2021,0.15,,,,,,,,,HE_EMP_HH_NUM,PERSON,0.01,A,SEN_EHCVM2021_LEGACY_v1,
dataflow,WB.AFW360:AFW360_HH(0.3.0),R,A,SEN,_T,SURVEY,HE_EMP_HH_NUM,_Z,_Z,_T,HHH_AGE_GE35,_T,_T,_T,_T,_Z,_Z,_Z,_Z,_Z,2021,0.19,,,,,,,,,HE_EMP_HH_NUM,PERSON,0.01,A,SEN_EHCVM2021_LEGACY_v1,
dataflow,WB.AFW360:AFW360_HH(0.3.0),R,A,SEN,_T,SURVEY,HE_EMP_HH_NUM,_Z,_Z,_T,HHH_AGE_LT35,_T,_T,_T,_T,_Z,_Z,_Z,_Z,_Z,2021,0.05,,,,,,,,,HE_EMP_HH_NUM,PERSON,0.01,A,SEN_EHCVM2021_LEGACY_v1,
dataflow,WB.AFW360:AFW360_HH(0.3.0),R,A,SEN,_T,SURVEY,HE_EMP_HH_NUM,_Z,_Z,_T,HHH_SEX_F,_T,_T,_T,_T,_Z,_Z,_Z,_Z,_Z,2021,0.25,,,,,,,,,HE_EMP_HH_NUM,PERSON,0.01,A,SEN_EHCVM2021_LEGACY_v1,
dataflow,WB.AFW360:AFW360_HH(0.3.0),R,A,SEN,_T,SURVEY,HE_EMP_HH_NUM,_Z,_Z,_T,HHH_SEX_M,_T,_T,_T,_T,_Z,_Z,_Z,_Z,_Z,2021,0.16,,,,,,,,,HE_EMP_HH_NUM,PERSON,0.01,A,SEN_EHCVM2021_LEGACY_v1,
dataflow,WB.AFW360:AFW360_HH(0.3.0),R,A,SEN,_T,SURVEY,HE_EMP_HH_NUM,_Z,_Z,_T,QUINT_Q1,_T,_T,_T,_T,_Z,_Z,_Z,_Z,_Z,2021,0.29,,,,,,,,,HE_EMP_HH_NUM,PERSON,0.01,A,SEN_EHCVM2021_LEGACY_v1,
dataflow,WB.AFW360:AFW360_HH(0.3.0),R,A,SEN,_T,SURVEY,HE_EMP_HH_NUM,_Z,_Z,_T,QUINT_Q2,_T,_T,_T,_T,_Z,_Z,_Z,_Z,_Z,2021,0.14,,,,,,,,,HE_EMP_HH_NUM,PERSON,0.01,A,SEN_EHCVM2021_LEGACY_v1,
dataflow,WB.AFW360:AFW360_HH(0.3.0),R,A,SEN,_T,SURVEY,HE_EMP_HH_NUM,_Z,_Z,_T,QUINT_Q3,_T,_T,_T,_T,_Z,_Z,_Z,_Z,_Z,2021,0.21,,,,,,,,,HE_EMP_HH_NUM,PERSON,0.01,A,SEN_EHCVM2021_LEGACY_v1,
dataflow,WB.AFW360:AFW360_HH(0.3.0),R,A,SEN,_T,SURVEY,HE_EMP_HH_NUM,_Z,_Z,_T,QUINT_Q4,_T,_T,_T,_T,_Z,_Z,_Z,_Z,_Z,2021,0.14,,,,,,,,,HE_EMP_HH_NUM,PERSON,0.01,A,SEN_EHCVM2021_LEGACY_v1,
dataflow,WB.AFW360:AFW360_HH(0.3.0),R,A,SEN,_T,SURVEY,HE_EMP_HH_NUM,_Z,_Z,_T,QUINT_Q5,_T,_T,_T,_T,_Z,_Z,_Z,_Z,_Z,2021,0.13,,,,,,,,,HE_EMP_HH_NUM,PERSON,0.01,A,SEN_EHCVM2021_LEGACY_v1,
dataflow,WB.AFW360:AFW360_HH(0.3.0),R,A,SEN,_T,SURVEY,HE_EMP_HH_NUM,_Z,_Z,_T,_T,_T,_T,_T,_T,_Z,_Z,_Z,_Z,_Z,2021,0.18,,,,,,,,,HE_EMP_HH_NUM,PERSON,0.01,A,SEN_EHCVM2021_LEGACY_v1,
dataflow,WB.AFW360:AFW360_HH(0.3.0),R,A,SEN,_T,SURVEY,HE_EMP_NONHH_NUM,_Z,_Z,CAP,_T,_T,_T,_T,_T,_Z,_Z,_Z,_Z,_Z,2021,1.07,,,,,,,,,HE_EMP_NONHH_NUM,PERSON,0.01,A,SEN_EHCVM2021_LEGACY_v1,
dataflow,WB.AFW360:AFW360_HH(0.3.0),R,A,SEN,_T,SURVEY,HE_EMP_NONHH_NUM,_Z,_Z,OU,_T,_T,_T,_T,_T,_Z,_Z,_Z,_Z,_Z,2021,0.59,,,,,,,,,HE_EMP_NONHH_NUM,PERSON,0.01,A,SEN_EHCVM2021_LEGACY_v1,
dataflow,WB.AFW360:AFW360_HH(0.3.0),R,A,SEN,_T,SURVEY,HE_EMP_NONHH_NUM,_Z,_Z,R,_T,_T,_T,_T,_T,_Z,_Z,_Z,_Z,_Z,2021,0.36,,,,,,,,,HE_EMP_NONHH_NUM,PERSON,0.01,A,SEN_EHCVM2021_LEGACY_v1,
dataflow,WB.AFW360:AFW360_HH(0.3.0),R,A,SEN,_T,SURVEY,HE_EMP_NONHH_NUM,_Z,_Z,_T,HHH_AGE_GE35,_T,_T,_T,_T,_Z,_Z,_Z,_Z,_Z,2021,0.56,,,,,,,,,HE_EMP_NONHH_NUM,PERSON,0.01,A,SEN_EHCVM2021_LEGACY_v1,
dataflow,WB.AFW360:AFW360_HH(0.3.0),R,A,SEN,_T,SURVEY,HE_EMP_NONHH_NUM,_Z,_Z,_T,HHH_AGE_LT35,_T,_T,_T,_T,_Z,_Z,_Z,_Z,_Z,2021,0.39,,,,,,,,,HE_EMP_NONHH_NUM,PERSON,0.01,A,SEN_EHCVM2021_LEGACY_v1,
dataflow,WB.AFW360:AFW360_HH(0.3.0),R,A,SEN,_T,SURVEY,HE_EMP_NONHH_NUM,_Z,_Z,_T,HHH_SEX_F,_T,_T,_T,_T,_Z,_Z,_Z,_Z,_Z,2021,0.98,,,,,,,,,HE_EMP_NONHH_NUM,PERSON,0.01,A,SEN_EHCVM2021_LEGACY_v1,
dataflow,WB.AFW360:AFW360_HH(0.3.0),R,A,SEN,_T,SURVEY,HE_EMP_NONHH_NUM,_Z,_Z,_T,HHH_SEX_M,_T,_T,_T,_T,_Z,_Z,_Z,_Z,_Z,2021,0.4,,,,,,,,,HE_EMP_NONHH_NUM,PERSON,0.01,A,SEN_EHCVM2021_LEGACY_v1,
dataflow,WB.AFW360:AFW360_HH(0.3.0),R,A,SEN,_T,SURVEY,HE_EMP_NONHH_NUM,_Z,_Z,_T,QUINT_Q1,_T,_T,_T,_T,_Z,_Z,_Z,_Z,_Z,2021,0.47,,,,,,,,,HE_EMP_NONHH_NUM,PERSON,0.01,A,SEN_EHCVM2021_LEGACY_v1,
dataflow,WB.AFW360:AFW360_HH(0.3.0),R,A,SEN,_T,SURVEY,HE_EMP_NONHH_NUM,_Z,_Z,_T,QUINT_Q2,_T,_T,_T,_T,_Z,_Z,_Z,_Z,_Z,2021,0.51,,,,,,,,,HE_EMP_NONHH_NUM,PERSON,0.01,A,SEN_EHCVM2021_LEGACY_v1,
dataflow,WB.AFW360:AFW360_HH(0.3.0),R,A,SEN,_T,SURVEY,HE_EMP_NONHH_NUM,_Z,_Z,_T,QUINT_Q3,_T,_T,_T,_T,_Z,_Z,_Z,_Z,_Z,2021,0.45,,,,,,,,,HE_EMP_NONHH_NUM,PERSON,0.01,A,SEN_EHCVM2021_LEGACY_v1,
dataflow,WB.AFW360:AFW360_HH(0.3.0),R,A,SEN,_T,SURVEY,HE_EMP_NONHH_NUM,_Z,_Z,_T,QUINT_Q4,_T,_T,_T,_T,_Z,_Z,_Z,_Z,_Z,2021,0.55,,,,,,,,,HE_EMP_NONHH_NUM,PERSON,0.01,A,SEN_EHCVM2021_LEGACY_v1,
dataflow,WB.AFW360:AFW360_HH(0.3.0),R,A,SEN,_T,SURVEY,HE_EMP_NONHH_NUM,_Z,_Z,_T,QUINT_Q5,_T,_T,_T,_T,_Z,_Z,_Z,_Z,_Z,2021,0.77,,,,,,,,,HE_EMP_NONHH_NUM,PERSON,0.01,A,SEN_EHCVM2021_LEGACY_v1,
dataflow,WB.AFW360:AFW360_HH(0.3.0),R,A,SEN,_T,SURVEY,HE_EMP_NONHH_NUM,_Z,_Z,_T,_T,_T,_T,_T,_T,_Z,_Z,_Z,_Z,_Z,2021,0.54,,,,,,,,,HE_EMP_NONHH_NUM,PERSON,0.01,A,SEN_EHCVM2021_LEGACY_v1,
dataflow,WB.AFW360:AFW360_HH(0.3.0),R,A,SEN,_T,SURVEY,HE_EMP_NUM,_Z,_Z,CAP,_T,_T,_T,_T,_T,_Z,_Z,_Z,_Z,_Z,2021,1.81,,,,,,,,,HE_EMP_NUM,PERSON,0.01,A,SEN_EHCVM2021_LEGACY_v1,
dataflow,WB.AFW360:AFW360_HH(0.3.0),R,A,SEN,_T,SURVEY,HE_EMP_NUM,_Z,_Z,OU,_T,_T,_T,_T,_T,_Z,_Z,_Z,_Z,_Z,2021,1.28,,,,,,,,,HE_EMP_NUM,PERSON,0.01,A,SEN_EHCVM2021_LEGACY_v1,
dataflow,WB.AFW360:AFW360_HH(0.3.0),R,A,SEN,_T,SURVEY,HE_EMP_NUM,_Z,_Z,R,_T,_T,_T,_T,_T,_Z,_Z,_Z,_Z,_Z,2021,1.08,,,,,,,,,HE_EMP_NUM,PERSON,0.01,A,SEN_EHCVM2021_LEGACY_v1,
dataflow,WB.AFW360:AFW360_HH(0.3.0),R,A,SEN,_T,SURVEY,HE_EMP_NUM,_Z,_Z,_T,HHH_AGE_GE35,_T,_T,_T,_T,_Z,_Z,_Z,_Z,_Z,2021,1.31,,,,,,,,,HE_EMP_NUM,PERSON,0.01,A,SEN_EHCVM2021_LEGACY_v1,
dataflow,WB.AFW360:AFW360_HH(0.3.0),R,A,SEN,_T,SURVEY,HE_EMP_NUM,_Z,_Z,_T,HHH_AGE_LT35,_T,_T,_T,_T,_Z,_Z,_Z,_Z,_Z,2021,1.41,,,,,,,,,HE_EMP_NUM,PERSON,0.01,A,SEN_EHCVM2021_LEGACY_v1,
dataflow,WB.AFW360:AFW360_HH(0.3.0),R,A,SEN,_T,SURVEY,HE_EMP_NUM,_Z,_Z,_T,HHH_SEX_F,_T,_T,_T,_T,_Z,_Z,_Z,_Z,_Z,2021,2.06,,,,,,,,,HE_EMP_NUM,PERSON,0.01,A,SEN_EHCVM2021_LEGACY_v1,
dataflow,WB.AFW360:AFW360_HH(0.3.0),R,A,SEN,_T,SURVEY,HE_EMP_NUM,_Z,_Z,_T,HHH_SEX_M,_T,_T,_T,_T,_Z,_Z,_Z,_Z,_Z,2021,1.07,,,,,,,,,HE_EMP_NUM,PERSON,0.01,A,SEN_EHCVM2021_LEGACY_v1,
dataflow,WB.AFW360:AFW360_HH(0.3.0),R,A,SEN,_T,SURVEY,HE_EMP_NUM,_Z,_Z,_T,QUINT_Q1,_T,_T,_T,_T,_Z,_Z,_Z,_Z,_Z,2021,1.21,,,,,,,,,HE_EMP_NUM,PERSON,0.01,A,SEN_EHCVM2021_LEGACY_v1,
dataflow,WB.AFW360:AFW360_HH(0.3.0),R,A,SEN,_T,SURVEY,HE_EMP_NUM,_Z,_Z,_T,QUINT_Q2,_T,_T,_T,_T,_Z,_Z,_Z,_Z,_Z,2021,0.88,,,,,,,,,HE_EMP_NUM,PERSON,0.01,A,SEN_EHCVM2021_LEGACY_v1,
dataflow,WB.AFW360:AFW360_HH(0.3.0),R,A,SEN,_T,SURVEY,HE_EMP_NUM,_Z,_Z,_T,QUINT_Q3,_T,_T,_T,_T,_Z,_Z,_Z,_Z,_Z,2021,1.01,,,,,,,,,HE_EMP_NUM,PERSON,0.01,A,SEN_EHCVM2021_LEGACY_v1,
dataflow,WB.AFW360:AFW360_HH(0.3.0),R,A,SEN,_T,SURVEY,HE_EMP_NUM,_Z,_Z,_T,QUINT_Q4,_T,_T,_T,_T,_Z,_Z,_Z,_Z,_Z,2021,1.9,,,,,,,,,HE_EMP_NUM,PERSON,0.01,A,SEN_EHCVM2021_LEGACY_v1,
dataflow,WB.AFW360:AFW360_HH(0.3.0),R,A,SEN,_T,SURVEY,HE_EMP_NUM,_Z,_Z,_T,QUINT_Q5,_T,_T,_T,_T,_Z,_Z,_Z,_Z,_Z,2021,1.55,,,,,,,,,HE_EMP_NUM,PERSON,0.01,A,SEN_EHCVM2021_LEGACY_v1,
dataflow,WB.AFW360:AFW360_HH(0.3.0),R,A,SEN,_T,SURVEY,HE_EMP_NUM,_Z,_Z,_T,_T,_T,_T,_T,_T,_Z,_Z,_Z,_Z,_Z,2021,1.31,,,,,,,,,HE_EMP_NUM,PERSON,0.01,A,SEN_EHCVM2021_LEGACY_v1,
dataflow,WB.AFW360:AFW360_HH(0.3.0),R,A,SEN,_T,SURVEY,HE_HH_OWNER,_Z,_Z,CAP,_T,_T,_T,_T,_T,_Z,_Z,_Z,_Z,_Z,2021,0.7,,,,,,,,,HE_HH_OWNER,SHARE,0.01,A,SEN_EHCVM2021_LEGACY_v1,
dataflow,WB.AFW360:AFW360_HH(0.3.0),R,A,SEN,_T,SURVEY,HE_HH_OWNER,_Z,_Z,OU,_T,_T,_T,_T,_T,_Z,_Z,_Z,_Z,_Z,2021,0.75,,,,,,,,,HE_HH_OWNER,SHARE,0.01,A,SEN_EHCVM2021_LEGACY_v1,
dataflow,WB.AFW360:AFW360_HH(0.3.0),R,A,SEN,_T,SURVEY,HE_HH_OWNER,_Z,_Z,R,_T,_T,_T,_T,_T,_Z,_Z,_Z,_Z,_Z,2021,0.51,,,,,,,,,HE_HH_OWNER,SHARE,0.01,A,SEN_EHCVM2021_LEGACY_v1,
dataflow,WB.AFW360:AFW360_HH(0.3.0),R,A,SEN,_T,SURVEY,HE_HH_OWNER,_Z,_Z,_T,HHH_AGE_GE35,_T,_T,_T,_T,_Z,_Z,_Z,_Z,_Z,2021,0.62,,,,,,,,,HE_HH_OWNER,SHARE,0.01,A,SEN_EHCVM2021_LEGACY_v1,
dataflow,WB.AFW360:AFW360_HH(0.3.0),R,A,SEN,_T,SURVEY,HE_HH_OWNER,_Z,_Z,_T,HHH_AGE_LT35,_T,_T,_T,_T,_Z,_Z,_Z,_Z,_Z,2021,0.56,,,,,,,,,HE_HH_OWNER,SHARE,0.01,A,SEN_EHCVM2021_LEGACY_v1,
dataflow,WB.AFW360:AFW360_HH(0.3.0),R,A,SEN,_T,SURVEY,HE_HH_OWNER,_Z,_Z,_T,HHH_SEX_F,_T,_T,_T,_T,_Z,_Z,_Z,_Z,_Z,2021,0.68,,,,,,,,,HE_HH_OWNER,SHARE,0.01,A,SEN_EHCVM2021_LEGACY_v1,
dataflow,WB.AFW360:AFW360_HH(0.3.0),R,A,SEN,_T,SURVEY,HE_HH_OWNER,_Z,_Z,_T,HHH_SEX_M,_T,_T,_T,_T,_Z,_Z,_Z,_Z,_Z,2021,0.59,,,,,,,,,HE_HH_OWNER,SHARE,0.01,A,SEN_EHCVM2021_LEGACY_v1,
dataflow,WB.AFW360:AFW360_HH(0.3.0),R,A,SEN,_T,SURVEY,HE_HH_OWNER,_Z,_Z,_T,QUINT_Q1,_T,_T,_T,_T,_Z,_Z,_Z,_Z,_Z,2021,0.41,,,,,,,,,HE_HH_OWNER,SHARE,0.01,A,SEN_EHCVM2021_LEGACY_v1,
dataflow,WB.AFW360:AFW360_HH(0.3.0),R,A,SEN,_T,SURVEY,HE_HH_OWNER,_Z,_Z,_T,QUINT_Q2,_T,_T,_T,_T,_Z,_Z,_Z,_Z,_Z,2021,0.6,,,,,,,,,HE_HH_OWNER,SHARE,0.01,A,SEN_EHCVM2021_LEGACY_v1,
dataflow,WB.AFW360:AFW360_HH(0.3.0),R,A,SEN,_T,SURVEY,HE_HH_OWNER,_Z,_Z,_T,QUINT_Q3,_T,_T,_T,_T,_Z,_Z,_Z,_Z,_Z,2021,0.7,,,,,,,,,HE_HH_OWNER,SHARE,0.01,A,SEN_EHCVM2021_LEGACY_v1,
dataflow,WB.AFW360:AFW360_HH(0.3.0),R,A,SEN,_T,SURVEY,HE_HH_OWNER,_Z,_Z,_T,QUINT_Q4,_T,_T,_T,_T,_Z,_Z,_Z,_Z,_Z,2021,0.72,,,,,,,,,HE_HH_OWNER,SHARE,0.01,A,SEN_EHCVM2021_LEGACY_v1,
dataflow,WB.AFW360:AFW360_HH(0.3.0),R,A,SEN,_T,SURVEY,HE_HH_OWNER,_Z,_Z,_T,QUINT_Q5,_T,_T,_T,_T,_Z,_Z,_Z,_Z,_Z,2021,0.66,,,,,,,,,HE_HH_OWNER,SHARE,0.01,A,SEN_EHCVM2021_LEGACY_v1,
dataflow,WB.AFW360:AFW360_HH(0.3.0),R,A,SEN,_T,SURVEY,HE_HH_OWNER,_Z,_Z,_T,_T,_T,_T,_T,_T,_Z,_Z,_Z,_Z,_Z,2021,0.62,,,,,,,,,HE_HH_OWNER,SHARE,0.01,A,SEN_EHCVM2021_LEGACY_v1,
dataflow,WB.AFW360:AFW360_HH(0.3.0),R,A,SEN,_T,SURVEY,HE_HOME_BASED,_Z,_Z,CAP,_T,_T,_T,_T,_T,_Z,_Z,_Z,_Z,_Z,2021,0.18,,,,,,,,,HE_HOME_BASED,SHARE,0.01,A,SEN_EHCVM2021_LEGACY_v1,
dataflow,WB.AFW360:AFW360_HH(0.3.0),R,A,SEN,_T,SURVEY,HE_HOME_BASED,_Z,_Z,OU,_T,_T,_T,_T,_T,_Z,_Z,_Z,_Z,_Z,2021,0.41,,,,,,,,,HE_HOME_BASED,SHARE,0.01,A,SEN_EHCVM2021_LEGACY_v1,
dataflow,WB.AFW360:AFW360_HH(0.3.0),R,A,SEN,_T,SURVEY,HE_HOME_BASED,_Z,_Z,R,_T,_T,_T,_T,_T,_Z,_Z,_Z,_Z,_Z,2021,0.41,,,,,,,,,HE_HOME_BASED,SHARE,0.01,A,SEN_EHCVM2021_LEGACY_v1,
dataflow,WB.AFW360:AFW360_HH(0.3.0),R,A,SEN,_T,SURVEY,HE_HOME_BASED,_Z,_Z,_T,HHH_AGE_GE35,_T,_T,_T,_T,_Z,_Z,_Z,_Z,_Z,2021,0.35,,,,,,,,,HE_HOME_BASED,SHARE,0.01,A,SEN_EHCVM2021_LEGACY_v1,
dataflow,WB.AFW360:AFW360_HH(0.3.0),R,A,SEN,_T,SURVEY,HE_HOME_BASED,_Z,_Z,_T,HHH_AGE_LT35,_T,_T,_T,_T,_Z,_Z,_Z,_Z,_Z,2021,0.5,,,,,,,,,HE_HOME_BASED,SHARE,0.01,A,SEN_EHCVM2021_LEGACY_v1,
dataflow,WB.AFW360:AFW360_HH(0.3.0),R,A,SEN,_T,SURVEY,HE_HOME_BASED,_Z,_Z,_T,HHH_SEX_F,_T,_T,_T,_T,_Z,_Z,_Z,_Z,_Z,2021,0.28,,,,,,,,,HE_HOME_BASED,SHARE,0.01,A,SEN_EHCVM2021_LEGACY_v1,
dataflow,WB.AFW360:AFW360_HH(0.3.0),R,A,SEN,_T,SURVEY,HE_HOME_BASED,_Z,_Z,_T,HHH_SEX_M,_T,_T,_T,_T,_Z,_Z,_Z,_Z,_Z,2021,0.39,,,,,,,,,HE_HOME_BASED,SHARE,0.01,A,SEN_EHCVM2021_LEGACY_v1,
dataflow,WB.AFW360:AFW360_HH(0.3.0),R,A,SEN,_T,SURVEY,HE_HOME_BASED,_Z,_Z,_T,QUINT_Q1,_T,_T,_T,_T,_Z,_Z,_Z,_Z,_Z,2021,0.34,,,,,,,,,HE_HOME_BASED,SHARE,0.01,A,SEN_EHCVM2021_LEGACY_v1,
dataflow,WB.AFW360:AFW360_HH(0.3.0),R,A,SEN,_T,SURVEY,HE_HOME_BASED,_Z,_Z,_T,QUINT_Q2,_T,_T,_T,_T,_Z,_Z,_Z,_Z,_Z,2021,0.37,,,,,,,,,HE_HOME_BASED,SHARE,0.01,A,SEN_EHCVM2021_LEGACY_v1,
dataflow,WB.AFW360:AFW360_HH(0.3.0),R,A,SEN,_T,SURVEY,HE_HOME_BASED,_Z,_Z,_T,QUINT_Q3,_T,_T,_T,_T,_Z,_Z,_Z,_Z,_Z,2021,0.52,,,,,,,,,HE_HOME_BASED,SHARE,0.01,A,SEN_EHCVM2021_LEGACY_v1,
dataflow,WB.AFW360:AFW360_HH(0.3.0),R,A,SEN,_T,SURVEY,HE_HOME_BASED,_Z,_Z,_T,QUINT_Q4,_T,_T,_T,_T,_Z,_Z,_Z,_Z,_Z,2021,0.32,,,,,,,,,HE_HOME_BASED,SHARE,0.01,A,SEN_EHCVM2021_LEGACY_v1,
dataflow,WB.AFW360:AFW360_HH(0.3.0),R,A,SEN,_T,SURVEY,HE_HOME_BASED,_Z,_Z,_T,QUINT_Q5,_T,_T,_T,_T,_Z,_Z,_Z,_Z,_Z,2021,0.33,,,,,,,,,HE_HOME_BASED,SHARE,0.01,A,SEN_EHCVM2021_LEGACY_v1,
dataflow,WB.AFW360:AFW360_HH(0.3.0),R,A,SEN,_T,SURVEY,HE_HOME_BASED,_Z,_Z,_T,_T,_T,_T,_T,_T,_Z,_Z,_Z,_Z,_Z,2021,0.36,,,,,,,,,HE_HOME_BASED,SHARE,0.01,A,SEN_EHCVM2021_LEGACY_v1,
dataflow,WB.AFW360:AFW360_HH(0.3.0),R,A,SEN,_T,SURVEY,HE_PHONE,_Z,_Z,CAP,_T,_T,_T,_T,_T,_Z,_Z,_Z,_Z,_Z,2021,1,,,,,,,,,HE_PHONE,SHARE,0.01,A,SEN_EHCVM2021_LEGACY_v1,
dataflow,WB.AFW360:AFW360_HH(0.3.0),R,A,SEN,_T,SURVEY,HE_PHONE,_Z,_Z,OU,_T,_T,_T,_T,_T,_Z,_Z,_Z,_Z,_Z,2021,1,,,,,,,,,HE_PHONE,SHARE,0.01,A,SEN_EHCVM2021_LEGACY_v1,
dataflow,WB.AFW360:AFW360_HH(0.3.0),R,A,SEN,_T,SURVEY,HE_PHONE,_Z,_Z,R,_T,_T,_T,_T,_T,_Z,_Z,_Z,_Z,_Z,2021,0.99,,,,,,,,,HE_PHONE,SHARE,0.01,A,SEN_EHCVM2021_LEGACY_v1,
dataflow,WB.AFW360:AFW360_HH(0.3.0),R,A,SEN,_T,SURVEY,HE_PHONE,_Z,_Z,_T,HHH_AGE_GE35,_T,_T,_T,_T,_Z,_Z,_Z,_Z,_Z,2021,1,,,,,,,,,HE_PHONE,SHARE,0.01,A,SEN_EHCVM2021_LEGACY_v1,
dataflow,WB.AFW360:AFW360_HH(0.3.0),R,A,SEN,_T,SURVEY,HE_PHONE,_Z,_Z,_T,HHH_AGE_LT35,_T,_T,_T,_T,_Z,_Z,_Z,_Z,_Z,2021,0.97,,,,,,,,,HE_PHONE,SHARE,0.01,A,SEN_EHCVM2021_LEGACY_v1,
dataflow,WB.AFW360:AFW360_HH(0.3.0),R,A,SEN,_T,SURVEY,HE_PHONE,_Z,_Z,_T,HHH_SEX_F,_T,_T,_T,_T,_Z,_Z,_Z,_Z,_Z,2021,1,,,,,,,,,HE_PHONE,SHARE,0.01,A,SEN_EHCVM2021_LEGACY_v1,
dataflow,WB.AFW360:AFW360_HH(0.3.0),R,A,SEN,_T,SURVEY,HE_PHONE,_Z,_Z,_T,HHH_SEX_M,_T,_T,_T,_T,_Z,_Z,_Z,_Z,_Z,2021,0.99,,,,,,,,,HE_PHONE,SHARE,0.01,A,SEN_EHCVM2021_LEGACY_v1,
dataflow,WB.AFW360:AFW360_HH(0.3.0),R,A,SEN,_T,SURVEY,HE_PHONE,_Z,_Z,_T,QUINT_Q1,_T,_T,_T,_T,_Z,_Z,_Z,_Z,_Z,2021,1,,,,,,,,,HE_PHONE,SHARE,0.01,A,SEN_EHCVM2021_LEGACY_v1,
dataflow,WB.AFW360:AFW360_HH(0.3.0),R,A,SEN,_T,SURVEY,HE_PHONE,_Z,_Z,_T,QUINT_Q2,_T,_T,_T,_T,_Z,_Z,_Z,_Z,_Z,2021,1,,,,,,,,,HE_PHONE,SHARE,0.01,A,SEN_EHCVM2021_LEGACY_v1,
dataflow,WB.AFW360:AFW360_HH(0.3.0),R,A,SEN,_T,SURVEY,HE_PHONE,_Z,_Z,_T,QUINT_Q3,_T,_T,_T,_T,_Z,_Z,_Z,_Z,_Z,2021,0.96,,,,,,,,,HE_PHONE,SHARE,0.01,A,SEN_EHCVM2021_LEGACY_v1,
dataflow,WB.AFW360:AFW360_HH(0.3.0),R,A,SEN,_T,SURVEY,HE_PHONE,_Z,_Z,_T,QUINT_Q4,_T,_T,_T,_T,_Z,_Z,_Z,_Z,_Z,2021,1,,,,,,,,,HE_PHONE,SHARE,0.01,A,SEN_EHCVM2021_LEGACY_v1,
dataflow,WB.AFW360:AFW360_HH(0.3.0),R,A,SEN,_T,SURVEY,HE_PHONE,_Z,_Z,_T,QUINT_Q5,_T,_T,_T,_T,_Z,_Z,_Z,_Z,_Z,2021,1,,,,,,,,,HE_PHONE,SHARE,0.01,A,SEN_EHCVM2021_LEGACY_v1,
dataflow,WB.AFW360:AFW360_HH(0.3.0),R,A,SEN,_T,SURVEY,HE_PHONE,_Z,_Z,_T,_T,_T,_T,_T,_T,_Z,_Z,_Z,_Z,_Z,2021,0.99,,,,,,,,,HE_PHONE,SHARE,0.01,A,SEN_EHCVM2021_LEGACY_v1,
dataflow,WB.AFW360:AFW360_HH(0.3.0),R,A,SEN,_T,SURVEY,HE_PREMISES_FORMAL,_Z,_Z,CAP,_T,_T,_T,_T,_T,_Z,_Z,_Z,_Z,_Z,2021,0.62,,,,,,,,,HE_PREMISES_FORMAL,SHARE,0.01,A,SEN_EHCVM2021_LEGACY_v1,
dataflow,WB.AFW360:AFW360_HH(0.3.0),R,A,SEN,_T,SURVEY,HE_PREMISES_FORMAL,_Z,_Z,OU,_T,_T,_T,_T,_T,_Z,_Z,_Z,_Z,_Z,2021,0.23,,,,,,,,,HE_PREMISES_FORMAL,SHARE,0.01,A,SEN_EHCVM2021_LEGACY_v1,
dataflow,WB.AFW360:AFW360_HH(0.3.0),R,A,SEN,_T,SURVEY,HE_PREMISES_FORMAL,_Z,_Z,R,_T,_T,_T,_T,_T,_Z,_Z,_Z,_Z,_Z,2021,0.17,,,,,,,,,HE_PREMISES_FORMAL,SHARE,0.01,A,SEN_EHCVM2021_LEGACY_v1,
dataflow,WB.AFW360:AFW360_HH(0.3.0),R,A,SEN,_T,SURVEY,HE_PREMISES_FORMAL,_Z,_Z,_T,HHH_AGE_GE35,_T,_T,_T,_T,_Z,_Z,_Z,_Z,_Z,2021,0.29,,,,,,,,,HE_PREMISES_FORMAL,SHARE,0.01,A,SEN_EHCVM2021_LEGACY_v1,
dataflow,WB.AFW360:AFW360_HH(0.3.0),R,A,SEN,_T,SURVEY,HE_PREMISES_FORMAL,_Z,_Z,_T,HHH_AGE_LT35,_T,_T,_T,_T,_Z,_Z,_Z,_Z,_Z,2021,0.04,,,,,,,,,HE_PREMISES_FORMAL,SHARE,0.01,A,SEN_EHCVM2021_LEGACY_v1,
dataflow,WB.AFW360:AFW360_HH(0.3.0),R,A,SEN,_T,SURVEY,HE_PREMISES_FORMAL,_Z,_Z,_T,HHH_SEX_F,_T,_T,_T,_T,_Z,_Z,_Z,_Z,_Z,2021,0.3,,,,,,,,,HE_PREMISES_FORMAL,SHARE,0.01,A,SEN_EHCVM2021_LEGACY_v1,
dataflow,WB.AFW360:AFW360_HH(0.3.0),R,A,SEN,_T,SURVEY,HE_PREMISES_FORMAL,_Z,_Z,_T,HHH_SEX_M,_T,_T,_T,_T,_Z,_Z,_Z,_Z,_Z,2021,0.26,,,,,,,,,HE_PREMISES_FORMAL,SHARE,0.01,A,SEN_EHCVM2021_LEGACY_v1,
dataflow,WB.AFW360:AFW360_HH(0.3.0),R,A,SEN,_T,SURVEY,HE_PREMISES_FORMAL,_Z,_Z,_T,QUINT_Q1,_T,_T,_T,_T,_Z,_Z,_Z,_Z,_Z,2021,0.18,,,,,,,,,HE_PREMISES_FORMAL,SHARE,0.01,A,SEN_EHCVM2021_LEGACY_v1,
dataflow,WB.AFW360:AFW360_HH(0.3.0),R,A,SEN,_T,SURVEY,HE_PREMISES_FORMAL,_Z,_Z,_T,QUINT_Q2,_T,_T,_T,_T,_Z,_Z,_Z,_Z,_Z,2021,0.12,,,,,,,,,HE_PREMISES_FORMAL,SHARE,0.01,A,SEN_EHCVM2021_LEGACY_v1,
dataflow,WB.AFW360:AFW360_HH(0.3.0),R,A,SEN,_T,SURVEY,HE_PREMISES_FORMAL,_Z,_Z,_T,QUINT_Q3,_T,_T,_T,_T,_Z,_Z,_Z,_Z,_Z,2021,0.2,,,,,,,,,HE_PREMISES_FORMAL,SHARE,0.01,A,SEN_EHCVM2021_LEGACY_v1,
dataflow,WB.AFW360:AFW360_HH(0.3.0),R,A,SEN,_T,SURVEY,HE_PREMISES_FORMAL,_Z,_Z,_T,QUINT_Q4,_T,_T,_T,_T,_Z,_Z,_Z,_Z,_Z,2021,0.52,,,,,,,,,HE_PREMISES_FORMAL,SHARE,0.01,A,SEN_EHCVM2021_LEGACY_v1,
dataflow,WB.AFW360:AFW360_HH(0.3.0),R,A,SEN,_T,SURVEY,HE_PREMISES_FORMAL,_Z,_Z,_T,QUINT_Q5,_T,_T,_T,_T,_Z,_Z,_Z,_Z,_Z,2021,0.27,,,,,,,,,HE_PREMISES_FORMAL,SHARE,0.01,A,SEN_EHCVM2021_LEGACY_v1,
dataflow,WB.AFW360:AFW360_HH(0.3.0),R,A,SEN,_T,SURVEY,HE_PREMISES_FORMAL,_Z,_Z,_T,_T,_T,_T,_T,_T,_Z,_Z,_Z,_Z,_Z,2021,0.27,,,,,,,,,HE_PREMISES_FORMAL,SHARE,0.01,A,SEN_EHCVM2021_LEGACY_v1,
dataflow,WB.AFW360:AFW360_HH(0.3.0),R,A,SEN,_T,SURVEY,HE_PROFIT,_Z,_Z,CAP,_T,_T,_T,_T,_T,_Z,_Z,_Z,_Z,_Z,2021,128498.37,,,,,,,,,HE_PROFIT,XOF,0.01,A,SEN_EHCVM2021_LEGACY_v1,
dataflow,WB.AFW360:AFW360_HH(0.3.0),R,A,SEN,_T,SURVEY,HE_PROFIT,_Z,_Z,OU,_T,_T,_T,_T,_T,_Z,_Z,_Z,_Z,_Z,2021,56299.24,,,,,,,,,HE_PROFIT,XOF,0.01,A,SEN_EHCVM2021_LEGACY_v1,
dataflow,WB.AFW360:AFW360_HH(0.3.0),R,A,SEN,_T,SURVEY,HE_PROFIT,_Z,_Z,R,_T,_T,_T,_T,_T,_Z,_Z,_Z,_Z,_Z,2021,24910.34,,,,,,,,,HE_PROFIT,XOF,0.01,A,SEN_EHCVM2021_LEGACY_v1,
dataflow,WB.AFW360:AFW360_HH(0.3.0),R,A,SEN,_T,SURVEY,HE_PROFIT,_Z,_Z,_T,HHH_AGE_GE35,_T,_T,_T,_T,_Z,_Z,_Z,_Z,_Z,2021,52895.72,,,,,,,,,HE_PROFIT,XOF,0.01,A,SEN_EHCVM2021_LEGACY_v1,
dataflow,WB.AFW360:AFW360_HH(0.3.0),R,A,SEN,_T,SURVEY,HE_PROFIT,_Z,_Z,_T,HHH_AGE_LT35,_T,_T,_T,_T,_Z,_Z,_Z,_Z,_Z,2021,31990.02,,,,,,,,,HE_PROFIT,XOF,0.01,A,SEN_EHCVM2021_LEGACY_v1,
dataflow,WB.AFW360:AFW360_HH(0.3.0),R,A,SEN,_T,SURVEY,HE_PROFIT,_Z,_Z,_T,HHH_SEX_F,_T,_T,_T,_T,_Z,_Z,_Z,_Z,_Z,2021,102115.08,,,,,,,,,HE_PROFIT,XOF,0.01,A,SEN_EHCVM2021_LEGACY_v1,
dataflow,WB.AFW360:AFW360_HH(0.3.0),R,A,SEN,_T,SURVEY,HE_PROFIT,_Z,_Z,_T,HHH_SEX_M,_T,_T,_T,_T,_Z,_Z,_Z,_Z,_Z,2021,34246.86,,,,,,,,,HE_PROFIT,XOF,0.01,A,SEN_EHCVM2021_LEGACY_v1,
dataflow,WB.AFW360:AFW360_HH(0.3.0),R,A,SEN,_T,SURVEY,HE_PROFIT,_Z,_Z,_T,QUINT_Q1,_T,_T,_T,_T,_Z,_Z,_Z,_Z,_Z,2021,22519.31,,,,,,,,,HE_PROFIT,XOF,0.01,A,SEN_EHCVM2021_LEGACY_v1,
dataflow,WB.AFW360:AFW360_HH(0.3.0),R,A,SEN,_T,SURVEY,HE_PROFIT,_Z,_Z,_T,QUINT_Q2,_T,_T,_T,_T,_Z,_Z,_Z,_Z,_Z,2021,40606.2,,,,,,,,,HE_PROFIT,XOF,0.01,A,SEN_EHCVM2021_LEGACY_v1,
dataflow,WB.AFW360:AFW360_HH(0.3.0),R,A,SEN,_T,SURVEY,HE_PROFIT,_Z,_Z,_T,QUINT_Q3,_T,_T,_T,_T,_Z,_Z,_Z,_Z,_Z,2021,31842.69,,,,,,,,,HE_PROFIT,XOF,0.01,A,SEN_EHCVM2021_LEGACY_v1,
dataflow,WB.AFW360:AFW360_HH(0.3.0),R,A,SEN,_T,SURVEY,HE_PROFIT,_Z,_Z,_T,QUINT_Q4,_T,_T,_T,_T,_Z,_Z,_Z,_Z,_Z,2021,39418.06,,,,,,,,,HE_PROFIT,XOF,0.01,A,SEN_EHCVM2021_LEGACY_v1,
dataflow,WB.AFW360:AFW360_HH(0.3.0),R,A,SEN,_T,SURVEY,HE_PROFIT,_Z,_Z,_T,QUINT_Q5,_T,_T,_T,_T,_Z,_Z,_Z,_Z,_Z,2021,131278.53,,,,,,,,,HE_PROFIT,XOF,0.01,A,SEN_EHCVM2021_LEGACY_v1,
dataflow,WB.AFW360:AFW360_HH(0.3.0),R,A,SEN,_T,SURVEY,HE_PROFIT,_Z,_Z,_T,_T,_T,_T,_T,_T,_Z,_Z,_Z,_Z,_Z,2021,51763.78,,,,,,,,,HE_PROFIT,XOF,0.01,A,SEN_EHCVM2021_LEGACY_v1,
dataflow,WB.AFW360:AFW360_HH(0.3.0),R,A,SEN,_T,SURVEY,HE_RENT,_Z,_Z,CAP,_T,_T,_T,_T,_T,_Z,_Z,_Z,_Z,_Z,2021,0.73,,,,,,,,,HE_RENT,SHARE,0.01,A,SEN_EHCVM2021_LEGACY_v1,
dataflow,WB.AFW360:AFW360_HH(0.3.0),R,A,SEN,_T,SURVEY,HE_RENT,_Z,_Z,OU,_T,_T,_T,_T,_T,_Z,_Z,_Z,_Z,_Z,2021,0.92,,,,,,,,,HE_RENT,SHARE,0.01,A,SEN_EHCVM2021_LEGACY_v1,
dataflow,WB.AFW360:AFW360_HH(0.3.0),R,A,SEN,_T,SURVEY,HE_RENT,_Z,_Z,R,_T,_T,_T,_T,_T,_Z,_Z,_Z,_Z,_Z,2021,0.82,,,,,,,,,HE_RENT,SHARE,0.01,A,SEN_EHCVM2021_LEGACY_v1,
dataflow,WB.AFW360:AFW360_HH(0.3.0),R,A,SEN,_T,SURVEY,HE_RENT,_Z,_Z,_T,HHH_AGE_GE35,_T,_T,_T,_T,_Z,_Z,_Z,_Z,_Z,2021,0.8,,,,,,,,,HE_RENT,SHARE,0.01,A,SEN_EHCVM2021_LEGACY_v1,
dataflow,WB.AFW360:AFW360_HH(0.3.0),R,A,SEN,_T,SURVEY,HE_RENT,_Z,_Z,_T,HHH_AGE_LT35,_T,_T,_T,_T,_Z,_Z,_Z,_Z,_Z,2021,0.66,,,,,,,,,HE_RENT,SHARE,0.01,A,SEN_EHCVM2021_LEGACY_v1,
dataflow,WB.AFW360:AFW360_HH(0.3.0),R,A,SEN,_T,SURVEY,HE_RENT,_Z,_Z,_T,HHH_SEX_F,_T,_T,_T,_T,_Z,_Z,_Z,_Z,_Z,2021,1,,,,,,,,,HE_RENT,SHARE,0.01,A,SEN_EHCVM2021_LEGACY_v1,
dataflow,WB.AFW360:AFW360_HH(0.3.0),R,A,SEN,_T,SURVEY,HE_RENT,_Z,_Z,_T,HHH_SEX_M,_T,_T,_T,_T,_Z,_Z,_Z,_Z,_Z,2021,0.72,,,,,,,,,HE_RENT,SHARE,0.01,A,SEN_EHCVM2021_LEGACY_v1,
dataflow,WB.AFW360:AFW360_HH(0.3.0),R,A,SEN,_T,SURVEY,HE_RENT,_Z,_Z,_T,QUINT_Q1,_T,_T,_T,_T,_Z,_Z,_Z,_Z,_Z,2021,0.87,,,,,,,,,HE_RENT,SHARE,0.01,A,SEN_EHCVM2021_LEGACY_v1,
dataflow,WB.AFW360:AFW360_HH(0.3.0),R,A,SEN,_T,SURVEY,HE_RENT,_Z,_Z,_T,QUINT_Q2,_T,_T,_T,_T,_Z,_Z,_Z,_Z,_Z,2021,0.68,,,,,,,,,HE_RENT,SHARE,0.01,A,SEN_EHCVM2021_LEGACY_v1,
dataflow,WB.AFW360:AFW360_HH(0.3.0),R,A,SEN,_T,SURVEY,HE_RENT,_Z,_Z,_T,QUINT_Q3,_T,_T,_T,_T,_Z,_Z,_Z,_Z,_Z,2021,0.86,,,,,,,,,HE_RENT,SHARE,0.01,A,SEN_EHCVM2021_LEGACY_v1,
dataflow,WB.AFW360:AFW360_HH(0.3.0),R,A,SEN,_T,SURVEY,HE_RENT,_Z,_Z,_T,QUINT_Q4,_T,_T,_T,_T,_Z,_Z,_Z,_Z,_Z,2021,0.74,,,,,,,,,HE_RENT,SHARE,0.01,A,SEN_EHCVM2021_LEGACY_v1,
dataflow,WB.AFW360:AFW360_HH(0.3.0),R,A,SEN,_T,SURVEY,HE_RENT,_Z,_Z,_T,QUINT_Q5,_T,_T,_T,_T,_Z,_Z,_Z,_Z,_Z,2021,0.96,,,,,,,,,HE_RENT,SHARE,0.01,A,SEN_EHCVM2021_LEGACY_v1,
dataflow,WB.AFW360:AFW360_HH(0.3.0),R,A,SEN,_T,SURVEY,HE_RENT,_Z,_Z,_T,_T,_T,_T,_T,_T,_Z,_Z,_Z,_Z,_Z,2021,0.8,,,,,,,,,HE_RENT,SHARE,0.01,A,SEN_EHCVM2021_LEGACY_v1,
dataflow,WB.AFW360:AFW360_HH(0.3.0),R,A,SEN,_T,SURVEY,HE_REV_PER_WORKER,_Z,_Z,CAP,_T,_T,_T,_T,_T,_Z,_Z,_Z,_Z,_Z,2021,313096.07,,,,,,,,,HE_REV_PER_WORKER,XOF,0.01,A,SEN_EHCVM2021_LEGACY_v1,
dataflow,WB.AFW360:AFW360_HH(0.3.0),R,A,SEN,_T,SURVEY,HE_REV_PER_WORKER,_Z,_Z,OU,_T,_T,_T,_T,_T,_Z,_Z,_Z,_Z,_Z,2021,347804.8,,,,,,,,,HE_REV_PER_WORKER,XOF,0.01,A,SEN_EHCVM2021_LEGACY_v1,
dataflow,WB.AFW360:AFW360_HH(0.3.0),R,A,SEN,_T,SURVEY,HE_REV_PER_WORKER,_Z,_Z,R,_T,_T,_T,_T,_T,_Z,_Z,_Z,_Z,_Z,2021,746170.91,,,,,,,,,HE_REV_PER_WORKER,XOF,0.01,A,SEN_EHCVM2021_LEGACY_v1,
dataflow,WB.AFW360:AFW360_HH(0.3.0),R,A,SEN,_T,SURVEY,HE_REV_PER_WORKER,_Z,_Z,_T,HHH_AGE_GE35,_T,_T,_T,_T,_Z,_Z,_Z,_Z,_Z,2021,493854.83,,,,,,,,,HE_REV_PER_WORKER,XOF,0.01,A,SEN_EHCVM2021_LEGACY_v1,
dataflow,WB.AFW360:AFW360_HH(0.3.0),R,A,SEN,_T,SURVEY,HE_REV_PER_WORKER,_Z,_Z,_T,HHH_AGE_LT35,_T,_T,_T,_T,_Z,_Z,_Z,_Z,_Z,2021,2323211.3100000001,,,,,,,,,HE_REV_PER_WORKER,XOF,0.01,A,SEN_EHCVM2021_LEGACY_v1,
dataflow,WB.AFW360:AFW360_HH(0.3.0),R,A,SEN,_T,SURVEY,HE_REV_PER_WORKER,_Z,_Z,_T,HHH_SEX_F,_T,_T,_T,_T,_Z,_Z,_Z,_Z,_Z,2021,445852.25,,,,,,,,,HE_REV_PER_WORKER,XOF,0.01,A,SEN_EHCVM2021_LEGACY_v1,
dataflow,WB.AFW360:AFW360_HH(0.3.0),R,A,SEN,_T,SURVEY,HE_REV_PER_WORKER,_Z,_Z,_T,HHH_SEX_M,_T,_T,_T,_T,_Z,_Z,_Z,_Z,_Z,2021,609458.85,,,,,,,,,HE_REV_PER_WORKER,XOF,0.01,A,SEN_EHCVM2021_LEGACY_v1,
dataflow,WB.AFW360:AFW360_HH(0.3.0),R,A,SEN,_T,SURVEY,HE_REV_PER_WORKER,_Z,_Z,_T,QUINT_Q1,_T,_T,_T,_T,_Z,_Z,_Z,_Z,_Z,2021,127812.85,,,,,,,,,HE_REV_PER_WORKER,XOF,0.01,A,SEN_EHCVM2021_LEGACY_v1,
dataflow,WB.AFW360:AFW360_HH(0.3.0),R,A,SEN,_T,SURVEY,HE_REV_PER_WORKER,_Z,_Z,_T,QUINT_Q2,_T,_T,_T,_T,_Z,_Z,_Z,_Z,_Z,2021,744991.42,,,,,,,,,HE_REV_PER_WORKER,XOF,0.01,A,SEN_EHCVM2021_LEGACY_v1,
dataflow,WB.AFW360:AFW360_HH(0.3.0),R,A,SEN,_T,SURVEY,HE_REV_PER_WORKER,_Z,_Z,_T,QUINT_Q3,_T,_T,_T,_T,_Z,_Z,_Z,_Z,_Z,2021,1043320.66,,,,,,,,,HE_REV_PER_WORKER,XOF,0.01,A,SEN_EHCVM2021_LEGACY_v1,
dataflow,WB.AFW360:AFW360_HH(0.3.0),R,A,SEN,_T,SURVEY,HE_REV_PER_WORKER,_Z,_Z,_T,QUINT_Q4,_T,_T,_T,_T,_Z,_Z,_Z,_Z,_Z,2021,285362.37,,,,,,,,,HE_REV_PER_WORKER,XOF,0.01,A,SEN_EHCVM2021_LEGACY_v1,
dataflow,WB.AFW360:AFW360_HH(0.3.0),R,A,SEN,_T,SURVEY,HE_REV_PER_WORKER,_Z,_Z,_T,QUINT_Q5,_T,_T,_T,_T,_Z,_Z,_Z,_Z,_Z,2021,1022089.35,,,,,,,,,HE_REV_PER_WORKER,XOF,0.01,A,SEN_EHCVM2021_LEGACY_v1,
dataflow,WB.AFW360:AFW360_HH(0.3.0),R,A,SEN,_T,SURVEY,HE_REV_PER_WORKER,_Z,_Z,_T,_T,_T,_T,_T,_T,_Z,_Z,_Z,_Z,_Z,2021,552889.91,,,,,,,,,HE_REV_PER_WORKER,XOF,0.01,A,SEN_EHCVM2021_LEGACY_v1,
dataflow,WB.AFW360:AFW360_HH(0.3.0),R,A,SEN,_T,SURVEY,HE_SELL_FIRMS,_Z,_Z,CAP,_T,_T,_T,_T,_T,_Z,_Z,_Z,_Z,_Z,2021,0,,,,,,,,,HE_SELL_FIRMS,SHARE,0.01,A,SEN_EHCVM2021_LEGACY_v1,
dataflow,WB.AFW360:AFW360_HH(0.3.0),R,A,SEN,_T,SURVEY,HE_SELL_FIRMS,_Z,_Z,OU,_T,_T,_T,_T,_T,_Z,_Z,_Z,_Z,_Z,2021,0.06,,,,,,,,,HE_SELL_FIRMS,SHARE,0.01,A,SEN_EHCVM2021_LEGACY_v1,
dataflow,WB.AFW360:AFW360_HH(0.3.0),R,A,SEN,_T,SURVEY,HE_SELL_FIRMS,_Z,_Z,R,_T,_T,_T,_T,_T,_Z,_Z,_Z,_Z,_Z,2021,0.08,,,,,,,,,HE_SELL_FIRMS,SHARE,0.01,A,SEN_EHCVM2021_LEGACY_v1,
dataflow,WB.AFW360:AFW360_HH(0.3.0),R,A,SEN,_T,SURVEY,HE_SELL_FIRMS,_Z,_Z,_T,HHH_AGE_GE35,_T,_T,_T,_T,_Z,_Z,_Z,_Z,_Z,2021,0.06,,,,,,,,,HE_SELL_FIRMS,SHARE,0.01,A,SEN_EHCVM2021_LEGACY_v1,
dataflow,WB.AFW360:AFW360_HH(0.3.0),R,A,SEN,_T,SURVEY,HE_SELL_FIRMS,_Z,_Z,_T,HHH_AGE_LT35,_T,_T,_T,_T,_Z,_Z,_Z,_Z,_Z,2021,0.03,,,,,,,,,HE_SELL_FIRMS,SHARE,0.01,A,SEN_EHCVM2021_LEGACY_v1,
dataflow,WB.AFW360:AFW360_HH(0.3.0),R,A,SEN,_T,SURVEY,HE_SELL_FIRMS,_Z,_Z,_T,HHH_SEX_F,_T,_T,_T,_T,_Z,_Z,_Z,_Z,_Z,2021,0.09,,,,,,,,,HE_SELL_FIRMS,SHARE,0.01,A,SEN_EHCVM2021_LEGACY_v1,
dataflow,WB.AFW360:AFW360_HH(0.3.0),R,A,SEN,_T,SURVEY,HE_SELL_FIRMS,_Z,_Z,_T,HHH_SEX_M,_T,_T,_T,_T,_Z,_Z,_Z,_Z,_Z,2021,0.05,,,,,,,,,HE_SELL_FIRMS,SHARE,0.01,A,SEN_EHCVM2021_LEGACY_v1,
dataflow,WB.AFW360:AFW360_HH(0.3.0),R,A,SEN,_T,SURVEY,HE_SELL_FIRMS,_Z,_Z,_T,QUINT_Q1,_T,_T,_T,_T,_Z,_Z,_Z,_Z,_Z,2021,0.02,,,,,,,,,HE_SELL_FIRMS,SHARE,0.01,A,SEN_EHCVM2021_LEGACY_v1,
dataflow,WB.AFW360:AFW360_HH(0.3.0),R,A,SEN,_T,SURVEY,HE_SELL_FIRMS,_Z,_Z,_T,QUINT_Q2,_T,_T,_T,_T,_Z,_Z,_Z,_Z,_Z,2021,0.1,,,,,,,,,HE_SELL_FIRMS,SHARE,0.01,A,SEN_EHCVM2021_LEGACY_v1,
dataflow,WB.AFW360:AFW360_HH(0.3.0),R,A,SEN,_T,SURVEY,HE_SELL_FIRMS,_Z,_Z,_T,QUINT_Q3,_T,_T,_T,_T,_Z,_Z,_Z,_Z,_Z,2021,0.1,,,,,,,,,HE_SELL_FIRMS,SHARE,0.01,A,SEN_EHCVM2021_LEGACY_v1,
dataflow,WB.AFW360:AFW360_HH(0.3.0),R,A,SEN,_T,SURVEY,HE_SELL_FIRMS,_Z,_Z,_T,QUINT_Q4,_T,_T,_T,_T,_Z,_Z,_Z,_Z,_Z,2021,0.07,,,,,,,,,HE_SELL_FIRMS,SHARE,0.01,A,SEN_EHCVM2021_LEGACY_v1,
dataflow,WB.AFW360:AFW360_HH(0.3.0),R,A,SEN,_T,SURVEY,HE_SELL_FIRMS,_Z,_Z,_T,QUINT_Q5,_T,_T,_T,_T,_Z,_Z,_Z,_Z,_Z,2021,0.01,,,,,,,,,HE_SELL_FIRMS,SHARE,0.01,A,SEN_EHCVM2021_LEGACY_v1,
dataflow,WB.AFW360:AFW360_HH(0.3.0),R,A,SEN,_T,SURVEY,HE_SELL_FIRMS,_Z,_Z,_T,_T,_T,_T,_T,_T,_Z,_Z,_Z,_Z,_Z,2021,0.06,,,,,,,,,HE_SELL_FIRMS,SHARE,0.01,A,SEN_EHCVM2021_LEGACY_v1,
dataflow,WB.AFW360:AFW360_HH(0.3.0),R,A,SEN,_T,SURVEY,HE_TAX_ID,_Z,_Z,CAP,_T,_T,_T,_T,_T,_Z,_Z,_Z,_Z,_Z,2021,0.02,,,,,,,,,HE_TAX_ID,SHARE,0.01,A,SEN_EHCVM2021_LEGACY_v1,
dataflow,WB.AFW360:AFW360_HH(0.3.0),R,A,SEN,_T,SURVEY,HE_TAX_ID,_Z,_Z,OU,_T,_T,_T,_T,_T,_Z,_Z,_Z,_Z,_Z,2021,0.14,,,,,,,,,HE_TAX_ID,SHARE,0.01,A,SEN_EHCVM2021_LEGACY_v1,
dataflow,WB.AFW360:AFW360_HH(0.3.0),R,A,SEN,_T,SURVEY,HE_TAX_ID,_Z,_Z,R,_T,_T,_T,_T,_T,_Z,_Z,_Z,_Z,_Z,2021,0.08,,,,,,,,,HE_TAX_ID,SHARE,0.01,A,SEN_EHCVM2021_LEGACY_v1,
dataflow,WB.AFW360:AFW360_HH(0.3.0),R,A,SEN,_T,SURVEY,HE_TAX_ID,_Z,_Z,_T,HHH_AGE_GE35,_T,_T,_T,_T,_Z,_Z,_Z,_Z,_Z,2021,0.07,,,,,,,,,HE_TAX_ID,SHARE,0.01,A,SEN_EHCVM2021_LEGACY_v1,
dataflow,WB.AFW360:AFW360_HH(0.3.0),R,A,SEN,_T,SURVEY,HE_TAX_ID,_Z,_Z,_T,HHH_AGE_LT35,_T,_T,_T,_T,_Z,_Z,_Z,_Z,_Z,2021,0.19,,,,,,,,,HE_TAX_ID,SHARE,0.01,A,SEN_EHCVM2021_LEGACY_v1,
dataflow,WB.AFW360:AFW360_HH(0.3.0),R,A,SEN,_T,SURVEY,HE_TAX_ID,_Z,_Z,_T,HHH_SEX_F,_T,_T,_T,_T,_Z,_Z,_Z,_Z,_Z,2021,0.14,,,,,,,,,HE_TAX_ID,SHARE,0.01,A,SEN_EHCVM2021_LEGACY_v1,
dataflow,WB.AFW360:AFW360_HH(0.3.0),R,A,SEN,_T,SURVEY,HE_TAX_ID,_Z,_Z,_T,HHH_SEX_M,_T,_T,_T,_T,_Z,_Z,_Z,_Z,_Z,2021,0.05,,,,,,,,,HE_TAX_ID,SHARE,0.01,A,SEN_EHCVM2021_LEGACY_v1,
dataflow,WB.AFW360:AFW360_HH(0.3.0),R,A,SEN,_T,SURVEY,HE_TAX_ID,_Z,_Z,_T,QUINT_Q1,_T,_T,_T,_T,_Z,_Z,_Z,_Z,_Z,2021,0.08,,,,,,,,,HE_TAX_ID,SHARE,0.01,A,SEN_EHCVM2021_LEGACY_v1,
dataflow,WB.AFW360:AFW360_HH(0.3.0),R,A,SEN,_T,SURVEY,HE_TAX_ID,_Z,_Z,_T,QUINT_Q2,_T,_T,_T,_T,_Z,_Z,_Z,_Z,_Z,2021,0.02,,,,,,,,,HE_TAX_ID,SHARE,0.01,A,SEN_EHCVM2021_LEGACY_v1,
dataflow,WB.AFW360:AFW360_HH(0.3.0),R,A,SEN,_T,SURVEY,HE_TAX_ID,_Z,_Z,_T,QUINT_Q3,_T,_T,_T,_T,_Z,_Z,_Z,_Z,_Z,2021,0.09,,,,,,,,,HE_TAX_ID,SHARE,0.01,A,SEN_EHCVM2021_LEGACY_v1,
dataflow,WB.AFW360:AFW360_HH(0.3.0),R,A,SEN,_T,SURVEY,HE_TAX_ID,_Z,_Z,_T,QUINT_Q4,_T,_T,_T,_T,_Z,_Z,_Z,_Z,_Z,2021,0.09,,,,,,,,,HE_TAX_ID,SHARE,0.01,A,SEN_EHCVM2021_LEGACY_v1,
dataflow,WB.AFW360:AFW360_HH(0.3.0),R,A,SEN,_T,SURVEY,HE_TAX_ID,_Z,_Z,_T,QUINT_Q5,_T,_T,_T,_T,_Z,_Z,_Z,_Z,_Z,2021,0.1,,,,,,,,,HE_TAX_ID,SHARE,0.01,A,SEN_EHCVM2021_LEGACY_v1,
dataflow,WB.AFW360:AFW360_HH(0.3.0),R,A,SEN,_T,SURVEY,HE_TAX_ID,_Z,_Z,_T,_T,_T,_T,_T,_T,_Z,_Z,_Z,_Z,_Z,2021,0.07,,,,,,,,,HE_TAX_ID,SHARE,0.01,A,SEN_EHCVM2021_LEGACY_v1,
dataflow,WB.AFW360:AFW360_HH(0.3.0),R,A,SEN,_T,SURVEY,HE_WATER,_Z,_Z,CAP,_T,_T,_T,_T,_T,_Z,_Z,_Z,_Z,_Z,2021,0.33,,,,,,,,,HE_WATER,SHARE,0.01,A,SEN_EHCVM2021_LEGACY_v1,
dataflow,WB.AFW360:AFW360_HH(0.3.0),R,A,SEN,_T,SURVEY,HE_WATER,_Z,_Z,OU,_T,_T,_T,_T,_T,_Z,_Z,_Z,_Z,_Z,2021,0.41,,,,,,,,,HE_WATER,SHARE,0.01,A,SEN_EHCVM2021_LEGACY_v1,
dataflow,WB.AFW360:AFW360_HH(0.3.0),R,A,SEN,_T,SURVEY,HE_WATER,_Z,_Z,R,_T,_T,_T,_T,_T,_Z,_Z,_Z,_Z,_Z,2021,0.11,,,,,,,,,HE_WATER,SHARE,0.01,A,SEN_EHCVM2021_LEGACY_v1,
dataflow,WB.AFW360:AFW360_HH(0.3.0),R,A,SEN,_T,SURVEY,HE_WATER,_Z,_Z,_T,HHH_AGE_GE35,_T,_T,_T,_T,_Z,_Z,_Z,_Z,_Z,2021,0.26,,,,,,,,,HE_WATER,SHARE,0.01,A,SEN_EHCVM2021_LEGACY_v1,
dataflow,WB.AFW360:AFW360_HH(0.3.0),R,A,SEN,_T,SURVEY,HE_WATER,_Z,_Z,_T,HHH_AGE_LT35,_T,_T,_T,_T,_Z,_Z,_Z,_Z,_Z,2021,0,,,,,,,,,HE_WATER,SHARE,0.01,A,SEN_EHCVM2021_LEGACY_v1,
dataflow,WB.AFW360:AFW360_HH(0.3.0),R,A,SEN,_T,SURVEY,HE_WATER,_Z,_Z,_T,HHH_SEX_F,_T,_T,_T,_T,_Z,_Z,_Z,_Z,_Z,2021,0.41,,,,,,,,,HE_WATER,SHARE,0.01,A,SEN_EHCVM2021_LEGACY_v1,
dataflow,WB.AFW360:AFW360_HH(0.3.0),R,A,SEN,_T,SURVEY,HE_WATER,_Z,_Z,_T,HHH_SEX_M,_T,_T,_T,_T,_Z,_Z,_Z,_Z,_Z,2021,0.2,,,,,,,,,HE_WATER,SHARE,0.01,A,SEN_EHCVM2021_LEGACY_v1,
dataflow,WB.AFW360:AFW360_HH(0.3.0),R,A,SEN,_T,SURVEY,HE_WATER,_Z,_Z,_T,QUINT_Q1,_T,_T,_T,_T,_Z,_Z,_Z,_Z,_Z,2021,0.09,,,,,,,,,HE_WATER,SHARE,0.01,A,SEN_EHCVM2021_LEGACY_v1,
dataflow,WB.AFW360:AFW360_HH(0.3.0),R,A,SEN,_T,SURVEY,HE_WATER,_Z,_Z,_T,QUINT_Q2,_T,_T,_T,_T,_Z,_Z,_Z,_Z,_Z,2021,0.17,,,,,,,,,HE_WATER,SHARE,0.01,A,SEN_EHCVM2021_LEGACY_v1,
dataflow,WB.AFW360:AFW360_HH(0.3.0),R,A,SEN,_T,SURVEY,HE_WATER,_Z,_Z,_T,QUINT_Q3,_T,_T,_T,_T,_Z,_Z,_Z,_Z,_Z,2021,0.29,,,,,,,,,HE_WATER,SHARE,0.01,A,SEN_EHCVM2021_LEGACY_v1,
dataflow,WB.AFW360:AFW360_HH(0.3.0),R,A,SEN,_T,SURVEY,HE_WATER,_Z,_Z,_T,QUINT_Q4,_T,_T,_T,_T,_Z,_Z,_Z,_Z,_Z,2021,0.17,,,,,,,,,HE_WATER,SHARE,0.01,A,SEN_EHCVM2021_LEGACY_v1,
dataflow,WB.AFW360:AFW360_HH(0.3.0),R,A,SEN,_T,SURVEY,HE_WATER,_Z,_Z,_T,QUINT_Q5,_T,_T,_T,_T,_Z,_Z,_Z,_Z,_Z,2021,0.71,,,,,,,,,HE_WATER,SHARE,0.01,A,SEN_EHCVM2021_LEGACY_v1,
dataflow,WB.AFW360:AFW360_HH(0.3.0),R,A,SEN,_T,SURVEY,HE_WATER,_Z,_Z,_T,_T,_T,_T,_T,_T,_Z,_Z,_Z,_Z,_Z,2021,0.26,,,,,,,,,HE_WATER,SHARE,0.01,A,SEN_EHCVM2021_LEGACY_v1,
dataflow,WB.AFW360:AFW360_HH(0.3.0),R,A,SEN,_T,SURVEY,HOUS_FLOOR_DURABLE,_Z,_Z,CAP,_T,_T,_T,_T,_T,_Z,_Z,_Z,_Z,_Z,2021,0.96,,,,,,,,,HOUS_FLOOR_DURABLE,SHARE,0.01,A,SEN_EHCVM2021_LEGACY_v1,
dataflow,WB.AFW360:AFW360_HH(0.3.0),R,A,SEN,_T,SURVEY,HOUS_FLOOR_DURABLE,_Z,_Z,OU,_T,_T,_T,_T,_T,_Z,_Z,_Z,_Z,_Z,2021,0.89,,,,,,,,,HOUS_FLOOR_DURABLE,SHARE,0.01,A,SEN_EHCVM2021_LEGACY_v1,
dataflow,WB.AFW360:AFW360_HH(0.3.0),R,A,SEN,_T,SURVEY,HOUS_FLOOR_DURABLE,_Z,_Z,R,_T,_T,_T,_T,_T,_Z,_Z,_Z,_Z,_Z,2021,0.7,,,,,,,,,HOUS_FLOOR_DURABLE,SHARE,0.01,A,SEN_EHCVM2021_LEGACY_v1,
dataflow,WB.AFW360:AFW360_HH(0.3.0),R,A,SEN,_T,SURVEY,HOUS_FLOOR_DURABLE,_Z,_Z,_T,HHH_AGE_GE35,_T,_T,_T,_T,_Z,_Z,_Z,_Z,_Z,2021,0.81,,,,,,,,,HOUS_FLOOR_DURABLE,SHARE,0.01,A,SEN_EHCVM2021_LEGACY_v1,
dataflow,WB.AFW360:AFW360_HH(0.3.0),R,A,SEN,_T,SURVEY,HOUS_FLOOR_DURABLE,_Z,_Z,_T,HHH_AGE_LT35,_T,_T,_T,_T,_Z,_Z,_Z,_Z,_Z,2021,0.77,,,,,,,,,HOUS_FLOOR_DURABLE,SHARE,0.01,A,SEN_EHCVM2021_LEGACY_v1,
dataflow,WB.AFW360:AFW360_HH(0.3.0),R,A,SEN,_T,SURVEY,HOUS_FLOOR_DURABLE,_Z,_Z,_T,HHH_SEX_F,_T,_T,_T,_T,_Z,_Z,_Z,_Z,_Z,2021,0.89,,,,,,,,,HOUS_FLOOR_DURABLE,SHARE,0.01,A,SEN_EHCVM2021_LEGACY_v1,
dataflow,WB.AFW360:AFW360_HH(0.3.0),R,A,SEN,_T,SURVEY,HOUS_FLOOR_DURABLE,_Z,_Z,_T,HHH_SEX_M,_T,_T,_T,_T,_Z,_Z,_Z,_Z,_Z,2021,0.77,,,,,,,,,HOUS_FLOOR_DURABLE,SHARE,0.01,A,SEN_EHCVM2021_LEGACY_v1,
dataflow,WB.AFW360:AFW360_HH(0.3.0),R,A,SEN,_T,SURVEY,HOUS_FLOOR_DURABLE,_Z,_Z,_T,QUINT_Q1,_T,_T,_T,_T,_Z,_Z,_Z,_Z,_Z,2021,0.58,,,,,,,,,HOUS_FLOOR_DURABLE,SHARE,0.01,A,SEN_EHCVM2021_LEGACY_v1,
dataflow,WB.AFW360:AFW360_HH(0.3.0),R,A,SEN,_T,SURVEY,HOUS_FLOOR_DURABLE,_Z,_Z,_T,QUINT_Q2,_T,_T,_T,_T,_Z,_Z,_Z,_Z,_Z,2021,0.75,,,,,,,,,HOUS_FLOOR_DURABLE,SHARE,0.01,A,SEN_EHCVM2021_LEGACY_v1,
dataflow,WB.AFW360:AFW360_HH(0.3.0),R,A,SEN,_T,SURVEY,HOUS_FLOOR_DURABLE,_Z,_Z,_T,QUINT_Q3,_T,_T,_T,_T,_Z,_Z,_Z,_Z,_Z,2021,0.84,,,,,,,,,HOUS_FLOOR_DURABLE,SHARE,0.01,A,SEN_EHCVM2021_LEGACY_v1,
dataflow,WB.AFW360:AFW360_HH(0.3.0),R,A,SEN,_T,SURVEY,HOUS_FLOOR_DURABLE,_Z,_Z,_T,QUINT_Q4,_T,_T,_T,_T,_Z,_Z,_Z,_Z,_Z,2021,0.9,,,,,,,,,HOUS_FLOOR_DURABLE,SHARE,0.01,A,SEN_EHCVM2021_LEGACY_v1,
dataflow,WB.AFW360:AFW360_HH(0.3.0),R,A,SEN,_T,SURVEY,HOUS_FLOOR_DURABLE,_Z,_Z,_T,QUINT_Q5,_T,_T,_T,_T,_Z,_Z,_Z,_Z,_Z,2021,0.95,,,,,,,,,HOUS_FLOOR_DURABLE,SHARE,0.01,A,SEN_EHCVM2021_LEGACY_v1,
dataflow,WB.AFW360:AFW360_HH(0.3.0),R,A,SEN,_T,SURVEY,HOUS_FLOOR_DURABLE,_Z,_Z,_T,_T,_T,_T,_T,_T,_Z,_Z,_Z,_Z,_Z,2021,0.8,,,,,,,,,HOUS_FLOOR_DURABLE,SHARE,0.01,A,SEN_EHCVM2021_LEGACY_v1,
dataflow,WB.AFW360:AFW360_HH(0.3.0),R,A,SEN,_T,SURVEY,HOUS_ROOF_DURABLE,_Z,_Z,CAP,_T,_T,_T,_T,_T,_Z,_Z,_Z,_Z,_Z,2021,0.99,,,,,,,,,HOUS_ROOF_DURABLE,SHARE,0.01,A,SEN_EHCVM2021_LEGACY_v1,
dataflow,WB.AFW360:AFW360_HH(0.3.0),R,A,SEN,_T,SURVEY,HOUS_ROOF_DURABLE,_Z,_Z,OU,_T,_T,_T,_T,_T,_Z,_Z,_Z,_Z,_Z,2021,0.98,,,,,,,,,HOUS_ROOF_DURABLE,SHARE,0.01,A,SEN_EHCVM2021_LEGACY_v1,
dataflow,WB.AFW360:AFW360_HH(0.3.0),R,A,SEN,_T,SURVEY,HOUS_ROOF_DURABLE,_Z,_Z,R,_T,_T,_T,_T,_T,_Z,_Z,_Z,_Z,_Z,2021,0.8,,,,,,,,,HOUS_ROOF_DURABLE,SHARE,0.01,A,SEN_EHCVM2021_LEGACY_v1,
dataflow,WB.AFW360:AFW360_HH(0.3.0),R,A,SEN,_T,SURVEY,HOUS_ROOF_DURABLE,_Z,_Z,_T,HHH_AGE_GE35,_T,_T,_T,_T,_Z,_Z,_Z,_Z,_Z,2021,0.89,,,,,,,,,HOUS_ROOF_DURABLE,SHARE,0.01,A,SEN_EHCVM2021_LEGACY_v1,
dataflow,WB.AFW360:AFW360_HH(0.3.0),R,A,SEN,_T,SURVEY,HOUS_ROOF_DURABLE,_Z,_Z,_T,HHH_AGE_LT35,_T,_T,_T,_T,_Z,_Z,_Z,_Z,_Z,2021,0.85,,,,,,,,,HOUS_ROOF_DURABLE,SHARE,0.01,A,SEN_EHCVM2021_LEGACY_v1,
dataflow,WB.AFW360:AFW360_HH(0.3.0),R,A,SEN,_T,SURVEY,HOUS_ROOF_DURABLE,_Z,_Z,_T,HHH_SEX_F,_T,_T,_T,_T,_Z,_Z,_Z,_Z,_Z,2021,0.97,,,,,,,,,HOUS_ROOF_DURABLE,SHARE,0.01,A,SEN_EHCVM2021_LEGACY_v1,
dataflow,WB.AFW360:AFW360_HH(0.3.0),R,A,SEN,_T,SURVEY,HOUS_ROOF_DURABLE,_Z,_Z,_T,HHH_SEX_M,_T,_T,_T,_T,_Z,_Z,_Z,_Z,_Z,2021,0.86,,,,,,,,,HOUS_ROOF_DURABLE,SHARE,0.01,A,SEN_EHCVM2021_LEGACY_v1,
dataflow,WB.AFW360:AFW360_HH(0.3.0),R,A,SEN,_T,SURVEY,HOUS_ROOF_DURABLE,_Z,_Z,_T,QUINT_Q1,_T,_T,_T,_T,_Z,_Z,_Z,_Z,_Z,2021,0.7,,,,,,,,,HOUS_ROOF_DURABLE,SHARE,0.01,A,SEN_EHCVM2021_LEGACY_v1,
dataflow,WB.AFW360:AFW360_HH(0.3.0),R,A,SEN,_T,SURVEY,HOUS_ROOF_DURABLE,_Z,_Z,_T,QUINT_Q2,_T,_T,_T,_T,_Z,_Z,_Z,_Z,_Z,2021,0.87,,,,,,,,,HOUS_ROOF_DURABLE,SHARE,0.01,A,SEN_EHCVM2021_LEGACY_v1,
dataflow,WB.AFW360:AFW360_HH(0.3.0),R,A,SEN,_T,SURVEY,HOUS_ROOF_DURABLE,_Z,_Z,_T,QUINT_Q3,_T,_T,_T,_T,_Z,_Z,_Z,_Z,_Z,2021,0.93,,,,,,,,,HOUS_ROOF_DURABLE,SHARE,0.01,A,SEN_EHCVM2021_LEGACY_v1,
dataflow,WB.AFW360:AFW360_HH(0.3.0),R,A,SEN,_T,SURVEY,HOUS_ROOF_DURABLE,_Z,_Z,_T,QUINT_Q4,_T,_T,_T,_T,_Z,_Z,_Z,_Z,_Z,2021,0.95,,,,,,,,,HOUS_ROOF_DURABLE,SHARE,0.01,A,SEN_EHCVM2021_LEGACY_v1,
dataflow,WB.AFW360:AFW360_HH(0.3.0),R,A,SEN,_T,SURVEY,HOUS_ROOF_DURABLE,_Z,_Z,_T,QUINT_Q5,_T,_T,_T,_T,_Z,_Z,_Z,_Z,_Z,2021,0.98,,,,,,,,,HOUS_ROOF_DURABLE,SHARE,0.01,A,SEN_EHCVM2021_LEGACY_v1,
dataflow,WB.AFW360:AFW360_HH(0.3.0),R,A,SEN,_T,SURVEY,HOUS_ROOF_DURABLE,_Z,_Z,_T,_T,_T,_T,_T,_T,_Z,_Z,_Z,_Z,_Z,2021,0.89,,,,,,,,,HOUS_ROOF_DURABLE,SHARE,0.01,A,SEN_EHCVM2021_LEGACY_v1,
dataflow,WB.AFW360:AFW360_HH(0.3.0),R,A,SEN,_T,SURVEY,HOUS_SANIT_IMPROVED,_Z,_Z,CAP,_T,_T,_T,_T,_T,_Z,_Z,_Z,_Z,_Z,2021,0.95,,,,,,,,,HOUS_SANIT_IMPROVED,SHARE,0.01,A,SEN_EHCVM2021_LEGACY_v1,
dataflow,WB.AFW360:AFW360_HH(0.3.0),R,A,SEN,_T,SURVEY,HOUS_SANIT_IMPROVED,_Z,_Z,OU,_T,_T,_T,_T,_T,_Z,_Z,_Z,_Z,_Z,2021,0.66,,,,,,,,,HOUS_SANIT_IMPROVED,SHARE,0.01,A,SEN_EHCVM2021_LEGACY_v1,
dataflow,WB.AFW360:AFW360_HH(0.3.0),R,A,SEN,_T,SURVEY,HOUS_SANIT_IMPROVED,_Z,_Z,R,_T,_T,_T,_T,_T,_Z,_Z,_Z,_Z,_Z,2021,0.46,,,,,,,,,HOUS_SANIT_IMPROVED,SHARE,0.01,A,SEN_EHCVM2021_LEGACY_v1,
dataflow,WB.AFW360:AFW360_HH(0.3.0),R,A,SEN,_T,SURVEY,HOUS_SANIT_IMPROVED,_Z,_Z,_T,HHH_AGE_GE35,_T,_T,_T,_T,_Z,_Z,_Z,_Z,_Z,2021,0.63,,,,,,,,,HOUS_SANIT_IMPROVED,SHARE,0.01,A,SEN_EHCVM2021_LEGACY_v1,
dataflow,WB.AFW360:AFW360_HH(0.3.0),R,A,SEN,_T,SURVEY,HOUS_SANIT_IMPROVED,_Z,_Z,_T,HHH_AGE_LT35,_T,_T,_T,_T,_Z,_Z,_Z,_Z,_Z,2021,0.56,,,,,,,,,HOUS_SANIT_IMPROVED,SHARE,0.01,A,SEN_EHCVM2021_LEGACY_v1,
dataflow,WB.AFW360:AFW360_HH(0.3.0),R,A,SEN,_T,SURVEY,HOUS_SANIT_IMPROVED,_Z,_Z,_T,HHH_SEX_F,_T,_T,_T,_T,_Z,_Z,_Z,_Z,_Z,2021,0.73,,,,,,,,,HOUS_SANIT_IMPROVED,SHARE,0.01,A,SEN_EHCVM2021_LEGACY_v1,
dataflow,WB.AFW360:AFW360_HH(0.3.0),R,A,SEN,_T,SURVEY,HOUS_SANIT_IMPROVED,_Z,_Z,_T,HHH_SEX_M,_T,_T,_T,_T,_Z,_Z,_Z,_Z,_Z,2021,0.58,,,,,,,,,HOUS_SANIT_IMPROVED,SHARE,0.01,A,SEN_EHCVM2021_LEGACY_v1,
dataflow,WB.AFW360:AFW360_HH(0.3.0),R,A,SEN,_T,SURVEY,HOUS_SANIT_IMPROVED,_Z,_Z,_T,QUINT_Q1,_T,_T,_T,_T,_Z,_Z,_Z,_Z,_Z,2021,0.31,,,,,,,,,HOUS_SANIT_IMPROVED,SHARE,0.01,A,SEN_EHCVM2021_LEGACY_v1,
dataflow,WB.AFW360:AFW360_HH(0.3.0),R,A,SEN,_T,SURVEY,HOUS_SANIT_IMPROVED,_Z,_Z,_T,QUINT_Q2,_T,_T,_T,_T,_Z,_Z,_Z,_Z,_Z,2021,0.54,,,,,,,,,HOUS_SANIT_IMPROVED,SHARE,0.01,A,SEN_EHCVM2021_LEGACY_v1,
dataflow,WB.AFW360:AFW360_HH(0.3.0),R,A,SEN,_T,SURVEY,HOUS_SANIT_IMPROVED,_Z,_Z,_T,QUINT_Q3,_T,_T,_T,_T,_Z,_Z,_Z,_Z,_Z,2021,0.64,,,,,,,,,HOUS_SANIT_IMPROVED,SHARE,0.01,A,SEN_EHCVM2021_LEGACY_v1,
dataflow,WB.AFW360:AFW360_HH(0.3.0),R,A,SEN,_T,SURVEY,HOUS_SANIT_IMPROVED,_Z,_Z,_T,QUINT_Q4,_T,_T,_T,_T,_Z,_Z,_Z,_Z,_Z,2021,0.76,,,,,,,,,HOUS_SANIT_IMPROVED,SHARE,0.01,A,SEN_EHCVM2021_LEGACY_v1,
dataflow,WB.AFW360:AFW360_HH(0.3.0),R,A,SEN,_T,SURVEY,HOUS_SANIT_IMPROVED,_Z,_Z,_T,QUINT_Q5,_T,_T,_T,_T,_Z,_Z,_Z,_Z,_Z,2021,0.86,,,,,,,,,HOUS_SANIT_IMPROVED,SHARE,0.01,A,SEN_EHCVM2021_LEGACY_v1,
dataflow,WB.AFW360:AFW360_HH(0.3.0),R,A,SEN,_T,SURVEY,HOUS_SANIT_IMPROVED,_Z,_Z,_T,_T,_T,_T,_T,_T,_Z,_Z,_Z,_Z,_Z,2021,0.62,,,,,,,,,HOUS_SANIT_IMPROVED,SHARE,0.01,A,SEN_EHCVM2021_LEGACY_v1,
dataflow,WB.AFW360:AFW360_HH(0.3.0),R,A,SEN,_T,SURVEY,HOUS_WALL_DURABLE,_Z,_Z,CAP,_T,_T,_T,_T,_T,_Z,_Z,_Z,_Z,_Z,2021,0.99,,,,,,,,,HOUS_WALL_DURABLE,SHARE,0.01,A,SEN_EHCVM2021_LEGACY_v1,
dataflow,WB.AFW360:AFW360_HH(0.3.0),R,A,SEN,_T,SURVEY,HOUS_WALL_DURABLE,_Z,_Z,OU,_T,_T,_T,_T,_T,_Z,_Z,_Z,_Z,_Z,2021,0.96,,,,,,,,,HOUS_WALL_DURABLE,SHARE,0.01,A,SEN_EHCVM2021_LEGACY_v1,
dataflow,WB.AFW360:AFW360_HH(0.3.0),R,A,SEN,_T,SURVEY,HOUS_WALL_DURABLE,_Z,_Z,R,_T,_T,_T,_T,_T,_Z,_Z,_Z,_Z,_Z,2021,0.85,,,,,,,,,HOUS_WALL_DURABLE,SHARE,0.01,A,SEN_EHCVM2021_LEGACY_v1,
dataflow,WB.AFW360:AFW360_HH(0.3.0),R,A,SEN,_T,SURVEY,HOUS_WALL_DURABLE,_Z,_Z,_T,HHH_AGE_GE35,_T,_T,_T,_T,_Z,_Z,_Z,_Z,_Z,2021,0.91,,,,,,,,,HOUS_WALL_DURABLE,SHARE,0.01,A,SEN_EHCVM2021_LEGACY_v1,
dataflow,WB.AFW360:AFW360_HH(0.3.0),R,A,SEN,_T,SURVEY,HOUS_WALL_DURABLE,_Z,_Z,_T,HHH_AGE_LT35,_T,_T,_T,_T,_Z,_Z,_Z,_Z,_Z,2021,0.89,,,,,,,,,HOUS_WALL_DURABLE,SHARE,0.01,A,SEN_EHCVM2021_LEGACY_v1,
dataflow,WB.AFW360:AFW360_HH(0.3.0),R,A,SEN,_T,SURVEY,HOUS_WALL_DURABLE,_Z,_Z,_T,HHH_SEX_F,_T,_T,_T,_T,_Z,_Z,_Z,_Z,_Z,2021,0.96,,,,,,,,,HOUS_WALL_DURABLE,SHARE,0.01,A,SEN_EHCVM2021_LEGACY_v1,
dataflow,WB.AFW360:AFW360_HH(0.3.0),R,A,SEN,_T,SURVEY,HOUS_WALL_DURABLE,_Z,_Z,_T,HHH_SEX_M,_T,_T,_T,_T,_Z,_Z,_Z,_Z,_Z,2021,0.89,,,,,,,,,HOUS_WALL_DURABLE,SHARE,0.01,A,SEN_EHCVM2021_LEGACY_v1,
dataflow,WB.AFW360:AFW360_HH(0.3.0),R,A,SEN,_T,SURVEY,HOUS_WALL_DURABLE,_Z,_Z,_T,QUINT_Q1,_T,_T,_T,_T,_Z,_Z,_Z,_Z,_Z,2021,0.8,,,,,,,,,HOUS_WALL_DURABLE,SHARE,0.01,A,SEN_EHCVM2021_LEGACY_v1,
dataflow,WB.AFW360:AFW360_HH(0.3.0),R,A,SEN,_T,SURVEY,HOUS_WALL_DURABLE,_Z,_Z,_T,QUINT_Q2,_T,_T,_T,_T,_Z,_Z,_Z,_Z,_Z,2021,0.88,,,,,,,,,HOUS_WALL_DURABLE,SHARE,0.01,A,SEN_EHCVM2021_LEGACY_v1,
dataflow,WB.AFW360:AFW360_HH(0.3.0),R,A,SEN,_T,SURVEY,HOUS_WALL_DURABLE,_Z,_Z,_T,QUINT_Q3,_T,_T,_T,_T,_Z,_Z,_Z,_Z,_Z,2021,0.92,,,,,,,,,HOUS_WALL_DURABLE,SHARE,0.01,A,SEN_EHCVM2021_LEGACY_v1,
dataflow,WB.AFW360:AFW360_HH(0.3.0),R,A,SEN,_T,SURVEY,HOUS_WALL_DURABLE,_Z,_Z,_T,QUINT_Q4,_T,_T,_T,_T,_Z,_Z,_Z,_Z,_Z,2021,0.96,,,,,,,,,HOUS_WALL_DURABLE,SHARE,0.01,A,SEN_EHCVM2021_LEGACY_v1,
dataflow,WB.AFW360:AFW360_HH(0.3.0),R,A,SEN,_T,SURVEY,HOUS_WALL_DURABLE,_Z,_Z,_T,QUINT_Q5,_T,_T,_T,_T,_Z,_Z,_Z,_Z,_Z,2021,0.98,,,,,,,,,HOUS_WALL_DURABLE,SHARE,0.01,A,SEN_EHCVM2021_LEGACY_v1,
dataflow,WB.AFW360:AFW360_HH(0.3.0),R,A,SEN,_T,SURVEY,HOUS_WALL_DURABLE,_Z,_Z,_T,_T,_T,_T,_T,_T,_Z,_Z,_Z,_Z,_Z,2021,0.91,,,,,,,,,HOUS_WALL_DURABLE,SHARE,0.01,A,SEN_EHCVM2021_LEGACY_v1,
dataflow,WB.AFW360:AFW360_HH(0.3.0),R,A,SEN,_T,SURVEY,HOUS_WATER_SAFE_DRY,_Z,_Z,CAP,_T,_T,_T,_T,_T,_Z,_Z,_Z,_Z,_Z,2021,0.98,,,,,,,,,HOUS_WATER_SAFE_DRY,SHARE,0.01,A,SEN_EHCVM2021_LEGACY_v1,
dataflow,WB.AFW360:AFW360_HH(0.3.0),R,A,SEN,_T,SURVEY,HOUS_WATER_SAFE_DRY,_Z,_Z,OU,_T,_T,_T,_T,_T,_Z,_Z,_Z,_Z,_Z,2021,0.83,,,,,,,,,HOUS_WATER_SAFE_DRY,SHARE,0.01,A,SEN_EHCVM2021_LEGACY_v1,
dataflow,WB.AFW360:AFW360_HH(0.3.0),R,A,SEN,_T,SURVEY,HOUS_WATER_SAFE_DRY,_Z,_Z,R,_T,_T,_T,_T,_T,_Z,_Z,_Z,_Z,_Z,2021,0.7,,,,,,,,,HOUS_WATER_SAFE_DRY,SHARE,0.01,A,SEN_EHCVM2021_LEGACY_v1,
dataflow,WB.AFW360:AFW360_HH(0.3.0),R,A,SEN,_T,SURVEY,HOUS_WATER_SAFE_DRY,_Z,_Z,_T,HHH_AGE_GE35,_T,_T,_T,_T,_Z,_Z,_Z,_Z,_Z,2021,0.8,,,,,,,,,HOUS_WATER_SAFE_DRY,SHARE,0.01,A,SEN_EHCVM2021_LEGACY_v1,
dataflow,WB.AFW360:AFW360_HH(0.3.0),R,A,SEN,_T,SURVEY,HOUS_WATER_SAFE_DRY,_Z,_Z,_T,HHH_AGE_LT35,_T,_T,_T,_T,_Z,_Z,_Z,_Z,_Z,2021,0.71,,,,,,,,,HOUS_WATER_SAFE_DRY,SHARE,0.01,A,SEN_EHCVM2021_LEGACY_v1,
dataflow,WB.AFW360:AFW360_HH(0.3.0),R,A,SEN,_T,SURVEY,HOUS_WATER_SAFE_DRY,_Z,_Z,_T,HHH_SEX_F,_T,_T,_T,_T,_Z,_Z,_Z,_Z,_Z,2021,0.84,,,,,,,,,HOUS_WATER_SAFE_DRY,SHARE,0.01,A,SEN_EHCVM2021_LEGACY_v1,
dataflow,WB.AFW360:AFW360_HH(0.3.0),R,A,SEN,_T,SURVEY,HOUS_WATER_SAFE_DRY,_Z,_Z,_T,HHH_SEX_M,_T,_T,_T,_T,_Z,_Z,_Z,_Z,_Z,2021,0.78,,,,,,,,,HOUS_WATER_SAFE_DRY,SHARE,0.01,A,SEN_EHCVM2021_LEGACY_v1,
dataflow,WB.AFW360:AFW360_HH(0.3.0),R,A,SEN,_T,SURVEY,HOUS_WATER_SAFE_DRY,_Z,_Z,_T,QUINT_Q1,_T,_T,_T,_T,_Z,_Z,_Z,_Z,_Z,2021,0.68,,,,,,,,,HOUS_WATER_SAFE_DRY,SHARE,0.01,A,SEN_EHCVM2021_LEGACY_v1,
dataflow,WB.AFW360:AFW360_HH(0.3.0),R,A,SEN,_T,SURVEY,HOUS_WATER_SAFE_DRY,_Z,_Z,_T,QUINT_Q2,_T,_T,_T,_T,_Z,_Z,_Z,_Z,_Z,2021,0.77,,,,,,,,,HOUS_WATER_SAFE_DRY,SHARE,0.01,A,SEN_EHCVM2021_LEGACY_v1,
dataflow,WB.AFW360:AFW360_HH(0.3.0),R,A,SEN,_T,SURVEY,HOUS_WATER_SAFE_DRY,_Z,_Z,_T,QUINT_Q3,_T,_T,_T,_T,_Z,_Z,_Z,_Z,_Z,2021,0.79,,,,,,,,,HOUS_WATER_SAFE_DRY,SHARE,0.01,A,SEN_EHCVM2021_LEGACY_v1,
dataflow,WB.AFW360:AFW360_HH(0.3.0),R,A,SEN,_T,SURVEY,HOUS_WATER_SAFE_DRY,_Z,_Z,_T,QUINT_Q4,_T,_T,_T,_T,_Z,_Z,_Z,_Z,_Z,2021,0.86,,,,,,,,,HOUS_WATER_SAFE_DRY,SHARE,0.01,A,SEN_EHCVM2021_LEGACY_v1,
dataflow,WB.AFW360:AFW360_HH(0.3.0),R,A,SEN,_T,SURVEY,HOUS_WATER_SAFE_DRY,_Z,_Z,_T,QUINT_Q5,_T,_T,_T,_T,_Z,_Z,_Z,_Z,_Z,2021,0.9,,,,,,,,,HOUS_WATER_SAFE_DRY,SHARE,0.01,A,SEN_EHCVM2021_LEGACY_v1,
dataflow,WB.AFW360:AFW360_HH(0.3.0),R,A,SEN,_T,SURVEY,HOUS_WATER_SAFE_DRY,_Z,_Z,_T,_T,_T,_T,_T,_T,_Z,_Z,_Z,_Z,_Z,2021,0.8,,,,,,,,,HOUS_WATER_SAFE_DRY,SHARE,0.01,A,SEN_EHCVM2021_LEGACY_v1,
dataflow,WB.AFW360:AFW360_HH(0.3.0),R,A,SEN,_T,SURVEY,POP_HE_SH,_Z,_Z,CAP,HEO_MSTAT_MARRIED,_T,_T,_T,_T,_Z,_Z,_Z,_Z,_Z,2021,0.92,,,,,,,,,POP_HE_SH.HEO_MSTAT_MARRIED,SHARE,0.01,A,SEN_EHCVM2021_LEGACY_v1,
dataflow,WB.AFW360:AFW360_HH(0.3.0),R,A,SEN,_T,SURVEY,POP_HE_SH,_Z,_Z,CAP,HEO_SEX_F,_T,_T,_T,_T,_Z,_Z,_Z,_Z,_Z,2021,0.36,,,,,,,,,POP_HE_SH.HEO_SEX_F,SHARE,0.01,A,SEN_EHCVM2021_LEGACY_v1,
dataflow,WB.AFW360:AFW360_HH(0.3.0),R,A,SEN,_T,SURVEY,POP_HE_SH,_Z,_Z,OU,HEO_MSTAT_MARRIED,_T,_T,_T,_T,_Z,_Z,_Z,_Z,_Z,2021,0.71,,,,,,,,,POP_HE_SH.HEO_MSTAT_MARRIED,SHARE,0.01,A,SEN_EHCVM2021_LEGACY_v1,
dataflow,WB.AFW360:AFW360_HH(0.3.0),R,A,SEN,_T,SURVEY,POP_HE_SH,_Z,_Z,OU,HEO_SEX_F,_T,_T,_T,_T,_Z,_Z,_Z,_Z,_Z,2021,0.69,,,,,,,,,POP_HE_SH.HEO_SEX_F,SHARE,0.01,A,SEN_EHCVM2021_LEGACY_v1,
dataflow,WB.AFW360:AFW360_HH(0.3.0),R,A,SEN,_T,SURVEY,POP_HE_SH,_Z,_Z,R,HEO_MSTAT_MARRIED,_T,_T,_T,_T,_Z,_Z,_Z,_Z,_Z,2021,0.73,,,,,,,,,POP_HE_SH.HEO_MSTAT_MARRIED,SHARE,0.01,A,SEN_EHCVM2021_LEGACY_v1,
dataflow,WB.AFW360:AFW360_HH(0.3.0),R,A,SEN,_T,SURVEY,POP_HE_SH,_Z,_Z,R,HEO_SEX_F,_T,_T,_T,_T,_Z,_Z,_Z,_Z,_Z,2021,0.7,,,,,,,,,POP_HE_SH.HEO_SEX_F,SHARE,0.01,A,SEN_EHCVM2021_LEGACY_v1,
dataflow,WB.AFW360:AFW360_HH(0.3.0),R,A,SEN,_T,SURVEY,POP_HE_SH,_Z,_Z,_T,HEO_MSTAT_MARRIED,_T,_T,_T,_T,_Z,_Z,_Z,_Z,_Z,2021,0.77,,,,,,,,,POP_HE_SH.HEO_MSTAT_MARRIED,SHARE,0.01,A,SEN_EHCVM2021_LEGACY_v1,
dataflow,WB.AFW360:AFW360_HH(0.3.0),R,A,SEN,_T,SURVEY,POP_HE_SH,_Z,_Z,_T,HEO_SEX_F,_T,_T,_T,_T,_Z,_Z,_Z,_Z,_Z,2021,0.63,,,,,,,,,POP_HE_SH.HEO_SEX_F,SHARE,0.01,A,SEN_EHCVM2021_LEGACY_v1,
dataflow,WB.AFW360:AFW360_HH(0.3.0),R,A,SEN,_T,SURVEY,POP_HE_SH,_Z,_Z,_T,HHH_AGE_GE35,HEO_MSTAT_MARRIED,_T,_T,_T,_Z,_Z,_Z,_Z,_Z,2021,0.77,,,,,,,,,POP_HE_SH.HEO_MSTAT_MARRIED,SHARE,0.01,A,SEN_EHCVM2021_LEGACY_v1,
dataflow,WB.AFW360:AFW360_HH(0.3.0),R,A,SEN,_T,SURVEY,POP_HE_SH,_Z,_Z,_T,HHH_AGE_GE35,HEO_SEX_F,_T,_T,_T,_Z,_Z,_Z,_Z,_Z,2021,0.64,,,,,,,,,POP_HE_SH.HEO_SEX_F,SHARE,0.01,A,SEN_EHCVM2021_LEGACY_v1,
dataflow,WB.AFW360:AFW360_HH(0.3.0),R,A,SEN,_T,SURVEY,POP_HE_SH,_Z,_Z,_T,HHH_AGE_LT35,HEO_MSTAT_MARRIED,_T,_T,_T,_Z,_Z,_Z,_Z,_Z,2021,0.71,,,,,,,,,POP_HE_SH.HEO_MSTAT_MARRIED,SHARE,0.01,A,SEN_EHCVM2021_LEGACY_v1,
dataflow,WB.AFW360:AFW360_HH(0.3.0),R,A,SEN,_T,SURVEY,POP_HE_SH,_Z,_Z,_T,HHH_AGE_LT35,HEO_SEX_F,_T,_T,_T,_Z,_Z,_Z,_Z,_Z,2021,0.52,,,,,,,,,POP_HE_SH.HEO_SEX_F,SHARE,0.01,A,SEN_EHCVM2021_LEGACY_v1,
dataflow,WB.AFW360:AFW360_HH(0.3.0),R,A,SEN,_T,SURVEY,POP_HE_SH,_Z,_Z,_T,HHH_SEX_F,HEO_MSTAT_MARRIED,_T,_T,_T,_Z,_Z,_Z,_Z,_Z,2021,0.69,,,,,,,,,POP_HE_SH.HEO_MSTAT_MARRIED,SHARE,0.01,A,SEN_EHCVM2021_LEGACY_v1,
dataflow,WB.AFW360:AFW360_HH(0.3.0),R,A,SEN,_T,SURVEY,POP_HE_SH,_Z,_Z,_T,HHH_SEX_F,HEO_SEX_F,_T,_T,_T,_Z,_Z,_Z,_Z,_Z,2021,0.42,,,,,,,,,POP_HE_SH.HEO_SEX_F,SHARE,0.01,A,SEN_EHCVM2021_LEGACY_v1,
dataflow,WB.AFW360:AFW360_HH(0.3.0),R,A,SEN,_T,SURVEY,POP_HE_SH,_Z,_Z,_T,HHH_SEX_M,HEO_MSTAT_MARRIED,_T,_T,_T,_Z,_Z,_Z,_Z,_Z,2021,0.79,,,,,,,,,POP_HE_SH.HEO_MSTAT_MARRIED,SHARE,0.01,A,SEN_EHCVM2021_LEGACY_v1,
dataflow,WB.AFW360:AFW360_HH(0.3.0),R,A,SEN,_T,SURVEY,POP_HE_SH,_Z,_Z,_T,HHH_SEX_M,HEO_SEX_F,_T,_T,_T,_Z,_Z,_Z,_Z,_Z,2021,0.7,,,,,,,,,POP_HE_SH.HEO_SEX_F,SHARE,0.01,A,SEN_EHCVM2021_LEGACY_v1,
dataflow,WB.AFW360:AFW360_HH(0.3.0),R,A,SEN,_T,SURVEY,POP_HE_SH,_Z,_Z,_T,QUINT_Q1,HEO_MSTAT_MARRIED,_T,_T,_T,_Z,_Z,_Z,_Z,_Z,2021,0.63,,,,,,,,,POP_HE_SH.HEO_MSTAT_MARRIED,SHARE,0.01,A,SEN_EHCVM2021_LEGACY_v1,
dataflow,WB.AFW360:AFW360_HH(0.3.0),R,A,SEN,_T,SURVEY,POP_HE_SH,_Z,_Z,_T,QUINT_Q1,HEO_SEX_F,_T,_T,_T,_Z,_Z,_Z,_Z,_Z,2021,0.65,,,,,,,,,POP_HE_SH.HEO_SEX_F,SHARE,0.01,A,SEN_EHCVM2021_LEGACY_v1,
dataflow,WB.AFW360:AFW360_HH(0.3.0),R,A,SEN,_T,SURVEY,POP_HE_SH,_Z,_Z,_T,QUINT_Q2,HEO_MSTAT_MARRIED,_T,_T,_T,_Z,_Z,_Z,_Z,_Z,2021,0.81,,,,,,,,,POP_HE_SH.HEO_MSTAT_MARRIED,SHARE,0.01,A,SEN_EHCVM2021_LEGACY_v1,
dataflow,WB.AFW360:AFW360_HH(0.3.0),R,A,SEN,_T,SURVEY,POP_HE_SH,_Z,_Z,_T,QUINT_Q2,HEO_SEX_F,_T,_T,_T,_Z,_Z,_Z,_Z,_Z,2021,0.75,,,,,,,,,POP_HE_SH.HEO_SEX_F,SHARE,0.01,A,SEN_EHCVM2021_LEGACY_v1,
dataflow,WB.AFW360:AFW360_HH(0.3.0),R,A,SEN,_T,SURVEY,POP_HE_SH,_Z,_Z,_T,QUINT_Q3,HEO_MSTAT_MARRIED,_T,_T,_T,_Z,_Z,_Z,_Z,_Z,2021,0.78,,,,,,,,,POP_HE_SH.HEO_MSTAT_MARRIED,SHARE,0.01,A,SEN_EHCVM2021_LEGACY_v1,
dataflow,WB.AFW360:AFW360_HH(0.3.0),R,A,SEN,_T,SURVEY,POP_HE_SH,_Z,_Z,_T,QUINT_Q3,HEO_SEX_F,_T,_T,_T,_Z,_Z,_Z,_Z,_Z,2021,0.55,,,,,,,,,POP_HE_SH.HEO_SEX_F,SHARE,0.01,A,SEN_EHCVM2021_LEGACY_v1,
dataflow,WB.AFW360:AFW360_HH(0.3.0),R,A,SEN,_T,SURVEY,POP_HE_SH,_Z,_Z,_T,QUINT_Q4,HEO_MSTAT_MARRIED,_T,_T,_T,_Z,_Z,_Z,_Z,_Z,2021,0.82,,,,,,,,,POP_HE_SH.HEO_MSTAT_MARRIED,SHARE,0.01,A,SEN_EHCVM2021_LEGACY_v1,
dataflow,WB.AFW360:AFW360_HH(0.3.0),R,A,SEN,_T,SURVEY,POP_HE_SH,_Z,_Z,_T,QUINT_Q4,HEO_SEX_F,_T,_T,_T,_Z,_Z,_Z,_Z,_Z,2021,0.63,,,,,,,,,POP_HE_SH.HEO_SEX_F,SHARE,0.01,A,SEN_EHCVM2021_LEGACY_v1,
dataflow,WB.AFW360:AFW360_HH(0.3.0),R,A,SEN,_T,SURVEY,POP_HE_SH,_Z,_Z,_T,QUINT_Q5,HEO_MSTAT_MARRIED,_T,_T,_T,_Z,_Z,_Z,_Z,_Z,2021,0.81,,,,,,,,,POP_HE_SH.HEO_MSTAT_MARRIED,SHARE,0.01,A,SEN_EHCVM2021_LEGACY_v1,
dataflow,WB.AFW360:AFW360_HH(0.3.0),R,A,SEN,_T,SURVEY,POP_HE_SH,_Z,_Z,_T,QUINT_Q5,HEO_SEX_F,_T,_T,_T,_Z,_Z,_Z,_Z,_Z,2021,0.53,,,,,,,,,POP_HE_SH.HEO_SEX_F,SHARE,0.01,A,SEN_EHCVM2021_LEGACY_v1,
dataflow,WB.AFW360:AFW360_HH(0.3.0),R,A,SEN,_T,SURVEY,POP_HH_SH,_Z,_Z,CAP,HE_COUNT_0,_T,_T,_T,_T,_Z,_Z,_Z,_Z,_Z,2021,0.41,,,,,,,,,POP_HH_SH.HE_COUNT_0,SHARE,0.01,A,SEN_EHCVM2021_LEGACY_v1,
dataflow,WB.AFW360:AFW360_HH(0.3.0),R,A,SEN,_T,SURVEY,POP_HH_SH,_Z,_Z,CAP,HE_COUNT_1,_T,_T,_T,_T,_Z,_Z,_Z,_Z,_Z,2021,0.57,,,,,,,,,POP_HH_SH.HE_COUNT_1,SHARE,0.01,A,SEN_EHCVM2021_LEGACY_v1,
dataflow,WB.AFW360:AFW360_HH(0.3.0),R,A,SEN,_T,SURVEY,POP_HH_SH,_Z,_Z,CAP,HE_COUNT_2,_T,_T,_T,_T,_Z,_Z,_Z,_Z,_Z,2021,0,,,,,,,,,POP_HH_SH.HE_COUNT_2,SHARE,0.01,A,SEN_EHCVM2021_LEGACY_v1,
dataflow,WB.AFW360:AFW360_HH(0.3.0),R,A,SEN,_T,SURVEY,POP_HH_SH,_Z,_Z,CAP,HE_COUNT_3,_T,_T,_T,_T,_Z,_Z,_Z,_Z,_Z,2021,0.01,,,,,,,,,POP_HH_SH.HE_COUNT_3,SHARE,0.01,A,SEN_EHCVM2021_LEGACY_v1,
dataflow,WB.AFW360:AFW360_HH(0.3.0),R,A,SEN,_T,SURVEY,POP_HH_SH,_Z,_Z,CAP,HE_COUNT_4P,_T,_T,_T,_T,_Z,_Z,_Z,_Z,_Z,2021,0,,,,,,,,,POP_HH_SH.HE_COUNT_4P,SHARE,0.01,A,SEN_EHCVM2021_LEGACY_v1,
dataflow,WB.AFW360:AFW360_HH(0.3.0),R,A,SEN,_T,SURVEY,POP_HH_SH,_Z,_Z,OU,HE_COUNT_0,_T,_T,_T,_T,_Z,_Z,_Z,_Z,_Z,2021,0.41,,,,,,,,,POP_HH_SH.HE_COUNT_0,SHARE,0.01,A,SEN_EHCVM2021_LEGACY_v1,
dataflow,WB.AFW360:AFW360_HH(0.3.0),R,A,SEN,_T,SURVEY,POP_HH_SH,_Z,_Z,OU,HE_COUNT_1,_T,_T,_T,_T,_Z,_Z,_Z,_Z,_Z,2021,0.51,,,,,,,,,POP_HH_SH.HE_COUNT_1,SHARE,0.01,A,SEN_EHCVM2021_LEGACY_v1,
dataflow,WB.AFW360:AFW360_HH(0.3.0),R,A,SEN,_T,SURVEY,POP_HH_SH,_Z,_Z,OU,HE_COUNT_2,_T,_T,_T,_T,_Z,_Z,_Z,_Z,_Z,2021,0.07,,,,,,,,,POP_HH_SH.HE_COUNT_2,SHARE,0.01,A,SEN_EHCVM2021_LEGACY_v1,
dataflow,WB.AFW360:AFW360_HH(0.3.0),R,A,SEN,_T,SURVEY,POP_HH_SH,_Z,_Z,OU,HE_COUNT_3,_T,_T,_T,_T,_Z,_Z,_Z,_Z,_Z,2021,0.01,,,,,,,,,POP_HH_SH.HE_COUNT_3,SHARE,0.01,A,SEN_EHCVM2021_LEGACY_v1,
dataflow,WB.AFW360:AFW360_HH(0.3.0),R,A,SEN,_T,SURVEY,POP_HH_SH,_Z,_Z,OU,HE_COUNT_4P,_T,_T,_T,_T,_Z,_Z,_Z,_Z,_Z,2021,0.01,,,,,,,,,POP_HH_SH.HE_COUNT_4P,SHARE,0.01,A,SEN_EHCVM2021_LEGACY_v1,
dataflow,WB.AFW360:AFW360_HH(0.3.0),R,A,SEN,_T,SURVEY,POP_HH_SH,_Z,_Z,R,HE_COUNT_0,_T,_T,_T,_T,_Z,_Z,_Z,_Z,_Z,2021,0.39,,,,,,,,,POP_HH_SH.HE_COUNT_0,SHARE,0.01,A,SEN_EHCVM2021_LEGACY_v1,
dataflow,WB.AFW360:AFW360_HH(0.3.0),R,A,SEN,_T,SURVEY,POP_HH_SH,_Z,_Z,R,HE_COUNT_1,_T,_T,_T,_T,_Z,_Z,_Z,_Z,_Z,2021,0.51,,,,,,,,,POP_HH_SH.HE_COUNT_1,SHARE,0.01,A,SEN_EHCVM2021_LEGACY_v1,
dataflow,WB.AFW360:AFW360_HH(0.3.0),R,A,SEN,_T,SURVEY,POP_HH_SH,_Z,_Z,R,HE_COUNT_2,_T,_T,_T,_T,_Z,_Z,_Z,_Z,_Z,2021,0.07,,,,,,,,,POP_HH_SH.HE_COUNT_2,SHARE,0.01,A,SEN_EHCVM2021_LEGACY_v1,
dataflow,WB.AFW360:AFW360_HH(0.3.0),R,A,SEN,_T,SURVEY,POP_HH_SH,_Z,_Z,R,HE_COUNT_3,_T,_T,_T,_T,_Z,_Z,_Z,_Z,_Z,2021,0.03,,,,,,,,,POP_HH_SH.HE_COUNT_3,SHARE,0.01,A,SEN_EHCVM2021_LEGACY_v1,
dataflow,WB.AFW360:AFW360_HH(0.3.0),R,A,SEN,_T,SURVEY,POP_HH_SH,_Z,_Z,R,HE_COUNT_4P,_T,_T,_T,_T,_Z,_Z,_Z,_Z,_Z,2021,0,,,,,,,,,POP_HH_SH.HE_COUNT_4P,SHARE,0.01,A,SEN_EHCVM2021_LEGACY_v1,
dataflow,WB.AFW360:AFW360_HH(0.3.0),R,A,SEN,_T,SURVEY,POP_HH_SH,_Z,_Z,_T,HE_COUNT_0,_T,_T,_T,_T,_Z,_Z,_Z,_Z,_Z,2021,0.4,,,,,,,,,POP_HH_SH.HE_COUNT_0,SHARE,0.01,A,SEN_EHCVM2021_LEGACY_v1,
dataflow,WB.AFW360:AFW360_HH(0.3.0),R,A,SEN,_T,SURVEY,POP_HH_SH,_Z,_Z,_T,HE_COUNT_1,_T,_T,_T,_T,_Z,_Z,_Z,_Z,_Z,2021,0.52,,,,,,,,,POP_HH_SH.HE_COUNT_1,SHARE,0.01,A,SEN_EHCVM2021_LEGACY_v1,
dataflow,WB.AFW360:AFW360_HH(0.3.0),R,A,SEN,_T,SURVEY,POP_HH_SH,_Z,_Z,_T,HE_COUNT_2,_T,_T,_T,_T,_Z,_Z,_Z,_Z,_Z,2021,0.05,,,,,,,,,POP_HH_SH.HE_COUNT_2,SHARE,0.01,A,SEN_EHCVM2021_LEGACY_v1,
dataflow,WB.AFW360:AFW360_HH(0.3.0),R,A,SEN,_T,SURVEY,POP_HH_SH,_Z,_Z,_T,HE_COUNT_3,_T,_T,_T,_T,_Z,_Z,_Z,_Z,_Z,2021,0.03,,,,,,,,,POP_HH_SH.HE_COUNT_3,SHARE,0.01,A,SEN_EHCVM2021_LEGACY_v1,
dataflow,WB.AFW360:AFW360_HH(0.3.0),R,A,SEN,_T,SURVEY,POP_HH_SH,_Z,_Z,_T,HE_COUNT_4P,_T,_T,_T,_T,_Z,_Z,_Z,_Z,_Z,2021,0,,,,,,,,,POP_HH_SH.HE_COUNT_4P,SHARE,0.01,A,SEN_EHCVM2021_LEGACY_v1,
dataflow,WB.AFW360:AFW360_HH(0.3.0),R,A,SEN,_T,SURVEY,POP_HH_SH,_Z,_Z,_T,HHH_AGE_GE35,HE_COUNT_0,_T,_T,_T,_Z,_Z,_Z,_Z,_Z,2021,0.41,,,,,,,,,POP_HH_SH.HE_COUNT_0,SHARE,0.01,A,SEN_EHCVM2021_LEGACY_v1,
dataflow,WB.AFW360:AFW360_HH(0.3.0),R,A,SEN,_T,SURVEY,POP_HH_SH,_Z,_Z,_T,HHH_AGE_GE35,HE_COUNT_1,_T,_T,_T,_Z,_Z,_Z,_Z,_Z,2021,0.51,,,,,,,,,POP_HH_SH.HE_COUNT_1,SHARE,0.01,A,SEN_EHCVM2021_LEGACY_v1,
dataflow,WB.AFW360:AFW360_HH(0.3.0),R,A,SEN,_T,SURVEY,POP_HH_SH,_Z,_Z,_T,HHH_AGE_GE35,HE_COUNT_2,_T,_T,_T,_Z,_Z,_Z,_Z,_Z,2021,0.05,,,,,,,,,POP_HH_SH.HE_COUNT_2,SHARE,0.01,A,SEN_EHCVM2021_LEGACY_v1,
dataflow,WB.AFW360:AFW360_HH(0.3.0),R,A,SEN,_T,SURVEY,POP_HH_SH,_Z,_Z,_T,HHH_AGE_GE35,HE_COUNT_3,_T,_T,_T,_Z,_Z,_Z,_Z,_Z,2021,0.03,,,,,,,,,POP_HH_SH.HE_COUNT_3,SHARE,0.01,A,SEN_EHCVM2021_LEGACY_v1,
dataflow,WB.AFW360:AFW360_HH(0.3.0),R,A,SEN,_T,SURVEY,POP_HH_SH,_Z,_Z,_T,HHH_AGE_GE35,HE_COUNT_4P,_T,_T,_T,_Z,_Z,_Z,_Z,_Z,2021,0,,,,,,,,,POP_HH_SH.HE_COUNT_4P,SHARE,0.01,A,SEN_EHCVM2021_LEGACY_v1,
dataflow,WB.AFW360:AFW360_HH(0.3.0),R,A,SEN,_T,SURVEY,POP_HH_SH,_Z,_Z,_T,HHH_AGE_LT35,HE_COUNT_0,_T,_T,_T,_Z,_Z,_Z,_Z,_Z,2021,0.17,,,,,,,,,POP_HH_SH.HE_COUNT_0,SHARE,0.01,A,SEN_EHCVM2021_LEGACY_v1,
dataflow,WB.AFW360:AFW360_HH(0.3.0),R,A,SEN,_T,SURVEY,POP_HH_SH,_Z,_Z,_T,HHH_AGE_LT35,HE_COUNT_1,_T,_T,_T,_Z,_Z,_Z,_Z,_Z,2021,0.74,,,,,,,,,POP_HH_SH.HE_COUNT_1,SHARE,0.01,A,SEN_EHCVM2021_LEGACY_v1,
dataflow,WB.AFW360:AFW360_HH(0.3.0),R,A,SEN,_T,SURVEY,POP_HH_SH,_Z,_Z,_T,HHH_AGE_LT35,HE_COUNT_2,_T,_T,_T,_Z,_Z,_Z,_Z,_Z,2021,0.05,,,,,,,,,POP_HH_SH.HE_COUNT_2,SHARE,0.01,A,SEN_EHCVM2021_LEGACY_v1,
dataflow,WB.AFW360:AFW360_HH(0.3.0),R,A,SEN,_T,SURVEY,POP_HH_SH,_Z,_Z,_T,HHH_AGE_LT35,HE_COUNT_3,_T,_T,_T,_Z,_Z,_Z,_Z,_Z,2021,0.02,,,,,,,,,POP_HH_SH.HE_COUNT_3,SHARE,0.01,A,SEN_EHCVM2021_LEGACY_v1,
dataflow,WB.AFW360:AFW360_HH(0.3.0),R,A,SEN,_T,SURVEY,POP_HH_SH,_Z,_Z,_T,HHH_AGE_LT35,HE_COUNT_4P,_T,_T,_T,_Z,_Z,_Z,_Z,_Z,2021,0.03,,,,,,,,,POP_HH_SH.HE_COUNT_4P,SHARE,0.01,A,SEN_EHCVM2021_LEGACY_v1,
dataflow,WB.AFW360:AFW360_HH(0.3.0),R,A,SEN,_T,SURVEY,POP_HH_SH,_Z,_Z,_T,HHH_SEX_F,HE_COUNT_0,_T,_T,_T,_Z,_Z,_Z,_Z,_Z,2021,0.41,,,,,,,,,POP_HH_SH.HE_COUNT_0,SHARE,0.01,A,SEN_EHCVM2021_LEGACY_v1,
dataflow,WB.AFW360:AFW360_HH(0.3.0),R,A,SEN,_T,SURVEY,POP_HH_SH,_Z,_Z,_T,HHH_SEX_F,HE_COUNT_1,_T,_T,_T,_Z,_Z,_Z,_Z,_Z,2021,0.55,,,,,,,,,POP_HH_SH.HE_COUNT_1,SHARE,0.01,A,SEN_EHCVM2021_LEGACY_v1,
dataflow,WB.AFW360:AFW360_HH(0.3.0),R,A,SEN,_T,SURVEY,POP_HH_SH,_Z,_Z,_T,HHH_SEX_F,HE_COUNT_2,_T,_T,_T,_Z,_Z,_Z,_Z,_Z,2021,0.02,,,,,,,,,POP_HH_SH.HE_COUNT_2,SHARE,0.01,A,SEN_EHCVM2021_LEGACY_v1,
dataflow,WB.AFW360:AFW360_HH(0.3.0),R,A,SEN,_T,SURVEY,POP_HH_SH,_Z,_Z,_T,HHH_SEX_F,HE_COUNT_3,_T,_T,_T,_Z,_Z,_Z,_Z,_Z,2021,0.02,,,,,,,,,POP_HH_SH.HE_COUNT_3,SHARE,0.01,A,SEN_EHCVM2021_LEGACY_v1,
dataflow,WB.AFW360:AFW360_HH(0.3.0),R,A,SEN,_T,SURVEY,POP_HH_SH,_Z,_Z,_T,HHH_SEX_F,HE_COUNT_4P,_T,_T,_T,_Z,_Z,_Z,_Z,_Z,2021,0,,,,,,,,,POP_HH_SH.HE_COUNT_4P,SHARE,0.01,A,SEN_EHCVM2021_LEGACY_v1,
dataflow,WB.AFW360:AFW360_HH(0.3.0),R,A,SEN,_T,SURVEY,POP_HH_SH,_Z,_Z,_T,HHH_SEX_M,HE_COUNT_0,_T,_T,_T,_Z,_Z,_Z,_Z,_Z,2021,0.39,,,,,,,,,POP_HH_SH.HE_COUNT_0,SHARE,0.01,A,SEN_EHCVM2021_LEGACY_v1,
dataflow,WB.AFW360:AFW360_HH(0.3.0),R,A,SEN,_T,SURVEY,POP_HH_SH,_Z,_Z,_T,HHH_SEX_M,HE_COUNT_1,_T,_T,_T,_Z,_Z,_Z,_Z,_Z,2021,0.51,,,,,,,,,POP_HH_SH.HE_COUNT_1,SHARE,0.01,A,SEN_EHCVM2021_LEGACY_v1,
dataflow,WB.AFW360:AFW360_HH(0.3.0),R,A,SEN,_T,SURVEY,POP_HH_SH,_Z,_Z,_T,HHH_SEX_M,HE_COUNT_2,_T,_T,_T,_Z,_Z,_Z,_Z,_Z,2021,0.07,,,,,,,,,POP_HH_SH.HE_COUNT_2,SHARE,0.01,A,SEN_EHCVM2021_LEGACY_v1,
dataflow,WB.AFW360:AFW360_HH(0.3.0),R,A,SEN,_T,SURVEY,POP_HH_SH,_Z,_Z,_T,HHH_SEX_M,HE_COUNT_3,_T,_T,_T,_Z,_Z,_Z,_Z,_Z,2021,0.03,,,,,,,,,POP_HH_SH.HE_COUNT_3,SHARE,0.01,A,SEN_EHCVM2021_LEGACY_v1,
dataflow,WB.AFW360:AFW360_HH(0.3.0),R,A,SEN,_T,SURVEY,POP_HH_SH,_Z,_Z,_T,HHH_SEX_M,HE_COUNT_4P,_T,_T,_T,_Z,_Z,_Z,_Z,_Z,2021,0,,,,,,,,,POP_HH_SH.HE_COUNT_4P,SHARE,0.01,A,SEN_EHCVM2021_LEGACY_v1,
dataflow,WB.AFW360:AFW360_HH(0.3.0),R,A,SEN,_T,SURVEY,POP_HH_SH,_Z,_Z,_T,QUINT_Q1,HE_COUNT_0,_T,_T,_T,_Z,_Z,_Z,_Z,_Z,2021,0.37,,,,,,,,,POP_HH_SH.HE_COUNT_0,SHARE,0.01,A,SEN_EHCVM2021_LEGACY_v1,
dataflow,WB.AFW360:AFW360_HH(0.3.0),R,A,SEN,_T,SURVEY,POP_HH_SH,_Z,_Z,_T,QUINT_Q1,HE_COUNT_1,_T,_T,_T,_Z,_Z,_Z,_Z,_Z,2021,0.54,,,,,,,,,POP_HH_SH.HE_COUNT_1,SHARE,0.01,A,SEN_EHCVM2021_LEGACY_v1,
dataflow,WB.AFW360:AFW360_HH(0.3.0),R,A,SEN,_T,SURVEY,POP_HH_SH,_Z,_Z,_T,QUINT_Q1,HE_COUNT_2,_T,_T,_T,_Z,_Z,_Z,_Z,_Z,2021,0.03,,,,,,,,,POP_HH_SH.HE_COUNT_2,SHARE,0.01,A,SEN_EHCVM2021_LEGACY_v1,
dataflow,WB.AFW360:AFW360_HH(0.3.0),R,A,SEN,_T,SURVEY,POP_HH_SH,_Z,_Z,_T,QUINT_Q1,HE_COUNT_3,_T,_T,_T,_Z,_Z,_Z,_Z,_Z,2021,0.05,,,,,,,,,POP_HH_SH.HE_COUNT_3,SHARE,0.01,A,SEN_EHCVM2021_LEGACY_v1,
dataflow,WB.AFW360:AFW360_HH(0.3.0),R,A,SEN,_T,SURVEY,POP_HH_SH,_Z,_Z,_T,QUINT_Q1,HE_COUNT_4P,_T,_T,_T,_Z,_Z,_Z,_Z,_Z,2021,0,,,,,,,,,POP_HH_SH.HE_COUNT_4P,SHARE,0.01,A,SEN_EHCVM2021_LEGACY_v1,
dataflow,WB.AFW360:AFW360_HH(0.3.0),R,A,SEN,_T,SURVEY,POP_HH_SH,_Z,_Z,_T,QUINT_Q2,HE_COUNT_0,_T,_T,_T,_Z,_Z,_Z,_Z,_Z,2021,0.34,,,,,,,,,POP_HH_SH.HE_COUNT_0,SHARE,0.01,A,SEN_EHCVM2021_LEGACY_v1,
dataflow,WB.AFW360:AFW360_HH(0.3.0),R,A,SEN,_T,SURVEY,POP_HH_SH,_Z,_Z,_T,QUINT_Q2,HE_COUNT_1,_T,_T,_T,_Z,_Z,_Z,_Z,_Z,2021,0.59,,,,,,,,,POP_HH_SH.HE_COUNT_1,SHARE,0.01,A,SEN_EHCVM2021_LEGACY_v1,
dataflow,WB.AFW360:AFW360_HH(0.3.0),R,A,SEN,_T,SURVEY,POP_HH_SH,_Z,_Z,_T,QUINT_Q2,HE_COUNT_2,_T,_T,_T,_Z,_Z,_Z,_Z,_Z,2021,0.06,,,,,,,,,POP_HH_SH.HE_COUNT_2,SHARE,0.01,A,SEN_EHCVM2021_LEGACY_v1,
dataflow,WB.AFW360:AFW360_HH(0.3.0),R,A,SEN,_T,SURVEY,POP_HH_SH,_Z,_Z,_T,QUINT_Q2,HE_COUNT_3,_T,_T,_T,_Z,_Z,_Z,_Z,_Z,2021,0.01,,,,,,,,,POP_HH_SH.HE_COUNT_3,SHARE,0.01,A,SEN_EHCVM2021_LEGACY_v1,
dataflow,WB.AFW360:AFW360_HH(0.3.0),R,A,SEN,_T,SURVEY,POP_HH_SH,_Z,_Z,_T,QUINT_Q2,HE_COUNT_4P,_T,_T,_T,_Z,_Z,_Z,_Z,_Z,2021,0,,,,,,,,,POP_HH_SH.HE_COUNT_4P,SHARE,0.01,A,SEN_EHCVM2021_LEGACY_v1,
dataflow,WB.AFW360:AFW360_HH(0.3.0),R,A,SEN,_T,SURVEY,POP_HH_SH,_Z,_Z,_T,QUINT_Q3,HE_COUNT_0,_T,_T,_T,_Z,_Z,_Z,_Z,_Z,2021,0.44,,,,,,,,,POP_HH_SH.HE_COUNT_0,SHARE,0.01,A,SEN_EHCVM2021_LEGACY_v1,
dataflow,WB.AFW360:AFW360_HH(0.3.0),R,A,SEN,_T,SURVEY,POP_HH_SH,_Z,_Z,_T,QUINT_Q3,HE_COUNT_1,_T,_T,_T,_Z,_Z,_Z,_Z,_Z,2021,0.46,,,,,,,,,POP_HH_SH.HE_COUNT_1,SHARE,0.01,A,SEN_EHCVM2021_LEGACY_v1,
dataflow,WB.AFW360:AFW360_HH(0.3.0),R,A,SEN,_T,SURVEY,POP_HH_SH,_Z,_Z,_T,QUINT_Q3,HE_COUNT_2,_T,_T,_T,_Z,_Z,_Z,_Z,_Z,2021,0.07,,,,,,,,,POP_HH_SH.HE_COUNT_2,SHARE,0.01,A,SEN_EHCVM2021_LEGACY_v1,
dataflow,WB.AFW360:AFW360_HH(0.3.0),R,A,SEN,_T,SURVEY,POP_HH_SH,_Z,_Z,_T,QUINT_Q3,HE_COUNT_3,_T,_T,_T,_Z,_Z,_Z,_Z,_Z,2021,0.02,,,,,,,,,POP_HH_SH.HE_COUNT_3,SHARE,0.01,A,SEN_EHCVM2021_LEGACY_v1,
dataflow,WB.AFW360:AFW360_HH(0.3.0),R,A,SEN,_T,SURVEY,POP_HH_SH,_Z,_Z,_T,QUINT_Q3,HE_COUNT_4P,_T,_T,_T,_Z,_Z,_Z,_Z,_Z,2021,0.01,,,,,,,,,POP_HH_SH.HE_COUNT_4P,SHARE,0.01,A,SEN_EHCVM2021_LEGACY_v1,
dataflow,WB.AFW360:AFW360_HH(0.3.0),R,A,SEN,_T,SURVEY,POP_HH_SH,_Z,_Z,_T,QUINT_Q4,HE_COUNT_0,_T,_T,_T,_Z,_Z,_Z,_Z,_Z,2021,0.37,,,,,,,,,POP_HH_SH.HE_COUNT_0,SHARE,0.01,A,SEN_EHCVM2021_LEGACY_v1,
dataflow,WB.AFW360:AFW360_HH(0.3.0),R,A,SEN,_T,SURVEY,POP_HH_SH,_Z,_Z,_T,QUINT_Q4,HE_COUNT_1,_T,_T,_T,_Z,_Z,_Z,_Z,_Z,2021,0.51,,,,,,,,,POP_HH_SH.HE_COUNT_1,SHARE,0.01,A,SEN_EHCVM2021_LEGACY_v1,
dataflow,WB.AFW360:AFW360_HH(0.3.0),R,A,SEN,_T,SURVEY,POP_HH_SH,_Z,_Z,_T,QUINT_Q4,HE_COUNT_2,_T,_T,_T,_Z,_Z,_Z,_Z,_Z,2021,0.09,,,,,,,,,POP_HH_SH.HE_COUNT_2,SHARE,0.01,A,SEN_EHCVM2021_LEGACY_v1,
dataflow,WB.AFW360:AFW360_HH(0.3.0),R,A,SEN,_T,SURVEY,POP_HH_SH,_Z,_Z,_T,QUINT_Q4,HE_COUNT_3,_T,_T,_T,_Z,_Z,_Z,_Z,_Z,2021,0.02,,,,,,,,,POP_HH_SH.HE_COUNT_3,SHARE,0.01,A,SEN_EHCVM2021_LEGACY_v1,
dataflow,WB.AFW360:AFW360_HH(0.3.0),R,A,SEN,_T,SURVEY,POP_HH_SH,_Z,_Z,_T,QUINT_Q4,HE_COUNT_4P,_T,_T,_T,_Z,_Z,_Z,_Z,_Z,2021,0,,,,,,,,,POP_HH_SH.HE_COUNT_4P,SHARE,0.01,A,SEN_EHCVM2021_LEGACY_v1,
dataflow,WB.AFW360:AFW360_HH(0.3.0),R,A,SEN,_T,SURVEY,POP_HH_SH,_Z,_Z,_T,QUINT_Q5,HE_COUNT_0,_T,_T,_T,_Z,_Z,_Z,_Z,_Z,2021,0.47,,,,,,,,,POP_HH_SH.HE_COUNT_0,SHARE,0.01,A,SEN_EHCVM2021_LEGACY_v1,
dataflow,WB.AFW360:AFW360_HH(0.3.0),R,A,SEN,_T,SURVEY,POP_HH_SH,_Z,_Z,_T,QUINT_Q5,HE_COUNT_1,_T,_T,_T,_Z,_Z,_Z,_Z,_Z,2021,0.49,,,,,,,,,POP_HH_SH.HE_COUNT_1,SHARE,0.01,A,SEN_EHCVM2021_LEGACY_v1,
dataflow,WB.AFW360:AFW360_HH(0.3.0),R,A,SEN,_T,SURVEY,POP_HH_SH,_Z,_Z,_T,QUINT_Q5,HE_COUNT_2,_T,_T,_T,_Z,_Z,_Z,_Z,_Z,2021,0.02,,,,,,,,,POP_HH_SH.HE_COUNT_2,SHARE,0.01,A,SEN_EHCVM2021_LEGACY_v1,
dataflow,WB.AFW360:AFW360_HH(0.3.0),R,A,SEN,_T,SURVEY,POP_HH_SH,_Z,_Z,_T,QUINT_Q5,HE_COUNT_3,_T,_T,_T,_Z,_Z,_Z,_Z,_Z,2021,0.02,,,,,,,,,POP_HH_SH.HE_COUNT_3,SHARE,0.01,A,SEN_EHCVM2021_LEGACY_v1,
dataflow,WB.AFW360:AFW360_HH(0.3.0),R,A,SEN,_T,SURVEY,POP_HH_SH,_Z,_Z,_T,QUINT_Q5,HE_COUNT_4P,_T,_T,_T,_Z,_Z,_Z,_Z,_Z,2021,0,,,,,,,,,POP_HH_SH.HE_COUNT_4P,SHARE,0.01,A,SEN_EHCVM2021_LEGACY_v1,
dataflow,WB.AFW360:AFW360_HH(0.3.0),R,A,SEN,_T,SURVEY,POP_SH,_T,_T,CAP,EMP_FORMAL_N,_T,_T,_T,_T,_Z,_Z,_Z,_Z,_Z,2021,0.48,,,,,,,,,POP_SH.EMP_FORMAL_N,SHARE,0.01,A,SEN_EHCVM2021_LEGACY_v1,
dataflow,WB.AFW360:AFW360_HH(0.3.0),R,A,SEN,_T,SURVEY,POP_SH,_T,_T,CAP,EMP_ISIC_G,_T,_T,_T,_T,_Z,_Z,_Z,_Z,_Z,2021,0.22,,,,,,,,,POP_SH.EMP_ISIC_G,SHARE,0.01,A,SEN_EHCVM2021_LEGACY_v1,
dataflow,WB.AFW360:AFW360_HH(0.3.0),R,A,SEN,_T,SURVEY,POP_SH,_T,_T,CAP,EMP_ISIC_H,_T,_T,_T,_T,_Z,_Z,_Z,_Z,_Z,2021,0.07,,,,,,,,,POP_SH.EMP_ISIC_H,SHARE,0.01,A,SEN_EHCVM2021_LEGACY_v1,
dataflow,WB.AFW360:AFW360_HH(0.3.0),R,A,SEN,_T,SURVEY,POP_SH,_T,_T,CAP,EMP_SECTOR_AGR,_T,_T,_T,_T,_Z,_Z,_Z,_Z,_Z,2021,0.03,,,,,,,,,POP_SH.EMP_SECTOR_AGR,SHARE,0.01,A,SEN_EHCVM2021_LEGACY_v1,
dataflow,WB.AFW360:AFW360_HH(0.3.0),R,A,SEN,_T,SURVEY,POP_SH,_T,_T,CAP,EMP_SECTOR_IND,_T,_T,_T,_T,_Z,_Z,_Z,_Z,_Z,2021,0.32,,,,,,,,,POP_SH.EMP_SECTOR_IND,SHARE,0.01,A,SEN_EHCVM2021_LEGACY_v1,
dataflow,WB.AFW360:AFW360_HH(0.3.0),R,A,SEN,_T,SURVEY,POP_SH,_T,_T,CAP,EMP_SECTOR_SER,_T,_T,_T,_T,_Z,_Z,_Z,_Z,_Z,2021,0.65,,,,,,,,,POP_SH.EMP_SECTOR_SER,SHARE,0.01,A,SEN_EHCVM2021_LEGACY_v1,
dataflow,WB.AFW360:AFW360_HH(0.3.0),R,A,SEN,_T,SURVEY,POP_SH,_T,_T,CAP,EMP_STATUS_EMPLOYED,_T,_T,_T,_T,_Z,_Z,_Z,_Z,_Z,2021,0.56,,,,,,,,,POP_SH.EMP_STATUS_EMPLOYED,SHARE,0.01,A,SEN_EHCVM2021_LEGACY_v1,
dataflow,WB.AFW360:AFW360_HH(0.3.0),R,A,SEN,_T,SURVEY,POP_SH,_T,_T,CAP,EMP_TYPE_NONWAGE,_T,_T,_T,_T,_Z,_Z,_Z,_Z,_Z,2021,0.5,,,,,,,,,POP_SH.EMP_TYPE_NONWAGE,SHARE,0.01,A,SEN_EHCVM2021_LEGACY_v1,
dataflow,WB.AFW360:AFW360_HH(0.3.0),R,A,SEN,_T,SURVEY,POP_SH,_T,_T,CAP,EMP_TYPE_WAGE,_T,_T,_T,_T,_Z,_Z,_Z,_Z,_Z,2021,0.5,,,,,,,,,POP_SH.EMP_TYPE_WAGE,SHARE,0.01,A,SEN_EHCVM2021_LEGACY_v1,
dataflow,WB.AFW360:AFW360_HH(0.3.0),R,A,SEN,_T,SURVEY,POP_SH,_T,_T,OU,EMP_FORMAL_N,_T,_T,_T,_T,_Z,_Z,_Z,_Z,_Z,2021,0.63,,,,,,,,,POP_SH.EMP_FORMAL_N,SHARE,0.01,A,SEN_EHCVM2021_LEGACY_v1,
dataflow,WB.AFW360:AFW360_HH(0.3.0),R,A,SEN,_T,SURVEY,POP_SH,_T,_T,OU,EMP_ISIC_G,_T,_T,_T,_T,_Z,_Z,_Z,_Z,_Z,2021,0.23,,,,,,,,,POP_SH.EMP_ISIC_G,SHARE,0.01,A,SEN_EHCVM2021_LEGACY_v1,
dataflow,WB.AFW360:AFW360_HH(0.3.0),R,A,SEN,_T,SURVEY,POP_SH,_T,_T,OU,EMP_ISIC_H,_T,_T,_T,_T,_Z,_Z,_Z,_Z,_Z,2021,0.08,,,,,,,,,POP_SH.EMP_ISIC_H,SHARE,0.01,A,SEN_EHCVM2021_LEGACY_v1,
dataflow,WB.AFW360:AFW360_HH(0.3.0),R,A,SEN,_T,SURVEY,POP_SH,_T,_T,OU,EMP_SECTOR_AGR,_T,_T,_T,_T,_Z,_Z,_Z,_Z,_Z,2021,0.15,,,,,,,,,POP_SH.EMP_SECTOR_AGR,SHARE,0.01,A,SEN_EHCVM2021_LEGACY_v1,
dataflow,WB.AFW360:AFW360_HH(0.3.0),R,A,SEN,_T,SURVEY,POP_SH,_T,_T,OU,EMP_SECTOR_IND,_T,_T,_T,_T,_Z,_Z,_Z,_Z,_Z,2021,0.31,,,,,,,,,POP_SH.EMP_SECTOR_IND,SHARE,0.01,A,SEN_EHCVM2021_LEGACY_v1,
dataflow,WB.AFW360:AFW360_HH(0.3.0),R,A,SEN,_T,SURVEY,POP_SH,_T,_T,OU,EMP_SECTOR_SER,_T,_T,_T,_T,_Z,_Z,_Z,_Z,_Z,2021,0.54,,,,,,,,,POP_SH.EMP_SECTOR_SER,SHARE,0.01,A,SEN_EHCVM2021_LEGACY_v1,
dataflow,WB.AFW360:AFW360_HH(0.3.0),R,A,SEN,_T,SURVEY,POP_SH,_T,_T,OU,EMP_STATUS_EMPLOYED,_T,_T,_T,_T,_Z,_Z,_Z,_Z,_Z,2021,0.52,,,,,,,,,POP_SH.EMP_STATUS_EMPLOYED,SHARE,0.01,A,SEN_EHCVM2021_LEGACY_v1,
dataflow,WB.AFW360:AFW360_HH(0.3.0),R,A,SEN,_T,SURVEY,POP_SH,_T,_T,OU,EMP_TYPE_NONWAGE,_T,_T,_T,_T,_Z,_Z,_Z,_Z,_Z,2021,0.64,,,,,,,,,POP_SH.EMP_TYPE_NONWAGE,SHARE,0.01,A,SEN_EHCVM2021_LEGACY_v1,
dataflow,WB.AFW360:AFW360_HH(0.3.0),R,A,SEN,_T,SURVEY,POP_SH,_T,_T,OU,EMP_TYPE_WAGE,_T,_T,_T,_T,_Z,_Z,_Z,_Z,_Z,2021,0.36,,,,,,,,,POP_SH.EMP_TYPE_WAGE,SHARE,0.01,A,SEN_EHCVM2021_LEGACY_v1,
dataflow,WB.AFW360:AFW360_HH(0.3.0),R,A,SEN,_T,SURVEY,POP_SH,_T,_T,R,EMP_FORMAL_N,_T,_T,_T,_T,_Z,_Z,_Z,_Z,_Z,2021,0.83,,,,,,,,,POP_SH.EMP_FORMAL_N,SHARE,0.01,A,SEN_EHCVM2021_LEGACY_v1,
dataflow,WB.AFW360:AFW360_HH(0.3.0),R,A,SEN,_T,SURVEY,POP_SH,_T,_T,R,EMP_ISIC_G,_T,_T,_T,_T,_Z,_Z,_Z,_Z,_Z,2021,0.15,,,,,,,,,POP_SH.EMP_ISIC_G,SHARE,0.01,A,SEN_EHCVM2021_LEGACY_v1,
dataflow,WB.AFW360:AFW360_HH(0.3.0),R,A,SEN,_T,SURVEY,POP_SH,_T,_T,R,EMP_ISIC_H,_T,_T,_T,_T,_Z,_Z,_Z,_Z,_Z,2021,0.04,,,,,,,,,POP_SH.EMP_ISIC_H,SHARE,0.01,A,SEN_EHCVM2021_LEGACY_v1,
dataflow,WB.AFW360:AFW360_HH(0.3.0),R,A,SEN,_T,SURVEY,POP_SH,_T,_T,R,EMP_SECTOR_AGR,_T,_T,_T,_T,_Z,_Z,_Z,_Z,_Z,2021,0.53,,,,,,,,,POP_SH.EMP_SECTOR_AGR,SHARE,0.01,A,SEN_EHCVM2021_LEGACY_v1,
dataflow,WB.AFW360:AFW360_HH(0.3.0),R,A,SEN,_T,SURVEY,POP_SH,_T,_T,R,EMP_SECTOR_IND,_T,_T,_T,_T,_Z,_Z,_Z,_Z,_Z,2021,0.18,,,,,,,,,POP_SH.EMP_SECTOR_IND,SHARE,0.01,A,SEN_EHCVM2021_LEGACY_v1,
dataflow,WB.AFW360:AFW360_HH(0.3.0),R,A,SEN,_T,SURVEY,POP_SH,_T,_T,R,EMP_SECTOR_SER,_T,_T,_T,_T,_Z,_Z,_Z,_Z,_Z,2021,0.29,,,,,,,,,POP_SH.EMP_SECTOR_SER,SHARE,0.01,A,SEN_EHCVM2021_LEGACY_v1,
dataflow,WB.AFW360:AFW360_HH(0.3.0),R,A,SEN,_T,SURVEY,POP_SH,_T,_T,R,EMP_STATUS_EMPLOYED,_T,_T,_T,_T,_Z,_Z,_Z,_Z,_Z,2021,0.61,,,,,,,,,POP_SH.EMP_STATUS_EMPLOYED,SHARE,0.01,A,SEN_EHCVM2021_LEGACY_v1,
dataflow,WB.AFW360:AFW360_HH(0.3.0),R,A,SEN,_T,SURVEY,POP_SH,_T,_T,R,EMP_TYPE_NONWAGE,_T,_T,_T,_T,_Z,_Z,_Z,_Z,_Z,2021,0.83,,,,,,,,,POP_SH.EMP_TYPE_NONWAGE,SHARE,0.01,A,SEN_EHCVM2021_LEGACY_v1,
dataflow,WB.AFW360:AFW360_HH(0.3.0),R,A,SEN,_T,SURVEY,POP_SH,_T,_T,R,EMP_TYPE_WAGE,_T,_T,_T,_T,_Z,_Z,_Z,_Z,_Z,2021,0.17,,,,,,,,,POP_SH.EMP_TYPE_WAGE,SHARE,0.01,A,SEN_EHCVM2021_LEGACY_v1,
dataflow,WB.AFW360:AFW360_HH(0.3.0),R,A,SEN,_T,SURVEY,POP_SH,_T,_T,_T,EMP_FORMAL_N,_T,_T,_T,_T,_Z,_Z,_Z,_Z,_Z,2021,0.7,,,,,,,,,POP_SH.EMP_FORMAL_N,SHARE,0.01,A,SEN_EHCVM2021_LEGACY_v1,
dataflow,WB.AFW360:AFW360_HH(0.3.0),R,A,SEN,_T,SURVEY,POP_SH,_T,_T,_T,EMP_ISIC_G,_T,_T,_T,_T,_Z,_Z,_Z,_Z,_Z,2021,0.19,,,,,,,,,POP_SH.EMP_ISIC_G,SHARE,0.01,A,SEN_EHCVM2021_LEGACY_v1,
dataflow,WB.AFW360:AFW360_HH(0.3.0),R,A,SEN,_T,SURVEY,POP_SH,_T,_T,_T,EMP_ISIC_H,_T,_T,_T,_T,_Z,_Z,_Z,_Z,_Z,2021,0.06,,,,,,,,,POP_SH.EMP_ISIC_H,SHARE,0.01,A,SEN_EHCVM2021_LEGACY_v1,
dataflow,WB.AFW360:AFW360_HH(0.3.0),R,A,SEN,_T,SURVEY,POP_SH,_T,_T,_T,EMP_SECTOR_AGR,_T,_T,_T,_T,_Z,_Z,_Z,_Z,_Z,2021,0.3,,,,,,,,,POP_SH.EMP_SECTOR_AGR,SHARE,0.01,A,SEN_EHCVM2021_LEGACY_v1,
dataflow,WB.AFW360:AFW360_HH(0.3.0),R,A,SEN,_T,SURVEY,POP_SH,_T,_T,_T,EMP_SECTOR_IND,_T,_T,_T,_T,_Z,_Z,_Z,_Z,_Z,2021,0.25,,,,,,,,,POP_SH.EMP_SECTOR_IND,SHARE,0.01,A,SEN_EHCVM2021_LEGACY_v1,
dataflow,WB.AFW360:AFW360_HH(0.3.0),R,A,SEN,_T,SURVEY,POP_SH,_T,_T,_T,EMP_SECTOR_SER,_T,_T,_T,_T,_Z,_Z,_Z,_Z,_Z,2021,0.45,,,,,,,,,POP_SH.EMP_SECTOR_SER,SHARE,0.01,A,SEN_EHCVM2021_LEGACY_v1,
dataflow,WB.AFW360:AFW360_HH(0.3.0),R,A,SEN,_T,SURVEY,POP_SH,_T,_T,_T,EMP_STATUS_EMPLOYED,_T,_T,_T,_T,_Z,_Z,_Z,_Z,_Z,2021,0.57,,,,,,,,,POP_SH.EMP_STATUS_EMPLOYED,SHARE,0.01,A,SEN_EHCVM2021_LEGACY_v1,
dataflow,WB.AFW360:AFW360_HH(0.3.0),R,A,SEN,_T,SURVEY,POP_SH,_T,_T,_T,EMP_TYPE_NONWAGE,_T,_T,_T,_T,_Z,_Z,_Z,_Z,_Z,2021,0.7,,,,,,,,,POP_SH.EMP_TYPE_NONWAGE,SHARE,0.01,A,SEN_EHCVM2021_LEGACY_v1,
dataflow,WB.AFW360:AFW360_HH(0.3.0),R,A,SEN,_T,SURVEY,POP_SH,_T,_T,_T,EMP_TYPE_WAGE,_T,_T,_T,_T,_Z,_Z,_Z,_Z,_Z,2021,0.3,,,,,,,,,POP_SH.EMP_TYPE_WAGE,SHARE,0.01,A,SEN_EHCVM2021_LEGACY_v1,
dataflow,WB.AFW360:AFW360_HH(0.3.0),R,A,SEN,_T,SURVEY,POP_SH,_T,_T,_T,HHH_AGE_GE35,EMP_FORMAL_N,_T,_T,_T,_Z,_Z,_Z,_Z,_Z,2021,0.7,,,,,,,,,POP_SH.EMP_FORMAL_N,SHARE,0.01,A,SEN_EHCVM2021_LEGACY_v1,
dataflow,WB.AFW360:AFW360_HH(0.3.0),R,A,SEN,_T,SURVEY,POP_SH,_T,_T,_T,HHH_AGE_GE35,EMP_ISIC_G,_T,_T,_T,_Z,_Z,_Z,_Z,_Z,2021,0.18,,,,,,,,,POP_SH.EMP_ISIC_G,SHARE,0.01,A,SEN_EHCVM2021_LEGACY_v1,
dataflow,WB.AFW360:AFW360_HH(0.3.0),R,A,SEN,_T,SURVEY,POP_SH,_T,_T,_T,HHH_AGE_GE35,EMP_ISIC_H,_T,_T,_T,_Z,_Z,_Z,_Z,_Z,2021,0.06,,,,,,,,,POP_SH.EMP_ISIC_H,SHARE,0.01,A,SEN_EHCVM2021_LEGACY_v1,
dataflow,WB.AFW360:AFW360_HH(0.3.0),R,A,SEN,_T,SURVEY,POP_SH,_T,_T,_T,HHH_AGE_GE35,EMP_SECTOR_AGR,_T,_T,_T,_Z,_Z,_Z,_Z,_Z,2021,0.26,,,,,,,,,POP_SH.EMP_SECTOR_AGR,SHARE,0.01,A,SEN_EHCVM2021_LEGACY_v1,
dataflow,WB.AFW360:AFW360_HH(0.3.0),R,A,SEN,_T,SURVEY,POP_SH,_T,_T,_T,HHH_AGE_GE35,EMP_SECTOR_IND,_T,_T,_T,_Z,_Z,_Z,_Z,_Z,2021,0.23,,,,,,,,,POP_SH.EMP_SECTOR_IND,SHARE,0.01,A,SEN_EHCVM2021_LEGACY_v1,
dataflow,WB.AFW360:AFW360_HH(0.3.0),R,A,SEN,_T,SURVEY,POP_SH,_T,_T,_T,HHH_AGE_GE35,EMP_SECTOR_SER,_T,_T,_T,_Z,_Z,_Z,_Z,_Z,2021,0.51,,,,,,,,,POP_SH.EMP_SECTOR_SER,SHARE,0.01,A,SEN_EHCVM2021_LEGACY_v1,
dataflow,WB.AFW360:AFW360_HH(0.3.0),R,A,SEN,_T,SURVEY,POP_SH,_T,_T,_T,HHH_AGE_GE35,EMP_STATUS_EMPLOYED,_T,_T,_T,_Z,_Z,_Z,_Z,_Z,2021,0.75,,,,,,,,,POP_SH.EMP_STATUS_EMPLOYED,SHARE,0.01,A,SEN_EHCVM2021_LEGACY_v1,
dataflow,WB.AFW360:AFW360_HH(0.3.0),R,A,SEN,_T,SURVEY,POP_SH,_T,_T,_T,HHH_AGE_GE35,EMP_TYPE_NONWAGE,_T,_T,_T,_Z,_Z,_Z,_Z,_Z,2021,0.72,,,,,,,,,POP_SH.EMP_TYPE_NONWAGE,SHARE,0.01,A,SEN_EHCVM2021_LEGACY_v1,
dataflow,WB.AFW360:AFW360_HH(0.3.0),R,A,SEN,_T,SURVEY,POP_SH,_T,_T,_T,HHH_AGE_GE35,EMP_TYPE_WAGE,_T,_T,_T,_Z,_Z,_Z,_Z,_Z,2021,0.28,,,,,,,,,POP_SH.EMP_TYPE_WAGE,SHARE,0.01,A,SEN_EHCVM2021_LEGACY_v1,
dataflow,WB.AFW360:AFW360_HH(0.3.0),R,A,SEN,_T,SURVEY,POP_SH,_T,_T,_T,HHH_AGE_LT35,EMP_FORMAL_N,_T,_T,_T,_Z,_Z,_Z,_Z,_Z,2021,0.76,,,,,,,,,POP_SH.EMP_FORMAL_N,SHARE,0.01,A,SEN_EHCVM2021_LEGACY_v1,
dataflow,WB.AFW360:AFW360_HH(0.3.0),R,A,SEN,_T,SURVEY,POP_SH,_T,_T,_T,HHH_AGE_LT35,EMP_ISIC_G,_T,_T,_T,_Z,_Z,_Z,_Z,_Z,2021,0.22,,,,,,,,,POP_SH.EMP_ISIC_G,SHARE,0.01,A,SEN_EHCVM2021_LEGACY_v1,
dataflow,WB.AFW360:AFW360_HH(0.3.0),R,A,SEN,_T,SURVEY,POP_SH,_T,_T,_T,HHH_AGE_LT35,EMP_ISIC_H,_T,_T,_T,_Z,_Z,_Z,_Z,_Z,2021,0.05,,,,,,,,,POP_SH.EMP_ISIC_H,SHARE,0.01,A,SEN_EHCVM2021_LEGACY_v1,
dataflow,WB.AFW360:AFW360_HH(0.3.0),R,A,SEN,_T,SURVEY,POP_SH,_T,_T,_T,HHH_AGE_LT35,EMP_SECTOR_AGR,_T,_T,_T,_Z,_Z,_Z,_Z,_Z,2021,0.34,,,,,,,,,POP_SH.EMP_SECTOR_AGR,SHARE,0.01,A,SEN_EHCVM2021_LEGACY_v1,
dataflow,WB.AFW360:AFW360_HH(0.3.0),R,A,SEN,_T,SURVEY,POP_SH,_T,_T,_T,HHH_AGE_LT35,EMP_SECTOR_IND,_T,_T,_T,_Z,_Z,_Z,_Z,_Z,2021,0.28,,,,,,,,,POP_SH.EMP_SECTOR_IND,SHARE,0.01,A,SEN_EHCVM2021_LEGACY_v1,
dataflow,WB.AFW360:AFW360_HH(0.3.0),R,A,SEN,_T,SURVEY,POP_SH,_T,_T,_T,HHH_AGE_LT35,EMP_SECTOR_SER,_T,_T,_T,_Z,_Z,_Z,_Z,_Z,2021,0.39,,,,,,,,,POP_SH.EMP_SECTOR_SER,SHARE,0.01,A,SEN_EHCVM2021_LEGACY_v1,
dataflow,WB.AFW360:AFW360_HH(0.3.0),R,A,SEN,_T,SURVEY,POP_SH,_T,_T,_T,HHH_AGE_LT35,EMP_STATUS_EMPLOYED,_T,_T,_T,_Z,_Z,_Z,_Z,_Z,2021,0.46,,,,,,,,,POP_SH.EMP_STATUS_EMPLOYED,SHARE,0.01,A,SEN_EHCVM2021_LEGACY_v1,
dataflow,WB.AFW360:AFW360_HH(0.3.0),R,A,SEN,_T,SURVEY,POP_SH,_T,_T,_T,HHH_AGE_LT35,EMP_TYPE_NONWAGE,_T,_T,_T,_Z,_Z,_Z,_Z,_Z,2021,0.67,,,,,,,,,POP_SH.EMP_TYPE_NONWAGE,SHARE,0.01,A,SEN_EHCVM2021_LEGACY_v1,
dataflow,WB.AFW360:AFW360_HH(0.3.0),R,A,SEN,_T,SURVEY,POP_SH,_T,_T,_T,HHH_AGE_LT35,EMP_TYPE_WAGE,_T,_T,_T,_Z,_Z,_Z,_Z,_Z,2021,0.33,,,,,,,,,POP_SH.EMP_TYPE_WAGE,SHARE,0.01,A,SEN_EHCVM2021_LEGACY_v1,
dataflow,WB.AFW360:AFW360_HH(0.3.0),R,A,SEN,_T,SURVEY,POP_SH,_T,_T,_T,HHH_SEX_F,EMP_FORMAL_N,_T,_T,_T,_Z,_Z,_Z,_Z,_Z,2021,0.65,,,,,,,,,POP_SH.EMP_FORMAL_N,SHARE,0.01,A,SEN_EHCVM2021_LEGACY_v1,
dataflow,WB.AFW360:AFW360_HH(0.3.0),R,A,SEN,_T,SURVEY,POP_SH,_T,_T,_T,HHH_SEX_F,EMP_ISIC_G,_T,_T,_T,_Z,_Z,_Z,_Z,_Z,2021,0.24,,,,,,,,,POP_SH.EMP_ISIC_G,SHARE,0.01,A,SEN_EHCVM2021_LEGACY_v1,
dataflow,WB.AFW360:AFW360_HH(0.3.0),R,A,SEN,_T,SURVEY,POP_SH,_T,_T,_T,HHH_SEX_F,EMP_ISIC_H,_T,_T,_T,_Z,_Z,_Z,_Z,_Z,2021,0.06,,,,,,,,,POP_SH.EMP_ISIC_H,SHARE,0.01,A,SEN_EHCVM2021_LEGACY_v1,
dataflow,WB.AFW360:AFW360_HH(0.3.0),R,A,SEN,_T,SURVEY,POP_SH,_T,_T,_T,HHH_SEX_F,EMP_SECTOR_AGR,_T,_T,_T,_Z,_Z,_Z,_Z,_Z,2021,0.26,,,,,,,,,POP_SH.EMP_SECTOR_AGR,SHARE,0.01,A,SEN_EHCVM2021_LEGACY_v1,
dataflow,WB.AFW360:AFW360_HH(0.3.0),R,A,SEN,_T,SURVEY,POP_SH,_T,_T,_T,HHH_SEX_F,EMP_SECTOR_IND,_T,_T,_T,_Z,_Z,_Z,_Z,_Z,2021,0.18,,,,,,,,,POP_SH.EMP_SECTOR_IND,SHARE,0.01,A,SEN_EHCVM2021_LEGACY_v1,
dataflow,WB.AFW360:AFW360_HH(0.3.0),R,A,SEN,_T,SURVEY,POP_SH,_T,_T,_T,HHH_SEX_F,EMP_SECTOR_SER,_T,_T,_T,_Z,_Z,_Z,_Z,_Z,2021,0.57,,,,,,,,,POP_SH.EMP_SECTOR_SER,SHARE,0.01,A,SEN_EHCVM2021_LEGACY_v1,
dataflow,WB.AFW360:AFW360_HH(0.3.0),R,A,SEN,_T,SURVEY,POP_SH,_T,_T,_T,HHH_SEX_F,EMP_STATUS_EMPLOYED,_T,_T,_T,_Z,_Z,_Z,_Z,_Z,2021,0.45,,,,,,,,,POP_SH.EMP_STATUS_EMPLOYED,SHARE,0.01,A,SEN_EHCVM2021_LEGACY_v1,
dataflow,WB.AFW360:AFW360_HH(0.3.0),R,A,SEN,_T,SURVEY,POP_SH,_T,_T,_T,HHH_SEX_F,EMP_TYPE_NONWAGE,_T,_T,_T,_Z,_Z,_Z,_Z,_Z,2021,0.78,,,,,,,,,POP_SH.EMP_TYPE_NONWAGE,SHARE,0.01,A,SEN_EHCVM2021_LEGACY_v1,
dataflow,WB.AFW360:AFW360_HH(0.3.0),R,A,SEN,_T,SURVEY,POP_SH,_T,_T,_T,HHH_SEX_F,EMP_TYPE_WAGE,_T,_T,_T,_Z,_Z,_Z,_Z,_Z,2021,0.22,,,,,,,,,POP_SH.EMP_TYPE_WAGE,SHARE,0.01,A,SEN_EHCVM2021_LEGACY_v1,
dataflow,WB.AFW360:AFW360_HH(0.3.0),R,A,SEN,_T,SURVEY,POP_SH,_T,_T,_T,HHH_SEX_M,EMP_FORMAL_N,_T,_T,_T,_Z,_Z,_Z,_Z,_Z,2021,0.72,,,,,,,,,POP_SH.EMP_FORMAL_N,SHARE,0.01,A,SEN_EHCVM2021_LEGACY_v1,
dataflow,WB.AFW360:AFW360_HH(0.3.0),R,A,SEN,_T,SURVEY,POP_SH,_T,_T,_T,HHH_SEX_M,EMP_ISIC_G,_T,_T,_T,_Z,_Z,_Z,_Z,_Z,2021,0.17,,,,,,,,,POP_SH.EMP_ISIC_G,SHARE,0.01,A,SEN_EHCVM2021_LEGACY_v1,
dataflow,WB.AFW360:AFW360_HH(0.3.0),R,A,SEN,_T,SURVEY,POP_SH,_T,_T,_T,HHH_SEX_M,EMP_ISIC_H,_T,_T,_T,_Z,_Z,_Z,_Z,_Z,2021,0.05,,,,,,,,,POP_SH.EMP_ISIC_H,SHARE,0.01,A,SEN_EHCVM2021_LEGACY_v1,
dataflow,WB.AFW360:AFW360_HH(0.3.0),R,A,SEN,_T,SURVEY,POP_SH,_T,_T,_T,HHH_SEX_M,EMP_SECTOR_AGR,_T,_T,_T,_Z,_Z,_Z,_Z,_Z,2021,0.33,,,,,,,,,POP_SH.EMP_SECTOR_AGR,SHARE,0.01,A,SEN_EHCVM2021_LEGACY_v1,
dataflow,WB.AFW360:AFW360_HH(0.3.0),R,A,SEN,_T,SURVEY,POP_SH,_T,_T,_T,HHH_SEX_M,EMP_SECTOR_IND,_T,_T,_T,_Z,_Z,_Z,_Z,_Z,2021,0.31,,,,,,,,,POP_SH.EMP_SECTOR_IND,SHARE,0.01,A,SEN_EHCVM2021_LEGACY_v1,
dataflow,WB.AFW360:AFW360_HH(0.3.0),R,A,SEN,_T,SURVEY,POP_SH,_T,_T,_T,HHH_SEX_M,EMP_SECTOR_SER,_T,_T,_T,_Z,_Z,_Z,_Z,_Z,2021,0.36,,,,,,,,,POP_SH.EMP_SECTOR_SER,SHARE,0.01,A,SEN_EHCVM2021_LEGACY_v1,
dataflow,WB.AFW360:AFW360_HH(0.3.0),R,A,SEN,_T,SURVEY,POP_SH,_T,_T,_T,HHH_SEX_M,EMP_STATUS_EMPLOYED,_T,_T,_T,_Z,_Z,_Z,_Z,_Z,2021,0.74,,,,,,,,,POP_SH.EMP_STATUS_EMPLOYED,SHARE,0.01,A,SEN_EHCVM2021_LEGACY_v1,
dataflow,WB.AFW360:AFW360_HH(0.3.0),R,A,SEN,_T,SURVEY,POP_SH,_T,_T,_T,HHH_SEX_M,EMP_TYPE_NONWAGE,_T,_T,_T,_Z,_Z,_Z,_Z,_Z,2021,0.63,,,,,,,,,POP_SH.EMP_TYPE_NONWAGE,SHARE,0.01,A,SEN_EHCVM2021_LEGACY_v1,
dataflow,WB.AFW360:AFW360_HH(0.3.0),R,A,SEN,_T,SURVEY,POP_SH,_T,_T,_T,HHH_SEX_M,EMP_TYPE_WAGE,_T,_T,_T,_Z,_Z,_Z,_Z,_Z,2021,0.37,,,,,,,,,POP_SH.EMP_TYPE_WAGE,SHARE,0.01,A,SEN_EHCVM2021_LEGACY_v1,
dataflow,WB.AFW360:AFW360_HH(0.3.0),R,A,SEN,_T,SURVEY,POP_SH,_T,_T,_T,QUINT_Q1,EMP_FORMAL_N,_T,_T,_T,_Z,_Z,_Z,_Z,_Z,2021,0.83,,,,,,,,,POP_SH.EMP_FORMAL_N,SHARE,0.01,A,SEN_EHCVM2021_LEGACY_v1,
dataflow,WB.AFW360:AFW360_HH(0.3.0),R,A,SEN,_T,SURVEY,POP_SH,_T,_T,_T,QUINT_Q1,EMP_ISIC_G,_T,_T,_T,_Z,_Z,_Z,_Z,_Z,2021,0.1,,,,,,,,,POP_SH.EMP_ISIC_G,SHARE,0.01,A,SEN_EHCVM2021_LEGACY_v1,
dataflow,WB.AFW360:AFW360_HH(0.3.0),R,A,SEN,_T,SURVEY,POP_SH,_T,_T,_T,QUINT_Q1,EMP_ISIC_H,_T,_T,_T,_Z,_Z,_Z,_Z,_Z,2021,0.04,,,,,,,,,POP_SH.EMP_ISIC_H,SHARE,0.01,A,SEN_EHCVM2021_LEGACY_v1,
dataflow,WB.AFW360:AFW360_HH(0.3.0),R,A,SEN,_T,SURVEY,POP_SH,_T,_T,_T,QUINT_Q1,EMP_SECTOR_AGR,_T,_T,_T,_Z,_Z,_Z,_Z,_Z,2021,0.64,,,,,,,,,POP_SH.EMP_SECTOR_AGR,SHARE,0.01,A,SEN_EHCVM2021_LEGACY_v1,
dataflow,WB.AFW360:AFW360_HH(0.3.0),R,A,SEN,_T,SURVEY,POP_SH,_T,_T,_T,QUINT_Q1,EMP_SECTOR_IND,_T,_T,_T,_Z,_Z,_Z,_Z,_Z,2021,0.15,,,,,,,,,POP_SH.EMP_SECTOR_IND,SHARE,0.01,A,SEN_EHCVM2021_LEGACY_v1,
dataflow,WB.AFW360:AFW360_HH(0.3.0),R,A,SEN,_T,SURVEY,POP_SH,_T,_T,_T,QUINT_Q1,EMP_SECTOR_SER,_T,_T,_T,_Z,_Z,_Z,_Z,_Z,2021,0.21,,,,,,,,,POP_SH.EMP_SECTOR_SER,SHARE,0.01,A,SEN_EHCVM2021_LEGACY_v1,
dataflow,WB.AFW360:AFW360_HH(0.3.0),R,A,SEN,_T,SURVEY,POP_SH,_T,_T,_T,QUINT_Q1,EMP_STATUS_EMPLOYED,_T,_T,_T,_Z,_Z,_Z,_Z,_Z,2021,0.59,,,,,,,,,POP_SH.EMP_STATUS_EMPLOYED,SHARE,0.01,A,SEN_EHCVM2021_LEGACY_v1,
dataflow,WB.AFW360:AFW360_HH(0.3.0),R,A,SEN,_T,SURVEY,POP_SH,_T,_T,_T,QUINT_Q1,EMP_TYPE_NONWAGE,_T,_T,_T,_Z,_Z,_Z,_Z,_Z,2021,0.84,,,,,,,,,POP_SH.EMP_TYPE_NONWAGE,SHARE,0.01,A,SEN_EHCVM2021_LEGACY_v1,
dataflow,WB.AFW360:AFW360_HH(0.3.0),R,A,SEN,_T,SURVEY,POP_SH,_T,_T,_T,QUINT_Q1,EMP_TYPE_WAGE,_T,_T,_T,_Z,_Z,_Z,_Z,_Z,2021,0.16,,,,,,,,,POP_SH.EMP_TYPE_WAGE,SHARE,0.01,A,SEN_EHCVM2021_LEGACY_v1,
dataflow,WB.AFW360:AFW360_HH(0.3.0),R,A,SEN,_T,SURVEY,POP_SH,_T,_T,_T,QUINT_Q2,EMP_FORMAL_N,_T,_T,_T,_Z,_Z,_Z,_Z,_Z,2021,0.76,,,,,,,,,POP_SH.EMP_FORMAL_N,SHARE,0.01,A,SEN_EHCVM2021_LEGACY_v1,
dataflow,WB.AFW360:AFW360_HH(0.3.0),R,A,SEN,_T,SURVEY,POP_SH,_T,_T,_T,QUINT_Q2,EMP_ISIC_G,_T,_T,_T,_Z,_Z,_Z,_Z,_Z,2021,0.16,,,,,,,,,POP_SH.EMP_ISIC_G,SHARE,0.01,A,SEN_EHCVM2021_LEGACY_v1,
dataflow,WB.AFW360:AFW360_HH(0.3.0),R,A,SEN,_T,SURVEY,POP_SH,_T,_T,_T,QUINT_Q2,EMP_ISIC_H,_T,_T,_T,_Z,_Z,_Z,_Z,_Z,2021,0.05,,,,,,,,,POP_SH.EMP_ISIC_H,SHARE,0.01,A,SEN_EHCVM2021_LEGACY_v1,
dataflow,WB.AFW360:AFW360_HH(0.3.0),R,A,SEN,_T,SURVEY,POP_SH,_T,_T,_T,QUINT_Q2,EMP_SECTOR_AGR,_T,_T,_T,_Z,_Z,_Z,_Z,_Z,2021,0.43,,,,,,,,,POP_SH.EMP_SECTOR_AGR,SHARE,0.01,A,SEN_EHCVM2021_LEGACY_v1,
dataflow,WB.AFW360:AFW360_HH(0.3.0),R,A,SEN,_T,SURVEY,POP_SH,_T,_T,_T,QUINT_Q2,EMP_SECTOR_IND,_T,_T,_T,_Z,_Z,_Z,_Z,_Z,2021,0.23,,,,,,,,,POP_SH.EMP_SECTOR_IND,SHARE,0.01,A,SEN_EHCVM2021_LEGACY_v1,
dataflow,WB.AFW360:AFW360_HH(0.3.0),R,A,SEN,_T,SURVEY,POP_SH,_T,_T,_T,QUINT_Q2,EMP_SECTOR_SER,_T,_T,_T,_Z,_Z,_Z,_Z,_Z,2021,0.34,,,,,,,,,POP_SH.EMP_SECTOR_SER,SHARE,0.01,A,SEN_EHCVM2021_LEGACY_v1,
dataflow,WB.AFW360:AFW360_HH(0.3.0),R,A,SEN,_T,SURVEY,POP_SH,_T,_T,_T,QUINT_Q2,EMP_STATUS_EMPLOYED,_T,_T,_T,_Z,_Z,_Z,_Z,_Z,2021,0.58,,,,,,,,,POP_SH.EMP_STATUS_EMPLOYED,SHARE,0.01,A,SEN_EHCVM2021_LEGACY_v1,
dataflow,WB.AFW360:AFW360_HH(0.3.0),R,A,SEN,_T,SURVEY,POP_SH,_T,_T,_T,QUINT_Q2,EMP_TYPE_NONWAGE,_T,_T,_T,_Z,_Z,_Z,_Z,_Z,2021,0.77,,,,,,,,,POP_SH.EMP_TYPE_NONWAGE,SHARE,0.01,A,SEN_EHCVM2021_LEGACY_v1,
dataflow,WB.AFW360:AFW360_HH(0.3.0),R,A,SEN,_T,SURVEY,POP_SH,_T,_T,_T,QUINT_Q2,EMP_TYPE_WAGE,_T,_T,_T,_Z,_Z,_Z,_Z,_Z,2021,0.23,,,,,,,,,POP_SH.EMP_TYPE_WAGE,SHARE,0.01,A,SEN_EHCVM2021_LEGACY_v1,
dataflow,WB.AFW360:AFW360_HH(0.3.0),R,A,SEN,_T,SURVEY,POP_SH,_T,_T,_T,QUINT_Q3,EMP_FORMAL_N,_T,_T,_T,_Z,_Z,_Z,_Z,_Z,2021,0.72,,,,,,,,,POP_SH.EMP_FORMAL_N,SHARE,0.01,A,SEN_EHCVM2021_LEGACY_v1,
dataflow,WB.AFW360:AFW360_HH(0.3.0),R,A,SEN,_T,SURVEY,POP_SH,_T,_T,_T,QUINT_Q3,EMP_ISIC_G,_T,_T,_T,_Z,_Z,_Z,_Z,_Z,2021,0.2,,,,,,,,,POP_SH.EMP_ISIC_G,SHARE,0.01,A,SEN_EHCVM2021_LEGACY_v1,
dataflow,WB.AFW360:AFW360_HH(0.3.0),R,A,SEN,_T,SURVEY,POP_SH,_T,_T,_T,QUINT_Q3,EMP_ISIC_H,_T,_T,_T,_Z,_Z,_Z,_Z,_Z,2021,0.06,,,,,,,,,POP_SH.EMP_ISIC_H,SHARE,0.01,A,SEN_EHCVM2021_LEGACY_v1,
dataflow,WB.AFW360:AFW360_HH(0.3.0),R,A,SEN,_T,SURVEY,POP_SH,_T,_T,_T,QUINT_Q3,EMP_SECTOR_AGR,_T,_T,_T,_Z,_Z,_Z,_Z,_Z,2021,0.28,,,,,,,,,POP_SH.EMP_SECTOR_AGR,SHARE,0.01,A,SEN_EHCVM2021_LEGACY_v1,
dataflow,WB.AFW360:AFW360_HH(0.3.0),R,A,SEN,_T,SURVEY,POP_SH,_T,_T,_T,QUINT_Q3,EMP_SECTOR_IND,_T,_T,_T,_Z,_Z,_Z,_Z,_Z,2021,0.29,,,,,,,,,POP_SH.EMP_SECTOR_IND,SHARE,0.01,A,SEN_EHCVM2021_LEGACY_v1,
dataflow,WB.AFW360:AFW360_HH(0.3.0),R,A,SEN,_T,SURVEY,POP_SH,_T,_T,_T,QUINT_Q3,EMP_SECTOR_SER,_T,_T,_T,_Z,_Z,_Z,_Z,_Z,2021,0.42,,,,,,,,,POP_SH.EMP_SECTOR_SER,SHARE,0.01,A,SEN_EHCVM2021_LEGACY_v1,
dataflow,WB.AFW360:AFW360_HH(0.3.0),R,A,SEN,_T,SURVEY,POP_SH,_T,_T,_T,QUINT_Q3,EMP_STATUS_EMPLOYED,_T,_T,_T,_Z,_Z,_Z,_Z,_Z,2021,0.57,,,,,,,,,POP_SH.EMP_STATUS_EMPLOYED,SHARE,0.01,A,SEN_EHCVM2021_LEGACY_v1,
dataflow,WB.AFW360:AFW360_HH(0.3.0),R,A,SEN,_T,SURVEY,POP_SH,_T,_T,_T,QUINT_Q3,EMP_TYPE_NONWAGE,_T,_T,_T,_Z,_Z,_Z,_Z,_Z,2021,0.73,,,,,,,,,POP_SH.EMP_TYPE_NONWAGE,SHARE,0.01,A,SEN_EHCVM2021_LEGACY_v1,
dataflow,WB.AFW360:AFW360_HH(0.3.0),R,A,SEN,_T,SURVEY,POP_SH,_T,_T,_T,QUINT_Q3,EMP_TYPE_WAGE,_T,_T,_T,_Z,_Z,_Z,_Z,_Z,2021,0.27,,,,,,,,,POP_SH.EMP_TYPE_WAGE,SHARE,0.01,A,SEN_EHCVM2021_LEGACY_v1,
dataflow,WB.AFW360:AFW360_HH(0.3.0),R,A,SEN,_T,SURVEY,POP_SH,_T,_T,_T,QUINT_Q4,EMP_FORMAL_N,_T,_T,_T,_Z,_Z,_Z,_Z,_Z,2021,0.65,,,,,,,,,POP_SH.EMP_FORMAL_N,SHARE,0.01,A,SEN_EHCVM2021_LEGACY_v1,
dataflow,WB.AFW360:AFW360_HH(0.3.0),R,A,SEN,_T,SURVEY,POP_SH,_T,_T,_T,QUINT_Q4,EMP_ISIC_G,_T,_T,_T,_Z,_Z,_Z,_Z,_Z,2021,0.22,,,,,,,,,POP_SH.EMP_ISIC_G,SHARE,0.01,A,SEN_EHCVM2021_LEGACY_v1,
dataflow,WB.AFW360:AFW360_HH(0.3.0),R,A,SEN,_T,SURVEY,POP_SH,_T,_T,_T,QUINT_Q4,EMP_ISIC_H,_T,_T,_T,_Z,_Z,_Z,_Z,_Z,2021,0.06,,,,,,,,,POP_SH.EMP_ISIC_H,SHARE,0.01,A,SEN_EHCVM2021_LEGACY_v1,
dataflow,WB.AFW360:AFW360_HH(0.3.0),R,A,SEN,_T,SURVEY,POP_SH,_T,_T,_T,QUINT_Q4,EMP_SECTOR_AGR,_T,_T,_T,_Z,_Z,_Z,_Z,_Z,2021,0.19,,,,,,,,,POP_SH.EMP_SECTOR_AGR,SHARE,0.01,A,SEN_EHCVM2021_LEGACY_v1,
dataflow,WB.AFW360:AFW360_HH(0.3.0),R,A,SEN,_T,SURVEY,POP_SH,_T,_T,_T,QUINT_Q4,EMP_SECTOR_IND,_T,_T,_T,_Z,_Z,_Z,_Z,_Z,2021,0.3,,,,,,,,,POP_SH.EMP_SECTOR_IND,SHARE,0.01,A,SEN_EHCVM2021_LEGACY_v1,
dataflow,WB.AFW360:AFW360_HH(0.3.0),R,A,SEN,_T,SURVEY,POP_SH,_T,_T,_T,QUINT_Q4,EMP_SECTOR_SER,_T,_T,_T,_Z,_Z,_Z,_Z,_Z,2021,0.52,,,,,,,,,POP_SH.EMP_SECTOR_SER,SHARE,0.01,A,SEN_EHCVM2021_LEGACY_v1,
dataflow,WB.AFW360:AFW360_HH(0.3.0),R,A,SEN,_T,SURVEY,POP_SH,_T,_T,_T,QUINT_Q4,EMP_STATUS_EMPLOYED,_T,_T,_T,_Z,_Z,_Z,_Z,_Z,2021,0.55,,,,,,,,,POP_SH.EMP_STATUS_EMPLOYED,SHARE,0.01,A,SEN_EHCVM2021_LEGACY_v1,
dataflow,WB.AFW360:AFW360_HH(0.3.0),R,A,SEN,_T,SURVEY,POP_SH,_T,_T,_T,QUINT_Q4,EMP_TYPE_NONWAGE,_T,_T,_T,_Z,_Z,_Z,_Z,_Z,2021,0.66,,,,,,,,,POP_SH.EMP_TYPE_NONWAGE,SHARE,0.01,A,SEN_EHCVM2021_LEGACY_v1,
dataflow,WB.AFW360:AFW360_HH(0.3.0),R,A,SEN,_T,SURVEY,POP_SH,_T,_T,_T,QUINT_Q4,EMP_TYPE_WAGE,_T,_T,_T,_Z,_Z,_Z,_Z,_Z,2021,0.34,,,,,,,,,POP_SH.EMP_TYPE_WAGE,SHARE,0.01,A,SEN_EHCVM2021_LEGACY_v1,
dataflow,WB.AFW360:AFW360_HH(0.3.0),R,A,SEN,_T,SURVEY,POP_SH,_T,_T,_T,QUINT_Q5,EMP_FORMAL_N,_T,_T,_T,_Z,_Z,_Z,_Z,_Z,2021,0.53,,,,,,,,,POP_SH.EMP_FORMAL_N,SHARE,0.01,A,SEN_EHCVM2021_LEGACY_v1,
dataflow,WB.AFW360:AFW360_HH(0.3.0),R,A,SEN,_T,SURVEY,POP_SH,_T,_T,_T,QUINT_Q5,EMP_ISIC_G,_T,_T,_T,_Z,_Z,_Z,_Z,_Z,2021,0.25,,,,,,,,,POP_SH.EMP_ISIC_G,SHARE,0.01,A,SEN_EHCVM2021_LEGACY_v1,
dataflow,WB.AFW360:AFW360_HH(0.3.0),R,A,SEN,_T,SURVEY,POP_SH,_T,_T,_T,QUINT_Q5,EMP_ISIC_H,_T,_T,_T,_Z,_Z,_Z,_Z,_Z,2021,0.07,,,,,,,,,POP_SH.EMP_ISIC_H,SHARE,0.01,A,SEN_EHCVM2021_LEGACY_v1,
dataflow,WB.AFW360:AFW360_HH(0.3.0),R,A,SEN,_T,SURVEY,POP_SH,_T,_T,_T,QUINT_Q5,EMP_SECTOR_AGR,_T,_T,_T,_Z,_Z,_Z,_Z,_Z,2021,0.09,,,,,,,,,POP_SH.EMP_SECTOR_AGR,SHARE,0.01,A,SEN_EHCVM2021_LEGACY_v1,
dataflow,WB.AFW360:AFW360_HH(0.3.0),R,A,SEN,_T,SURVEY,POP_SH,_T,_T,_T,QUINT_Q5,EMP_SECTOR_IND,_T,_T,_T,_Z,_Z,_Z,_Z,_Z,2021,0.26,,,,,,,,,POP_SH.EMP_SECTOR_IND,SHARE,0.01,A,SEN_EHCVM2021_LEGACY_v1,
dataflow,WB.AFW360:AFW360_HH(0.3.0),R,A,SEN,_T,SURVEY,POP_SH,_T,_T,_T,QUINT_Q5,EMP_SECTOR_SER,_T,_T,_T,_Z,_Z,_Z,_Z,_Z,2021,0.65,,,,,,,,,POP_SH.EMP_SECTOR_SER,SHARE,0.01,A,SEN_EHCVM2021_LEGACY_v1,
dataflow,WB.AFW360:AFW360_HH(0.3.0),R,A,SEN,_T,SURVEY,POP_SH,_T,_T,_T,QUINT_Q5,EMP_STATUS_EMPLOYED,_T,_T,_T,_Z,_Z,_Z,_Z,_Z,2021,0.57,,,,,,,,,POP_SH.EMP_STATUS_EMPLOYED,SHARE,0.01,A,SEN_EHCVM2021_LEGACY_v1,
dataflow,WB.AFW360:AFW360_HH(0.3.0),R,A,SEN,_T,SURVEY,POP_SH,_T,_T,_T,QUINT_Q5,EMP_TYPE_NONWAGE,_T,_T,_T,_Z,_Z,_Z,_Z,_Z,2021,0.55,,,,,,,,,POP_SH.EMP_TYPE_NONWAGE,SHARE,0.01,A,SEN_EHCVM2021_LEGACY_v1,
dataflow,WB.AFW360:AFW360_HH(0.3.0),R,A,SEN,_T,SURVEY,POP_SH,_T,_T,_T,QUINT_Q5,EMP_TYPE_WAGE,_T,_T,_T,_Z,_Z,_Z,_Z,_Z,2021,0.45,,,,,,,,,POP_SH.EMP_TYPE_WAGE,SHARE,0.01,A,SEN_EHCVM2021_LEGACY_v1,
dataflow,WB.AFW360:AFW360_HH(0.3.0),R,A,SEN,_T,SURVEY,POV_HC,_T,_T,CAP,_T,_T,_T,_T,_T,POVLINE_PL300,PPP_2021,_Z,_Z,_Z,2021,0,,,,,,,,,POV_HC.POVLINE_PL300.PPP_2021,SHARE,0.01,A,SEN_EHCVM2021_LEGACY_v1,
dataflow,WB.AFW360:AFW360_HH(0.3.0),R,A,SEN,_T,SURVEY,POV_HC,_T,_T,CAP,_T,_T,_T,_T,_T,POVLINE_PL420,PPP_2021,_Z,_Z,_Z,2021,0.03,,,,,,,,,POV_HC.POVLINE_PL420.PPP_2021,SHARE,0.01,A,SEN_EHCVM2021_LEGACY_v1,
dataflow,WB.AFW360:AFW360_HH(0.3.0),R,A,SEN,_T,SURVEY,POV_HC,_T,_T,OU,_T,_T,_T,_T,_T,POVLINE_PL300,PPP_2021,_Z,_Z,_Z,2021,0.08,,,,,,,,,POV_HC.POVLINE_PL300.PPP_2021,SHARE,0.01,A,SEN_EHCVM2021_LEGACY_v1,
dataflow,WB.AFW360:AFW360_HH(0.3.0),R,A,SEN,_T,SURVEY,POV_HC,_T,_T,OU,_T,_T,_T,_T,_T,POVLINE_PL420,PPP_2021,_Z,_Z,_Z,2021,0.27,,,,,,,,,POV_HC.POVLINE_PL420.PPP_2021,SHARE,0.01,A,SEN_EHCVM2021_LEGACY_v1,
dataflow,WB.AFW360:AFW360_HH(0.3.0),R,A,SEN,_T,SURVEY,POV_HC,_T,_T,R,_T,_T,_T,_T,_T,POVLINE_PL300,PPP_2021,_Z,_Z,_Z,2021,0.3,,,,,,,,,POV_HC.POVLINE_PL300.PPP_2021,SHARE,0.01,A,SEN_EHCVM2021_LEGACY_v1,
dataflow,WB.AFW360:AFW360_HH(0.3.0),R,A,SEN,_T,SURVEY,POV_HC,_T,_T,R,_T,_T,_T,_T,_T,POVLINE_PL420,PPP_2021,_Z,_Z,_Z,2021,0.57,,,,,,,,,POV_HC.POVLINE_PL420.PPP_2021,SHARE,0.01,A,SEN_EHCVM2021_LEGACY_v1,
dataflow,WB.AFW360:AFW360_HH(0.3.0),R,A,SEN,_T,SURVEY,POV_HC,_T,_T,_T,HHH_AGE_GE35,_T,_T,_T,_T,POVLINE_PL300,PPP_2021,_Z,_Z,_Z,2021,0.18,,,,,,,,,POV_HC.POVLINE_PL300.PPP_2021,SHARE,0.01,A,SEN_EHCVM2021_LEGACY_v1,
dataflow,WB.AFW360:AFW360_HH(0.3.0),R,A,SEN,_T,SURVEY,POV_HC,_T,_T,_T,HHH_AGE_GE35,_T,_T,_T,_T,POVLINE_PL420,PPP_2021,_Z,_Z,_Z,2021,0.37,,,,,,,,,POV_HC.POVLINE_PL420.PPP_2021,SHARE,0.01,A,SEN_EHCVM2021_LEGACY_v1,
dataflow,WB.AFW360:AFW360_HH(0.3.0),R,A,SEN,_T,SURVEY,POV_HC,_T,_T,_T,HHH_AGE_LT35,_T,_T,_T,_T,POVLINE_PL300,PPP_2021,_Z,_Z,_Z,2021,0.21,,,,,,,,,POV_HC.POVLINE_PL300.PPP_2021,SHARE,0.01,A,SEN_EHCVM2021_LEGACY_v1,
dataflow,WB.AFW360:AFW360_HH(0.3.0),R,A,SEN,_T,SURVEY,POV_HC,_T,_T,_T,HHH_AGE_LT35,_T,_T,_T,_T,POVLINE_PL420,PPP_2021,_Z,_Z,_Z,2021,0.36,,,,,,,,,POV_HC.POVLINE_PL420.PPP_2021,SHARE,0.01,A,SEN_EHCVM2021_LEGACY_v1,
dataflow,WB.AFW360:AFW360_HH(0.3.0),R,A,SEN,_T,SURVEY,POV_HC,_T,_T,_T,HHH_SEX_F,_T,_T,_T,_T,POVLINE_PL300,PPP_2021,_Z,_Z,_Z,2021,0.09,,,,,,,,,POV_HC.POVLINE_PL300.PPP_2021,SHARE,0.01,A,SEN_EHCVM2021_LEGACY_v1,
dataflow,WB.AFW360:AFW360_HH(0.3.0),R,A,SEN,_T,SURVEY,POV_HC,_T,_T,_T,HHH_SEX_F,_T,_T,_T,_T,POVLINE_PL420,PPP_2021,_Z,_Z,_Z,2021,0.23,,,,,,,,,POV_HC.POVLINE_PL420.PPP_2021,SHARE,0.01,A,SEN_EHCVM2021_LEGACY_v1,
dataflow,WB.AFW360:AFW360_HH(0.3.0),R,A,SEN,_T,SURVEY,POV_HC,_T,_T,_T,HHH_SEX_M,_T,_T,_T,_T,POVLINE_PL300,PPP_2021,_Z,_Z,_Z,2021,0.21,,,,,,,,,POV_HC.POVLINE_PL300.PPP_2021,SHARE,0.01,A,SEN_EHCVM2021_LEGACY_v1,
dataflow,WB.AFW360:AFW360_HH(0.3.0),R,A,SEN,_T,SURVEY,POV_HC,_T,_T,_T,HHH_SEX_M,_T,_T,_T,_T,POVLINE_PL420,PPP_2021,_Z,_Z,_Z,2021,0.42,,,,,,,,,POV_HC.POVLINE_PL420.PPP_2021,SHARE,0.01,A,SEN_EHCVM2021_LEGACY_v1,
dataflow,WB.AFW360:AFW360_HH(0.3.0),R,A,SEN,_T,SURVEY,POV_HC,_T,_T,_T,QUINT_Q1,_T,_T,_T,_T,POVLINE_PL300,PPP_2021,_Z,_Z,_Z,2021,0.87,,,,,,,,,POV_HC.POVLINE_PL300.PPP_2021,SHARE,0.01,A,SEN_EHCVM2021_LEGACY_v1,
dataflow,WB.AFW360:AFW360_HH(0.3.0),R,A,SEN,_T,SURVEY,POV_HC,_T,_T,_T,QUINT_Q1,_T,_T,_T,_T,POVLINE_PL420,PPP_2021,_Z,_Z,_Z,2021,1,,,,,,,,,POV_HC.POVLINE_PL420.PPP_2021,SHARE,0.01,A,SEN_EHCVM2021_LEGACY_v1,
dataflow,WB.AFW360:AFW360_HH(0.3.0),R,A,SEN,_T,SURVEY,POV_HC,_T,_T,_T,QUINT_Q2,_T,_T,_T,_T,POVLINE_PL300,PPP_2021,_Z,_Z,_Z,2021,0.02,,,,,,,,,POV_HC.POVLINE_PL300.PPP_2021,SHARE,0.01,A,SEN_EHCVM2021_LEGACY_v1,
dataflow,WB.AFW360:AFW360_HH(0.3.0),R,A,SEN,_T,SURVEY,POV_HC,_T,_T,_T,QUINT_Q2,_T,_T,_T,_T,POVLINE_PL420,PPP_2021,_Z,_Z,_Z,2021,0.8,,,,,,,,,POV_HC.POVLINE_PL420.PPP_2021,SHARE,0.01,A,SEN_EHCVM2021_LEGACY_v1,
dataflow,WB.AFW360:AFW360_HH(0.3.0),R,A,SEN,_T,SURVEY,POV_HC,_T,_T,_T,QUINT_Q3,_T,_T,_T,_T,POVLINE_PL300,PPP_2021,_Z,_Z,_Z,2021,0,,,,,,,,,POV_HC.POVLINE_PL300.PPP_2021,SHARE,0.01,A,SEN_EHCVM2021_LEGACY_v1,
dataflow,WB.AFW360:AFW360_HH(0.3.0),R,A,SEN,_T,SURVEY,POV_HC,_T,_T,_T,QUINT_Q3,_T,_T,_T,_T,POVLINE_PL420,PPP_2021,_Z,_Z,_Z,2021,0.06,,,,,,,,,POV_HC.POVLINE_PL420.PPP_2021,SHARE,0.01,A,SEN_EHCVM2021_LEGACY_v1,
dataflow,WB.AFW360:AFW360_HH(0.3.0),R,A,SEN,_T,SURVEY,POV_HC,_T,_T,_T,QUINT_Q4,_T,_T,_T,_T,POVLINE_PL300,PPP_2021,_Z,_Z,_Z,2021,0,,,,,,,,,POV_HC.POVLINE_PL300.PPP_2021,SHARE,0.01,A,SEN_EHCVM2021_LEGACY_v1,
dataflow,WB.AFW360:AFW360_HH(0.3.0),R,A,SEN,_T,SURVEY,POV_HC,_T,_T,_T,QUINT_Q4,_T,_T,_T,_T,POVLINE_PL420,PPP_2021,_Z,_Z,_Z,2021,0,,,,,,,,,POV_HC.POVLINE_PL420.PPP_2021,SHARE,0.01,A,SEN_EHCVM2021_LEGACY_v1,
dataflow,WB.AFW360:AFW360_HH(0.3.0),R,A,SEN,_T,SURVEY,POV_HC,_T,_T,_T,QUINT_Q5,_T,_T,_T,_T,POVLINE_PL300,PPP_2021,_Z,_Z,_Z,2021,0,,,,,,,,,POV_HC.POVLINE_PL300.PPP_2021,SHARE,0.01,A,SEN_EHCVM2021_LEGACY_v1,
dataflow,WB.AFW360:AFW360_HH(0.3.0),R,A,SEN,_T,SURVEY,POV_HC,_T,_T,_T,QUINT_Q5,_T,_T,_T,_T,POVLINE_PL420,PPP_2021,_Z,_Z,_Z,2021,0,,,,,,,,,POV_HC.POVLINE_PL420.PPP_2021,SHARE,0.01,A,SEN_EHCVM2021_LEGACY_v1,
dataflow,WB.AFW360:AFW360_HH(0.3.0),R,A,SEN,_T,SURVEY,POV_HC,_T,_T,_T,_T,_T,_T,_T,_T,POVLINE_PL300,PPP_2021,_Z,_Z,_Z,2021,0.18,,,,,,,,,POV_HC.POVLINE_PL300.PPP_2021,SHARE,0.01,A,SEN_EHCVM2021_LEGACY_v1,
dataflow,WB.AFW360:AFW360_HH(0.3.0),R,A,SEN,_T,SURVEY,POV_HC,_T,_T,_T,_T,_T,_T,_T,_T,POVLINE_PL420,PPP_2021,_Z,_Z,_Z,2021,0.37,,,,,,,,,POV_HC.POVLINE_PL420.PPP_2021,SHARE,0.01,A,SEN_EHCVM2021_LEGACY_v1,
dataflow,WB.AFW360:AFW360_HH(0.3.0),R,A,SEN,_T,SURVEY,POV_NUM,_T,_T,CAP,_T,_T,_T,_T,_T,POVLINE_PL300,PPP_2021,_Z,_Z,_Z,2021,20000,,,,,,,,,POV_NUM.POVLINE_PL300.PPP_2021,PERSON,10000,A,SEN_EHCVM2021_LEGACY_v1,
dataflow,WB.AFW360:AFW360_HH(0.3.0),R,A,SEN,_T,SURVEY,POV_NUM,_T,_T,CAP,_T,_T,_T,_T,_T,POVLINE_PL420,PPP_2021,_Z,_Z,_Z,2021,130000,,,,,,,,,POV_NUM.POVLINE_PL420.PPP_2021,PERSON,10000,A,SEN_EHCVM2021_LEGACY_v1,
dataflow,WB.AFW360:AFW360_HH(0.3.0),R,A,SEN,_T,SURVEY,POV_NUM,_T,_T,OU,_T,_T,_T,_T,_T,POVLINE_PL300,PPP_2021,_Z,_Z,_Z,2021,380000,,,,,,,,,POV_NUM.POVLINE_PL300.PPP_2021,PERSON,10000,A,SEN_EHCVM2021_LEGACY_v1,
dataflow,WB.AFW360:AFW360_HH(0.3.0),R,A,SEN,_T,SURVEY,POV_NUM,_T,_T,OU,_T,_T,_T,_T,_T,POVLINE_PL420,PPP_2021,_Z,_Z,_Z,2021,1190000,,,,,,,,,POV_NUM.POVLINE_PL420.PPP_2021,PERSON,10000,A,SEN_EHCVM2021_LEGACY_v1,
dataflow,WB.AFW360:AFW360_HH(0.3.0),R,A,SEN,_T,SURVEY,POV_NUM,_T,_T,R,_T,_T,_T,_T,_T,POVLINE_PL300,PPP_2021,_Z,_Z,_Z,2021,2730000,,,,,,,,,POV_NUM.POVLINE_PL300.PPP_2021,PERSON,10000,A,SEN_EHCVM2021_LEGACY_v1,
dataflow,WB.AFW360:AFW360_HH(0.3.0),R,A,SEN,_T,SURVEY,POV_NUM,_T,_T,R,_T,_T,_T,_T,_T,POVLINE_PL420,PPP_2021,_Z,_Z,_Z,2021,5200000,,,,,,,,,POV_NUM.POVLINE_PL420.PPP_2021,PERSON,10000,A,SEN_EHCVM2021_LEGACY_v1,
dataflow,WB.AFW360:AFW360_HH(0.3.0),R,A,SEN,_T,SURVEY,POV_NUM,_T,_T,_T,HHH_AGE_GE35,_T,_T,_T,_T,POVLINE_PL300,PPP_2021,_Z,_Z,_Z,2021,2880000,,,,,,,,,POV_NUM.POVLINE_PL300.PPP_2021,PERSON,10000,A,SEN_EHCVM2021_LEGACY_v1,
dataflow,WB.AFW360:AFW360_HH(0.3.0),R,A,SEN,_T,SURVEY,POV_NUM,_T,_T,_T,HHH_AGE_GE35,_T,_T,_T,_T,POVLINE_PL420,PPP_2021,_Z,_Z,_Z,2021,6090000,,,,,,,,,POV_NUM.POVLINE_PL420.PPP_2021,PERSON,10000,A,SEN_EHCVM2021_LEGACY_v1,
dataflow,WB.AFW360:AFW360_HH(0.3.0),R,A,SEN,_T,SURVEY,POV_NUM,_T,_T,_T,HHH_AGE_LT35,_T,_T,_T,_T,POVLINE_PL300,PPP_2021,_Z,_Z,_Z,2021,250000,,,,,,,,,POV_NUM.POVLINE_PL300.PPP_2021,PERSON,10000,A,SEN_EHCVM2021_LEGACY_v1,
dataflow,WB.AFW360:AFW360_HH(0.3.0),R,A,SEN,_T,SURVEY,POV_NUM,_T,_T,_T,HHH_AGE_LT35,_T,_T,_T,_T,POVLINE_PL420,PPP_2021,_Z,_Z,_Z,2021,430000,,,,,,,,,POV_NUM.POVLINE_PL420.PPP_2021,PERSON,10000,A,SEN_EHCVM2021_LEGACY_v1,
dataflow,WB.AFW360:AFW360_HH(0.3.0),R,A,SEN,_T,SURVEY,POV_NUM,_T,_T,_T,HHH_SEX_F,_T,_T,_T,_T,POVLINE_PL300,PPP_2021,_Z,_Z,_Z,2021,400000,,,,,,,,,POV_NUM.POVLINE_PL300.PPP_2021,PERSON,10000,A,SEN_EHCVM2021_LEGACY_v1,
dataflow,WB.AFW360:AFW360_HH(0.3.0),R,A,SEN,_T,SURVEY,POV_NUM,_T,_T,_T,HHH_SEX_F,_T,_T,_T,_T,POVLINE_PL420,PPP_2021,_Z,_Z,_Z,2021,1030000,,,,,,,,,POV_NUM.POVLINE_PL420.PPP_2021,PERSON,10000,A,SEN_EHCVM2021_LEGACY_v1,
dataflow,WB.AFW360:AFW360_HH(0.3.0),R,A,SEN,_T,SURVEY,POV_NUM,_T,_T,_T,HHH_SEX_M,_T,_T,_T,_T,POVLINE_PL300,PPP_2021,_Z,_Z,_Z,2021,2730000,,,,,,,,,POV_NUM.POVLINE_PL300.PPP_2021,PERSON,10000,A,SEN_EHCVM2021_LEGACY_v1,
dataflow,WB.AFW360:AFW360_HH(0.3.0),R,A,SEN,_T,SURVEY,POV_NUM,_T,_T,_T,HHH_SEX_M,_T,_T,_T,_T,POVLINE_PL420,PPP_2021,_Z,_Z,_Z,2021,5490000,,,,,,,,,POV_NUM.POVLINE_PL420.PPP_2021,PERSON,10000,A,SEN_EHCVM2021_LEGACY_v1,
dataflow,WB.AFW360:AFW360_HH(0.3.0),R,A,SEN,_T,SURVEY,POV_NUM,_T,_T,_T,QUINT_Q1,_T,_T,_T,_T,POVLINE_PL300,PPP_2021,_Z,_Z,_Z,2021,3040000,,,,,,,,,POV_NUM.POVLINE_PL300.PPP_2021,PERSON,10000,A,SEN_EHCVM2021_LEGACY_v1,
dataflow,WB.AFW360:AFW360_HH(0.3.0),R,A,SEN,_T,SURVEY,POV_NUM,_T,_T,_T,QUINT_Q1,_T,_T,_T,_T,POVLINE_PL420,PPP_2021,_Z,_Z,_Z,2021,3500000,,,,,,,,,POV_NUM.POVLINE_PL420.PPP_2021,PERSON,10000,A,SEN_EHCVM2021_LEGACY_v1,
dataflow,WB.AFW360:AFW360_HH(0.3.0),R,A,SEN,_T,SURVEY,POV_NUM,_T,_T,_T,QUINT_Q2,_T,_T,_T,_T,POVLINE_PL300,PPP_2021,_Z,_Z,_Z,2021,90000,,,,,,,,,POV_NUM.POVLINE_PL300.PPP_2021,PERSON,10000,A,SEN_EHCVM2021_LEGACY_v1,
dataflow,WB.AFW360:AFW360_HH(0.3.0),R,A,SEN,_T,SURVEY,POV_NUM,_T,_T,_T,QUINT_Q2,_T,_T,_T,_T,POVLINE_PL420,PPP_2021,_Z,_Z,_Z,2021,2800000.0000000005,,,,,,,,,POV_NUM.POVLINE_PL420.PPP_2021,PERSON,10000,A,SEN_EHCVM2021_LEGACY_v1,
dataflow,WB.AFW360:AFW360_HH(0.3.0),R,A,SEN,_T,SURVEY,POV_NUM,_T,_T,_T,QUINT_Q3,_T,_T,_T,_T,POVLINE_PL300,PPP_2021,_Z,_Z,_Z,2021,0,,,,,,,,,POV_NUM.POVLINE_PL300.PPP_2021,PERSON,10000,A,SEN_EHCVM2021_LEGACY_v1,
dataflow,WB.AFW360:AFW360_HH(0.3.0),R,A,SEN,_T,SURVEY,POV_NUM,_T,_T,_T,QUINT_Q3,_T,_T,_T,_T,POVLINE_PL420,PPP_2021,_Z,_Z,_Z,2021,230000,,,,,,,,,POV_NUM.POVLINE_PL420.PPP_2021,PERSON,10000,A,SEN_EHCVM2021_LEGACY_v1,
dataflow,WB.AFW360:AFW360_HH(0.3.0),R,A,SEN,_T,SURVEY,POV_NUM,_T,_T,_T,QUINT_Q4,_T,_T,_T,_T,POVLINE_PL300,PPP_2021,_Z,_Z,_Z,2021,0,,,,,,,,,POV_NUM.POVLINE_PL300.PPP_2021,PERSON,10000,A,SEN_EHCVM2021_LEGACY_v1,
dataflow,WB.AFW360:AFW360_HH(0.3.0),R,A,SEN,_T,SURVEY,POV_NUM,_T,_T,_T,QUINT_Q4,_T,_T,_T,_T,POVLINE_PL420,PPP_2021,_Z,_Z,_Z,2021,0,,,,,,,,,POV_NUM.POVLINE_PL420.PPP_2021,PERSON,10000,A,SEN_EHCVM2021_LEGACY_v1,
dataflow,WB.AFW360:AFW360_HH(0.3.0),R,A,SEN,_T,SURVEY,POV_NUM,_T,_T,_T,QUINT_Q5,_T,_T,_T,_T,POVLINE_PL300,PPP_2021,_Z,_Z,_Z,2021,0,,,,,,,,,POV_NUM.POVLINE_PL300.PPP_2021,PERSON,10000,A,SEN_EHCVM2021_LEGACY_v1,
dataflow,WB.AFW360:AFW360_HH(0.3.0),R,A,SEN,_T,SURVEY,POV_NUM,_T,_T,_T,QUINT_Q5,_T,_T,_T,_T,POVLINE_PL420,PPP_2021,_Z,_Z,_Z,2021,0,,,,,,,,,POV_NUM.POVLINE_PL420.PPP_2021,PERSON,10000,A,SEN_EHCVM2021_LEGACY_v1,
dataflow,WB.AFW360:AFW360_HH(0.3.0),R,A,SEN,_T,SURVEY,POV_NUM,_T,_T,_T,_T,_T,_T,_T,_T,POVLINE_PL300,PPP_2021,_Z,_Z,_Z,2021,3130000,,,,,,,,,POV_NUM.POVLINE_PL300.PPP_2021,PERSON,10000,A,SEN_EHCVM2021_LEGACY_v1,
dataflow,WB.AFW360:AFW360_HH(0.3.0),R,A,SEN,_T,SURVEY,POV_NUM,_T,_T,_T,_T,_T,_T,_T,_T,POVLINE_PL420,PPP_2021,_Z,_Z,_Z,2021,6520000,,,,,,,,,POV_NUM.POVLINE_PL420.PPP_2021,PERSON,10000,A,SEN_EHCVM2021_LEGACY_v1,
dataflow,WB.AFW360:AFW360_HH(0.3.0),R,A,SEN,_T,SURVEY,SHK_ANY,_Z,_Z,CAP,_T,_T,_T,_T,_T,_Z,_Z,_Z,_Z,_Z,2021,0.54,,,,,,,,,SHK_ANY,SHARE,0.01,A,SEN_EHCVM2021_LEGACY_v1,
dataflow,WB.AFW360:AFW360_HH(0.3.0),R,A,SEN,_T,SURVEY,SHK_ANY,_Z,_Z,OU,_T,_T,_T,_T,_T,_Z,_Z,_Z,_Z,_Z,2021,0.67,,,,,,,,,SHK_ANY,SHARE,0.01,A,SEN_EHCVM2021_LEGACY_v1,
dataflow,WB.AFW360:AFW360_HH(0.3.0),R,A,SEN,_T,SURVEY,SHK_ANY,_Z,_Z,R,_T,_T,_T,_T,_T,_Z,_Z,_Z,_Z,_Z,2021,0.71,,,,,,,,,SHK_ANY,SHARE,0.01,A,SEN_EHCVM2021_LEGACY_v1,
dataflow,WB.AFW360:AFW360_HH(0.3.0),R,A,SEN,_T,SURVEY,SHK_ANY,_Z,_Z,_T,HHH_AGE_GE35,_T,_T,_T,_T,_Z,_Z,_Z,_Z,_Z,2021,0.66,,,,,,,,,SHK_ANY,SHARE,0.01,A,SEN_EHCVM2021_LEGACY_v1,
dataflow,WB.AFW360:AFW360_HH(0.3.0),R,A,SEN,_T,SURVEY,SHK_ANY,_Z,_Z,_T,HHH_AGE_LT35,_T,_T,_T,_T,_Z,_Z,_Z,_Z,_Z,2021,0.66,,,,,,,,,SHK_ANY,SHARE,0.01,A,SEN_EHCVM2021_LEGACY_v1,
dataflow,WB.AFW360:AFW360_HH(0.3.0),R,A,SEN,_T,SURVEY,SHK_ANY,_Z,_Z,_T,HHH_SEX_F,_T,_T,_T,_T,_Z,_Z,_Z,_Z,_Z,2021,0.67,,,,,,,,,SHK_ANY,SHARE,0.01,A,SEN_EHCVM2021_LEGACY_v1,
dataflow,WB.AFW360:AFW360_HH(0.3.0),R,A,SEN,_T,SURVEY,SHK_ANY,_Z,_Z,_T,HHH_SEX_M,_T,_T,_T,_T,_Z,_Z,_Z,_Z,_Z,2021,0.66,,,,,,,,,SHK_ANY,SHARE,0.01,A,SEN_EHCVM2021_LEGACY_v1,
dataflow,WB.AFW360:AFW360_HH(0.3.0),R,A,SEN,_T,SURVEY,SHK_ANY,_Z,_Z,_T,QUINT_Q1,_T,_T,_T,_T,_Z,_Z,_Z,_Z,_Z,2021,0.68,,,,,,,,,SHK_ANY,SHARE,0.01,A,SEN_EHCVM2021_LEGACY_v1,
dataflow,WB.AFW360:AFW360_HH(0.3.0),R,A,SEN,_T,SURVEY,SHK_ANY,_Z,_Z,_T,QUINT_Q2,_T,_T,_T,_T,_Z,_Z,_Z,_Z,_Z,2021,0.7,,,,,,,,,SHK_ANY,SHARE,0.01,A,SEN_EHCVM2021_LEGACY_v1,
dataflow,WB.AFW360:AFW360_HH(0.3.0),R,A,SEN,_T,SURVEY,SHK_ANY,_Z,_Z,_T,QUINT_Q3,_T,_T,_T,_T,_Z,_Z,_Z,_Z,_Z,2021,0.7,,,,,,,,,SHK_ANY,SHARE,0.01,A,SEN_EHCVM2021_LEGACY_v1,
dataflow,WB.AFW360:AFW360_HH(0.3.0),R,A,SEN,_T,SURVEY,SHK_ANY,_Z,_Z,_T,QUINT_Q4,_T,_T,_T,_T,_Z,_Z,_Z,_Z,_Z,2021,0.67,,,,,,,,,SHK_ANY,SHARE,0.01,A,SEN_EHCVM2021_LEGACY_v1,
dataflow,WB.AFW360:AFW360_HH(0.3.0),R,A,SEN,_T,SURVEY,SHK_ANY,_Z,_Z,_T,QUINT_Q5,_T,_T,_T,_T,_Z,_Z,_Z,_Z,_Z,2021,0.57,,,,,,,,,SHK_ANY,SHARE,0.01,A,SEN_EHCVM2021_LEGACY_v1,
dataflow,WB.AFW360:AFW360_HH(0.3.0),R,A,SEN,_T,SURVEY,SHK_ANY,_Z,_Z,_T,_T,_T,_T,_T,_T,_Z,_Z,_Z,_Z,_Z,2021,0.66,,,,,,,,,SHK_ANY,SHARE,0.01,A,SEN_EHCVM2021_LEGACY_v1,
dataflow,WB.AFW360:AFW360_HH(0.3.0),R,A,SEN,_T,SURVEY,SHK_COV_CONFLICT,_Z,_Z,CAP,_T,_T,_T,_T,_T,_Z,_Z,_Z,_Z,_Z,2021,0,,,,,,,,,SHK_COV_CONFLICT,SHARE,0.01,A,SEN_EHCVM2021_LEGACY_v1,
dataflow,WB.AFW360:AFW360_HH(0.3.0),R,A,SEN,_T,SURVEY,SHK_COV_CONFLICT,_Z,_Z,OU,_T,_T,_T,_T,_T,_Z,_Z,_Z,_Z,_Z,2021,0.01,,,,,,,,,SHK_COV_CONFLICT,SHARE,0.01,A,SEN_EHCVM2021_LEGACY_v1,
dataflow,WB.AFW360:AFW360_HH(0.3.0),R,A,SEN,_T,SURVEY,SHK_COV_CONFLICT,_Z,_Z,R,_T,_T,_T,_T,_T,_Z,_Z,_Z,_Z,_Z,2021,0.02,,,,,,,,,SHK_COV_CONFLICT,SHARE,0.01,A,SEN_EHCVM2021_LEGACY_v1,
dataflow,WB.AFW360:AFW360_HH(0.3.0),R,A,SEN,_T,SURVEY,SHK_COV_CONFLICT,_Z,_Z,_T,HHH_AGE_GE35,_T,_T,_T,_T,_Z,_Z,_Z,_Z,_Z,2021,0.01,,,,,,,,,SHK_COV_CONFLICT,SHARE,0.01,A,SEN_EHCVM2021_LEGACY_v1,
dataflow,WB.AFW360:AFW360_HH(0.3.0),R,A,SEN,_T,SURVEY,SHK_COV_CONFLICT,_Z,_Z,_T,HHH_AGE_LT35,_T,_T,_T,_T,_Z,_Z,_Z,_Z,_Z,2021,0.02,,,,,,,,,SHK_COV_CONFLICT,SHARE,0.01,A,SEN_EHCVM2021_LEGACY_v1,
dataflow,WB.AFW360:AFW360_HH(0.3.0),R,A,SEN,_T,SURVEY,SHK_COV_CONFLICT,_Z,_Z,_T,HHH_SEX_F,_T,_T,_T,_T,_Z,_Z,_Z,_Z,_Z,2021,0.01,,,,,,,,,SHK_COV_CONFLICT,SHARE,0.01,A,SEN_EHCVM2021_LEGACY_v1,
dataflow,WB.AFW360:AFW360_HH(0.3.0),R,A,SEN,_T,SURVEY,SHK_COV_CONFLICT,_Z,_Z,_T,HHH_SEX_M,_T,_T,_T,_T,_Z,_Z,_Z,_Z,_Z,2021,0.01,,,,,,,,,SHK_COV_CONFLICT,SHARE,0.01,A,SEN_EHCVM2021_LEGACY_v1,
dataflow,WB.AFW360:AFW360_HH(0.3.0),R,A,SEN,_T,SURVEY,SHK_COV_CONFLICT,_Z,_Z,_T,QUINT_Q1,_T,_T,_T,_T,_Z,_Z,_Z,_Z,_Z,2021,0.02,,,,,,,,,SHK_COV_CONFLICT,SHARE,0.01,A,SEN_EHCVM2021_LEGACY_v1,
dataflow,WB.AFW360:AFW360_HH(0.3.0),R,A,SEN,_T,SURVEY,SHK_COV_CONFLICT,_Z,_Z,_T,QUINT_Q2,_T,_T,_T,_T,_Z,_Z,_Z,_Z,_Z,2021,0.01,,,,,,,,,SHK_COV_CONFLICT,SHARE,0.01,A,SEN_EHCVM2021_LEGACY_v1,
dataflow,WB.AFW360:AFW360_HH(0.3.0),R,A,SEN,_T,SURVEY,SHK_COV_CONFLICT,_Z,_Z,_T,QUINT_Q3,_T,_T,_T,_T,_Z,_Z,_Z,_Z,_Z,2021,0.01,,,,,,,,,SHK_COV_CONFLICT,SHARE,0.01,A,SEN_EHCVM2021_LEGACY_v1,
dataflow,WB.AFW360:AFW360_HH(0.3.0),R,A,SEN,_T,SURVEY,SHK_COV_CONFLICT,_Z,_Z,_T,QUINT_Q4,_T,_T,_T,_T,_Z,_Z,_Z,_Z,_Z,2021,0.01,,,,,,,,,SHK_COV_CONFLICT,SHARE,0.01,A,SEN_EHCVM2021_LEGACY_v1,
dataflow,WB.AFW360:AFW360_HH(0.3.0),R,A,SEN,_T,SURVEY,SHK_COV_CONFLICT,_Z,_Z,_T,QUINT_Q5,_T,_T,_T,_T,_Z,_Z,_Z,_Z,_Z,2021,0,,,,,,,,,SHK_COV_CONFLICT,SHARE,0.01,A,SEN_EHCVM2021_LEGACY_v1,
dataflow,WB.AFW360:AFW360_HH(0.3.0),R,A,SEN,_T,SURVEY,SHK_COV_CONFLICT,_Z,_Z,_T,_T,_T,_T,_T,_T,_Z,_Z,_Z,_Z,_Z,2021,0.01,,,,,,,,,SHK_COV_CONFLICT,SHARE,0.01,A,SEN_EHCVM2021_LEGACY_v1,
dataflow,WB.AFW360:AFW360_HH(0.3.0),R,A,SEN,_T,SURVEY,SHK_COV_ECON,_Z,_Z,CAP,_T,_T,_T,_T,_T,_Z,_Z,_Z,_Z,_Z,2021,0.28,,,,,,,,,SHK_COV_ECON,SHARE,0.01,A,SEN_EHCVM2021_LEGACY_v1,
dataflow,WB.AFW360:AFW360_HH(0.3.0),R,A,SEN,_T,SURVEY,SHK_COV_ECON,_Z,_Z,OU,_T,_T,_T,_T,_T,_Z,_Z,_Z,_Z,_Z,2021,0.42,,,,,,,,,SHK_COV_ECON,SHARE,0.01,A,SEN_EHCVM2021_LEGACY_v1,
dataflow,WB.AFW360:AFW360_HH(0.3.0),R,A,SEN,_T,SURVEY,SHK_COV_ECON,_Z,_Z,R,_T,_T,_T,_T,_T,_Z,_Z,_Z,_Z,_Z,2021,0.47,,,,,,,,,SHK_COV_ECON,SHARE,0.01,A,SEN_EHCVM2021_LEGACY_v1,
dataflow,WB.AFW360:AFW360_HH(0.3.0),R,A,SEN,_T,SURVEY,SHK_COV_ECON,_Z,_Z,_T,HHH_AGE_GE35,_T,_T,_T,_T,_Z,_Z,_Z,_Z,_Z,2021,0.42,,,,,,,,,SHK_COV_ECON,SHARE,0.01,A,SEN_EHCVM2021_LEGACY_v1,
dataflow,WB.AFW360:AFW360_HH(0.3.0),R,A,SEN,_T,SURVEY,SHK_COV_ECON,_Z,_Z,_T,HHH_AGE_LT35,_T,_T,_T,_T,_Z,_Z,_Z,_Z,_Z,2021,0.4,,,,,,,,,SHK_COV_ECON,SHARE,0.01,A,SEN_EHCVM2021_LEGACY_v1,
dataflow,WB.AFW360:AFW360_HH(0.3.0),R,A,SEN,_T,SURVEY,SHK_COV_ECON,_Z,_Z,_T,HHH_SEX_F,_T,_T,_T,_T,_Z,_Z,_Z,_Z,_Z,2021,0.4,,,,,,,,,SHK_COV_ECON,SHARE,0.01,A,SEN_EHCVM2021_LEGACY_v1,
dataflow,WB.AFW360:AFW360_HH(0.3.0),R,A,SEN,_T,SURVEY,SHK_COV_ECON,_Z,_Z,_T,HHH_SEX_M,_T,_T,_T,_T,_Z,_Z,_Z,_Z,_Z,2021,0.42,,,,,,,,,SHK_COV_ECON,SHARE,0.01,A,SEN_EHCVM2021_LEGACY_v1,
dataflow,WB.AFW360:AFW360_HH(0.3.0),R,A,SEN,_T,SURVEY,SHK_COV_ECON,_Z,_Z,_T,QUINT_Q1,_T,_T,_T,_T,_Z,_Z,_Z,_Z,_Z,2021,0.43,,,,,,,,,SHK_COV_ECON,SHARE,0.01,A,SEN_EHCVM2021_LEGACY_v1,
dataflow,WB.AFW360:AFW360_HH(0.3.0),R,A,SEN,_T,SURVEY,SHK_COV_ECON,_Z,_Z,_T,QUINT_Q2,_T,_T,_T,_T,_Z,_Z,_Z,_Z,_Z,2021,0.43,,,,,,,,,SHK_COV_ECON,SHARE,0.01,A,SEN_EHCVM2021_LEGACY_v1,
dataflow,WB.AFW360:AFW360_HH(0.3.0),R,A,SEN,_T,SURVEY,SHK_COV_ECON,_Z,_Z,_T,QUINT_Q3,_T,_T,_T,_T,_Z,_Z,_Z,_Z,_Z,2021,0.46,,,,,,,,,SHK_COV_ECON,SHARE,0.01,A,SEN_EHCVM2021_LEGACY_v1,
dataflow,WB.AFW360:AFW360_HH(0.3.0),R,A,SEN,_T,SURVEY,SHK_COV_ECON,_Z,_Z,_T,QUINT_Q4,_T,_T,_T,_T,_Z,_Z,_Z,_Z,_Z,2021,0.43,,,,,,,,,SHK_COV_ECON,SHARE,0.01,A,SEN_EHCVM2021_LEGACY_v1,
dataflow,WB.AFW360:AFW360_HH(0.3.0),R,A,SEN,_T,SURVEY,SHK_COV_ECON,_Z,_Z,_T,QUINT_Q5,_T,_T,_T,_T,_Z,_Z,_Z,_Z,_Z,2021,0.32,,,,,,,,,SHK_COV_ECON,SHARE,0.01,A,SEN_EHCVM2021_LEGACY_v1,
dataflow,WB.AFW360:AFW360_HH(0.3.0),R,A,SEN,_T,SURVEY,SHK_COV_ECON,_Z,_Z,_T,_T,_T,_T,_T,_T,_Z,_Z,_Z,_Z,_Z,2021,0.41,,,,,,,,,SHK_COV_ECON,SHARE,0.01,A,SEN_EHCVM2021_LEGACY_v1,
dataflow,WB.AFW360:AFW360_HH(0.3.0),R,A,SEN,_T,SURVEY,SHK_COV_NATURAL,_Z,_Z,CAP,_T,_T,_T,_T,_T,_Z,_Z,_Z,_Z,_Z,2021,0.1,,,,,,,,,SHK_COV_NATURAL,SHARE,0.01,A,SEN_EHCVM2021_LEGACY_v1,
dataflow,WB.AFW360:AFW360_HH(0.3.0),R,A,SEN,_T,SURVEY,SHK_COV_NATURAL,_Z,_Z,OU,_T,_T,_T,_T,_T,_Z,_Z,_Z,_Z,_Z,2021,0.17,,,,,,,,,SHK_COV_NATURAL,SHARE,0.01,A,SEN_EHCVM2021_LEGACY_v1,
dataflow,WB.AFW360:AFW360_HH(0.3.0),R,A,SEN,_T,SURVEY,SHK_COV_NATURAL,_Z,_Z,R,_T,_T,_T,_T,_T,_Z,_Z,_Z,_Z,_Z,2021,0.29,,,,,,,,,SHK_COV_NATURAL,SHARE,0.01,A,SEN_EHCVM2021_LEGACY_v1,
dataflow,WB.AFW360:AFW360_HH(0.3.0),R,A,SEN,_T,SURVEY,SHK_COV_NATURAL,_Z,_Z,_T,HHH_AGE_GE35,_T,_T,_T,_T,_Z,_Z,_Z,_Z,_Z,2021,0.22,,,,,,,,,SHK_COV_NATURAL,SHARE,0.01,A,SEN_EHCVM2021_LEGACY_v1,
dataflow,WB.AFW360:AFW360_HH(0.3.0),R,A,SEN,_T,SURVEY,SHK_COV_NATURAL,_Z,_Z,_T,HHH_AGE_LT35,_T,_T,_T,_T,_Z,_Z,_Z,_Z,_Z,2021,0.22,,,,,,,,,SHK_COV_NATURAL,SHARE,0.01,A,SEN_EHCVM2021_LEGACY_v1,
dataflow,WB.AFW360:AFW360_HH(0.3.0),R,A,SEN,_T,SURVEY,SHK_COV_NATURAL,_Z,_Z,_T,HHH_SEX_F,_T,_T,_T,_T,_Z,_Z,_Z,_Z,_Z,2021,0.17,,,,,,,,,SHK_COV_NATURAL,SHARE,0.01,A,SEN_EHCVM2021_LEGACY_v1,
dataflow,WB.AFW360:AFW360_HH(0.3.0),R,A,SEN,_T,SURVEY,SHK_COV_NATURAL,_Z,_Z,_T,HHH_SEX_M,_T,_T,_T,_T,_Z,_Z,_Z,_Z,_Z,2021,0.24,,,,,,,,,SHK_COV_NATURAL,SHARE,0.01,A,SEN_EHCVM2021_LEGACY_v1,
dataflow,WB.AFW360:AFW360_HH(0.3.0),R,A,SEN,_T,SURVEY,SHK_COV_NATURAL,_Z,_Z,_T,QUINT_Q1,_T,_T,_T,_T,_Z,_Z,_Z,_Z,_Z,2021,0.29,,,,,,,,,SHK_COV_NATURAL,SHARE,0.01,A,SEN_EHCVM2021_LEGACY_v1,
dataflow,WB.AFW360:AFW360_HH(0.3.0),R,A,SEN,_T,SURVEY,SHK_COV_NATURAL,_Z,_Z,_T,QUINT_Q2,_T,_T,_T,_T,_Z,_Z,_Z,_Z,_Z,2021,0.27,,,,,,,,,SHK_COV_NATURAL,SHARE,0.01,A,SEN_EHCVM2021_LEGACY_v1,
dataflow,WB.AFW360:AFW360_HH(0.3.0),R,A,SEN,_T,SURVEY,SHK_COV_NATURAL,_Z,_Z,_T,QUINT_Q3,_T,_T,_T,_T,_Z,_Z,_Z,_Z,_Z,2021,0.23,,,,,,,,,SHK_COV_NATURAL,SHARE,0.01,A,SEN_EHCVM2021_LEGACY_v1,
dataflow,WB.AFW360:AFW360_HH(0.3.0),R,A,SEN,_T,SURVEY,SHK_COV_NATURAL,_Z,_Z,_T,QUINT_Q4,_T,_T,_T,_T,_Z,_Z,_Z,_Z,_Z,2021,0.19,,,,,,,,,SHK_COV_NATURAL,SHARE,0.01,A,SEN_EHCVM2021_LEGACY_v1,
dataflow,WB.AFW360:AFW360_HH(0.3.0),R,A,SEN,_T,SURVEY,SHK_COV_NATURAL,_Z,_Z,_T,QUINT_Q5,_T,_T,_T,_T,_Z,_Z,_Z,_Z,_Z,2021,0.1,,,,,,,,,SHK_COV_NATURAL,SHARE,0.01,A,SEN_EHCVM2021_LEGACY_v1,
dataflow,WB.AFW360:AFW360_HH(0.3.0),R,A,SEN,_T,SURVEY,SHK_COV_NATURAL,_Z,_Z,_T,_T,_T,_T,_T,_T,_Z,_Z,_Z,_Z,_Z,2021,0.22,,,,,,,,,SHK_COV_NATURAL,SHARE,0.01,A,SEN_EHCVM2021_LEGACY_v1,
dataflow,WB.AFW360:AFW360_HH(0.3.0),R,A,SEN,_T,SURVEY,SHK_IDIO_ECON,_Z,_Z,CAP,_T,_T,_T,_T,_T,_Z,_Z,_Z,_Z,_Z,2021,0.11,,,,,,,,,SHK_IDIO_ECON,SHARE,0.01,A,SEN_EHCVM2021_LEGACY_v1,
dataflow,WB.AFW360:AFW360_HH(0.3.0),R,A,SEN,_T,SURVEY,SHK_IDIO_ECON,_Z,_Z,OU,_T,_T,_T,_T,_T,_Z,_Z,_Z,_Z,_Z,2021,0.16,,,,,,,,,SHK_IDIO_ECON,SHARE,0.01,A,SEN_EHCVM2021_LEGACY_v1,
dataflow,WB.AFW360:AFW360_HH(0.3.0),R,A,SEN,_T,SURVEY,SHK_IDIO_ECON,_Z,_Z,R,_T,_T,_T,_T,_T,_Z,_Z,_Z,_Z,_Z,2021,0.18,,,,,,,,,SHK_IDIO_ECON,SHARE,0.01,A,SEN_EHCVM2021_LEGACY_v1,
dataflow,WB.AFW360:AFW360_HH(0.3.0),R,A,SEN,_T,SURVEY,SHK_IDIO_ECON,_Z,_Z,_T,HHH_AGE_GE35,_T,_T,_T,_T,_Z,_Z,_Z,_Z,_Z,2021,0.16,,,,,,,,,SHK_IDIO_ECON,SHARE,0.01,A,SEN_EHCVM2021_LEGACY_v1,
dataflow,WB.AFW360:AFW360_HH(0.3.0),R,A,SEN,_T,SURVEY,SHK_IDIO_ECON,_Z,_Z,_T,HHH_AGE_LT35,_T,_T,_T,_T,_Z,_Z,_Z,_Z,_Z,2021,0.15,,,,,,,,,SHK_IDIO_ECON,SHARE,0.01,A,SEN_EHCVM2021_LEGACY_v1,
dataflow,WB.AFW360:AFW360_HH(0.3.0),R,A,SEN,_T,SURVEY,SHK_IDIO_ECON,_Z,_Z,_T,HHH_SEX_F,_T,_T,_T,_T,_Z,_Z,_Z,_Z,_Z,2021,0.18,,,,,,,,,SHK_IDIO_ECON,SHARE,0.01,A,SEN_EHCVM2021_LEGACY_v1,
dataflow,WB.AFW360:AFW360_HH(0.3.0),R,A,SEN,_T,SURVEY,SHK_IDIO_ECON,_Z,_Z,_T,HHH_SEX_M,_T,_T,_T,_T,_Z,_Z,_Z,_Z,_Z,2021,0.15,,,,,,,,,SHK_IDIO_ECON,SHARE,0.01,A,SEN_EHCVM2021_LEGACY_v1,
dataflow,WB.AFW360:AFW360_HH(0.3.0),R,A,SEN,_T,SURVEY,SHK_IDIO_ECON,_Z,_Z,_T,QUINT_Q1,_T,_T,_T,_T,_Z,_Z,_Z,_Z,_Z,2021,0.12,,,,,,,,,SHK_IDIO_ECON,SHARE,0.01,A,SEN_EHCVM2021_LEGACY_v1,
dataflow,WB.AFW360:AFW360_HH(0.3.0),R,A,SEN,_T,SURVEY,SHK_IDIO_ECON,_Z,_Z,_T,QUINT_Q2,_T,_T,_T,_T,_Z,_Z,_Z,_Z,_Z,2021,0.19,,,,,,,,,SHK_IDIO_ECON,SHARE,0.01,A,SEN_EHCVM2021_LEGACY_v1,
dataflow,WB.AFW360:AFW360_HH(0.3.0),R,A,SEN,_T,SURVEY,SHK_IDIO_ECON,_Z,_Z,_T,QUINT_Q3,_T,_T,_T,_T,_Z,_Z,_Z,_Z,_Z,2021,0.21,,,,,,,,,SHK_IDIO_ECON,SHARE,0.01,A,SEN_EHCVM2021_LEGACY_v1,
dataflow,WB.AFW360:AFW360_HH(0.3.0),R,A,SEN,_T,SURVEY,SHK_IDIO_ECON,_Z,_Z,_T,QUINT_Q4,_T,_T,_T,_T,_Z,_Z,_Z,_Z,_Z,2021,0.16,,,,,,,,,SHK_IDIO_ECON,SHARE,0.01,A,SEN_EHCVM2021_LEGACY_v1,
dataflow,WB.AFW360:AFW360_HH(0.3.0),R,A,SEN,_T,SURVEY,SHK_IDIO_ECON,_Z,_Z,_T,QUINT_Q5,_T,_T,_T,_T,_Z,_Z,_Z,_Z,_Z,2021,0.12,,,,,,,,,SHK_IDIO_ECON,SHARE,0.01,A,SEN_EHCVM2021_LEGACY_v1,
dataflow,WB.AFW360:AFW360_HH(0.3.0),R,A,SEN,_T,SURVEY,SHK_IDIO_ECON,_Z,_Z,_T,_T,_T,_T,_T,_T,_Z,_Z,_Z,_Z,_Z,2021,0.16,,,,,,,,,SHK_IDIO_ECON,SHARE,0.01,A,SEN_EHCVM2021_LEGACY_v1,
dataflow,WB.AFW360:AFW360_HH(0.3.0),R,A,SEN,_T,SURVEY,SP_HEALTH_COV,_T,_T,CAP,_T,_T,_T,_T,_T,_Z,_Z,_Z,_Z,_Z,2021,0.05,,,,,,,,,SP_HEALTH_COV,SHARE,0.01,A,SEN_EHCVM2021_LEGACY_v1,
dataflow,WB.AFW360:AFW360_HH(0.3.0),R,A,SEN,_T,SURVEY,SP_HEALTH_COV,_T,_T,OU,_T,_T,_T,_T,_T,_Z,_Z,_Z,_Z,_Z,2021,0.01,,,,,,,,,SP_HEALTH_COV,SHARE,0.01,A,SEN_EHCVM2021_LEGACY_v1,
dataflow,WB.AFW360:AFW360_HH(0.3.0),R,A,SEN,_T,SURVEY,SP_HEALTH_COV,_T,_T,R,_T,_T,_T,_T,_T,_Z,_Z,_Z,_Z,_Z,2021,0.01,,,,,,,,,SP_HEALTH_COV,SHARE,0.01,A,SEN_EHCVM2021_LEGACY_v1,
dataflow,WB.AFW360:AFW360_HH(0.3.0),R,A,SEN,_T,SURVEY,SP_HEALTH_COV,_T,_T,_T,HHH_AGE_GE35,_T,_T,_T,_T,_Z,_Z,_Z,_Z,_Z,2021,0.03,,,,,,,,,SP_HEALTH_COV,SHARE,0.01,A,SEN_EHCVM2021_LEGACY_v1,
dataflow,WB.AFW360:AFW360_HH(0.3.0),R,A,SEN,_T,SURVEY,SP_HEALTH_COV,_T,_T,_T,HHH_AGE_LT35,_T,_T,_T,_T,_Z,_Z,_Z,_Z,_Z,2021,0.01,,,,,,,,,SP_HEALTH_COV,SHARE,0.01,A,SEN_EHCVM2021_LEGACY_v1,
dataflow,WB.AFW360:AFW360_HH(0.3.0),R,A,SEN,_T,SURVEY,SP_HEALTH_COV,_T,_T,_T,HHH_SEX_F,_T,_T,_T,_T,_Z,_Z,_Z,_Z,_Z,2021,0.02,,,,,,,,,SP_HEALTH_COV,SHARE,0.01,A,SEN_EHCVM2021_LEGACY_v1,
dataflow,WB.AFW360:AFW360_HH(0.3.0),R,A,SEN,_T,SURVEY,SP_HEALTH_COV,_T,_T,_T,HHH_SEX_M,_T,_T,_T,_T,_Z,_Z,_Z,_Z,_Z,2021,0.02,,,,,,,,,SP_HEALTH_COV,SHARE,0.01,A,SEN_EHCVM2021_LEGACY_v1,
dataflow,WB.AFW360:AFW360_HH(0.3.0),R,A,SEN,_T,SURVEY,SP_HEALTH_COV,_T,_T,_T,QUINT_Q1,_T,_T,_T,_T,_Z,_Z,_Z,_Z,_Z,2021,0,,,,,,,,,SP_HEALTH_COV,SHARE,0.01,A,SEN_EHCVM2021_LEGACY_v1,
dataflow,WB.AFW360:AFW360_HH(0.3.0),R,A,SEN,_T,SURVEY,SP_HEALTH_COV,_T,_T,_T,QUINT_Q2,_T,_T,_T,_T,_Z,_Z,_Z,_Z,_Z,2021,0,,,,,,,,,SP_HEALTH_COV,SHARE,0.01,A,SEN_EHCVM2021_LEGACY_v1,
dataflow,WB.AFW360:AFW360_HH(0.3.0),R,A,SEN,_T,SURVEY,SP_HEALTH_COV,_T,_T,_T,QUINT_Q3,_T,_T,_T,_T,_Z,_Z,_Z,_Z,_Z,2021,0.01,,,,,,,,,SP_HEALTH_COV,SHARE,0.01,A,SEN_EHCVM2021_LEGACY_v1,
dataflow,WB.AFW360:AFW360_HH(0.3.0),R,A,SEN,_T,SURVEY,SP_HEALTH_COV,_T,_T,_T,QUINT_Q4,_T,_T,_T,_T,_Z,_Z,_Z,_Z,_Z,2021,0.02,,,,,,,,,SP_HEALTH_COV,SHARE,0.01,A,SEN_EHCVM2021_LEGACY_v1,
dataflow,WB.AFW360:AFW360_HH(0.3.0),R,A,SEN,_T,SURVEY,SP_HEALTH_COV,_T,_T,_T,QUINT_Q5,_T,_T,_T,_T,_Z,_Z,_Z,_Z,_Z,2021,0.06,,,,,,,,,SP_HEALTH_COV,SHARE,0.01,A,SEN_EHCVM2021_LEGACY_v1,
dataflow,WB.AFW360:AFW360_HH(0.3.0),R,A,SEN,_T,SURVEY,SP_HEALTH_COV,_T,_T,_T,_T,_T,_T,_T,_T,_Z,_Z,_Z,_Z,_Z,2021,0.02,,,,,,,,,SP_HEALTH_COV,SHARE,0.01,A,SEN_EHCVM2021_LEGACY_v1,
dataflow,WB.AFW360:AFW360_HH(0.3.0),R,A,SEN,_T,SURVEY,SP_HEALTH_COV_HH,_Z,_Z,CAP,_T,_T,_T,_T,_T,_Z,_Z,_Z,_Z,_Z,2021,0.13,,,,,,,,,SP_HEALTH_COV_HH,SHARE,0.01,A,SEN_EHCVM2021_LEGACY_v1,
dataflow,WB.AFW360:AFW360_HH(0.3.0),R,A,SEN,_T,SURVEY,SP_HEALTH_COV_HH,_Z,_Z,OU,_T,_T,_T,_T,_T,_Z,_Z,_Z,_Z,_Z,2021,0.05,,,,,,,,,SP_HEALTH_COV_HH,SHARE,0.01,A,SEN_EHCVM2021_LEGACY_v1,
dataflow,WB.AFW360:AFW360_HH(0.3.0),R,A,SEN,_T,SURVEY,SP_HEALTH_COV_HH,_Z,_Z,R,_T,_T,_T,_T,_T,_Z,_Z,_Z,_Z,_Z,2021,0.02,,,,,,,,,SP_HEALTH_COV_HH,SHARE,0.01,A,SEN_EHCVM2021_LEGACY_v1,
dataflow,WB.AFW360:AFW360_HH(0.3.0),R,A,SEN,_T,SURVEY,SP_HEALTH_COV_HH,_Z,_Z,_T,HHH_AGE_GE35,_T,_T,_T,_T,_Z,_Z,_Z,_Z,_Z,2021,0.05,,,,,,,,,SP_HEALTH_COV_HH,SHARE,0.01,A,SEN_EHCVM2021_LEGACY_v1,
dataflow,WB.AFW360:AFW360_HH(0.3.0),R,A,SEN,_T,SURVEY,SP_HEALTH_COV_HH,_Z,_Z,_T,HHH_AGE_LT35,_T,_T,_T,_T,_Z,_Z,_Z,_Z,_Z,2021,0.03,,,,,,,,,SP_HEALTH_COV_HH,SHARE,0.01,A,SEN_EHCVM2021_LEGACY_v1,
dataflow,WB.AFW360:AFW360_HH(0.3.0),R,A,SEN,_T,SURVEY,SP_HEALTH_COV_HH,_Z,_Z,_T,HHH_SEX_F,_T,_T,_T,_T,_Z,_Z,_Z,_Z,_Z,2021,0.04,,,,,,,,,SP_HEALTH_COV_HH,SHARE,0.01,A,SEN_EHCVM2021_LEGACY_v1,
dataflow,WB.AFW360:AFW360_HH(0.3.0),R,A,SEN,_T,SURVEY,SP_HEALTH_COV_HH,_Z,_Z,_T,HHH_SEX_M,_T,_T,_T,_T,_Z,_Z,_Z,_Z,_Z,2021,0.05,,,,,,,,,SP_HEALTH_COV_HH,SHARE,0.01,A,SEN_EHCVM2021_LEGACY_v1,
dataflow,WB.AFW360:AFW360_HH(0.3.0),R,A,SEN,_T,SURVEY,SP_HEALTH_COV_HH,_Z,_Z,_T,QUINT_Q1,_T,_T,_T,_T,_Z,_Z,_Z,_Z,_Z,2021,0.01,,,,,,,,,SP_HEALTH_COV_HH,SHARE,0.01,A,SEN_EHCVM2021_LEGACY_v1,
dataflow,WB.AFW360:AFW360_HH(0.3.0),R,A,SEN,_T,SURVEY,SP_HEALTH_COV_HH,_Z,_Z,_T,QUINT_Q2,_T,_T,_T,_T,_Z,_Z,_Z,_Z,_Z,2021,0.02,,,,,,,,,SP_HEALTH_COV_HH,SHARE,0.01,A,SEN_EHCVM2021_LEGACY_v1,
dataflow,WB.AFW360:AFW360_HH(0.3.0),R,A,SEN,_T,SURVEY,SP_HEALTH_COV_HH,_Z,_Z,_T,QUINT_Q3,_T,_T,_T,_T,_Z,_Z,_Z,_Z,_Z,2021,0.03,,,,,,,,,SP_HEALTH_COV_HH,SHARE,0.01,A,SEN_EHCVM2021_LEGACY_v1,
dataflow,WB.AFW360:AFW360_HH(0.3.0),R,A,SEN,_T,SURVEY,SP_HEALTH_COV_HH,_Z,_Z,_T,QUINT_Q4,_T,_T,_T,_T,_Z,_Z,_Z,_Z,_Z,2021,0.07,,,,,,,,,SP_HEALTH_COV_HH,SHARE,0.01,A,SEN_EHCVM2021_LEGACY_v1,
dataflow,WB.AFW360:AFW360_HH(0.3.0),R,A,SEN,_T,SURVEY,SP_HEALTH_COV_HH,_Z,_Z,_T,QUINT_Q5,_T,_T,_T,_T,_Z,_Z,_Z,_Z,_Z,2021,0.12,,,,,,,,,SP_HEALTH_COV_HH,SHARE,0.01,A,SEN_EHCVM2021_LEGACY_v1,
dataflow,WB.AFW360:AFW360_HH(0.3.0),R,A,SEN,_T,SURVEY,SP_HEALTH_COV_HH,_Z,_Z,_T,_T,_T,_T,_T,_T,_Z,_Z,_Z,_Z,_Z,2021,0.05,,,,,,,,,SP_HEALTH_COV_HH,SHARE,0.01,A,SEN_EHCVM2021_LEGACY_v1,
