DATAFLOW,REF_AREA,GEO,TIME_PERIOD,INDICATOR,SEX,AGE,URBANISATION,COMP_BREAKDOWN_1,COMP_BREAKDOWN_2,COMP_BREAKDOWN_3,COMP_BREAKDOWN_4,COMP_BREAKDOWN_5,MEASURE_QUAL_1,MEASURE_QUAL_2,MEASURE_QUAL_3,MEASURE_QUAL_4,MEASURE_QUAL_5,OBS_VALUE,OBS_STATUS,STD_ERR,CI_LOWER,CI_UPPER,N_OBS,N_POP,OBS_COMMENT
AFW360_HH,SEN,SN01,2021,AGR_CULTIVATES,_Z,_Z,_T,_T,_T,_T,_T,_T,_Z,_Z,_Z,_Z,_Z,0.01,A,,,,,,
AFW360_HH,SEN,SN01,2021,AGR_CULT_AREA,_Z,_Z,_T,_T,_T,_T,_T,_T,_Z,_Z,_Z,_Z,_Z,0.66,A,,,,,,
AFW360_HH,SEN,SN01,2021,AGR_LIVESTOCK_ANY,_Z,_Z,_T,_T,_T,_T,_T,_T,_Z,_Z,_Z,_Z,_Z,0.26,A,,,,,,
AFW360_HH,SEN,SN01,2021,AGR_TLU,_Z,_Z,_T,_T,_T,_T,_T,_T,_Z,_Z,_Z,_Z,_Z,0.18,A,,,,,,
AFW360_HH,SEN,SN01,2021,CONS_SH,_Z,_Z,_T,_T,_T,_T,_T,_T,COICOP_CP01,ACQ_OWNPROD,_Z,_Z,_Z,0,A,,,,,,
AFW360_HH,SEN,SN01,2021,CONS_SH,_Z,_Z,_T,_T,_T,_T,_T,_T,COICOP_CP01,ACQ_PURCH,_Z,_Z,_Z,0.31,A,,,,,,
AFW360_HH,SEN,SN01,2021,CONS_SH,_Z,_Z,_T,_T,_T,_T,_T,_T,COICOP_CP01,_Z,_Z,_Z,_Z,0.33,A,,,,,,
AFW360_HH,SEN,SN01,2021,CONS_SH,_Z,_Z,_T,_T,_T,_T,_T,_T,COICOP_CP02,_Z,_Z,_Z,_Z,0,A,,,,,,
AFW360_HH,SEN,SN01,2021,CONS_SH,_Z,_Z,_T,_T,_T,_T,_T,_T,COICOP_CP03,_Z,_Z,_Z,_Z,0.05,A,,,,,,
AFW360_HH,SEN,SN01,2021,CONS_SH,_Z,_Z,_T,_T,_T,_T,_T,_T,COICOP_CP04,_Z,_Z,_Z,_Z,0.19,A,,,,,,
AFW360_HH,SEN,SN01,2021,CONS_SH,_Z,_Z,_T,_T,_T,_T,_T,_T,COICOP_CP05,_Z,_Z,_Z,_Z,0.06,A,,,,,,
AFW360_HH,SEN,SN01,2021,CONS_SH,_Z,_Z,_T,_T,_T,_T,_T,_T,COICOP_CP06,_Z,_Z,_Z,_Z,0.03,A,,,,,,
AFW360_HH,SEN,SN01,2021,CONS_SH,_Z,_Z,_T,_T,_T,_T,_T,_T,COICOP_CP07,_Z,_Z,_Z,_Z,0.05,A,,,,,,
AFW360_HH,SEN,SN01,2021,CONS_SH,_Z,_Z,_T,_T,_T,_T,_T,_T,COICOP_CP08,_Z,_Z,_Z,_Z,0.07,A,,,,,,
AFW360_HH,SEN,SN01,2021,CONS_SH,_Z,_Z,_T,_T,_T,_T,_T,_T,COICOP_CP09,_Z,_Z,_Z,_Z,0,A,,,,,,
AFW360_HH,SEN,SN01,2021,CONS_SH,_Z,_Z,_T,_T,_T,_T,_T,_T,COICOP_CP10,_Z,_Z,_Z,_Z,0.03,A,,,,,,
AFW360_HH,SEN,SN01,2021,CONS_SH,_Z,_Z,_T,_T,_T,_T,_T,_T,COICOP_CP11,_Z,_Z,_Z,_Z,0.15,A,,,,,,
AFW360_HH,SEN,SN01,2021,CONS_SH,_Z,_Z,_T,_T,_T,_T,_T,_T,COICOP_CP12,_Z,_Z,_Z,_Z,0,A,,,,,,
AFW360_HH,SEN,SN01,2021,CONS_SH,_Z,_Z,_T,_T,_T,_T,_T,_T,COICOP_CP13,_Z,_Z,_Z,_Z,0.03,A,,,,,,
AFW360_HH,SEN,SN01,2021,EN_ASSET_AC,_Z,_Z,_T,_T,_T,_T,_T,_T,_Z,_Z,_Z,_Z,_Z,0.02,A,,,,,,
AFW360_HH,SEN,SN01,2021,EN_ASSET_COOKER,_Z,_Z,_T,_T,_T,_T,_T,_T,_Z,_Z,_Z,_Z,_Z,0.14,A,,,,,,
AFW360_HH,SEN,SN01,2021,EN_ASSET_FAN,_Z,_Z,_T,_T,_T,_T,_T,_T,_Z,_Z,_Z,_Z,_Z,0.03,A,,,,,,
AFW360_HH,SEN,SN01,2021,EN_ASSET_WATER_HEATER,_Z,_Z,_T,_T,_T,_T,_T,_T,_Z,_Z,_Z,_Z,_Z,0.03,A,,,,,,
AFW360_HH,SEN,SN01,2021,EN_COOK_BIOMASS,_Z,_Z,_T,_T,_T,_T,_T,_T,_Z,_Z,_Z,_Z,_Z,0.26,A,,,,,,
AFW360_HH,SEN,SN01,2021,EN_COOK_CLEAN,_Z,_Z,_T,_T,_T,_T,_T,_T,_Z,_Z,_Z,_Z,_Z,0.6,A,,,,,,LEGACY_SUSPECT: Implausible pattern: higher in Rural and Q1 than in Capital and Q4.
AFW360_HH,SEN,SN01,2021,EN_ELEC_ACCESS,_Z,_Z,_T,_T,_T,_T,_T,_T,_Z,_Z,_Z,_Z,_Z,0.97,A,,,,,,
AFW360_HH,SEN,SN01,2021,EN_ELEC_INFORMAL,_Z,_Z,_T,_T,_T,_T,_T,_T,_Z,_Z,_Z,_Z,_Z,0.01,A,,,,,,
AFW360_HH,SEN,SN01,2021,EN_ELEC_SPEND,_Z,_Z,_T,_T,_T,_T,_T,_T,_Z,_Z,_Z,_Z,_Z,10796.67,A,,,,,,
AFW360_HH,SEN,SN01,2021,EN_GRID_CONN,_Z,_Z,_T,_T,_T,_T,_T,_T,_Z,_Z,_Z,_Z,_Z,0.99,A,,,,,,"LEGACY_SUSPECT: Implausible: 0.96-1.00 in every cell, including Q1 and Rural."
AFW360_HH,SEN,SN01,2021,EN_GRID_USE,_Z,_Z,_T,_T,_T,_T,_T,_T,_Z,_Z,_Z,_Z,_Z,0.95,A,,,,,,
AFW360_HH,SEN,SN01,2021,EN_LIGHT_IMPROVED,_Z,_Z,_T,_T,_T,_T,_T,_T,_Z,_Z,_Z,_Z,_Z,1,A,,,,,,
AFW360_HH,SEN,SN01,2021,EN_OFFGRID_USE,_Z,_Z,_T,_T,_T,_T,_T,_T,_Z,_Z,_Z,_Z,_Z,0.04,A,,,,,,
AFW360_HH,SEN,SN01,2021,EN_OUTAGE_ANY,_Z,_Z,_T,_T,_T,_T,_T,_T,_Z,_Z,_Z,_Z,_Z,0.37,A,,,,,,
AFW360_HH,SEN,SN01,2021,EN_OUTAGE_DAYS,_Z,_Z,_T,_T,_T,_T,_T,_T,_Z,_Z,_Z,_Z,_Z,2.72,A,,,,,,
AFW360_HH,SEN,SN01,2021,EN_OUTAGE_DUR_CODE,_Z,_Z,_T,_T,_T,_T,_T,_T,_Z,_Z,_Z,_Z,_Z,1.78,A,,,,,,
AFW360_HH,SEN,SN01,2021,EN_PREPAID_METER,_Z,_Z,_T,_T,_T,_T,_T,_T,_Z,_Z,_Z,_Z,_Z,0.49,A,,,,,,
AFW360_HH,SEN,SN01,2021,HE_ACCOUNTS,_Z,_Z,_T,_T,_T,_T,_T,_T,_Z,_Z,_Z,_Z,_Z,0.01,A,,,,,,
AFW360_HH,SEN,SN01,2021,HE_AGE,_Z,_Z,_T,_T,_T,_T,_T,_T,_Z,_Z,_Z,_Z,_Z,10.9,A,,,,,,
AFW360_HH,SEN,SN01,2021,HE_BUY_FIRMS,_Z,_Z,_T,_T,_T,_T,_T,_T,_Z,_Z,_Z,_Z,_Z,0.23,A,,,,,,
AFW360_HH,SEN,SN01,2021,HE_CAPITAL,_Z,_Z,_T,_T,_T,_T,_T,_T,_Z,_Z,_Z,_Z,_Z,3072975.7200000002,A,,,,,,
AFW360_HH,SEN,SN01,2021,HE_COSTS,_Z,_Z,_T,_T,_T,_T,_T,_T,_Z,_Z,_Z,_Z,_Z,100619.09,A,,,,,,
AFW360_HH,SEN,SN01,2021,HE_CREDIT_ANY,_Z,_Z,_T,_T,_T,_T,_T,_T,_Z,_Z,_Z,_Z,_Z,0.14,A,,,,,,
AFW360_HH,SEN,SN01,2021,HE_CREDIT_FORMAL,_Z,_Z,_T,_T,_T,_T,_T,_T,_Z,_Z,_Z,_Z,_Z,0,A,,,,,,
AFW360_HH,SEN,SN01,2021,HE_CREDIT_INFORMAL,_Z,_Z,_T,_T,_T,_T,_T,_T,_Z,_Z,_Z,_Z,_Z,0.14,A,,,,,,
AFW360_HH,SEN,SN01,2021,HE_ELEC,_Z,_Z,_T,_T,_T,_T,_T,_T,_Z,_Z,_Z,_Z,_Z,0.62,A,,,,,,
AFW360_HH,SEN,SN01,2021,HE_EMP_EXT_ANY,_Z,_Z,_T,_T,_T,_T,_T,_T,_Z,_Z,_Z,_Z,_Z,0.9,A,,,,,,LEGACY_SUSPECT: Implausible: share 0.96 while mean non-HH employees is 0.54.
AFW360_HH,SEN,SN01,2021,HE_EMP_HH_NUM,_Z,_Z,_T,_T,_T,_T,_T,_T,_Z,_Z,_Z,_Z,_Z,0.27,A,,,,,,
AFW360_HH,SEN,SN01,2021,HE_EMP_NONHH_NUM,_Z,_Z,_T,_T,_T,_T,_T,_T,_Z,_Z,_Z,_Z,_Z,1.07,A,,,,,,
AFW360_HH,SEN,SN01,2021,HE_EMP_NUM,_Z,_Z,_T,_T,_T,_T,_T,_T,_Z,_Z,_Z,_Z,_Z,1.81,A,,,,,,
AFW360_HH,SEN,SN01,2021,HE_HH_OWNER,_Z,_Z,_T,_T,_T,_T,_T,_T,_Z,_Z,_Z,_Z,_Z,0.7,A,,,,,,
AFW360_HH,SEN,SN01,2021,HE_HOME_BASED,_Z,_Z,_T,_T,_T,_T,_T,_T,_Z,_Z,_Z,_Z,_Z,0.18,A,,,,,,
AFW360_HH,SEN,SN01,2021,HE_PHONE,_Z,_Z,_T,_T,_T,_T,_T,_T,_Z,_Z,_Z,_Z,_Z,1,A,,,,,,
AFW360_HH,SEN,SN01,2021,HE_PREMISES_FORMAL,_Z,_Z,_T,_T,_T,_T,_T,_T,_Z,_Z,_Z,_Z,_Z,0.62,A,,,,,,
AFW360_HH,SEN,SN01,2021,HE_PROFIT,_Z,_Z,_T,_T,_T,_T,_T,_T,_Z,_Z,_Z,_Z,_Z,128498.37,A,,,,,,
AFW360_HH,SEN,SN01,2021,HE_RENT,_Z,_Z,_T,_T,_T,_T,_T,_T,_Z,_Z,_Z,_Z,_Z,0.73,A,,,,,,
AFW360_HH,SEN,SN01,2021,HE_REV_PER_WORKER,_Z,_Z,_T,_T,_T,_T,_T,_T,_Z,_Z,_Z,_Z,_Z,313096.07,A,,,,,,
AFW360_HH,SEN,SN01,2021,HE_SELL_FIRMS,_Z,_Z,_T,_T,_T,_T,_T,_T,_Z,_Z,_Z,_Z,_Z,0,A,,,,,,
AFW360_HH,SEN,SN01,2021,HE_TAX_ID,_Z,_Z,_T,_T,_T,_T,_T,_T,_Z,_Z,_Z,_Z,_Z,0.02,A,,,,,,
AFW360_HH,SEN,SN01,2021,HE_WATER,_Z,_Z,_T,_T,_T,_T,_T,_T,_Z,_Z,_Z,_Z,_Z,0.33,A,,,,,,
AFW360_HH,SEN,SN01,2021,HOUS_FLOOR_DURABLE,_Z,_Z,_T,_T,_T,_T,_T,_T,_Z,_Z,_Z,_Z,_Z,0.96,A,,,,,,
AFW360_HH,SEN,SN01,2021,HOUS_ROOF_DURABLE,_Z,_Z,_T,_T,_T,_T,_T,_T,_Z,_Z,_Z,_Z,_Z,0.99,A,,,,,,
AFW360_HH,SEN,SN01,2021,HOUS_SANIT_IMPROVED,_Z,_Z,_T,_T,_T,_T,_T,_T,_Z,_Z,_Z,_Z,_Z,0.95,A,,,,,,
AFW360_HH,SEN,SN01,2021,HOUS_WALL_DURABLE,_Z,_Z,_T,_T,_T,_T,_T,_T,_Z,_Z,_Z,_Z,_Z,0.99,A,,,,,,
AFW360_HH,SEN,SN01,2021,HOUS_WATER_SAFE_DRY,_Z,_Z,_T,_T,_T,_T,_T,_T,_Z,_Z,_Z,_Z,_Z,0.98,A,,,,,,
AFW360_HH,SEN,SN01,2021,POP_HE_SH,_Z,_Z,_T,HEO_MSTAT_MARRIED,_T,_T,_T,_T,_Z,_Z,_Z,_Z,_Z,0.92,A,,,,,,
AFW360_HH,SEN,SN01,2021,POP_HE_SH,_Z,_Z,_T,HEO_SEX_F,_T,_T,_T,_T,_Z,_Z,_Z,_Z,_Z,0.36,A,,,,,,
AFW360_HH,SEN,SN01,2021,POP_HH_SH,_Z,_Z,_T,HE_COUNT_0,_T,_T,_T,_T,_Z,_Z,_Z,_Z,_Z,0.41,A,,,,,,
AFW360_HH,SEN,SN01,2021,POP_HH_SH,_Z,_Z,_T,HE_COUNT_1,_T,_T,_T,_T,_Z,_Z,_Z,_Z,_Z,0.57,A,,,,,,
AFW360_HH,SEN,SN01,2021,POP_HH_SH,_Z,_Z,_T,HE_COUNT_2,_T,_T,_T,_T,_Z,_Z,_Z,_Z,_Z,0,A,,,,,,
AFW360_HH,SEN,SN01,2021,POP_HH_SH,_Z,_Z,_T,HE_COUNT_3,_T,_T,_T,_T,_Z,_Z,_Z,_Z,_Z,0.01,A,,,,,,
AFW360_HH,SEN,SN01,2021,POP_HH_SH,_Z,_Z,_T,HE_COUNT_4P,_T,_T,_T,_T,_Z,_Z,_Z,_Z,_Z,0,A,,,,,,
AFW360_HH,SEN,SN01,2021,POP_SH,_T,_T,_T,EMP_FORMAL_N,_T,_T,_T,_T,_Z,_Z,_Z,_Z,_Z,0.48,A,,,,,,
AFW360_HH,SEN,SN01,2021,POP_SH,_T,_T,_T,EMP_ISIC_G,_T,_T,_T,_T,_Z,_Z,_Z,_Z,_Z,0.22,A,,,,,,
AFW360_HH,SEN,SN01,2021,POP_SH,_T,_T,_T,EMP_ISIC_H,_T,_T,_T,_T,_Z,_Z,_Z,_Z,_Z,0.07,A,,,,,,
AFW360_HH,SEN,SN01,2021,POP_SH,_T,_T,_T,EMP_SECTOR_AGR,_T,_T,_T,_T,_Z,_Z,_Z,_Z,_Z,0.03,A,,,,,,
AFW360_HH,SEN,SN01,2021,POP_SH,_T,_T,_T,EMP_SECTOR_IND,_T,_T,_T,_T,_Z,_Z,_Z,_Z,_Z,0.32,A,,,,,,
AFW360_HH,SEN,SN01,2021,POP_SH,_T,_T,_T,EMP_SECTOR_SER,_T,_T,_T,_T,_Z,_Z,_Z,_Z,_Z,0.65,A,,,,,,
AFW360_HH,SEN,SN01,2021,POP_SH,_T,_T,_T,EMP_STATUS_EMPLOYED,_T,_T,_T,_T,_Z,_Z,_Z,_Z,_Z,0.56,A,,,,,,
AFW360_HH,SEN,SN01,2021,POP_SH,_T,_T,_T,EMP_TYPE_NONWAGE,_T,_T,_T,_T,_Z,_Z,_Z,_Z,_Z,0.5,A,,,,,,
AFW360_HH,SEN,SN01,2021,POP_SH,_T,_T,_T,EMP_TYPE_WAGE,_T,_T,_T,_T,_Z,_Z,_Z,_Z,_Z,0.5,A,,,,,,
AFW360_HH,SEN,SN01,2021,POV_HC,_T,_T,_T,_T,_T,_T,_T,_T,POVLINE_PL300,PPP_2021,_Z,_Z,_Z,0,A,,,,,,
AFW360_HH,SEN,SN01,2021,POV_HC,_T,_T,_T,_T,_T,_T,_T,_T,POVLINE_PL420,PPP_2021,_Z,_Z,_Z,0.03,A,,,,,,
AFW360_HH,SEN,SN01,2021,POV_NUM,_T,_T,_T,_T,_T,_T,_T,_T,POVLINE_PL300,PPP_2021,_Z,_Z,_Z,20000,A,,,,,,
AFW360_HH,SEN,SN01,2021,POV_NUM,_T,_T,_T,_T,_T,_T,_T,_T,POVLINE_PL420,PPP_2021,_Z,_Z,_Z,130000,A,,,,,,
AFW360_HH,SEN,SN01,2021,SHK_ANY,_Z,_Z,_T,_T,_T,_T,_T,_T,_Z,_Z,_Z,_Z,_Z,0.54,A,,,,,,
AFW360_HH,SEN,SN01,2021,SHK_COV_CONFLICT,_Z,_Z,_T,_T,_T,_T,_T,_T,_Z,_Z,_Z,_Z,_Z,0,A,,,,,,
AFW360_HH,SEN,SN01,2021,SHK_COV_ECON,_Z,_Z,_T,_T,_T,_T,_T,_T,_Z,_Z,_Z,_Z,_Z,0.28,A,,,,,,
AFW360_HH,SEN,SN01,2021,SHK_COV_NATURAL,_Z,_Z,_T,_T,_T,_T,_T,_T,_Z,_Z,_Z,_Z,_Z,0.1,A,,,,,,
AFW360_HH,SEN,SN01,2021,SHK_IDIO_ECON,_Z,_Z,_T,_T,_T,_T,_T,_T,_Z,_Z,_Z,_Z,_Z,0.11,A,,,,,,
AFW360_HH,SEN,SN01,2021,SP_HEALTH_COV,_T,_T,_T,_T,_T,_T,_T,_T,_Z,_Z,_Z,_Z,_Z,0.05,A,,,,,,
AFW360_HH,SEN,SN01,2021,SP_HEALTH_COV_HH,_Z,_Z,_T,_T,_T,_T,_T,_T,_Z,_Z,_Z,_Z,_Z,0.13,A,,,,,,
AFW360_HH,SEN,SN02,2021,AGR_CULTIVATES,_Z,_Z,_T,_T,_T,_T,_T,_T,_Z,_Z,_Z,_Z,_Z,0.31,A,,,,,,
AFW360_HH,SEN,SN02,2021,AGR_CULT_AREA,_Z,_Z,_T,_T,_T,_T,_T,_T,_Z,_Z,_Z,_Z,_Z,3.69,A,,,,,,
AFW360_HH,SEN,SN02,2021,AGR_LIVESTOCK_ANY,_Z,_Z,_T,_T,_T,_T,_T,_T,_Z,_Z,_Z,_Z,_Z,0.54,A,,,,,,
AFW360_HH,SEN,SN02,2021,AGR_TLU,_Z,_Z,_T,_T,_T,_T,_T,_T,_Z,_Z,_Z,_Z,_Z,1.13,A,,,,,,
AFW360_HH,SEN,SN02,2021,CONS_SH,_Z,_Z,_T,_T,_T,_T,_T,_T,COICOP_CP01,ACQ_OWNPROD,_Z,_Z,_Z,0.03,A,,,,,,
AFW360_HH,SEN,SN02,2021,CONS_SH,_Z,_Z,_T,_T,_T,_T,_T,_T,COICOP_CP01,ACQ_PURCH,_Z,_Z,_Z,0.42,A,,,,,,
AFW360_HH,SEN,SN02,2021,CONS_SH,_Z,_Z,_T,_T,_T,_T,_T,_T,COICOP_CP01,_Z,_Z,_Z,_Z,0.46,A,,,,,,
AFW360_HH,SEN,SN02,2021,CONS_SH,_Z,_Z,_T,_T,_T,_T,_T,_T,COICOP_CP02,_Z,_Z,_Z,_Z,0,A,,,,,,
AFW360_HH,SEN,SN02,2021,CONS_SH,_Z,_Z,_T,_T,_T,_T,_T,_T,COICOP_CP03,_Z,_Z,_Z,_Z,0.05,A,,,,,,
AFW360_HH,SEN,SN02,2021,CONS_SH,_Z,_Z,_T,_T,_T,_T,_T,_T,COICOP_CP04,_Z,_Z,_Z,_Z,0.18,A,,,,,,
AFW360_HH,SEN,SN02,2021,CONS_SH,_Z,_Z,_T,_T,_T,_T,_T,_T,COICOP_CP05,_Z,_Z,_Z,_Z,0.06,A,,,,,,
AFW360_HH,SEN,SN02,2021,CONS_SH,_Z,_Z,_T,_T,_T,_T,_T,_T,COICOP_CP06,_Z,_Z,_Z,_Z,0.03,A,,,,,,
AFW360_HH,SEN,SN02,2021,CONS_SH,_Z,_Z,_T,_T,_T,_T,_T,_T,COICOP_CP07,_Z,_Z,_Z,_Z,0.03,A,,,,,,
AFW360_HH,SEN,SN02,2021,CONS_SH,_Z,_Z,_T,_T,_T,_T,_T,_T,COICOP_CP08,_Z,_Z,_Z,_Z,0.05,A,,,,,,
AFW360_HH,SEN,SN02,2021,CONS_SH,_Z,_Z,_T,_T,_T,_T,_T,_T,COICOP_CP09,_Z,_Z,_Z,_Z,0,A,,,,,,
AFW360_HH,SEN,SN02,2021,CONS_SH,_Z,_Z,_T,_T,_T,_T,_T,_T,COICOP_CP10,_Z,_Z,_Z,_Z,0.01,A,,,,,,
AFW360_HH,SEN,SN02,2021,CONS_SH,_Z,_Z,_T,_T,_T,_T,_T,_T,COICOP_CP11,_Z,_Z,_Z,_Z,0.1,A,,,,,,
AFW360_HH,SEN,SN02,2021,CONS_SH,_Z,_Z,_T,_T,_T,_T,_T,_T,COICOP_CP12,_Z,_Z,_Z,_Z,0,A,,,,,,
AFW360_HH,SEN,SN02,2021,CONS_SH,_Z,_Z,_T,_T,_T,_T,_T,_T,COICOP_CP13,_Z,_Z,_Z,_Z,0.03,A,,,,,,
AFW360_HH,SEN,SN02,2021,EN_ASSET_AC,_Z,_Z,_T,_T,_T,_T,_T,_T,_Z,_Z,_Z,_Z,_Z,0.18,A,,,,,,
AFW360_HH,SEN,SN02,2021,EN_ASSET_COOKER,_Z,_Z,_T,_T,_T,_T,_T,_T,_Z,_Z,_Z,_Z,_Z,0,A,,,,,,
AFW360_HH,SEN,SN02,2021,EN_ASSET_FAN,_Z,_Z,_T,_T,_T,_T,_T,_T,_Z,_Z,_Z,_Z,_Z,0.11,A,,,,,,
AFW360_HH,SEN,SN02,2021,EN_ASSET_WATER_HEATER,_Z,_Z,_T,_T,_T,_T,_T,_T,_Z,_Z,_Z,_Z,_Z,0.08,A,,,,,,
AFW360_HH,SEN,SN02,2021,EN_COOK_BIOMASS,_Z,_Z,_T,_T,_T,_T,_T,_T,_Z,_Z,_Z,_Z,_Z,0.34,A,,,,,,
AFW360_HH,SEN,SN02,2021,EN_COOK_CLEAN,_Z,_Z,_T,_T,_T,_T,_T,_T,_Z,_Z,_Z,_Z,_Z,0.66,A,,,,,,LEGACY_SUSPECT: Implausible pattern: higher in Rural and Q1 than in Capital and Q4.
AFW360_HH,SEN,SN02,2021,EN_ELEC_ACCESS,_Z,_Z,_T,_T,_T,_T,_T,_T,_Z,_Z,_Z,_Z,_Z,0.73,A,,,,,,
AFW360_HH,SEN,SN02,2021,EN_ELEC_INFORMAL,_Z,_Z,_T,_T,_T,_T,_T,_T,_Z,_Z,_Z,_Z,_Z,0,A,,,,,,
AFW360_HH,SEN,SN02,2021,EN_ELEC_SPEND,_Z,_Z,_T,_T,_T,_T,_T,_T,_Z,_Z,_Z,_Z,_Z,18714.21,A,,,,,,
AFW360_HH,SEN,SN02,2021,EN_GRID_CONN,_Z,_Z,_T,_T,_T,_T,_T,_T,_Z,_Z,_Z,_Z,_Z,1,A,,,,,,"LEGACY_SUSPECT: Implausible: 0.96-1.00 in every cell, including Q1 and Rural."
AFW360_HH,SEN,SN02,2021,EN_GRID_USE,_Z,_Z,_T,_T,_T,_T,_T,_T,_Z,_Z,_Z,_Z,_Z,0.71,A,,,,,,
AFW360_HH,SEN,SN02,2021,EN_LIGHT_IMPROVED,_Z,_Z,_T,_T,_T,_T,_T,_T,_Z,_Z,_Z,_Z,_Z,1,A,,,,,,
AFW360_HH,SEN,SN02,2021,EN_OFFGRID_USE,_Z,_Z,_T,_T,_T,_T,_T,_T,_Z,_Z,_Z,_Z,_Z,0.1,A,,,,,,
AFW360_HH,SEN,SN02,2021,EN_OUTAGE_ANY,_Z,_Z,_T,_T,_T,_T,_T,_T,_Z,_Z,_Z,_Z,_Z,0.3,A,,,,,,
AFW360_HH,SEN,SN02,2021,EN_OUTAGE_DAYS,_Z,_Z,_T,_T,_T,_T,_T,_T,_Z,_Z,_Z,_Z,_Z,1.86,A,,,,,,
AFW360_HH,SEN,SN02,2021,EN_OUTAGE_DUR_CODE,_Z,_Z,_T,_T,_T,_T,_T,_T,_Z,_Z,_Z,_Z,_Z,1.66,A,,,,,,
AFW360_HH,SEN,SN02,2021,EN_PREPAID_METER,_Z,_Z,_T,_T,_T,_T,_T,_T,_Z,_Z,_Z,_Z,_Z,0.36,A,,,,,,
AFW360_HH,SEN,SN02,2021,HE_ACCOUNTS,_Z,_Z,_T,_T,_T,_T,_T,_T,_Z,_Z,_Z,_Z,_Z,0.09,A,,,,,,
AFW360_HH,SEN,SN02,2021,HE_AGE,_Z,_Z,_T,_T,_T,_T,_T,_T,_Z,_Z,_Z,_Z,_Z,6.74,A,,,,,,
AFW360_HH,SEN,SN02,2021,HE_BUY_FIRMS,_Z,_Z,_T,_T,_T,_T,_T,_T,_Z,_Z,_Z,_Z,_Z,0.12,A,,,,,,
AFW360_HH,SEN,SN02,2021,HE_CAPITAL,_Z,_Z,_T,_T,_T,_T,_T,_T,_Z,_Z,_Z,_Z,_Z,152156.26,A,,,,,,
AFW360_HH,SEN,SN02,2021,HE_COSTS,_Z,_Z,_T,_T,_T,_T,_T,_T,_Z,_Z,_Z,_Z,_Z,18671.55,A,,,,,,
AFW360_HH,SEN,SN02,2021,HE_CREDIT_ANY,_Z,_Z,_T,_T,_T,_T,_T,_T,_Z,_Z,_Z,_Z,_Z,0.21,A,,,,,,
AFW360_HH,SEN,SN02,2021,HE_CREDIT_FORMAL,_Z,_Z,_T,_T,_T,_T,_T,_T,_Z,_Z,_Z,_Z,_Z,0.12,A,,,,,,
AFW360_HH,SEN,SN02,2021,HE_CREDIT_INFORMAL,_Z,_Z,_T,_T,_T,_T,_T,_T,_Z,_Z,_Z,_Z,_Z,0.09,A,,,,,,
AFW360_HH,SEN,SN02,2021,HE_ELEC,_Z,_Z,_T,_T,_T,_T,_T,_T,_Z,_Z,_Z,_Z,_Z,1,A,,,,,,
AFW360_HH,SEN,SN02,2021,HE_EMP_EXT_ANY,_Z,_Z,_T,_T,_T,_T,_T,_T,_Z,_Z,_Z,_Z,_Z,1,A,,,,,,LEGACY_SUSPECT: Implausible: share 0.96 while mean non-HH employees is 0.54.
AFW360_HH,SEN,SN02,2021,HE_EMP_HH_NUM,_Z,_Z,_T,_T,_T,_T,_T,_T,_Z,_Z,_Z,_Z,_Z,0.06,A,,,,,,
AFW360_HH,SEN,SN02,2021,HE_EMP_NONHH_NUM,_Z,_Z,_T,_T,_T,_T,_T,_T,_Z,_Z,_Z,_Z,_Z,0.12,A,,,,,,
AFW360_HH,SEN,SN02,2021,HE_EMP_NUM,_Z,_Z,_T,_T,_T,_T,_T,_T,_Z,_Z,_Z,_Z,_Z,0.33,A,,,,,,
AFW360_HH,SEN,SN02,2021,HE_HH_OWNER,_Z,_Z,_T,_T,_T,_T,_T,_T,_Z,_Z,_Z,_Z,_Z,0.76,A,,,,,,
AFW360_HH,SEN,SN02,2021,HE_HOME_BASED,_Z,_Z,_T,_T,_T,_T,_T,_T,_Z,_Z,_Z,_Z,_Z,0.39,A,,,,,,
AFW360_HH,SEN,SN02,2021,HE_PHONE,_Z,_Z,_T,_T,_T,_T,_T,_T,_Z,_Z,_Z,_Z,_Z,1,A,,,,,,
AFW360_HH,SEN,SN02,2021,HE_PREMISES_FORMAL,_Z,_Z,_T,_T,_T,_T,_T,_T,_Z,_Z,_Z,_Z,_Z,0.21,A,,,,,,
AFW360_HH,SEN,SN02,2021,HE_PROFIT,_Z,_Z,_T,_T,_T,_T,_T,_T,_Z,_Z,_Z,_Z,_Z,26530.77,A,,,,,,
AFW360_HH,SEN,SN02,2021,HE_RENT,_Z,_Z,_T,_T,_T,_T,_T,_T,_Z,_Z,_Z,_Z,_Z,1,A,,,,,,
AFW360_HH,SEN,SN02,2021,HE_REV_PER_WORKER,_Z,_Z,_T,_T,_T,_T,_T,_T,_Z,_Z,_Z,_Z,_Z,3000000,A,,,,,,
AFW360_HH,SEN,SN02,2021,HE_SELL_FIRMS,_Z,_Z,_T,_T,_T,_T,_T,_T,_Z,_Z,_Z,_Z,_Z,0.07,A,,,,,,
AFW360_HH,SEN,SN02,2021,HE_TAX_ID,_Z,_Z,_T,_T,_T,_T,_T,_T,_Z,_Z,_Z,_Z,_Z,0.16,A,,,,,,
AFW360_HH,SEN,SN02,2021,HE_WATER,_Z,_Z,_T,_T,_T,_T,_T,_T,_Z,_Z,_Z,_Z,_Z,0.03,A,,,,,,
AFW360_HH,SEN,SN02,2021,HOUS_FLOOR_DURABLE,_Z,_Z,_T,_T,_T,_T,_T,_T,_Z,_Z,_Z,_Z,_Z,0.78,A,,,,,,
AFW360_HH,SEN,SN02,2021,HOUS_ROOF_DURABLE,_Z,_Z,_T,_T,_T,_T,_T,_T,_Z,_Z,_Z,_Z,_Z,0.93,A,,,,,,
AFW360_HH,SEN,SN02,2021,HOUS_SANIT_IMPROVED,_Z,_Z,_T,_T,_T,_T,_T,_T,_Z,_Z,_Z,_Z,_Z,0.86,A,,,,,,
AFW360_HH,SEN,SN02,2021,HOUS_WALL_DURABLE,_Z,_Z,_T,_T,_T,_T,_T,_T,_Z,_Z,_Z,_Z,_Z,0.86,A,,,,,,
AFW360_HH,SEN,SN02,2021,HOUS_WATER_SAFE_DRY,_Z,_Z,_T,_T,_T,_T,_T,_T,_Z,_Z,_Z,_Z,_Z,0.5,A,,,,,,
AFW360_HH,SEN,SN02,2021,POP_HE_SH,_Z,_Z,_T,HEO_MSTAT_MARRIED,_T,_T,_T,_T,_Z,_Z,_Z,_Z,_Z,0.89,A,,,,,,
AFW360_HH,SEN,SN02,2021,POP_HE_SH,_Z,_Z,_T,HEO_SEX_F,_T,_T,_T,_T,_Z,_Z,_Z,_Z,_Z,0.67,A,,,,,,
AFW360_HH,SEN,SN02,2021,POP_HH_SH,_Z,_Z,_T,HE_COUNT_0,_T,_T,_T,_T,_Z,_Z,_Z,_Z,_Z,0.52,A,,,,,,
AFW360_HH,SEN,SN02,2021,POP_HH_SH,_Z,_Z,_T,HE_COUNT_1,_T,_T,_T,_T,_Z,_Z,_Z,_Z,_Z,0.42,A,,,,,,
AFW360_HH,SEN,SN02,2021,POP_HH_SH,_Z,_Z,_T,HE_COUNT_2,_T,_T,_T,_T,_Z,_Z,_Z,_Z,_Z,0.05,A,,,,,,
AFW360_HH,SEN,SN02,2021,POP_HH_SH,_Z,_Z,_T,HE_COUNT_3,_T,_T,_T,_T,_Z,_Z,_Z,_Z,_Z,0,A,,,,,,
AFW360_HH,SEN,SN02,2021,POP_HH_SH,_Z,_Z,_T,HE_COUNT_4P,_T,_T,_T,_T,_Z,_Z,_Z,_Z,_Z,0.01,A,,,,,,
AFW360_HH,SEN,SN02,2021,POP_SH,_T,_T,_T,EMP_FORMAL_N,_T,_T,_T,_T,_Z,_Z,_Z,_Z,_Z,0.78,A,,,,,,
AFW360_HH,SEN,SN02,2021,POP_SH,_T,_T,_T,EMP_ISIC_G,_T,_T,_T,_T,_Z,_Z,_Z,_Z,_Z,0.25,A,,,,,,
AFW360_HH,SEN,SN02,2021,POP_SH,_T,_T,_T,EMP_ISIC_H,_T,_T,_T,_T,_Z,_Z,_Z,_Z,_Z,0.06,A,,,,,,
AFW360_HH,SEN,SN02,2021,POP_SH,_T,_T,_T,EMP_SECTOR_AGR,_T,_T,_T,_T,_Z,_Z,_Z,_Z,_Z,0.21,A,,,,,,
AFW360_HH,SEN,SN02,2021,POP_SH,_T,_T,_T,EMP_SECTOR_IND,_T,_T,_T,_T,_Z,_Z,_Z,_Z,_Z,0.31,A,,,,,,
AFW360_HH,SEN,SN02,2021,POP_SH,_T,_T,_T,EMP_SECTOR_SER,_T,_T,_T,_T,_Z,_Z,_Z,_Z,_Z,0.48,A,,,,,,
AFW360_HH,SEN,SN02,2021,POP_SH,_T,_T,_T,EMP_STATUS_EMPLOYED,_T,_T,_T,_T,_Z,_Z,_Z,_Z,_Z,0.57,A,,,,,,
AFW360_HH,SEN,SN02,2021,POP_SH,_T,_T,_T,EMP_TYPE_NONWAGE,_T,_T,_T,_T,_Z,_Z,_Z,_Z,_Z,0.78,A,,,,,,
AFW360_HH,SEN,SN02,2021,POP_SH,_T,_T,_T,EMP_TYPE_WAGE,_T,_T,_T,_T,_Z,_Z,_Z,_Z,_Z,0.22,A,,,,,,
AFW360_HH,SEN,SN02,2021,POV_HC,_T,_T,_T,_T,_T,_T,_T,_T,POVLINE_PL300,PPP_2021,_Z,_Z,_Z,0.13,A,,,,,,
AFW360_HH,SEN,SN02,2021,POV_HC,_T,_T,_T,_T,_T,_T,_T,_T,POVLINE_PL420,PPP_2021,_Z,_Z,_Z,0.35,A,,,,,,
AFW360_HH,SEN,SN02,2021,POV_NUM,_T,_T,_T,_T,_T,_T,_T,_T,POVLINE_PL300,PPP_2021,_Z,_Z,_Z,240000,A,,,,,,
AFW360_HH,SEN,SN02,2021,POV_NUM,_T,_T,_T,_T,_T,_T,_T,_T,POVLINE_PL420,PPP_2021,_Z,_Z,_Z,670000,A,,,,,,
AFW360_HH,SEN,SN02,2021,SHK_ANY,_Z,_Z,_T,_T,_T,_T,_T,_T,_Z,_Z,_Z,_Z,_Z,0.86,A,,,,,,
AFW360_HH,SEN,SN02,2021,SHK_COV_CONFLICT,_Z,_Z,_T,_T,_T,_T,_T,_T,_Z,_Z,_Z,_Z,_Z,0,A,,,,,,
AFW360_HH,SEN,SN02,2021,SHK_COV_ECON,_Z,_Z,_T,_T,_T,_T,_T,_T,_Z,_Z,_Z,_Z,_Z,0.7,A,,,,,,
AFW360_HH,SEN,SN02,2021,SHK_COV_NATURAL,_Z,_Z,_T,_T,_T,_T,_T,_T,_Z,_Z,_Z,_Z,_Z,0.21,A,,,,,,
AFW360_HH,SEN,SN02,2021,SHK_IDIO_ECON,_Z,_Z,_T,_T,_T,_T,_T,_T,_Z,_Z,_Z,_Z,_Z,0.28,A,,,,,,
AFW360_HH,SEN,SN02,2021,SP_HEALTH_COV,_T,_T,_T,_T,_T,_T,_T,_T,_Z,_Z,_Z,_Z,_Z,0,A,,,,,,
AFW360_HH,SEN,SN02,2021,SP_HEALTH_COV_HH,_Z,_Z,_T,_T,_T,_T,_T,_T,_Z,_Z,_Z,_Z,_Z,0.01,A,,,,,,
AFW360_HH,SEN,SN03,2021,AGR_CULTIVATES,_Z,_Z,_T,_T,_T,_T,_T,_T,_Z,_Z,_Z,_Z,_Z,0.75,A,,,,,,
AFW360_HH,SEN,SN03,2021,AGR_CULT_AREA,_Z,_Z,_T,_T,_T,_T,_T,_T,_Z,_Z,_Z,_Z,_Z,4.06,A,,,,,,
AFW360_HH,SEN,SN03,2021,AGR_LIVESTOCK_ANY,_Z,_Z,_T,_T,_T,_T,_T,_T,_Z,_Z,_Z,_Z,_Z,0.86,A,,,,,,
AFW360_HH,SEN,SN03,2021,AGR_TLU,_Z,_Z,_T,_T,_T,_T,_T,_T,_Z,_Z,_Z,_Z,_Z,6.38,A,,,,,,
AFW360_HH,SEN,SN03,2021,CONS_SH,_Z,_Z,_T,_T,_T,_T,_T,_T,COICOP_CP01,ACQ_OWNPROD,_Z,_Z,_Z,0.06,A,,,,,,
AFW360_HH,SEN,SN03,2021,CONS_SH,_Z,_Z,_T,_T,_T,_T,_T,_T,COICOP_CP01,ACQ_PURCH,_Z,_Z,_Z,0.4,A,,,,,,
AFW360_HH,SEN,SN03,2021,CONS_SH,_Z,_Z,_T,_T,_T,_T,_T,_T,COICOP_CP01,_Z,_Z,_Z,_Z,0.49,A,,,,,,
AFW360_HH,SEN,SN03,2021,CONS_SH,_Z,_Z,_T,_T,_T,_T,_T,_T,COICOP_CP02,_Z,_Z,_Z,_Z,0,A,,,,,,
AFW360_HH,SEN,SN03,2021,CONS_SH,_Z,_Z,_T,_T,_T,_T,_T,_T,COICOP_CP03,_Z,_Z,_Z,_Z,0.05,A,,,,,,
AFW360_HH,SEN,SN03,2021,CONS_SH,_Z,_Z,_T,_T,_T,_T,_T,_T,COICOP_CP04,_Z,_Z,_Z,_Z,0.16,A,,,,,,
AFW360_HH,SEN,SN03,2021,CONS_SH,_Z,_Z,_T,_T,_T,_T,_T,_T,COICOP_CP05,_Z,_Z,_Z,_Z,0.06,A,,,,,,
AFW360_HH,SEN,SN03,2021,CONS_SH,_Z,_Z,_T,_T,_T,_T,_T,_T,COICOP_CP06,_Z,_Z,_Z,_Z,0.03,A,,,,,,
AFW360_HH,SEN,SN03,2021,CONS_SH,_Z,_Z,_T,_T,_T,_T,_T,_T,COICOP_CP07,_Z,_Z,_Z,_Z,0.02,A,,,,,,
AFW360_HH,SEN,SN03,2021,CONS_SH,_Z,_Z,_T,_T,_T,_T,_T,_T,COICOP_CP08,_Z,_Z,_Z,_Z,0.05,A,,,,,,
AFW360_HH,SEN,SN03,2021,CONS_SH,_Z,_Z,_T,_T,_T,_T,_T,_T,COICOP_CP09,_Z,_Z,_Z,_Z,0,A,,,,,,
AFW360_HH,SEN,SN03,2021,CONS_SH,_Z,_Z,_T,_T,_T,_T,_T,_T,COICOP_CP10,_Z,_Z,_Z,_Z,0.01,A,,,,,,
AFW360_HH,SEN,SN03,2021,CONS_SH,_Z,_Z,_T,_T,_T,_T,_T,_T,COICOP_CP11,_Z,_Z,_Z,_Z,0.07,A,,,,,,
AFW360_HH,SEN,SN03,2021,CONS_SH,_Z,_Z,_T,_T,_T,_T,_T,_T,COICOP_CP12,_Z,_Z,_Z,_Z,0,A,,,,,,
AFW360_HH,SEN,SN03,2021,CONS_SH,_Z,_Z,_T,_T,_T,_T,_T,_T,COICOP_CP13,_Z,_Z,_Z,_Z,0.02,A,,,,,,
AFW360_HH,SEN,SN03,2021,EN_ASSET_AC,_Z,_Z,_T,_T,_T,_T,_T,_T,_Z,_Z,_Z,_Z,_Z,0,A,,,,,,
AFW360_HH,SEN,SN03,2021,EN_ASSET_COOKER,_Z,_Z,_T,_T,_T,_T,_T,_T,_Z,_Z,_Z,_Z,_Z,0.01,A,,,,,,
AFW360_HH,SEN,SN03,2021,EN_ASSET_FAN,_Z,_Z,_T,_T,_T,_T,_T,_T,_Z,_Z,_Z,_Z,_Z,0.03,A,,,,,,
AFW360_HH,SEN,SN03,2021,EN_ASSET_WATER_HEATER,_Z,_Z,_T,_T,_T,_T,_T,_T,_Z,_Z,_Z,_Z,_Z,0,A,,,,,,
AFW360_HH,SEN,SN03,2021,EN_COOK_BIOMASS,_Z,_Z,_T,_T,_T,_T,_T,_T,_Z,_Z,_Z,_Z,_Z,0.14,A,,,,,,
AFW360_HH,SEN,SN03,2021,EN_COOK_CLEAN,_Z,_Z,_T,_T,_T,_T,_T,_T,_Z,_Z,_Z,_Z,_Z,0.83,A,,,,,,LEGACY_SUSPECT: Implausible pattern: higher in Rural and Q1 than in Capital and Q4.
AFW360_HH,SEN,SN03,2021,EN_ELEC_ACCESS,_Z,_Z,_T,_T,_T,_T,_T,_T,_Z,_Z,_Z,_Z,_Z,0.53,A,,,,,,
AFW360_HH,SEN,SN03,2021,EN_ELEC_INFORMAL,_Z,_Z,_T,_T,_T,_T,_T,_T,_Z,_Z,_Z,_Z,_Z,0,A,,,,,,
AFW360_HH,SEN,SN03,2021,EN_ELEC_SPEND,_Z,_Z,_T,_T,_T,_T,_T,_T,_Z,_Z,_Z,_Z,_Z,9043.92,A,,,,,,
AFW360_HH,SEN,SN03,2021,EN_GRID_CONN,_Z,_Z,_T,_T,_T,_T,_T,_T,_Z,_Z,_Z,_Z,_Z,0.97,A,,,,,,"LEGACY_SUSPECT: Implausible: 0.96-1.00 in every cell, including Q1 and Rural."
AFW360_HH,SEN,SN03,2021,EN_GRID_USE,_Z,_Z,_T,_T,_T,_T,_T,_T,_Z,_Z,_Z,_Z,_Z,0.48,A,,,,,,
AFW360_HH,SEN,SN03,2021,EN_LIGHT_IMPROVED,_Z,_Z,_T,_T,_T,_T,_T,_T,_Z,_Z,_Z,_Z,_Z,0.96,A,,,,,,
AFW360_HH,SEN,SN03,2021,EN_OFFGRID_USE,_Z,_Z,_T,_T,_T,_T,_T,_T,_Z,_Z,_Z,_Z,_Z,0.28,A,,,,,,
AFW360_HH,SEN,SN03,2021,EN_OUTAGE_ANY,_Z,_Z,_T,_T,_T,_T,_T,_T,_Z,_Z,_Z,_Z,_Z,0.46,A,,,,,,
AFW360_HH,SEN,SN03,2021,EN_OUTAGE_DAYS,_Z,_Z,_T,_T,_T,_T,_T,_T,_Z,_Z,_Z,_Z,_Z,2.26,A,,,,,,
AFW360_HH,SEN,SN03,2021,EN_OUTAGE_DUR_CODE,_Z,_Z,_T,_T,_T,_T,_T,_T,_Z,_Z,_Z,_Z,_Z,1.91,A,,,,,,
AFW360_HH,SEN,SN03,2021,EN_PREPAID_METER,_Z,_Z,_T,_T,_T,_T,_T,_T,_Z,_Z,_Z,_Z,_Z,0.25,A,,,,,,
AFW360_HH,SEN,SN03,2021,HE_ACCOUNTS,_Z,_Z,_T,_T,_T,_T,_T,_T,_Z,_Z,_Z,_Z,_Z,0.04,A,,,,,,
AFW360_HH,SEN,SN03,2021,HE_AGE,_Z,_Z,_T,_T,_T,_T,_T,_T,_Z,_Z,_Z,_Z,_Z,11.32,A,,,,,,
AFW360_HH,SEN,SN03,2021,HE_BUY_FIRMS,_Z,_Z,_T,_T,_T,_T,_T,_T,_Z,_Z,_Z,_Z,_Z,0.22,A,,,,,,
AFW360_HH,SEN,SN03,2021,HE_CAPITAL,_Z,_Z,_T,_T,_T,_T,_T,_T,_Z,_Z,_Z,_Z,_Z,110597.77,A,,,,,,
AFW360_HH,SEN,SN03,2021,HE_COSTS,_Z,_Z,_T,_T,_T,_T,_T,_T,_Z,_Z,_Z,_Z,_Z,33460.59,A,,,,,,
AFW360_HH,SEN,SN03,2021,HE_CREDIT_ANY,_Z,_Z,_T,_T,_T,_T,_T,_T,_Z,_Z,_Z,_Z,_Z,0.38,A,,,,,,
AFW360_HH,SEN,SN03,2021,HE_CREDIT_FORMAL,_Z,_Z,_T,_T,_T,_T,_T,_T,_Z,_Z,_Z,_Z,_Z,0.09,A,,,,,,
AFW360_HH,SEN,SN03,2021,HE_CREDIT_INFORMAL,_Z,_Z,_T,_T,_T,_T,_T,_T,_Z,_Z,_Z,_Z,_Z,0.36,A,,,,,,
AFW360_HH,SEN,SN03,2021,HE_ELEC,_Z,_Z,_T,_T,_T,_T,_T,_T,_Z,_Z,_Z,_Z,_Z,0.81,A,,,,,,
AFW360_HH,SEN,SN03,2021,HE_EMP_EXT_ANY,_Z,_Z,_T,_T,_T,_T,_T,_T,_Z,_Z,_Z,_Z,_Z,0.97,A,,,,,,LEGACY_SUSPECT: Implausible: share 0.96 while mean non-HH employees is 0.54.
AFW360_HH,SEN,SN03,2021,HE_EMP_HH_NUM,_Z,_Z,_T,_T,_T,_T,_T,_T,_Z,_Z,_Z,_Z,_Z,0.14,A,,,,,,
AFW360_HH,SEN,SN03,2021,HE_EMP_NONHH_NUM,_Z,_Z,_T,_T,_T,_T,_T,_T,_Z,_Z,_Z,_Z,_Z,0.99,A,,,,,,
AFW360_HH,SEN,SN03,2021,HE_EMP_NUM,_Z,_Z,_T,_T,_T,_T,_T,_T,_Z,_Z,_Z,_Z,_Z,3.09,A,,,,,,
AFW360_HH,SEN,SN03,2021,HE_HH_OWNER,_Z,_Z,_T,_T,_T,_T,_T,_T,_Z,_Z,_Z,_Z,_Z,0.57,A,,,,,,
AFW360_HH,SEN,SN03,2021,HE_HOME_BASED,_Z,_Z,_T,_T,_T,_T,_T,_T,_Z,_Z,_Z,_Z,_Z,0.46,A,,,,,,
AFW360_HH,SEN,SN03,2021,HE_PHONE,_Z,_Z,_T,_T,_T,_T,_T,_T,_Z,_Z,_Z,_Z,_Z,0.97,A,,,,,,
AFW360_HH,SEN,SN03,2021,HE_PREMISES_FORMAL,_Z,_Z,_T,_T,_T,_T,_T,_T,_Z,_Z,_Z,_Z,_Z,0.18,A,,,,,,
AFW360_HH,SEN,SN03,2021,HE_PROFIT,_Z,_Z,_T,_T,_T,_T,_T,_T,_Z,_Z,_Z,_Z,_Z,56449.9,A,,,,,,
AFW360_HH,SEN,SN03,2021,HE_RENT,_Z,_Z,_T,_T,_T,_T,_T,_T,_Z,_Z,_Z,_Z,_Z,0.95,A,,,,,,
AFW360_HH,SEN,SN03,2021,HE_REV_PER_WORKER,_Z,_Z,_T,_T,_T,_T,_T,_T,_Z,_Z,_Z,_Z,_Z,78948.94,A,,,,,,
AFW360_HH,SEN,SN03,2021,HE_SELL_FIRMS,_Z,_Z,_T,_T,_T,_T,_T,_T,_Z,_Z,_Z,_Z,_Z,0.16,A,,,,,,
AFW360_HH,SEN,SN03,2021,HE_TAX_ID,_Z,_Z,_T,_T,_T,_T,_T,_T,_Z,_Z,_Z,_Z,_Z,0.05,A,,,,,,
AFW360_HH,SEN,SN03,2021,HE_WATER,_Z,_Z,_T,_T,_T,_T,_T,_T,_Z,_Z,_Z,_Z,_Z,0.1,A,,,,,,
AFW360_HH,SEN,SN03,2021,HOUS_FLOOR_DURABLE,_Z,_Z,_T,_T,_T,_T,_T,_T,_Z,_Z,_Z,_Z,_Z,0.86,A,,,,,,
AFW360_HH,SEN,SN03,2021,HOUS_ROOF_DURABLE,_Z,_Z,_T,_T,_T,_T,_T,_T,_Z,_Z,_Z,_Z,_Z,0.89,A,,,,,,
AFW360_HH,SEN,SN03,2021,HOUS_SANIT_IMPROVED,_Z,_Z,_T,_T,_T,_T,_T,_T,_Z,_Z,_Z,_Z,_Z,0.69,A,,,,,,
AFW360_HH,SEN,SN03,2021,HOUS_WALL_DURABLE,_Z,_Z,_T,_T,_T,_T,_T,_T,_Z,_Z,_Z,_Z,_Z,0.97,A,,,,,,
AFW360_HH,SEN,SN03,2021,HOUS_WATER_SAFE_DRY,_Z,_Z,_T,_T,_T,_T,_T,_T,_Z,_Z,_Z,_Z,_Z,0.75,A,,,,,,
AFW360_HH,SEN,SN03,2021,POP_HE_SH,_Z,_Z,_T,HEO_MSTAT_MARRIED,_T,_T,_T,_T,_Z,_Z,_Z,_Z,_Z,0.79,A,,,,,,
AFW360_HH,SEN,SN03,2021,POP_HE_SH,_Z,_Z,_T,HEO_SEX_F,_T,_T,_T,_T,_Z,_Z,_Z,_Z,_Z,0.64,A,,,,,,
AFW360_HH,SEN,SN03,2021,POP_HH_SH,_Z,_Z,_T,HE_COUNT_0,_T,_T,_T,_T,_Z,_Z,_Z,_Z,_Z,0.14,A,,,,,,
AFW360_HH,SEN,SN03,2021,POP_HH_SH,_Z,_Z,_T,HE_COUNT_1,_T,_T,_T,_T,_Z,_Z,_Z,_Z,_Z,0.66,A,,,,,,
AFW360_HH,SEN,SN03,2021,POP_HH_SH,_Z,_Z,_T,HE_COUNT_2,_T,_T,_T,_T,_Z,_Z,_Z,_Z,_Z,0.06,A,,,,,,
AFW360_HH,SEN,SN03,2021,POP_HH_SH,_Z,_Z,_T,HE_COUNT_3,_T,_T,_T,_T,_Z,_Z,_Z,_Z,_Z,0.14,A,,,,,,
AFW360_HH,SEN,SN03,2021,POP_HH_SH,_Z,_Z,_T,HE_COUNT_4P,_T,_T,_T,_T,_Z,_Z,_Z,_Z,_Z,0,A,,,,,,
AFW360_HH,SEN,SN03,2021,POP_SH,_T,_T,_T,EMP_FORMAL_N,_T,_T,_T,_T,_Z,_Z,_Z,_Z,_Z,0.85,A,,,,,,
AFW360_HH,SEN,SN03,2021,POP_SH,_T,_T,_T,EMP_ISIC_G,_T,_T,_T,_T,_Z,_Z,_Z,_Z,_Z,0.16,A,,,,,,
AFW360_HH,SEN,SN03,2021,POP_SH,_T,_T,_T,EMP_ISIC_H,_T,_T,_T,_T,_Z,_Z,_Z,_Z,_Z,0.04,A,,,,,,
AFW360_HH,SEN,SN03,2021,POP_SH,_T,_T,_T,EMP_SECTOR_AGR,_T,_T,_T,_T,_Z,_Z,_Z,_Z,_Z,0.5,A,,,,,,
AFW360_HH,SEN,SN03,2021,POP_SH,_T,_T,_T,EMP_SECTOR_IND,_T,_T,_T,_T,_Z,_Z,_Z,_Z,_Z,0.17,A,,,,,,
AFW360_HH,SEN,SN03,2021,POP_SH,_T,_T,_T,EMP_SECTOR_SER,_T,_T,_T,_T,_Z,_Z,_Z,_Z,_Z,0.33,A,,,,,,
AFW360_HH,SEN,SN03,2021,POP_SH,_T,_T,_T,EMP_STATUS_EMPLOYED,_T,_T,_T,_T,_Z,_Z,_Z,_Z,_Z,0.64,A,,,,,,
AFW360_HH,SEN,SN03,2021,POP_SH,_T,_T,_T,EMP_TYPE_NONWAGE,_T,_T,_T,_T,_Z,_Z,_Z,_Z,_Z,0.84,A,,,,,,
AFW360_HH,SEN,SN03,2021,POP_SH,_T,_T,_T,EMP_TYPE_WAGE,_T,_T,_T,_T,_Z,_Z,_Z,_Z,_Z,0.16,A,,,,,,
AFW360_HH,SEN,SN03,2021,POV_HC,_T,_T,_T,_T,_T,_T,_T,_T,POVLINE_PL300,PPP_2021,_Z,_Z,_Z,0.25,A,,,,,,
AFW360_HH,SEN,SN03,2021,POV_HC,_T,_T,_T,_T,_T,_T,_T,_T,POVLINE_PL420,PPP_2021,_Z,_Z,_Z,0.55,A,,,,,,
AFW360_HH,SEN,SN03,2021,POV_NUM,_T,_T,_T,_T,_T,_T,_T,_T,POVLINE_PL300,PPP_2021,_Z,_Z,_Z,240000,A,,,,,,
AFW360_HH,SEN,SN03,2021,POV_NUM,_T,_T,_T,_T,_T,_T,_T,_T,POVLINE_PL420,PPP_2021,_Z,_Z,_Z,530000,A,,,,,,
AFW360_HH,SEN,SN03,2021,SHK_ANY,_Z,_Z,_T,_T,_T,_T,_T,_T,_Z,_Z,_Z,_Z,_Z,0.55,A,,,,,,
AFW360_HH,SEN,SN03,2021,SHK_COV_CONFLICT,_Z,_Z,_T,_T,_T,_T,_T,_T,_Z,_Z,_Z,_Z,_Z,0.01,A,,,,,,
AFW360_HH,SEN,SN03,2021,SHK_COV_ECON,_Z,_Z,_T,_T,_T,_T,_T,_T,_Z,_Z,_Z,_Z,_Z,0.37,A,,,,,,
AFW360_HH,SEN,SN03,2021,SHK_COV_NATURAL,_Z,_Z,_T,_T,_T,_T,_T,_T,_Z,_Z,_Z,_Z,_Z,0.21,A,,,,,,
AFW360_HH,SEN,SN03,2021,SHK_IDIO_ECON,_Z,_Z,_T,_T,_T,_T,_T,_T,_Z,_Z,_Z,_Z,_Z,0.12,A,,,,,,
AFW360_HH,SEN,SN03,2021,SP_HEALTH_COV,_T,_T,_T,_T,_T,_T,_T,_T,_Z,_Z,_Z,_Z,_Z,0.02,A,,,,,,
AFW360_HH,SEN,SN03,2021,SP_HEALTH_COV_HH,_Z,_Z,_T,_T,_T,_T,_T,_T,_Z,_Z,_Z,_Z,_Z,0.04,A,,,,,,
AFW360_HH,SEN,SN04,2021,AGR_CULTIVATES,_Z,_Z,_T,_T,_T,_T,_T,_T,_Z,_Z,_Z,_Z,_Z,0.83,A,,,,,,
AFW360_HH,SEN,SN04,2021,AGR_CULT_AREA,_Z,_Z,_T,_T,_T,_T,_T,_T,_Z,_Z,_Z,_Z,_Z,5.94,A,,,,,,
AFW360_HH,SEN,SN04,2021,AGR_LIVESTOCK_ANY,_Z,_Z,_T,_T,_T,_T,_T,_T,_Z,_Z,_Z,_Z,_Z,0.84,A,,,,,,
AFW360_HH,SEN,SN04,2021,AGR_TLU,_Z,_Z,_T,_T,_T,_T,_T,_T,_Z,_Z,_Z,_Z,_Z,2.95,A,,,,,,
AFW360_HH,SEN,SN04,2021,CONS_SH,_Z,_Z,_T,_T,_T,_T,_T,_T,COICOP_CP01,ACQ_OWNPROD,_Z,_Z,_Z,0.08,A,,,,,,
AFW360_HH,SEN,SN04,2021,CONS_SH,_Z,_Z,_T,_T,_T,_T,_T,_T,COICOP_CP01,ACQ_PURCH,_Z,_Z,_Z,0.41,A,,,,,,
AFW360_HH,SEN,SN04,2021,CONS_SH,_Z,_Z,_T,_T,_T,_T,_T,_T,COICOP_CP01,_Z,_Z,_Z,_Z,0.5,A,,,,,,
AFW360_HH,SEN,SN04,2021,CONS_SH,_Z,_Z,_T,_T,_T,_T,_T,_T,COICOP_CP02,_Z,_Z,_Z,_Z,0,A,,,,,,
AFW360_HH,SEN,SN04,2021,CONS_SH,_Z,_Z,_T,_T,_T,_T,_T,_T,COICOP_CP03,_Z,_Z,_Z,_Z,0.06,A,,,,,,
AFW360_HH,SEN,SN04,2021,CONS_SH,_Z,_Z,_T,_T,_T,_T,_T,_T,COICOP_CP04,_Z,_Z,_Z,_Z,0.18,A,,,,,,
AFW360_HH,SEN,SN04,2021,CONS_SH,_Z,_Z,_T,_T,_T,_T,_T,_T,COICOP_CP05,_Z,_Z,_Z,_Z,0.05,A,,,,,,
AFW360_HH,SEN,SN04,2021,CONS_SH,_Z,_Z,_T,_T,_T,_T,_T,_T,COICOP_CP06,_Z,_Z,_Z,_Z,0.03,A,,,,,,
AFW360_HH,SEN,SN04,2021,CONS_SH,_Z,_Z,_T,_T,_T,_T,_T,_T,COICOP_CP07,_Z,_Z,_Z,_Z,0.03,A,,,,,,
AFW360_HH,SEN,SN04,2021,CONS_SH,_Z,_Z,_T,_T,_T,_T,_T,_T,COICOP_CP08,_Z,_Z,_Z,_Z,0.05,A,,,,,,
AFW360_HH,SEN,SN04,2021,CONS_SH,_Z,_Z,_T,_T,_T,_T,_T,_T,COICOP_CP09,_Z,_Z,_Z,_Z,0,A,,,,,,
AFW360_HH,SEN,SN04,2021,CONS_SH,_Z,_Z,_T,_T,_T,_T,_T,_T,COICOP_CP10,_Z,_Z,_Z,_Z,0.01,A,,,,,,
AFW360_HH,SEN,SN04,2021,CONS_SH,_Z,_Z,_T,_T,_T,_T,_T,_T,COICOP_CP11,_Z,_Z,_Z,_Z,0.08,A,,,,,,
AFW360_HH,SEN,SN04,2021,CONS_SH,_Z,_Z,_T,_T,_T,_T,_T,_T,COICOP_CP12,_Z,_Z,_Z,_Z,0,A,,,,,,
AFW360_HH,SEN,SN04,2021,CONS_SH,_Z,_Z,_T,_T,_T,_T,_T,_T,COICOP_CP13,_Z,_Z,_Z,_Z,0.02,A,,,,,,
AFW360_HH,SEN,SN04,2021,EN_ASSET_AC,_Z,_Z,_T,_T,_T,_T,_T,_T,_Z,_Z,_Z,_Z,_Z,0,A,,,,,,
AFW360_HH,SEN,SN04,2021,EN_ASSET_COOKER,_Z,_Z,_T,_T,_T,_T,_T,_T,_Z,_Z,_Z,_Z,_Z,0,A,,,,,,
AFW360_HH,SEN,SN04,2021,EN_ASSET_FAN,_Z,_Z,_T,_T,_T,_T,_T,_T,_Z,_Z,_Z,_Z,_Z,0.02,A,,,,,,
AFW360_HH,SEN,SN04,2021,EN_ASSET_WATER_HEATER,_Z,_Z,_T,_T,_T,_T,_T,_T,_Z,_Z,_Z,_Z,_Z,0,A,,,,,,
AFW360_HH,SEN,SN04,2021,EN_COOK_BIOMASS,_Z,_Z,_T,_T,_T,_T,_T,_T,_Z,_Z,_Z,_Z,_Z,0.44,A,,,,,,
AFW360_HH,SEN,SN04,2021,EN_COOK_CLEAN,_Z,_Z,_T,_T,_T,_T,_T,_T,_Z,_Z,_Z,_Z,_Z,0.56,A,,,,,,LEGACY_SUSPECT: Implausible pattern: higher in Rural and Q1 than in Capital and Q4.
AFW360_HH,SEN,SN04,2021,EN_ELEC_ACCESS,_Z,_Z,_T,_T,_T,_T,_T,_T,_Z,_Z,_Z,_Z,_Z,0.47,A,,,,,,
AFW360_HH,SEN,SN04,2021,EN_ELEC_INFORMAL,_Z,_Z,_T,_T,_T,_T,_T,_T,_Z,_Z,_Z,_Z,_Z,0.03,A,,,,,,
AFW360_HH,SEN,SN04,2021,EN_ELEC_SPEND,_Z,_Z,_T,_T,_T,_T,_T,_T,_Z,_Z,_Z,_Z,_Z,10652.4,A,,,,,,
AFW360_HH,SEN,SN04,2021,EN_GRID_CONN,_Z,_Z,_T,_T,_T,_T,_T,_T,_Z,_Z,_Z,_Z,_Z,0.97,A,,,,,,"LEGACY_SUSPECT: Implausible: 0.96-1.00 in every cell, including Q1 and Rural."
AFW360_HH,SEN,SN04,2021,EN_GRID_USE,_Z,_Z,_T,_T,_T,_T,_T,_T,_Z,_Z,_Z,_Z,_Z,0.46,A,,,,,,
AFW360_HH,SEN,SN04,2021,EN_LIGHT_IMPROVED,_Z,_Z,_T,_T,_T,_T,_T,_T,_Z,_Z,_Z,_Z,_Z,0.93,A,,,,,,
AFW360_HH,SEN,SN04,2021,EN_OFFGRID_USE,_Z,_Z,_T,_T,_T,_T,_T,_T,_Z,_Z,_Z,_Z,_Z,0.22,A,,,,,,
AFW360_HH,SEN,SN04,2021,EN_OUTAGE_ANY,_Z,_Z,_T,_T,_T,_T,_T,_T,_Z,_Z,_Z,_Z,_Z,0.08,A,,,,,,
AFW360_HH,SEN,SN04,2021,EN_OUTAGE_DAYS,_Z,_Z,_T,_T,_T,_T,_T,_T,_Z,_Z,_Z,_Z,_Z,1.33,A,,,,,,
AFW360_HH,SEN,SN04,2021,EN_OUTAGE_DUR_CODE,_Z,_Z,_T,_T,_T,_T,_T,_T,_Z,_Z,_Z,_Z,_Z,1.33,A,,,,,,
AFW360_HH,SEN,SN04,2021,EN_PREPAID_METER,_Z,_Z,_T,_T,_T,_T,_T,_T,_Z,_Z,_Z,_Z,_Z,0.24,A,,,,,,
AFW360_HH,SEN,SN04,2021,HE_ACCOUNTS,_Z,_Z,_T,_T,_T,_T,_T,_T,_Z,_Z,_Z,_Z,_Z,0,A,,,,,,
AFW360_HH,SEN,SN04,2021,HE_AGE,_Z,_Z,_T,_T,_T,_T,_T,_T,_Z,_Z,_Z,_Z,_Z,11.39,A,,,,,,
AFW360_HH,SEN,SN04,2021,HE_BUY_FIRMS,_Z,_Z,_T,_T,_T,_T,_T,_T,_Z,_Z,_Z,_Z,_Z,0.14,A,,,,,,
AFW360_HH,SEN,SN04,2021,HE_CAPITAL,_Z,_Z,_T,_T,_T,_T,_T,_T,_Z,_Z,_Z,_Z,_Z,151996.01,A,,,,,,
AFW360_HH,SEN,SN04,2021,HE_COSTS,_Z,_Z,_T,_T,_T,_T,_T,_T,_Z,_Z,_Z,_Z,_Z,28241.59,A,,,,,,
AFW360_HH,SEN,SN04,2021,HE_CREDIT_ANY,_Z,_Z,_T,_T,_T,_T,_T,_T,_Z,_Z,_Z,_Z,_Z,0.19,A,,,,,,
AFW360_HH,SEN,SN04,2021,HE_CREDIT_FORMAL,_Z,_Z,_T,_T,_T,_T,_T,_T,_Z,_Z,_Z,_Z,_Z,0.09,A,,,,,,
AFW360_HH,SEN,SN04,2021,HE_CREDIT_INFORMAL,_Z,_Z,_T,_T,_T,_T,_T,_T,_Z,_Z,_Z,_Z,_Z,0.1,A,,,,,,
AFW360_HH,SEN,SN04,2021,HE_ELEC,_Z,_Z,_T,_T,_T,_T,_T,_T,_Z,_Z,_Z,_Z,_Z,1,A,,,,,,
AFW360_HH,SEN,SN04,2021,HE_EMP_EXT_ANY,_Z,_Z,_T,_T,_T,_T,_T,_T,_Z,_Z,_Z,_Z,_Z,0.99,A,,,,,,LEGACY_SUSPECT: Implausible: share 0.96 while mean non-HH employees is 0.54.
AFW360_HH,SEN,SN04,2021,HE_EMP_HH_NUM,_Z,_Z,_T,_T,_T,_T,_T,_T,_Z,_Z,_Z,_Z,_Z,0.32,A,,,,,,
AFW360_HH,SEN,SN04,2021,HE_EMP_NONHH_NUM,_Z,_Z,_T,_T,_T,_T,_T,_T,_Z,_Z,_Z,_Z,_Z,0.57,A,,,,,,
AFW360_HH,SEN,SN04,2021,HE_EMP_NUM,_Z,_Z,_T,_T,_T,_T,_T,_T,_Z,_Z,_Z,_Z,_Z,2.53,A,,,,,,
AFW360_HH,SEN,SN04,2021,HE_HH_OWNER,_Z,_Z,_T,_T,_T,_T,_T,_T,_Z,_Z,_Z,_Z,_Z,0.4,A,,,,,,
AFW360_HH,SEN,SN04,2021,HE_HOME_BASED,_Z,_Z,_T,_T,_T,_T,_T,_T,_Z,_Z,_Z,_Z,_Z,0.46,A,,,,,,
AFW360_HH,SEN,SN04,2021,HE_PHONE,_Z,_Z,_T,_T,_T,_T,_T,_T,_Z,_Z,_Z,_Z,_Z,1,A,,,,,,
AFW360_HH,SEN,SN04,2021,HE_PREMISES_FORMAL,_Z,_Z,_T,_T,_T,_T,_T,_T,_Z,_Z,_Z,_Z,_Z,0.26,A,,,,,,
AFW360_HH,SEN,SN04,2021,HE_PROFIT,_Z,_Z,_T,_T,_T,_T,_T,_T,_Z,_Z,_Z,_Z,_Z,38518.71,A,,,,,,
AFW360_HH,SEN,SN04,2021,HE_RENT,_Z,_Z,_T,_T,_T,_T,_T,_T,_Z,_Z,_Z,_Z,_Z,1,A,,,,,,
AFW360_HH,SEN,SN04,2021,HE_REV_PER_WORKER,_Z,_Z,_T,_T,_T,_T,_T,_T,_Z,_Z,_Z,_Z,_Z,473642.35,A,,,,,,
AFW360_HH,SEN,SN04,2021,HE_SELL_FIRMS,_Z,_Z,_T,_T,_T,_T,_T,_T,_Z,_Z,_Z,_Z,_Z,0.09,A,,,,,,
AFW360_HH,SEN,SN04,2021,HE_TAX_ID,_Z,_Z,_T,_T,_T,_T,_T,_T,_Z,_Z,_Z,_Z,_Z,0,A,,,,,,
AFW360_HH,SEN,SN04,2021,HE_WATER,_Z,_Z,_T,_T,_T,_T,_T,_T,_Z,_Z,_Z,_Z,_Z,0.08,A,,,,,,
AFW360_HH,SEN,SN04,2021,HOUS_FLOOR_DURABLE,_Z,_Z,_T,_T,_T,_T,_T,_T,_Z,_Z,_Z,_Z,_Z,0.63,A,,,,,,
AFW360_HH,SEN,SN04,2021,HOUS_ROOF_DURABLE,_Z,_Z,_T,_T,_T,_T,_T,_T,_Z,_Z,_Z,_Z,_Z,0.64,A,,,,,,
AFW360_HH,SEN,SN04,2021,HOUS_SANIT_IMPROVED,_Z,_Z,_T,_T,_T,_T,_T,_T,_Z,_Z,_Z,_Z,_Z,0.49,A,,,,,,
AFW360_HH,SEN,SN04,2021,HOUS_WALL_DURABLE,_Z,_Z,_T,_T,_T,_T,_T,_T,_Z,_Z,_Z,_Z,_Z,0.84,A,,,,,,
AFW360_HH,SEN,SN04,2021,HOUS_WATER_SAFE_DRY,_Z,_Z,_T,_T,_T,_T,_T,_T,_Z,_Z,_Z,_Z,_Z,0.97,A,,,,,,
AFW360_HH,SEN,SN04,2021,POP_HE_SH,_Z,_Z,_T,HEO_MSTAT_MARRIED,_T,_T,_T,_T,_Z,_Z,_Z,_Z,_Z,0.81,A,,,,,,
AFW360_HH,SEN,SN04,2021,POP_HE_SH,_Z,_Z,_T,HEO_SEX_F,_T,_T,_T,_T,_Z,_Z,_Z,_Z,_Z,0.69,A,,,,,,
AFW360_HH,SEN,SN04,2021,POP_HH_SH,_Z,_Z,_T,HE_COUNT_0,_T,_T,_T,_T,_Z,_Z,_Z,_Z,_Z,0.31,A,,,,,,
AFW360_HH,SEN,SN04,2021,POP_HH_SH,_Z,_Z,_T,HE_COUNT_1,_T,_T,_T,_T,_Z,_Z,_Z,_Z,_Z,0.47,A,,,,,,
AFW360_HH,SEN,SN04,2021,POP_HH_SH,_Z,_Z,_T,HE_COUNT_2,_T,_T,_T,_T,_Z,_Z,_Z,_Z,_Z,0.22,A,,,,,,
AFW360_HH,SEN,SN04,2021,POP_HH_SH,_Z,_Z,_T,HE_COUNT_3,_T,_T,_T,_T,_Z,_Z,_Z,_Z,_Z,0,A,,,,,,
AFW360_HH,SEN,SN04,2021,POP_HH_SH,_Z,_Z,_T,HE_COUNT_4P,_T,_T,_T,_T,_Z,_Z,_Z,_Z,_Z,0,A,,,,,,
AFW360_HH,SEN,SN04,2021,POP_SH,_T,_T,_T,EMP_FORMAL_N,_T,_T,_T,_T,_Z,_Z,_Z,_Z,_Z,0.87,A,,,,,,
AFW360_HH,SEN,SN04,2021,POP_SH,_T,_T,_T,EMP_ISIC_G,_T,_T,_T,_T,_Z,_Z,_Z,_Z,_Z,0.1,A,,,,,,
AFW360_HH,SEN,SN04,2021,POP_SH,_T,_T,_T,EMP_ISIC_H,_T,_T,_T,_T,_Z,_Z,_Z,_Z,_Z,0.03,A,,,,,,
AFW360_HH,SEN,SN04,2021,POP_SH,_T,_T,_T,EMP_SECTOR_AGR,_T,_T,_T,_T,_Z,_Z,_Z,_Z,_Z,0.71,A,,,,,,
AFW360_HH,SEN,SN04,2021,POP_SH,_T,_T,_T,EMP_SECTOR_IND,_T,_T,_T,_T,_Z,_Z,_Z,_Z,_Z,0.1,A,,,,,,
AFW360_HH,SEN,SN04,2021,POP_SH,_T,_T,_T,EMP_SECTOR_SER,_T,_T,_T,_T,_Z,_Z,_Z,_Z,_Z,0.19,A,,,,,,
AFW360_HH,SEN,SN04,2021,POP_SH,_T,_T,_T,EMP_STATUS_EMPLOYED,_T,_T,_T,_T,_Z,_Z,_Z,_Z,_Z,0.67,A,,,,,,
AFW360_HH,SEN,SN04,2021,POP_SH,_T,_T,_T,EMP_TYPE_NONWAGE,_T,_T,_T,_T,_Z,_Z,_Z,_Z,_Z,0.87,A,,,,,,
AFW360_HH,SEN,SN04,2021,POP_SH,_T,_T,_T,EMP_TYPE_WAGE,_T,_T,_T,_T,_Z,_Z,_Z,_Z,_Z,0.13,A,,,,,,
AFW360_HH,SEN,SN04,2021,POV_HC,_T,_T,_T,_T,_T,_T,_T,_T,POVLINE_PL300,PPP_2021,_Z,_Z,_Z,0.33,A,,,,,,
AFW360_HH,SEN,SN04,2021,POV_HC,_T,_T,_T,_T,_T,_T,_T,_T,POVLINE_PL420,PPP_2021,_Z,_Z,_Z,0.64,A,,,,,,
AFW360_HH,SEN,SN04,2021,POV_NUM,_T,_T,_T,_T,_T,_T,_T,_T,POVLINE_PL300,PPP_2021,_Z,_Z,_Z,250000,A,,,,,,
AFW360_HH,SEN,SN04,2021,POV_NUM,_T,_T,_T,_T,_T,_T,_T,_T,POVLINE_PL420,PPP_2021,_Z,_Z,_Z,490000,A,,,,,,
AFW360_HH,SEN,SN04,2021,SHK_ANY,_Z,_Z,_T,_T,_T,_T,_T,_T,_Z,_Z,_Z,_Z,_Z,0.83,A,,,,,,
AFW360_HH,SEN,SN04,2021,SHK_COV_CONFLICT,_Z,_Z,_T,_T,_T,_T,_T,_T,_Z,_Z,_Z,_Z,_Z,0.01,A,,,,,,
AFW360_HH,SEN,SN04,2021,SHK_COV_ECON,_Z,_Z,_T,_T,_T,_T,_T,_T,_Z,_Z,_Z,_Z,_Z,0.61,A,,,,,,
AFW360_HH,SEN,SN04,2021,SHK_COV_NATURAL,_Z,_Z,_T,_T,_T,_T,_T,_T,_Z,_Z,_Z,_Z,_Z,0.25,A,,,,,,
AFW360_HH,SEN,SN04,2021,SHK_IDIO_ECON,_Z,_Z,_T,_T,_T,_T,_T,_T,_Z,_Z,_Z,_Z,_Z,0.23,A,,,,,,
AFW360_HH,SEN,SN04,2021,SP_HEALTH_COV,_T,_T,_T,_T,_T,_T,_T,_T,_Z,_Z,_Z,_Z,_Z,0,A,,,,,,
AFW360_HH,SEN,SN04,2021,SP_HEALTH_COV_HH,_Z,_Z,_T,_T,_T,_T,_T,_T,_Z,_Z,_Z,_Z,_Z,0.02,A,,,,,,
AFW360_HH,SEN,SN05,2021,AGR_CULTIVATES,_Z,_Z,_T,_T,_T,_T,_T,_T,_Z,_Z,_Z,_Z,_Z,0.59,A,,,,,,
AFW360_HH,SEN,SN05,2021,AGR_CULT_AREA,_Z,_Z,_T,_T,_T,_T,_T,_T,_Z,_Z,_Z,_Z,_Z,4.24,A,,,,,,
AFW360_HH,SEN,SN05,2021,AGR_LIVESTOCK_ANY,_Z,_Z,_T,_T,_T,_T,_T,_T,_Z,_Z,_Z,_Z,_Z,0.72,A,,,,,,
AFW360_HH,SEN,SN05,2021,AGR_TLU,_Z,_Z,_T,_T,_T,_T,_T,_T,_Z,_Z,_Z,_Z,_Z,3.15,A,,,,,,
AFW360_HH,SEN,SN05,2021,CONS_SH,_Z,_Z,_T,_T,_T,_T,_T,_T,COICOP_CP01,ACQ_OWNPROD,_Z,_Z,_Z,0.07,A,,,,,,
AFW360_HH,SEN,SN05,2021,CONS_SH,_Z,_Z,_T,_T,_T,_T,_T,_T,COICOP_CP01,ACQ_PURCH,_Z,_Z,_Z,0.38,A,,,,,,
AFW360_HH,SEN,SN05,2021,CONS_SH,_Z,_Z,_T,_T,_T,_T,_T,_T,COICOP_CP01,_Z,_Z,_Z,_Z,0.47,A,,,,,,
AFW360_HH,SEN,SN05,2021,CONS_SH,_Z,_Z,_T,_T,_T,_T,_T,_T,COICOP_CP02,_Z,_Z,_Z,_Z,0,A,,,,,,
AFW360_HH,SEN,SN05,2021,CONS_SH,_Z,_Z,_T,_T,_T,_T,_T,_T,COICOP_CP03,_Z,_Z,_Z,_Z,0.05,A,,,,,,
AFW360_HH,SEN,SN05,2021,CONS_SH,_Z,_Z,_T,_T,_T,_T,_T,_T,COICOP_CP04,_Z,_Z,_Z,_Z,0.17,A,,,,,,
AFW360_HH,SEN,SN05,2021,CONS_SH,_Z,_Z,_T,_T,_T,_T,_T,_T,COICOP_CP05,_Z,_Z,_Z,_Z,0.05,A,,,,,,
AFW360_HH,SEN,SN05,2021,CONS_SH,_Z,_Z,_T,_T,_T,_T,_T,_T,COICOP_CP06,_Z,_Z,_Z,_Z,0.02,A,,,,,,
AFW360_HH,SEN,SN05,2021,CONS_SH,_Z,_Z,_T,_T,_T,_T,_T,_T,COICOP_CP07,_Z,_Z,_Z,_Z,0.03,A,,,,,,
AFW360_HH,SEN,SN05,2021,CONS_SH,_Z,_Z,_T,_T,_T,_T,_T,_T,COICOP_CP08,_Z,_Z,_Z,_Z,0.06,A,,,,,,
AFW360_HH,SEN,SN05,2021,CONS_SH,_Z,_Z,_T,_T,_T,_T,_T,_T,COICOP_CP09,_Z,_Z,_Z,_Z,0,A,,,,,,
AFW360_HH,SEN,SN05,2021,CONS_SH,_Z,_Z,_T,_T,_T,_T,_T,_T,COICOP_CP10,_Z,_Z,_Z,_Z,0.01,A,,,,,,
AFW360_HH,SEN,SN05,2021,CONS_SH,_Z,_Z,_T,_T,_T,_T,_T,_T,COICOP_CP11,_Z,_Z,_Z,_Z,0.09,A,,,,,,
AFW360_HH,SEN,SN05,2021,CONS_SH,_Z,_Z,_T,_T,_T,_T,_T,_T,COICOP_CP12,_Z,_Z,_Z,_Z,0,A,,,,,,
AFW360_HH,SEN,SN05,2021,CONS_SH,_Z,_Z,_T,_T,_T,_T,_T,_T,COICOP_CP13,_Z,_Z,_Z,_Z,0.02,A,,,,,,
AFW360_HH,SEN,SN05,2021,EN_ASSET_AC,_Z,_Z,_T,_T,_T,_T,_T,_T,_Z,_Z,_Z,_Z,_Z,0,A,,,,,,
AFW360_HH,SEN,SN05,2021,EN_ASSET_COOKER,_Z,_Z,_T,_T,_T,_T,_T,_T,_Z,_Z,_Z,_Z,_Z,0.01,A,,,,,,
AFW360_HH,SEN,SN05,2021,EN_ASSET_FAN,_Z,_Z,_T,_T,_T,_T,_T,_T,_Z,_Z,_Z,_Z,_Z,0,A,,,,,,
AFW360_HH,SEN,SN05,2021,EN_ASSET_WATER_HEATER,_Z,_Z,_T,_T,_T,_T,_T,_T,_Z,_Z,_Z,_Z,_Z,0,A,,,,,,
AFW360_HH,SEN,SN05,2021,EN_COOK_BIOMASS,_Z,_Z,_T,_T,_T,_T,_T,_T,_Z,_Z,_Z,_Z,_Z,0.03,A,,,,,,
AFW360_HH,SEN,SN05,2021,EN_COOK_CLEAN,_Z,_Z,_T,_T,_T,_T,_T,_T,_Z,_Z,_Z,_Z,_Z,0.95,A,,,,,,LEGACY_SUSPECT: Implausible pattern: higher in Rural and Q1 than in Capital and Q4.
AFW360_HH,SEN,SN05,2021,EN_ELEC_ACCESS,_Z,_Z,_T,_T,_T,_T,_T,_T,_Z,_Z,_Z,_Z,_Z,0.66,A,,,,,,
AFW360_HH,SEN,SN05,2021,EN_ELEC_INFORMAL,_Z,_Z,_T,_T,_T,_T,_T,_T,_Z,_Z,_Z,_Z,_Z,0.02,A,,,,,,
AFW360_HH,SEN,SN05,2021,EN_ELEC_SPEND,_Z,_Z,_T,_T,_T,_T,_T,_T,_Z,_Z,_Z,_Z,_Z,13162.26,A,,,,,,
AFW360_HH,SEN,SN05,2021,EN_GRID_CONN,_Z,_Z,_T,_T,_T,_T,_T,_T,_Z,_Z,_Z,_Z,_Z,0.98,A,,,,,,"LEGACY_SUSPECT: Implausible: 0.96-1.00 in every cell, including Q1 and Rural."
AFW360_HH,SEN,SN05,2021,EN_GRID_USE,_Z,_Z,_T,_T,_T,_T,_T,_T,_Z,_Z,_Z,_Z,_Z,0.59,A,,,,,,
AFW360_HH,SEN,SN05,2021,EN_LIGHT_IMPROVED,_Z,_Z,_T,_T,_T,_T,_T,_T,_Z,_Z,_Z,_Z,_Z,0.97,A,,,,,,
AFW360_HH,SEN,SN05,2021,EN_OFFGRID_USE,_Z,_Z,_T,_T,_T,_T,_T,_T,_Z,_Z,_Z,_Z,_Z,0.23,A,,,,,,
AFW360_HH,SEN,SN05,2021,EN_OUTAGE_ANY,_Z,_Z,_T,_T,_T,_T,_T,_T,_Z,_Z,_Z,_Z,_Z,0.57,A,,,,,,
AFW360_HH,SEN,SN05,2021,EN_OUTAGE_DAYS,_Z,_Z,_T,_T,_T,_T,_T,_T,_Z,_Z,_Z,_Z,_Z,1.5,A,,,,,,
AFW360_HH,SEN,SN05,2021,EN_OUTAGE_DUR_CODE,_Z,_Z,_T,_T,_T,_T,_T,_T,_Z,_Z,_Z,_Z,_Z,1.53,A,,,,,,
AFW360_HH,SEN,SN05,2021,EN_PREPAID_METER,_Z,_Z,_T,_T,_T,_T,_T,_T,_Z,_Z,_Z,_Z,_Z,0.35,A,,,,,,
AFW360_HH,SEN,SN05,2021,HE_ACCOUNTS,_Z,_Z,_T,_T,_T,_T,_T,_T,_Z,_Z,_Z,_Z,_Z,0.12,A,,,,,,
AFW360_HH,SEN,SN05,2021,HE_AGE,_Z,_Z,_T,_T,_T,_T,_T,_T,_Z,_Z,_Z,_Z,_Z,4.66,A,,,,,,
AFW360_HH,SEN,SN05,2021,HE_BUY_FIRMS,_Z,_Z,_T,_T,_T,_T,_T,_T,_Z,_Z,_Z,_Z,_Z,0.16,A,,,,,,
AFW360_HH,SEN,SN05,2021,HE_CAPITAL,_Z,_Z,_T,_T,_T,_T,_T,_T,_Z,_Z,_Z,_Z,_Z,5031693.8899999997,A,,,,,,
AFW360_HH,SEN,SN05,2021,HE_COSTS,_Z,_Z,_T,_T,_T,_T,_T,_T,_Z,_Z,_Z,_Z,_Z,38306.35,A,,,,,,
AFW360_HH,SEN,SN05,2021,HE_CREDIT_ANY,_Z,_Z,_T,_T,_T,_T,_T,_T,_Z,_Z,_Z,_Z,_Z,0.54,A,,,,,,
AFW360_HH,SEN,SN05,2021,HE_CREDIT_FORMAL,_Z,_Z,_T,_T,_T,_T,_T,_T,_Z,_Z,_Z,_Z,_Z,0.23,A,,,,,,
AFW360_HH,SEN,SN05,2021,HE_CREDIT_INFORMAL,_Z,_Z,_T,_T,_T,_T,_T,_T,_Z,_Z,_Z,_Z,_Z,0.32,A,,,,,,
AFW360_HH,SEN,SN05,2021,HE_ELEC,_Z,_Z,_T,_T,_T,_T,_T,_T,_Z,_Z,_Z,_Z,_Z,1,A,,,,,,
AFW360_HH,SEN,SN05,2021,HE_EMP_EXT_ANY,_Z,_Z,_T,_T,_T,_T,_T,_T,_Z,_Z,_Z,_Z,_Z,0.97,A,,,,,,LEGACY_SUSPECT: Implausible: share 0.96 while mean non-HH employees is 0.54.
AFW360_HH,SEN,SN05,2021,HE_EMP_HH_NUM,_Z,_Z,_T,_T,_T,_T,_T,_T,_Z,_Z,_Z,_Z,_Z,0.21,A,,,,,,
AFW360_HH,SEN,SN05,2021,HE_EMP_NONHH_NUM,_Z,_Z,_T,_T,_T,_T,_T,_T,_Z,_Z,_Z,_Z,_Z,0.77,A,,,,,,
AFW360_HH,SEN,SN05,2021,HE_EMP_NUM,_Z,_Z,_T,_T,_T,_T,_T,_T,_Z,_Z,_Z,_Z,_Z,0.45,A,,,,,,
AFW360_HH,SEN,SN05,2021,HE_HH_OWNER,_Z,_Z,_T,_T,_T,_T,_T,_T,_Z,_Z,_Z,_Z,_Z,0.62,A,,,,,,
AFW360_HH,SEN,SN05,2021,HE_HOME_BASED,_Z,_Z,_T,_T,_T,_T,_T,_T,_Z,_Z,_Z,_Z,_Z,0.53,A,,,,,,
AFW360_HH,SEN,SN05,2021,HE_PHONE,_Z,_Z,_T,_T,_T,_T,_T,_T,_Z,_Z,_Z,_Z,_Z,1,A,,,,,,
AFW360_HH,SEN,SN05,2021,HE_PREMISES_FORMAL,_Z,_Z,_T,_T,_T,_T,_T,_T,_Z,_Z,_Z,_Z,_Z,0.25,A,,,,,,
AFW360_HH,SEN,SN05,2021,HE_PROFIT,_Z,_Z,_T,_T,_T,_T,_T,_T,_Z,_Z,_Z,_Z,_Z,40540.19,A,,,,,,
AFW360_HH,SEN,SN05,2021,HE_RENT,_Z,_Z,_T,_T,_T,_T,_T,_T,_Z,_Z,_Z,_Z,_Z,0.46,A,,,,,,
AFW360_HH,SEN,SN05,2021,HE_REV_PER_WORKER,_Z,_Z,_T,_T,_T,_T,_T,_T,_Z,_Z,_Z,_Z,_Z,340021.49,A,,,,,,
AFW360_HH,SEN,SN05,2021,HE_SELL_FIRMS,_Z,_Z,_T,_T,_T,_T,_T,_T,_Z,_Z,_Z,_Z,_Z,0.12,A,,,,,,
AFW360_HH,SEN,SN05,2021,HE_TAX_ID,_Z,_Z,_T,_T,_T,_T,_T,_T,_Z,_Z,_Z,_Z,_Z,0.12,A,,,,,,
AFW360_HH,SEN,SN05,2021,HE_WATER,_Z,_Z,_T,_T,_T,_T,_T,_T,_Z,_Z,_Z,_Z,_Z,0.46,A,,,,,,
AFW360_HH,SEN,SN05,2021,HOUS_FLOOR_DURABLE,_Z,_Z,_T,_T,_T,_T,_T,_T,_Z,_Z,_Z,_Z,_Z,0.88,A,,,,,,
AFW360_HH,SEN,SN05,2021,HOUS_ROOF_DURABLE,_Z,_Z,_T,_T,_T,_T,_T,_T,_Z,_Z,_Z,_Z,_Z,0.9,A,,,,,,
AFW360_HH,SEN,SN05,2021,HOUS_SANIT_IMPROVED,_Z,_Z,_T,_T,_T,_T,_T,_T,_Z,_Z,_Z,_Z,_Z,0.53,A,,,,,,
AFW360_HH,SEN,SN05,2021,HOUS_WALL_DURABLE,_Z,_Z,_T,_T,_T,_T,_T,_T,_Z,_Z,_Z,_Z,_Z,0.95,A,,,,,,
AFW360_HH,SEN,SN05,2021,HOUS_WATER_SAFE_DRY,_Z,_Z,_T,_T,_T,_T,_T,_T,_Z,_Z,_Z,_Z,_Z,0.89,A,,,,,,
AFW360_HH,SEN,SN05,2021,POP_HE_SH,_Z,_Z,_T,HEO_MSTAT_MARRIED,_T,_T,_T,_T,_Z,_Z,_Z,_Z,_Z,0.8,A,,,,,,
AFW360_HH,SEN,SN05,2021,POP_HE_SH,_Z,_Z,_T,HEO_SEX_F,_T,_T,_T,_T,_Z,_Z,_Z,_Z,_Z,0.81,A,,,,,,
AFW360_HH,SEN,SN05,2021,POP_HH_SH,_Z,_Z,_T,HE_COUNT_0,_T,_T,_T,_T,_Z,_Z,_Z,_Z,_Z,0.55,A,,,,,,
AFW360_HH,SEN,SN05,2021,POP_HH_SH,_Z,_Z,_T,HE_COUNT_1,_T,_T,_T,_T,_Z,_Z,_Z,_Z,_Z,0.3,A,,,,,,
AFW360_HH,SEN,SN05,2021,POP_HH_SH,_Z,_Z,_T,HE_COUNT_2,_T,_T,_T,_T,_Z,_Z,_Z,_Z,_Z,0.14,A,,,,,,
AFW360_HH,SEN,SN05,2021,POP_HH_SH,_Z,_Z,_T,HE_COUNT_3,_T,_T,_T,_T,_Z,_Z,_Z,_Z,_Z,0,A,,,,,,
AFW360_HH,SEN,SN05,2021,POP_HH_SH,_Z,_Z,_T,HE_COUNT_4P,_T,_T,_T,_T,_Z,_Z,_Z,_Z,_Z,0,A,,,,,,
AFW360_HH,SEN,SN05,2021,POP_SH,_T,_T,_T,EMP_FORMAL_N,_T,_T,_T,_T,_Z,_Z,_Z,_Z,_Z,0.78,A,,,,,,
AFW360_HH,SEN,SN05,2021,POP_SH,_T,_T,_T,EMP_ISIC_G,_T,_T,_T,_T,_Z,_Z,_Z,_Z,_Z,0.2,A,,,,,,
AFW360_HH,SEN,SN05,2021,POP_SH,_T,_T,_T,EMP_ISIC_H,_T,_T,_T,_T,_Z,_Z,_Z,_Z,_Z,0.04,A,,,,,,
AFW360_HH,SEN,SN05,2021,POP_SH,_T,_T,_T,EMP_SECTOR_AGR,_T,_T,_T,_T,_Z,_Z,_Z,_Z,_Z,0.36,A,,,,,,
AFW360_HH,SEN,SN05,2021,POP_SH,_T,_T,_T,EMP_SECTOR_IND,_T,_T,_T,_T,_Z,_Z,_Z,_Z,_Z,0.22,A,,,,,,
AFW360_HH,SEN,SN05,2021,POP_SH,_T,_T,_T,EMP_SECTOR_SER,_T,_T,_T,_T,_Z,_Z,_Z,_Z,_Z,0.43,A,,,,,,
AFW360_HH,SEN,SN05,2021,POP_SH,_T,_T,_T,EMP_STATUS_EMPLOYED,_T,_T,_T,_T,_Z,_Z,_Z,_Z,_Z,0.55,A,,,,,,
AFW360_HH,SEN,SN05,2021,POP_SH,_T,_T,_T,EMP_TYPE_NONWAGE,_T,_T,_T,_T,_Z,_Z,_Z,_Z,_Z,0.8,A,,,,,,
AFW360_HH,SEN,SN05,2021,POP_SH,_T,_T,_T,EMP_TYPE_WAGE,_T,_T,_T,_T,_Z,_Z,_Z,_Z,_Z,0.2,A,,,,,,
AFW360_HH,SEN,SN05,2021,POV_HC,_T,_T,_T,_T,_T,_T,_T,_T,POVLINE_PL300,PPP_2021,_Z,_Z,_Z,0.28,A,,,,,,
AFW360_HH,SEN,SN05,2021,POV_HC,_T,_T,_T,_T,_T,_T,_T,_T,POVLINE_PL420,PPP_2021,_Z,_Z,_Z,0.52,A,,,,,,
AFW360_HH,SEN,SN05,2021,POV_NUM,_T,_T,_T,_T,_T,_T,_T,_T,POVLINE_PL300,PPP_2021,_Z,_Z,_Z,350000.0000000001,A,,,,,,
AFW360_HH,SEN,SN05,2021,POV_NUM,_T,_T,_T,_T,_T,_T,_T,_T,POVLINE_PL420,PPP_2021,_Z,_Z,_Z,650000,A,,,,,,
AFW360_HH,SEN,SN05,2021,SHK_ANY,_Z,_Z,_T,_T,_T,_T,_T,_T,_Z,_Z,_Z,_Z,_Z,0.73,A,,,,,,
AFW360_HH,SEN,SN05,2021,SHK_COV_CONFLICT,_Z,_Z,_T,_T,_T,_T,_T,_T,_Z,_Z,_Z,_Z,_Z,0.01,A,,,,,,
AFW360_HH,SEN,SN05,2021,SHK_COV_ECON,_Z,_Z,_T,_T,_T,_T,_T,_T,_Z,_Z,_Z,_Z,_Z,0.5,A,,,,,,
AFW360_HH,SEN,SN05,2021,SHK_COV_NATURAL,_Z,_Z,_T,_T,_T,_T,_T,_T,_Z,_Z,_Z,_Z,_Z,0.24,A,,,,,,
AFW360_HH,SEN,SN05,2021,SHK_IDIO_ECON,_Z,_Z,_T,_T,_T,_T,_T,_T,_Z,_Z,_Z,_Z,_Z,0.12,A,,,,,,
AFW360_HH,SEN,SN05,2021,SP_HEALTH_COV,_T,_T,_T,_T,_T,_T,_T,_T,_Z,_Z,_Z,_Z,_Z,0.01,A,,,,,,
AFW360_HH,SEN,SN05,2021,SP_HEALTH_COV_HH,_Z,_Z,_T,_T,_T,_T,_T,_T,_Z,_Z,_Z,_Z,_Z,0.02,A,,,,,,
AFW360_HH,SEN,SN06,2021,AGR_CULTIVATES,_Z,_Z,_T,_T,_T,_T,_T,_T,_Z,_Z,_Z,_Z,_Z,0.62,A,,,,,,
AFW360_HH,SEN,SN06,2021,AGR_CULT_AREA,_Z,_Z,_T,_T,_T,_T,_T,_T,_Z,_Z,_Z,_Z,_Z,2.38,A,,,,,,
AFW360_HH,SEN,SN06,2021,AGR_LIVESTOCK_ANY,_Z,_Z,_T,_T,_T,_T,_T,_T,_Z,_Z,_Z,_Z,_Z,0.48,A,,,,,,
AFW360_HH,SEN,SN06,2021,AGR_TLU,_Z,_Z,_T,_T,_T,_T,_T,_T,_Z,_Z,_Z,_Z,_Z,4.94,A,,,,,,
AFW360_HH,SEN,SN06,2021,CONS_SH,_Z,_Z,_T,_T,_T,_T,_T,_T,COICOP_CP01,ACQ_OWNPROD,_Z,_Z,_Z,0.09,A,,,,,,
AFW360_HH,SEN,SN06,2021,CONS_SH,_Z,_Z,_T,_T,_T,_T,_T,_T,COICOP_CP01,ACQ_PURCH,_Z,_Z,_Z,0.32,A,,,,,,
AFW360_HH,SEN,SN06,2021,CONS_SH,_Z,_Z,_T,_T,_T,_T,_T,_T,COICOP_CP01,_Z,_Z,_Z,_Z,0.44,A,,,,,,
AFW360_HH,SEN,SN06,2021,CONS_SH,_Z,_Z,_T,_T,_T,_T,_T,_T,COICOP_CP02,_Z,_Z,_Z,_Z,0,A,,,,,,
AFW360_HH,SEN,SN06,2021,CONS_SH,_Z,_Z,_T,_T,_T,_T,_T,_T,COICOP_CP03,_Z,_Z,_Z,_Z,0.07,A,,,,,,
AFW360_HH,SEN,SN06,2021,CONS_SH,_Z,_Z,_T,_T,_T,_T,_T,_T,COICOP_CP04,_Z,_Z,_Z,_Z,0.16,A,,,,,,
AFW360_HH,SEN,SN06,2021,CONS_SH,_Z,_Z,_T,_T,_T,_T,_T,_T,COICOP_CP05,_Z,_Z,_Z,_Z,0.05,A,,,,,,
AFW360_HH,SEN,SN06,2021,CONS_SH,_Z,_Z,_T,_T,_T,_T,_T,_T,COICOP_CP06,_Z,_Z,_Z,_Z,0.03,A,,,,,,
AFW360_HH,SEN,SN06,2021,CONS_SH,_Z,_Z,_T,_T,_T,_T,_T,_T,COICOP_CP07,_Z,_Z,_Z,_Z,0.05,A,,,,,,
AFW360_HH,SEN,SN06,2021,CONS_SH,_Z,_Z,_T,_T,_T,_T,_T,_T,COICOP_CP08,_Z,_Z,_Z,_Z,0.08,A,,,,,,
AFW360_HH,SEN,SN06,2021,CONS_SH,_Z,_Z,_T,_T,_T,_T,_T,_T,COICOP_CP09,_Z,_Z,_Z,_Z,0,A,,,,,,
AFW360_HH,SEN,SN06,2021,CONS_SH,_Z,_Z,_T,_T,_T,_T,_T,_T,COICOP_CP10,_Z,_Z,_Z,_Z,0.01,A,,,,,,
AFW360_HH,SEN,SN06,2021,CONS_SH,_Z,_Z,_T,_T,_T,_T,_T,_T,COICOP_CP11,_Z,_Z,_Z,_Z,0.08,A,,,,,,
AFW360_HH,SEN,SN06,2021,CONS_SH,_Z,_Z,_T,_T,_T,_T,_T,_T,COICOP_CP12,_Z,_Z,_Z,_Z,0,A,,,,,,
AFW360_HH,SEN,SN06,2021,CONS_SH,_Z,_Z,_T,_T,_T,_T,_T,_T,COICOP_CP13,_Z,_Z,_Z,_Z,0.02,A,,,,,,
AFW360_HH,SEN,SN06,2021,EN_ASSET_AC,_Z,_Z,_T,_T,_T,_T,_T,_T,_Z,_Z,_Z,_Z,_Z,0,A,,,,,,
AFW360_HH,SEN,SN06,2021,EN_ASSET_COOKER,_Z,_Z,_T,_T,_T,_T,_T,_T,_Z,_Z,_Z,_Z,_Z,0,A,,,,,,
AFW360_HH,SEN,SN06,2021,EN_ASSET_FAN,_Z,_Z,_T,_T,_T,_T,_T,_T,_Z,_Z,_Z,_Z,_Z,0.07,A,,,,,,
AFW360_HH,SEN,SN06,2021,EN_ASSET_WATER_HEATER,_Z,_Z,_T,_T,_T,_T,_T,_T,_Z,_Z,_Z,_Z,_Z,0,A,,,,,,
AFW360_HH,SEN,SN06,2021,EN_COOK_BIOMASS,_Z,_Z,_T,_T,_T,_T,_T,_T,_Z,_Z,_Z,_Z,_Z,0.18,A,,,,,,
AFW360_HH,SEN,SN06,2021,EN_COOK_CLEAN,_Z,_Z,_T,_T,_T,_T,_T,_T,_Z,_Z,_Z,_Z,_Z,0.82,A,,,,,,LEGACY_SUSPECT: Implausible pattern: higher in Rural and Q1 than in Capital and Q4.
AFW360_HH,SEN,SN06,2021,EN_ELEC_ACCESS,_Z,_Z,_T,_T,_T,_T,_T,_T,_Z,_Z,_Z,_Z,_Z,0.19,A,,,,,,
AFW360_HH,SEN,SN06,2021,EN_ELEC_INFORMAL,_Z,_Z,_T,_T,_T,_T,_T,_T,_Z,_Z,_Z,_Z,_Z,0,A,,,,,,
AFW360_HH,SEN,SN06,2021,EN_ELEC_SPEND,_Z,_Z,_T,_T,_T,_T,_T,_T,_Z,_Z,_Z,_Z,_Z,10710.34,A,,,,,,
AFW360_HH,SEN,SN06,2021,EN_GRID_CONN,_Z,_Z,_T,_T,_T,_T,_T,_T,_Z,_Z,_Z,_Z,_Z,1,A,,,,,,"LEGACY_SUSPECT: Implausible: 0.96-1.00 in every cell, including Q1 and Rural."
AFW360_HH,SEN,SN06,2021,EN_GRID_USE,_Z,_Z,_T,_T,_T,_T,_T,_T,_Z,_Z,_Z,_Z,_Z,0.21,A,,,,,,
AFW360_HH,SEN,SN06,2021,EN_LIGHT_IMPROVED,_Z,_Z,_T,_T,_T,_T,_T,_T,_Z,_Z,_Z,_Z,_Z,0.97,A,,,,,,
AFW360_HH,SEN,SN06,2021,EN_OFFGRID_USE,_Z,_Z,_T,_T,_T,_T,_T,_T,_Z,_Z,_Z,_Z,_Z,0.36,A,,,,,,
AFW360_HH,SEN,SN06,2021,EN_OUTAGE_ANY,_Z,_Z,_T,_T,_T,_T,_T,_T,_Z,_Z,_Z,_Z,_Z,0.2,A,,,,,,
AFW360_HH,SEN,SN06,2021,EN_OUTAGE_DAYS,_Z,_Z,_T,_T,_T,_T,_T,_T,_Z,_Z,_Z,_Z,_Z,2.17,A,,,,,,
AFW360_HH,SEN,SN06,2021,EN_OUTAGE_DUR_CODE,_Z,_Z,_T,_T,_T,_T,_T,_T,_Z,_Z,_Z,_Z,_Z,1.98,A,,,,,,
AFW360_HH,SEN,SN06,2021,EN_PREPAID_METER,_Z,_Z,_T,_T,_T,_T,_T,_T,_Z,_Z,_Z,_Z,_Z,0.35,A,,,,,,
AFW360_HH,SEN,SN06,2021,HE_ACCOUNTS,_Z,_Z,_T,_T,_T,_T,_T,_T,_Z,_Z,_Z,_Z,_Z,0.08,A,,,,,,
AFW360_HH,SEN,SN06,2021,HE_AGE,_Z,_Z,_T,_T,_T,_T,_T,_T,_Z,_Z,_Z,_Z,_Z,11.39,A,,,,,,
AFW360_HH,SEN,SN06,2021,HE_BUY_FIRMS,_Z,_Z,_T,_T,_T,_T,_T,_T,_Z,_Z,_Z,_Z,_Z,0.44,A,,,,,,
AFW360_HH,SEN,SN06,2021,HE_CAPITAL,_Z,_Z,_T,_T,_T,_T,_T,_T,_Z,_Z,_Z,_Z,_Z,90590.51,A,,,,,,
AFW360_HH,SEN,SN06,2021,HE_COSTS,_Z,_Z,_T,_T,_T,_T,_T,_T,_Z,_Z,_Z,_Z,_Z,22897.76,A,,,,,,
AFW360_HH,SEN,SN06,2021,HE_CREDIT_ANY,_Z,_Z,_T,_T,_T,_T,_T,_T,_Z,_Z,_Z,_Z,_Z,0.33,A,,,,,,
AFW360_HH,SEN,SN06,2021,HE_CREDIT_FORMAL,_Z,_Z,_T,_T,_T,_T,_T,_T,_Z,_Z,_Z,_Z,_Z,0.06,A,,,,,,
AFW360_HH,SEN,SN06,2021,HE_CREDIT_INFORMAL,_Z,_Z,_T,_T,_T,_T,_T,_T,_Z,_Z,_Z,_Z,_Z,0.27,A,,,,,,
AFW360_HH,SEN,SN06,2021,HE_ELEC,_Z,_Z,_T,_T,_T,_T,_T,_T,_Z,_Z,_Z,_Z,_Z,0.83,A,,,,,,
AFW360_HH,SEN,SN06,2021,HE_EMP_EXT_ANY,_Z,_Z,_T,_T,_T,_T,_T,_T,_Z,_Z,_Z,_Z,_Z,1,A,,,,,,LEGACY_SUSPECT: Implausible: share 0.96 while mean non-HH employees is 0.54.
AFW360_HH,SEN,SN06,2021,HE_EMP_HH_NUM,_Z,_Z,_T,_T,_T,_T,_T,_T,_Z,_Z,_Z,_Z,_Z,0.03,A,,,,,,
AFW360_HH,SEN,SN06,2021,HE_EMP_NONHH_NUM,_Z,_Z,_T,_T,_T,_T,_T,_T,_Z,_Z,_Z,_Z,_Z,0.18,A,,,,,,
AFW360_HH,SEN,SN06,2021,HE_EMP_NUM,_Z,_Z,_T,_T,_T,_T,_T,_T,_Z,_Z,_Z,_Z,_Z,0.35,A,,,,,,
AFW360_HH,SEN,SN06,2021,HE_HH_OWNER,_Z,_Z,_T,_T,_T,_T,_T,_T,_Z,_Z,_Z,_Z,_Z,0.41,A,,,,,,
AFW360_HH,SEN,SN06,2021,HE_HOME_BASED,_Z,_Z,_T,_T,_T,_T,_T,_T,_Z,_Z,_Z,_Z,_Z,0.45,A,,,,,,
AFW360_HH,SEN,SN06,2021,HE_PHONE,_Z,_Z,_T,_T,_T,_T,_T,_T,_Z,_Z,_Z,_Z,_Z,1,A,,,,,,
AFW360_HH,SEN,SN06,2021,HE_PREMISES_FORMAL,_Z,_Z,_T,_T,_T,_T,_T,_T,_Z,_Z,_Z,_Z,_Z,0.21,A,,,,,,
AFW360_HH,SEN,SN06,2021,HE_PROFIT,_Z,_Z,_T,_T,_T,_T,_T,_T,_Z,_Z,_Z,_Z,_Z,14124.39,A,,,,,,
AFW360_HH,SEN,SN06,2021,HE_RENT,_Z,_Z,_T,_T,_T,_T,_T,_T,_Z,_Z,_Z,_Z,_Z,0.67,A,,,,,,
AFW360_HH,SEN,SN06,2021,HE_REV_PER_WORKER,_Z,_Z,_T,_T,_T,_T,_T,_T,_Z,_Z,_Z,_Z,_Z,351000,A,,,,,,
AFW360_HH,SEN,SN06,2021,HE_SELL_FIRMS,_Z,_Z,_T,_T,_T,_T,_T,_T,_Z,_Z,_Z,_Z,_Z,0.13,A,,,,,,
AFW360_HH,SEN,SN06,2021,HE_TAX_ID,_Z,_Z,_T,_T,_T,_T,_T,_T,_Z,_Z,_Z,_Z,_Z,0,A,,,,,,
AFW360_HH,SEN,SN06,2021,HE_WATER,_Z,_Z,_T,_T,_T,_T,_T,_T,_Z,_Z,_Z,_Z,_Z,0.23,A,,,,,,
AFW360_HH,SEN,SN06,2021,HOUS_FLOOR_DURABLE,_Z,_Z,_T,_T,_T,_T,_T,_T,_Z,_Z,_Z,_Z,_Z,0.63,A,,,,,,
AFW360_HH,SEN,SN06,2021,HOUS_ROOF_DURABLE,_Z,_Z,_T,_T,_T,_T,_T,_T,_Z,_Z,_Z,_Z,_Z,0.52,A,,,,,,
AFW360_HH,SEN,SN06,2021,HOUS_SANIT_IMPROVED,_Z,_Z,_T,_T,_T,_T,_T,_T,_Z,_Z,_Z,_Z,_Z,0.24,A,,,,,,
AFW360_HH,SEN,SN06,2021,HOUS_WALL_DURABLE,_Z,_Z,_T,_T,_T,_T,_T,_T,_Z,_Z,_Z,_Z,_Z,0.88,A,,,,,,
AFW360_HH,SEN,SN06,2021,HOUS_WATER_SAFE_DRY,_Z,_Z,_T,_T,_T,_T,_T,_T,_Z,_Z,_Z,_Z,_Z,0.77,A,,,,,,
AFW360_HH,SEN,SN06,2021,POP_HE_SH,_Z,_Z,_T,HEO_MSTAT_MARRIED,_T,_T,_T,_T,_Z,_Z,_Z,_Z,_Z,0.63,A,,,,,,
AFW360_HH,SEN,SN06,2021,POP_HE_SH,_Z,_Z,_T,HEO_SEX_F,_T,_T,_T,_T,_Z,_Z,_Z,_Z,_Z,0.86,A,,,,,,
AFW360_HH,SEN,SN06,2021,POP_HH_SH,_Z,_Z,_T,HE_COUNT_0,_T,_T,_T,_T,_Z,_Z,_Z,_Z,_Z,0.2,A,,,,,,
AFW360_HH,SEN,SN06,2021,POP_HH_SH,_Z,_Z,_T,HE_COUNT_1,_T,_T,_T,_T,_Z,_Z,_Z,_Z,_Z,0.56,A,,,,,,
AFW360_HH,SEN,SN06,2021,POP_HH_SH,_Z,_Z,_T,HE_COUNT_2,_T,_T,_T,_T,_Z,_Z,_Z,_Z,_Z,0.2,A,,,,,,
AFW360_HH,SEN,SN06,2021,POP_HH_SH,_Z,_Z,_T,HE_COUNT_3,_T,_T,_T,_T,_Z,_Z,_Z,_Z,_Z,0,A,,,,,,
AFW360_HH,SEN,SN06,2021,POP_HH_SH,_Z,_Z,_T,HE_COUNT_4P,_T,_T,_T,_T,_Z,_Z,_Z,_Z,_Z,0.03,A,,,,,,
AFW360_HH,SEN,SN06,2021,POP_SH,_T,_T,_T,EMP_FORMAL_N,_T,_T,_T,_T,_Z,_Z,_Z,_Z,_Z,0.75,A,,,,,,
AFW360_HH,SEN,SN06,2021,POP_SH,_T,_T,_T,EMP_ISIC_G,_T,_T,_T,_T,_Z,_Z,_Z,_Z,_Z,0.09,A,,,,,,
AFW360_HH,SEN,SN06,2021,POP_SH,_T,_T,_T,EMP_ISIC_H,_T,_T,_T,_T,_Z,_Z,_Z,_Z,_Z,0.04,A,,,,,,
AFW360_HH,SEN,SN06,2021,POP_SH,_T,_T,_T,EMP_SECTOR_AGR,_T,_T,_T,_T,_Z,_Z,_Z,_Z,_Z,0.47,A,,,,,,
AFW360_HH,SEN,SN06,2021,POP_SH,_T,_T,_T,EMP_SECTOR_IND,_T,_T,_T,_T,_Z,_Z,_Z,_Z,_Z,0.29,A,,,,,,
AFW360_HH,SEN,SN06,2021,POP_SH,_T,_T,_T,EMP_SECTOR_SER,_T,_T,_T,_T,_Z,_Z,_Z,_Z,_Z,0.24,A,,,,,,
AFW360_HH,SEN,SN06,2021,POP_SH,_T,_T,_T,EMP_STATUS_EMPLOYED,_T,_T,_T,_T,_Z,_Z,_Z,_Z,_Z,0.57,A,,,,,,
AFW360_HH,SEN,SN06,2021,POP_SH,_T,_T,_T,EMP_TYPE_NONWAGE,_T,_T,_T,_T,_Z,_Z,_Z,_Z,_Z,0.76,A,,,,,,
AFW360_HH,SEN,SN06,2021,POP_SH,_T,_T,_T,EMP_TYPE_WAGE,_T,_T,_T,_T,_Z,_Z,_Z,_Z,_Z,0.24,A,,,,,,
AFW360_HH,SEN,SN06,2021,POV_HC,_T,_T,_T,_T,_T,_T,_T,_T,POVLINE_PL300,PPP_2021,_Z,_Z,_Z,0.36,A,,,,,,
AFW360_HH,SEN,SN06,2021,POV_HC,_T,_T,_T,_T,_T,_T,_T,_T,POVLINE_PL420,PPP_2021,_Z,_Z,_Z,0.62,A,,,,,,
AFW360_HH,SEN,SN06,2021,POV_NUM,_T,_T,_T,_T,_T,_T,_T,_T,POVLINE_PL300,PPP_2021,_Z,_Z,_Z,70000,A,,,,,,
AFW360_HH,SEN,SN06,2021,POV_NUM,_T,_T,_T,_T,_T,_T,_T,_T,POVLINE_PL420,PPP_2021,_Z,_Z,_Z,120000,A,,,,,,
AFW360_HH,SEN,SN06,2021,SHK_ANY,_Z,_Z,_T,_T,_T,_T,_T,_T,_Z,_Z,_Z,_Z,_Z,0.68,A,,,,,,
AFW360_HH,SEN,SN06,2021,SHK_COV_CONFLICT,_Z,_Z,_T,_T,_T,_T,_T,_T,_Z,_Z,_Z,_Z,_Z,0.07,A,,,,,,
AFW360_HH,SEN,SN06,2021,SHK_COV_ECON,_Z,_Z,_T,_T,_T,_T,_T,_T,_Z,_Z,_Z,_Z,_Z,0.42,A,,,,,,
AFW360_HH,SEN,SN06,2021,SHK_COV_NATURAL,_Z,_Z,_T,_T,_T,_T,_T,_T,_Z,_Z,_Z,_Z,_Z,0.25,A,,,,,,
AFW360_HH,SEN,SN06,2021,SHK_IDIO_ECON,_Z,_Z,_T,_T,_T,_T,_T,_T,_Z,_Z,_Z,_Z,_Z,0.08,A,,,,,,
AFW360_HH,SEN,SN06,2021,SP_HEALTH_COV,_T,_T,_T,_T,_T,_T,_T,_T,_Z,_Z,_Z,_Z,_Z,0.01,A,,,,,,
AFW360_HH,SEN,SN06,2021,SP_HEALTH_COV_HH,_Z,_Z,_T,_T,_T,_T,_T,_T,_Z,_Z,_Z,_Z,_Z,0.01,A,,,,,,
AFW360_HH,SEN,SN07,2021,AGR_CULTIVATES,_Z,_Z,_T,_T,_T,_T,_T,_T,_Z,_Z,_Z,_Z,_Z,0.72,A,,,,,,
AFW360_HH,SEN,SN07,2021,AGR_CULT_AREA,_Z,_Z,_T,_T,_T,_T,_T,_T,_Z,_Z,_Z,_Z,_Z,4.85,A,,,,,,
AFW360_HH,SEN,SN07,2021,AGR_LIVESTOCK_ANY,_Z,_Z,_T,_T,_T,_T,_T,_T,_Z,_Z,_Z,_Z,_Z,0.66,A,,,,,,
AFW360_HH,SEN,SN07,2021,AGR_TLU,_Z,_Z,_T,_T,_T,_T,_T,_T,_Z,_Z,_Z,_Z,_Z,6.64,A,,,,,,
AFW360_HH,SEN,SN07,2021,CONS_SH,_Z,_Z,_T,_T,_T,_T,_T,_T,COICOP_CP01,ACQ_OWNPROD,_Z,_Z,_Z,0.13,A,,,,,,
AFW360_HH,SEN,SN07,2021,CONS_SH,_Z,_Z,_T,_T,_T,_T,_T,_T,COICOP_CP01,ACQ_PURCH,_Z,_Z,_Z,0.31,A,,,,,,
AFW360_HH,SEN,SN07,2021,CONS_SH,_Z,_Z,_T,_T,_T,_T,_T,_T,COICOP_CP01,_Z,_Z,_Z,_Z,0.47,A,,,,,,
AFW360_HH,SEN,SN07,2021,CONS_SH,_Z,_Z,_T,_T,_T,_T,_T,_T,COICOP_CP02,_Z,_Z,_Z,_Z,0,A,,,,,,
AFW360_HH,SEN,SN07,2021,CONS_SH,_Z,_Z,_T,_T,_T,_T,_T,_T,COICOP_CP03,_Z,_Z,_Z,_Z,0.06,A,,,,,,
AFW360_HH,SEN,SN07,2021,CONS_SH,_Z,_Z,_T,_T,_T,_T,_T,_T,COICOP_CP04,_Z,_Z,_Z,_Z,0.12,A,,,,,,
AFW360_HH,SEN,SN07,2021,CONS_SH,_Z,_Z,_T,_T,_T,_T,_T,_T,COICOP_CP05,_Z,_Z,_Z,_Z,0.04,A,,,,,,
AFW360_HH,SEN,SN07,2021,CONS_SH,_Z,_Z,_T,_T,_T,_T,_T,_T,COICOP_CP06,_Z,_Z,_Z,_Z,0.04,A,,,,,,
AFW360_HH,SEN,SN07,2021,CONS_SH,_Z,_Z,_T,_T,_T,_T,_T,_T,COICOP_CP07,_Z,_Z,_Z,_Z,0.05,A,,,,,,
AFW360_HH,SEN,SN07,2021,CONS_SH,_Z,_Z,_T,_T,_T,_T,_T,_T,COICOP_CP08,_Z,_Z,_Z,_Z,0.06,A,,,,,,
AFW360_HH,SEN,SN07,2021,CONS_SH,_Z,_Z,_T,_T,_T,_T,_T,_T,COICOP_CP09,_Z,_Z,_Z,_Z,0,A,,,,,,
AFW360_HH,SEN,SN07,2021,CONS_SH,_Z,_Z,_T,_T,_T,_T,_T,_T,COICOP_CP10,_Z,_Z,_Z,_Z,0.01,A,,,,,,
AFW360_HH,SEN,SN07,2021,CONS_SH,_Z,_Z,_T,_T,_T,_T,_T,_T,COICOP_CP11,_Z,_Z,_Z,_Z,0.09,A,,,,,,
AFW360_HH,SEN,SN07,2021,CONS_SH,_Z,_Z,_T,_T,_T,_T,_T,_T,COICOP_CP12,_Z,_Z,_Z,_Z,0,A,,,,,,
AFW360_HH,SEN,SN07,2021,CONS_SH,_Z,_Z,_T,_T,_T,_T,_T,_T,COICOP_CP13,_Z,_Z,_Z,_Z,0.03,A,,,,,,
AFW360_HH,SEN,SN07,2021,EN_ASSET_AC,_Z,_Z,_T,_T,_T,_T,_T,_T,_Z,_Z,_Z,_Z,_Z,0.06,A,,,,,,
AFW360_HH,SEN,SN07,2021,EN_ASSET_COOKER,_Z,_Z,_T,_T,_T,_T,_T,_T,_Z,_Z,_Z,_Z,_Z,0.01,A,,,,,,
AFW360_HH,SEN,SN07,2021,EN_ASSET_FAN,_Z,_Z,_T,_T,_T,_T,_T,_T,_Z,_Z,_Z,_Z,_Z,0,A,,,,,,
AFW360_HH,SEN,SN07,2021,EN_ASSET_WATER_HEATER,_Z,_Z,_T,_T,_T,_T,_T,_T,_Z,_Z,_Z,_Z,_Z,0,A,,,,,,
AFW360_HH,SEN,SN07,2021,EN_COOK_BIOMASS,_Z,_Z,_T,_T,_T,_T,_T,_T,_Z,_Z,_Z,_Z,_Z,0.2,A,,,,,,
AFW360_HH,SEN,SN07,2021,EN_COOK_CLEAN,_Z,_Z,_T,_T,_T,_T,_T,_T,_Z,_Z,_Z,_Z,_Z,0.8,A,,,,,,LEGACY_SUSPECT: Implausible pattern: higher in Rural and Q1 than in Capital and Q4.
AFW360_HH,SEN,SN07,2021,EN_ELEC_ACCESS,_Z,_Z,_T,_T,_T,_T,_T,_T,_Z,_Z,_Z,_Z,_Z,0.27,A,,,,,,
AFW360_HH,SEN,SN07,2021,EN_ELEC_INFORMAL,_Z,_Z,_T,_T,_T,_T,_T,_T,_Z,_Z,_Z,_Z,_Z,0.01,A,,,,,,
AFW360_HH,SEN,SN07,2021,EN_ELEC_SPEND,_Z,_Z,_T,_T,_T,_T,_T,_T,_Z,_Z,_Z,_Z,_Z,8718.72,A,,,,,,
AFW360_HH,SEN,SN07,2021,EN_GRID_CONN,_Z,_Z,_T,_T,_T,_T,_T,_T,_Z,_Z,_Z,_Z,_Z,0.98,A,,,,,,"LEGACY_SUSPECT: Implausible: 0.96-1.00 in every cell, including Q1 and Rural."
AFW360_HH,SEN,SN07,2021,EN_GRID_USE,_Z,_Z,_T,_T,_T,_T,_T,_T,_Z,_Z,_Z,_Z,_Z,0.28,A,,,,,,
AFW360_HH,SEN,SN07,2021,EN_LIGHT_IMPROVED,_Z,_Z,_T,_T,_T,_T,_T,_T,_Z,_Z,_Z,_Z,_Z,0.9,A,,,,,,
AFW360_HH,SEN,SN07,2021,EN_OFFGRID_USE,_Z,_Z,_T,_T,_T,_T,_T,_T,_Z,_Z,_Z,_Z,_Z,0.27,A,,,,,,
AFW360_HH,SEN,SN07,2021,EN_OUTAGE_ANY,_Z,_Z,_T,_T,_T,_T,_T,_T,_Z,_Z,_Z,_Z,_Z,0.25,A,,,,,,
AFW360_HH,SEN,SN07,2021,EN_OUTAGE_DAYS,_Z,_Z,_T,_T,_T,_T,_T,_T,_Z,_Z,_Z,_Z,_Z,2,A,,,,,,
AFW360_HH,SEN,SN07,2021,EN_OUTAGE_DUR_CODE,_Z,_Z,_T,_T,_T,_T,_T,_T,_Z,_Z,_Z,_Z,_Z,1.98,A,,,,,,
AFW360_HH,SEN,SN07,2021,EN_PREPAID_METER,_Z,_Z,_T,_T,_T,_T,_T,_T,_Z,_Z,_Z,_Z,_Z,0.33,A,,,,,,
AFW360_HH,SEN,SN07,2021,HE_ACCOUNTS,_Z,_Z,_T,_T,_T,_T,_T,_T,_Z,_Z,_Z,_Z,_Z,0.09,A,,,,,,
AFW360_HH,SEN,SN07,2021,HE_AGE,_Z,_Z,_T,_T,_T,_T,_T,_T,_Z,_Z,_Z,_Z,_Z,9.72,A,,,,,,
AFW360_HH,SEN,SN07,2021,HE_BUY_FIRMS,_Z,_Z,_T,_T,_T,_T,_T,_T,_Z,_Z,_Z,_Z,_Z,0.26,A,,,,,,
AFW360_HH,SEN,SN07,2021,HE_CAPITAL,_Z,_Z,_T,_T,_T,_T,_T,_T,_Z,_Z,_Z,_Z,_Z,96459.54,A,,,,,,
AFW360_HH,SEN,SN07,2021,HE_COSTS,_Z,_Z,_T,_T,_T,_T,_T,_T,_Z,_Z,_Z,_Z,_Z,30731.77,A,,,,,,
AFW360_HH,SEN,SN07,2021,HE_CREDIT_ANY,_Z,_Z,_T,_T,_T,_T,_T,_T,_Z,_Z,_Z,_Z,_Z,0.35,A,,,,,,
AFW360_HH,SEN,SN07,2021,HE_CREDIT_FORMAL,_Z,_Z,_T,_T,_T,_T,_T,_T,_Z,_Z,_Z,_Z,_Z,0.09,A,,,,,,
AFW360_HH,SEN,SN07,2021,HE_CREDIT_INFORMAL,_Z,_Z,_T,_T,_T,_T,_T,_T,_Z,_Z,_Z,_Z,_Z,0.26,A,,,,,,
AFW360_HH,SEN,SN07,2021,HE_ELEC,_Z,_Z,_T,_T,_T,_T,_T,_T,_Z,_Z,_Z,_Z,_Z,1,A,,,,,,
AFW360_HH,SEN,SN07,2021,HE_EMP_EXT_ANY,_Z,_Z,_T,_T,_T,_T,_T,_T,_Z,_Z,_Z,_Z,_Z,1,A,,,,,,LEGACY_SUSPECT: Implausible: share 0.96 while mean non-HH employees is 0.54.
AFW360_HH,SEN,SN07,2021,HE_EMP_HH_NUM,_Z,_Z,_T,_T,_T,_T,_T,_T,_Z,_Z,_Z,_Z,_Z,0.14,A,,,,,,
AFW360_HH,SEN,SN07,2021,HE_EMP_NONHH_NUM,_Z,_Z,_T,_T,_T,_T,_T,_T,_Z,_Z,_Z,_Z,_Z,0.29,A,,,,,,
AFW360_HH,SEN,SN07,2021,HE_EMP_NUM,_Z,_Z,_T,_T,_T,_T,_T,_T,_Z,_Z,_Z,_Z,_Z,0.35,A,,,,,,
AFW360_HH,SEN,SN07,2021,HE_HH_OWNER,_Z,_Z,_T,_T,_T,_T,_T,_T,_Z,_Z,_Z,_Z,_Z,0.42,A,,,,,,
AFW360_HH,SEN,SN07,2021,HE_HOME_BASED,_Z,_Z,_T,_T,_T,_T,_T,_T,_Z,_Z,_Z,_Z,_Z,0.51,A,,,,,,
AFW360_HH,SEN,SN07,2021,HE_PHONE,_Z,_Z,_T,_T,_T,_T,_T,_T,_Z,_Z,_Z,_Z,_Z,1,A,,,,,,
AFW360_HH,SEN,SN07,2021,HE_PREMISES_FORMAL,_Z,_Z,_T,_T,_T,_T,_T,_T,_Z,_Z,_Z,_Z,_Z,0.16,A,,,,,,
AFW360_HH,SEN,SN07,2021,HE_PROFIT,_Z,_Z,_T,_T,_T,_T,_T,_T,_Z,_Z,_Z,_Z,_Z,12876.52,A,,,,,,
AFW360_HH,SEN,SN07,2021,HE_RENT,_Z,_Z,_T,_T,_T,_T,_T,_T,_Z,_Z,_Z,_Z,_Z,1,A,,,,,,
AFW360_HH,SEN,SN07,2021,HE_REV_PER_WORKER,_Z,_Z,_T,_T,_T,_T,_T,_T,_Z,_Z,_Z,_Z,_Z,70000,A,,,,,,
AFW360_HH,SEN,SN07,2021,HE_SELL_FIRMS,_Z,_Z,_T,_T,_T,_T,_T,_T,_Z,_Z,_Z,_Z,_Z,0,A,,,,,,
AFW360_HH,SEN,SN07,2021,HE_TAX_ID,_Z,_Z,_T,_T,_T,_T,_T,_T,_Z,_Z,_Z,_Z,_Z,0.14,A,,,,,,
AFW360_HH,SEN,SN07,2021,HE_WATER,_Z,_Z,_T,_T,_T,_T,_T,_T,_Z,_Z,_Z,_Z,_Z,0,A,,,,,,
AFW360_HH,SEN,SN07,2021,HOUS_FLOOR_DURABLE,_Z,_Z,_T,_T,_T,_T,_T,_T,_Z,_Z,_Z,_Z,_Z,0.56,A,,,,,,
AFW360_HH,SEN,SN07,2021,HOUS_ROOF_DURABLE,_Z,_Z,_T,_T,_T,_T,_T,_T,_Z,_Z,_Z,_Z,_Z,0.65,A,,,,,,
AFW360_HH,SEN,SN07,2021,HOUS_SANIT_IMPROVED,_Z,_Z,_T,_T,_T,_T,_T,_T,_Z,_Z,_Z,_Z,_Z,0.1,A,,,,,,
AFW360_HH,SEN,SN07,2021,HOUS_WALL_DURABLE,_Z,_Z,_T,_T,_T,_T,_T,_T,_Z,_Z,_Z,_Z,_Z,0.93,A,,,,,,
AFW360_HH,SEN,SN07,2021,HOUS_WATER_SAFE_DRY,_Z,_Z,_T,_T,_T,_T,_T,_T,_Z,_Z,_Z,_Z,_Z,0.34,A,,,,,,
AFW360_HH,SEN,SN07,2021,POP_HE_SH,_Z,_Z,_T,HEO_MSTAT_MARRIED,_T,_T,_T,_T,_Z,_Z,_Z,_Z,_Z,0.97,A,,,,,,
AFW360_HH,SEN,SN07,2021,POP_HE_SH,_Z,_Z,_T,HEO_SEX_F,_T,_T,_T,_T,_Z,_Z,_Z,_Z,_Z,0.73,A,,,,,,
AFW360_HH,SEN,SN07,2021,POP_HH_SH,_Z,_Z,_T,HE_COUNT_0,_T,_T,_T,_T,_Z,_Z,_Z,_Z,_Z,0.54,A,,,,,,
AFW360_HH,SEN,SN07,2021,POP_HH_SH,_Z,_Z,_T,HE_COUNT_1,_T,_T,_T,_T,_Z,_Z,_Z,_Z,_Z,0.44,A,,,,,,
AFW360_HH,SEN,SN07,2021,POP_HH_SH,_Z,_Z,_T,HE_COUNT_2,_T,_T,_T,_T,_Z,_Z,_Z,_Z,_Z,0.02,A,,,,,,
AFW360_HH,SEN,SN07,2021,POP_HH_SH,_Z,_Z,_T,HE_COUNT_3,_T,_T,_T,_T,_Z,_Z,_Z,_Z,_Z,0,A,,,,,,
AFW360_HH,SEN,SN07,2021,POP_HH_SH,_Z,_Z,_T,HE_COUNT_4P,_T,_T,_T,_T,_Z,_Z,_Z,_Z,_Z,0,A,,,,,,
AFW360_HH,SEN,SN07,2021,POP_SH,_T,_T,_T,EMP_FORMAL_N,_T,_T,_T,_T,_Z,_Z,_Z,_Z,_Z,0.86,A,,,,,,
AFW360_HH,SEN,SN07,2021,POP_SH,_T,_T,_T,EMP_ISIC_G,_T,_T,_T,_T,_Z,_Z,_Z,_Z,_Z,0.13,A,,,,,,
AFW360_HH,SEN,SN07,2021,POP_SH,_T,_T,_T,EMP_ISIC_H,_T,_T,_T,_T,_Z,_Z,_Z,_Z,_Z,0.04,A,,,,,,
AFW360_HH,SEN,SN07,2021,POP_SH,_T,_T,_T,EMP_SECTOR_AGR,_T,_T,_T,_T,_Z,_Z,_Z,_Z,_Z,0.6,A,,,,,,
AFW360_HH,SEN,SN07,2021,POP_SH,_T,_T,_T,EMP_SECTOR_IND,_T,_T,_T,_T,_Z,_Z,_Z,_Z,_Z,0.15,A,,,,,,
AFW360_HH,SEN,SN07,2021,POP_SH,_T,_T,_T,EMP_SECTOR_SER,_T,_T,_T,_T,_Z,_Z,_Z,_Z,_Z,0.26,A,,,,,,
AFW360_HH,SEN,SN07,2021,POP_SH,_T,_T,_T,EMP_STATUS_EMPLOYED,_T,_T,_T,_T,_Z,_Z,_Z,_Z,_Z,0.64,A,,,,,,
AFW360_HH,SEN,SN07,2021,POP_SH,_T,_T,_T,EMP_TYPE_NONWAGE,_T,_T,_T,_T,_Z,_Z,_Z,_Z,_Z,0.88,A,,,,,,
AFW360_HH,SEN,SN07,2021,POP_SH,_T,_T,_T,EMP_TYPE_WAGE,_T,_T,_T,_T,_Z,_Z,_Z,_Z,_Z,0.12,A,,,,,,
AFW360_HH,SEN,SN07,2021,POV_HC,_T,_T,_T,_T,_T,_T,_T,_T,POVLINE_PL300,PPP_2021,_Z,_Z,_Z,0.38,A,,,,,,
AFW360_HH,SEN,SN07,2021,POV_HC,_T,_T,_T,_T,_T,_T,_T,_T,POVLINE_PL420,PPP_2021,_Z,_Z,_Z,0.66,A,,,,,,
AFW360_HH,SEN,SN07,2021,POV_NUM,_T,_T,_T,_T,_T,_T,_T,_T,POVLINE_PL300,PPP_2021,_Z,_Z,_Z,330000,A,,,,,,
AFW360_HH,SEN,SN07,2021,POV_NUM,_T,_T,_T,_T,_T,_T,_T,_T,POVLINE_PL420,PPP_2021,_Z,_Z,_Z,570000.0000000001,A,,,,,,
AFW360_HH,SEN,SN07,2021,SHK_ANY,_Z,_Z,_T,_T,_T,_T,_T,_T,_Z,_Z,_Z,_Z,_Z,0.78,A,,,,,,
AFW360_HH,SEN,SN07,2021,SHK_COV_CONFLICT,_Z,_Z,_T,_T,_T,_T,_T,_T,_Z,_Z,_Z,_Z,_Z,0.03,A,,,,,,
AFW360_HH,SEN,SN07,2021,SHK_COV_ECON,_Z,_Z,_T,_T,_T,_T,_T,_T,_Z,_Z,_Z,_Z,_Z,0.33,A,,,,,,
AFW360_HH,SEN,SN07,2021,SHK_COV_NATURAL,_Z,_Z,_T,_T,_T,_T,_T,_T,_Z,_Z,_Z,_Z,_Z,0.37,A,,,,,,
AFW360_HH,SEN,SN07,2021,SHK_IDIO_ECON,_Z,_Z,_T,_T,_T,_T,_T,_T,_Z,_Z,_Z,_Z,_Z,0.16,A,,,,,,
AFW360_HH,SEN,SN07,2021,SP_HEALTH_COV,_T,_T,_T,_T,_T,_T,_T,_T,_Z,_Z,_Z,_Z,_Z,0.01,A,,,,,,
AFW360_HH,SEN,SN07,2021,SP_HEALTH_COV_HH,_Z,_Z,_T,_T,_T,_T,_T,_T,_Z,_Z,_Z,_Z,_Z,0.03,A,,,,,,
AFW360_HH,SEN,SN08,2021,AGR_CULTIVATES,_Z,_Z,_T,_T,_T,_T,_T,_T,_Z,_Z,_Z,_Z,_Z,0.56,A,,,,,,
AFW360_HH,SEN,SN08,2021,AGR_CULT_AREA,_Z,_Z,_T,_T,_T,_T,_T,_T,_Z,_Z,_Z,_Z,_Z,5.95,A,,,,,,
AFW360_HH,SEN,SN08,2021,AGR_LIVESTOCK_ANY,_Z,_Z,_T,_T,_T,_T,_T,_T,_Z,_Z,_Z,_Z,_Z,0.8,A,,,,,,
AFW360_HH,SEN,SN08,2021,AGR_TLU,_Z,_Z,_T,_T,_T,_T,_T,_T,_Z,_Z,_Z,_Z,_Z,6.76,A,,,,,,
AFW360_HH,SEN,SN08,2021,CONS_SH,_Z,_Z,_T,_T,_T,_T,_T,_T,COICOP_CP01,ACQ_OWNPROD,_Z,_Z,_Z,0.02,A,,,,,,
AFW360_HH,SEN,SN08,2021,CONS_SH,_Z,_Z,_T,_T,_T,_T,_T,_T,COICOP_CP01,ACQ_PURCH,_Z,_Z,_Z,0.48,A,,,,,,
AFW360_HH,SEN,SN08,2021,CONS_SH,_Z,_Z,_T,_T,_T,_T,_T,_T,COICOP_CP01,_Z,_Z,_Z,_Z,0.52,A,,,,,,
AFW360_HH,SEN,SN08,2021,CONS_SH,_Z,_Z,_T,_T,_T,_T,_T,_T,COICOP_CP02,_Z,_Z,_Z,_Z,0,A,,,,,,
AFW360_HH,SEN,SN08,2021,CONS_SH,_Z,_Z,_T,_T,_T,_T,_T,_T,COICOP_CP03,_Z,_Z,_Z,_Z,0.05,A,,,,,,
AFW360_HH,SEN,SN08,2021,CONS_SH,_Z,_Z,_T,_T,_T,_T,_T,_T,COICOP_CP04,_Z,_Z,_Z,_Z,0.17,A,,,,,,
AFW360_HH,SEN,SN08,2021,CONS_SH,_Z,_Z,_T,_T,_T,_T,_T,_T,COICOP_CP05,_Z,_Z,_Z,_Z,0.05,A,,,,,,
AFW360_HH,SEN,SN08,2021,CONS_SH,_Z,_Z,_T,_T,_T,_T,_T,_T,COICOP_CP06,_Z,_Z,_Z,_Z,0.04,A,,,,,,
AFW360_HH,SEN,SN08,2021,CONS_SH,_Z,_Z,_T,_T,_T,_T,_T,_T,COICOP_CP07,_Z,_Z,_Z,_Z,0.02,A,,,,,,
AFW360_HH,SEN,SN08,2021,CONS_SH,_Z,_Z,_T,_T,_T,_T,_T,_T,COICOP_CP08,_Z,_Z,_Z,_Z,0.05,A,,,,,,
AFW360_HH,SEN,SN08,2021,CONS_SH,_Z,_Z,_T,_T,_T,_T,_T,_T,COICOP_CP09,_Z,_Z,_Z,_Z,0,A,,,,,,
AFW360_HH,SEN,SN08,2021,CONS_SH,_Z,_Z,_T,_T,_T,_T,_T,_T,COICOP_CP10,_Z,_Z,_Z,_Z,0.01,A,,,,,,
AFW360_HH,SEN,SN08,2021,CONS_SH,_Z,_Z,_T,_T,_T,_T,_T,_T,COICOP_CP11,_Z,_Z,_Z,_Z,0.05,A,,,,,,
AFW360_HH,SEN,SN08,2021,CONS_SH,_Z,_Z,_T,_T,_T,_T,_T,_T,COICOP_CP12,_Z,_Z,_Z,_Z,0,A,,,,,,
AFW360_HH,SEN,SN08,2021,CONS_SH,_Z,_Z,_T,_T,_T,_T,_T,_T,COICOP_CP13,_Z,_Z,_Z,_Z,0.02,A,,,,,,
AFW360_HH,SEN,SN08,2021,EN_ASSET_AC,_Z,_Z,_T,_T,_T,_T,_T,_T,_Z,_Z,_Z,_Z,_Z,0.01,A,,,,,,
AFW360_HH,SEN,SN08,2021,EN_ASSET_COOKER,_Z,_Z,_T,_T,_T,_T,_T,_T,_Z,_Z,_Z,_Z,_Z,0.01,A,,,,,,
AFW360_HH,SEN,SN08,2021,EN_ASSET_FAN,_Z,_Z,_T,_T,_T,_T,_T,_T,_Z,_Z,_Z,_Z,_Z,0,A,,,,,,
AFW360_HH,SEN,SN08,2021,EN_ASSET_WATER_HEATER,_Z,_Z,_T,_T,_T,_T,_T,_T,_Z,_Z,_Z,_Z,_Z,0.07,A,,,,,,
AFW360_HH,SEN,SN08,2021,EN_COOK_BIOMASS,_Z,_Z,_T,_T,_T,_T,_T,_T,_Z,_Z,_Z,_Z,_Z,0.39,A,,,,,,
AFW360_HH,SEN,SN08,2021,EN_COOK_CLEAN,_Z,_Z,_T,_T,_T,_T,_T,_T,_Z,_Z,_Z,_Z,_Z,0.61,A,,,,,,LEGACY_SUSPECT: Implausible pattern: higher in Rural and Q1 than in Capital and Q4.
AFW360_HH,SEN,SN08,2021,EN_ELEC_ACCESS,_Z,_Z,_T,_T,_T,_T,_T,_T,_Z,_Z,_Z,_Z,_Z,0.51,A,,,,,,
AFW360_HH,SEN,SN08,2021,EN_ELEC_INFORMAL,_Z,_Z,_T,_T,_T,_T,_T,_T,_Z,_Z,_Z,_Z,_Z,0.02,A,,,,,,
AFW360_HH,SEN,SN08,2021,EN_ELEC_SPEND,_Z,_Z,_T,_T,_T,_T,_T,_T,_Z,_Z,_Z,_Z,_Z,17632.65,A,,,,,,
AFW360_HH,SEN,SN08,2021,EN_GRID_CONN,_Z,_Z,_T,_T,_T,_T,_T,_T,_Z,_Z,_Z,_Z,_Z,0.98,A,,,,,,"LEGACY_SUSPECT: Implausible: 0.96-1.00 in every cell, including Q1 and Rural."
AFW360_HH,SEN,SN08,2021,EN_GRID_USE,_Z,_Z,_T,_T,_T,_T,_T,_T,_Z,_Z,_Z,_Z,_Z,0.51,A,,,,,,
AFW360_HH,SEN,SN08,2021,EN_LIGHT_IMPROVED,_Z,_Z,_T,_T,_T,_T,_T,_T,_Z,_Z,_Z,_Z,_Z,0.93,A,,,,,,
AFW360_HH,SEN,SN08,2021,EN_OFFGRID_USE,_Z,_Z,_T,_T,_T,_T,_T,_T,_Z,_Z,_Z,_Z,_Z,0.19,A,,,,,,
AFW360_HH,SEN,SN08,2021,EN_OUTAGE_ANY,_Z,_Z,_T,_T,_T,_T,_T,_T,_Z,_Z,_Z,_Z,_Z,0.59,A,,,,,,
AFW360_HH,SEN,SN08,2021,EN_OUTAGE_DAYS,_Z,_Z,_T,_T,_T,_T,_T,_T,_Z,_Z,_Z,_Z,_Z,2.71,A,,,,,,
AFW360_HH,SEN,SN08,2021,EN_OUTAGE_DUR_CODE,_Z,_Z,_T,_T,_T,_T,_T,_T,_Z,_Z,_Z,_Z,_Z,1.36,A,,,,,,
AFW360_HH,SEN,SN08,2021,EN_PREPAID_METER,_Z,_Z,_T,_T,_T,_T,_T,_T,_Z,_Z,_Z,_Z,_Z,0.5,A,,,,,,
AFW360_HH,SEN,SN08,2021,HE_ACCOUNTS,_Z,_Z,_T,_T,_T,_T,_T,_T,_Z,_Z,_Z,_Z,_Z,0,A,,,,,,
AFW360_HH,SEN,SN08,2021,HE_AGE,_Z,_Z,_T,_T,_T,_T,_T,_T,_Z,_Z,_Z,_Z,_Z,9.99,A,,,,,,
AFW360_HH,SEN,SN08,2021,HE_BUY_FIRMS,_Z,_Z,_T,_T,_T,_T,_T,_T,_Z,_Z,_Z,_Z,_Z,0.09,A,,,,,,
AFW360_HH,SEN,SN08,2021,HE_CAPITAL,_Z,_Z,_T,_T,_T,_T,_T,_T,_Z,_Z,_Z,_Z,_Z,341238.67,A,,,,,,
AFW360_HH,SEN,SN08,2021,HE_COSTS,_Z,_Z,_T,_T,_T,_T,_T,_T,_Z,_Z,_Z,_Z,_Z,136306.6,A,,,,,,
AFW360_HH,SEN,SN08,2021,HE_CREDIT_ANY,_Z,_Z,_T,_T,_T,_T,_T,_T,_Z,_Z,_Z,_Z,_Z,0.59,A,,,,,,
AFW360_HH,SEN,SN08,2021,HE_CREDIT_FORMAL,_Z,_Z,_T,_T,_T,_T,_T,_T,_Z,_Z,_Z,_Z,_Z,0.19,A,,,,,,
AFW360_HH,SEN,SN08,2021,HE_CREDIT_INFORMAL,_Z,_Z,_T,_T,_T,_T,_T,_T,_Z,_Z,_Z,_Z,_Z,0.4,A,,,,,,
AFW360_HH,SEN,SN08,2021,HE_ELEC,_Z,_Z,_T,_T,_T,_T,_T,_T,_Z,_Z,_Z,_Z,_Z,1,A,,,,,,
AFW360_HH,SEN,SN08,2021,HE_EMP_EXT_ANY,_Z,_Z,_T,_T,_T,_T,_T,_T,_Z,_Z,_Z,_Z,_Z,0.91,A,,,,,,LEGACY_SUSPECT: Implausible: share 0.96 while mean non-HH employees is 0.54.
AFW360_HH,SEN,SN08,2021,HE_EMP_HH_NUM,_Z,_Z,_T,_T,_T,_T,_T,_T,_Z,_Z,_Z,_Z,_Z,0.19,A,,,,,,
AFW360_HH,SEN,SN08,2021,HE_EMP_NONHH_NUM,_Z,_Z,_T,_T,_T,_T,_T,_T,_Z,_Z,_Z,_Z,_Z,0.19,A,,,,,,
AFW360_HH,SEN,SN08,2021,HE_EMP_NUM,_Z,_Z,_T,_T,_T,_T,_T,_T,_Z,_Z,_Z,_Z,_Z,0.77,A,,,,,,
AFW360_HH,SEN,SN08,2021,HE_HH_OWNER,_Z,_Z,_T,_T,_T,_T,_T,_T,_Z,_Z,_Z,_Z,_Z,0.63,A,,,,,,
AFW360_HH,SEN,SN08,2021,HE_HOME_BASED,_Z,_Z,_T,_T,_T,_T,_T,_T,_Z,_Z,_Z,_Z,_Z,0.39,A,,,,,,
AFW360_HH,SEN,SN08,2021,HE_PHONE,_Z,_Z,_T,_T,_T,_T,_T,_T,_Z,_Z,_Z,_Z,_Z,1,A,,,,,,
AFW360_HH,SEN,SN08,2021,HE_PREMISES_FORMAL,_Z,_Z,_T,_T,_T,_T,_T,_T,_Z,_Z,_Z,_Z,_Z,0.17,A,,,,,,
AFW360_HH,SEN,SN08,2021,HE_PROFIT,_Z,_Z,_T,_T,_T,_T,_T,_T,_Z,_Z,_Z,_Z,_Z,18643.42,A,,,,,,
AFW360_HH,SEN,SN08,2021,HE_RENT,_Z,_Z,_T,_T,_T,_T,_T,_T,_Z,_Z,_Z,_Z,_Z,1,A,,,,,,
AFW360_HH,SEN,SN08,2021,HE_REV_PER_WORKER,_Z,_Z,_T,_T,_T,_T,_T,_T,_Z,_Z,_Z,_Z,_Z,1395511.96,A,,,,,,
AFW360_HH,SEN,SN08,2021,HE_SELL_FIRMS,_Z,_Z,_T,_T,_T,_T,_T,_T,_Z,_Z,_Z,_Z,_Z,0.21,A,,,,,,
AFW360_HH,SEN,SN08,2021,HE_TAX_ID,_Z,_Z,_T,_T,_T,_T,_T,_T,_Z,_Z,_Z,_Z,_Z,0.02,A,,,,,,
AFW360_HH,SEN,SN08,2021,HE_WATER,_Z,_Z,_T,_T,_T,_T,_T,_T,_Z,_Z,_Z,_Z,_Z,0.33,A,,,,,,
AFW360_HH,SEN,SN08,2021,HOUS_FLOOR_DURABLE,_Z,_Z,_T,_T,_T,_T,_T,_T,_Z,_Z,_Z,_Z,_Z,0.76,A,,,,,,
AFW360_HH,SEN,SN08,2021,HOUS_ROOF_DURABLE,_Z,_Z,_T,_T,_T,_T,_T,_T,_Z,_Z,_Z,_Z,_Z,0.82,A,,,,,,
AFW360_HH,SEN,SN08,2021,HOUS_SANIT_IMPROVED,_Z,_Z,_T,_T,_T,_T,_T,_T,_Z,_Z,_Z,_Z,_Z,0.6,A,,,,,,
AFW360_HH,SEN,SN08,2021,HOUS_WALL_DURABLE,_Z,_Z,_T,_T,_T,_T,_T,_T,_Z,_Z,_Z,_Z,_Z,0.79,A,,,,,,
AFW360_HH,SEN,SN08,2021,HOUS_WATER_SAFE_DRY,_Z,_Z,_T,_T,_T,_T,_T,_T,_Z,_Z,_Z,_Z,_Z,0.95,A,,,,,,
AFW360_HH,SEN,SN08,2021,POP_HE_SH,_Z,_Z,_T,HEO_MSTAT_MARRIED,_T,_T,_T,_T,_Z,_Z,_Z,_Z,_Z,0.46,A,,,,,,
AFW360_HH,SEN,SN08,2021,POP_HE_SH,_Z,_Z,_T,HEO_SEX_F,_T,_T,_T,_T,_Z,_Z,_Z,_Z,_Z,0.65,A,,,,,,
AFW360_HH,SEN,SN08,2021,POP_HH_SH,_Z,_Z,_T,HE_COUNT_0,_T,_T,_T,_T,_Z,_Z,_Z,_Z,_Z,0.27,A,,,,,,
AFW360_HH,SEN,SN08,2021,POP_HH_SH,_Z,_Z,_T,HE_COUNT_1,_T,_T,_T,_T,_Z,_Z,_Z,_Z,_Z,0.68,A,,,,,,
AFW360_HH,SEN,SN08,2021,POP_HH_SH,_Z,_Z,_T,HE_COUNT_2,_T,_T,_T,_T,_Z,_Z,_Z,_Z,_Z,0.03,A,,,,,,
AFW360_HH,SEN,SN08,2021,POP_HH_SH,_Z,_Z,_T,HE_COUNT_3,_T,_T,_T,_T,_Z,_Z,_Z,_Z,_Z,0.02,A,,,,,,
AFW360_HH,SEN,SN08,2021,POP_HH_SH,_Z,_Z,_T,HE_COUNT_4P,_T,_T,_T,_T,_Z,_Z,_Z,_Z,_Z,0,A,,,,,,
AFW360_HH,SEN,SN08,2021,POP_SH,_T,_T,_T,EMP_FORMAL_N,_T,_T,_T,_T,_Z,_Z,_Z,_Z,_Z,0.8,A,,,,,,
AFW360_HH,SEN,SN08,2021,POP_SH,_T,_T,_T,EMP_ISIC_G,_T,_T,_T,_T,_Z,_Z,_Z,_Z,_Z,0.19,A,,,,,,
AFW360_HH,SEN,SN08,2021,POP_SH,_T,_T,_T,EMP_ISIC_H,_T,_T,_T,_T,_Z,_Z,_Z,_Z,_Z,0.06,A,,,,,,
AFW360_HH,SEN,SN08,2021,POP_SH,_T,_T,_T,EMP_SECTOR_AGR,_T,_T,_T,_T,_Z,_Z,_Z,_Z,_Z,0.39,A,,,,,,
AFW360_HH,SEN,SN08,2021,POP_SH,_T,_T,_T,EMP_SECTOR_IND,_T,_T,_T,_T,_Z,_Z,_Z,_Z,_Z,0.23,A,,,,,,
AFW360_HH,SEN,SN08,2021,POP_SH,_T,_T,_T,EMP_SECTOR_SER,_T,_T,_T,_T,_Z,_Z,_Z,_Z,_Z,0.38,A,,,,,,
AFW360_HH,SEN,SN08,2021,POP_SH,_T,_T,_T,EMP_STATUS_EMPLOYED,_T,_T,_T,_T,_Z,_Z,_Z,_Z,_Z,0.54,A,,,,,,
AFW360_HH,SEN,SN08,2021,POP_SH,_T,_T,_T,EMP_TYPE_NONWAGE,_T,_T,_T,_T,_Z,_Z,_Z,_Z,_Z,0.79,A,,,,,,
AFW360_HH,SEN,SN08,2021,POP_SH,_T,_T,_T,EMP_TYPE_WAGE,_T,_T,_T,_T,_Z,_Z,_Z,_Z,_Z,0.21,A,,,,,,
AFW360_HH,SEN,SN08,2021,POV_HC,_T,_T,_T,_T,_T,_T,_T,_T,POVLINE_PL300,PPP_2021,_Z,_Z,_Z,0.18,A,,,,,,
AFW360_HH,SEN,SN08,2021,POV_HC,_T,_T,_T,_T,_T,_T,_T,_T,POVLINE_PL420,PPP_2021,_Z,_Z,_Z,0.45,A,,,,,,
AFW360_HH,SEN,SN08,2021,POV_NUM,_T,_T,_T,_T,_T,_T,_T,_T,POVLINE_PL300,PPP_2021,_Z,_Z,_Z,200000,A,,,,,,
AFW360_HH,SEN,SN08,2021,POV_NUM,_T,_T,_T,_T,_T,_T,_T,_T,POVLINE_PL420,PPP_2021,_Z,_Z,_Z,490000,A,,,,,,
AFW360_HH,SEN,SN08,2021,SHK_ANY,_Z,_Z,_T,_T,_T,_T,_T,_T,_Z,_Z,_Z,_Z,_Z,0.61,A,,,,,,
AFW360_HH,SEN,SN08,2021,SHK_COV_CONFLICT,_Z,_Z,_T,_T,_T,_T,_T,_T,_Z,_Z,_Z,_Z,_Z,0.01,A,,,,,,
AFW360_HH,SEN,SN08,2021,SHK_COV_ECON,_Z,_Z,_T,_T,_T,_T,_T,_T,_Z,_Z,_Z,_Z,_Z,0.4,A,,,,,,
AFW360_HH,SEN,SN08,2021,SHK_COV_NATURAL,_Z,_Z,_T,_T,_T,_T,_T,_T,_Z,_Z,_Z,_Z,_Z,0.26,A,,,,,,
AFW360_HH,SEN,SN08,2021,SHK_IDIO_ECON,_Z,_Z,_T,_T,_T,_T,_T,_T,_Z,_Z,_Z,_Z,_Z,0.14,A,,,,,,
AFW360_HH,SEN,SN08,2021,SP_HEALTH_COV,_T,_T,_T,_T,_T,_T,_T,_T,_Z,_Z,_Z,_Z,_Z,0.01,A,,,,,,
AFW360_HH,SEN,SN08,2021,SP_HEALTH_COV_HH,_Z,_Z,_T,_T,_T,_T,_T,_T,_Z,_Z,_Z,_Z,_Z,0.03,A,,,,,,
AFW360_HH,SEN,SN09,2021,AGR_CULTIVATES,_Z,_Z,_T,_T,_T,_T,_T,_T,_Z,_Z,_Z,_Z,_Z,0.56,A,,,,,,
AFW360_HH,SEN,SN09,2021,AGR_CULT_AREA,_Z,_Z,_T,_T,_T,_T,_T,_T,_Z,_Z,_Z,_Z,_Z,1.63,A,,,,,,
AFW360_HH,SEN,SN09,2021,AGR_LIVESTOCK_ANY,_Z,_Z,_T,_T,_T,_T,_T,_T,_Z,_Z,_Z,_Z,_Z,0.88,A,,,,,,
AFW360_HH,SEN,SN09,2021,AGR_TLU,_Z,_Z,_T,_T,_T,_T,_T,_T,_Z,_Z,_Z,_Z,_Z,5.93,A,,,,,,
AFW360_HH,SEN,SN09,2021,CONS_SH,_Z,_Z,_T,_T,_T,_T,_T,_T,COICOP_CP01,ACQ_OWNPROD,_Z,_Z,_Z,0.03,A,,,,,,
AFW360_HH,SEN,SN09,2021,CONS_SH,_Z,_Z,_T,_T,_T,_T,_T,_T,COICOP_CP01,ACQ_PURCH,_Z,_Z,_Z,0.49,A,,,,,,
AFW360_HH,SEN,SN09,2021,CONS_SH,_Z,_Z,_T,_T,_T,_T,_T,_T,COICOP_CP01,_Z,_Z,_Z,_Z,0.55,A,,,,,,
AFW360_HH,SEN,SN09,2021,CONS_SH,_Z,_Z,_T,_T,_T,_T,_T,_T,COICOP_CP02,_Z,_Z,_Z,_Z,0,A,,,,,,
AFW360_HH,SEN,SN09,2021,CONS_SH,_Z,_Z,_T,_T,_T,_T,_T,_T,COICOP_CP03,_Z,_Z,_Z,_Z,0.05,A,,,,,,
AFW360_HH,SEN,SN09,2021,CONS_SH,_Z,_Z,_T,_T,_T,_T,_T,_T,COICOP_CP04,_Z,_Z,_Z,_Z,0.15,A,,,,,,
AFW360_HH,SEN,SN09,2021,CONS_SH,_Z,_Z,_T,_T,_T,_T,_T,_T,COICOP_CP05,_Z,_Z,_Z,_Z,0.05,A,,,,,,
AFW360_HH,SEN,SN09,2021,CONS_SH,_Z,_Z,_T,_T,_T,_T,_T,_T,COICOP_CP06,_Z,_Z,_Z,_Z,0.04,A,,,,,,
AFW360_HH,SEN,SN09,2021,CONS_SH,_Z,_Z,_T,_T,_T,_T,_T,_T,COICOP_CP07,_Z,_Z,_Z,_Z,0.02,A,,,,,,
AFW360_HH,SEN,SN09,2021,CONS_SH,_Z,_Z,_T,_T,_T,_T,_T,_T,COICOP_CP08,_Z,_Z,_Z,_Z,0.05,A,,,,,,
AFW360_HH,SEN,SN09,2021,CONS_SH,_Z,_Z,_T,_T,_T,_T,_T,_T,COICOP_CP09,_Z,_Z,_Z,_Z,0,A,,,,,,
AFW360_HH,SEN,SN09,2021,CONS_SH,_Z,_Z,_T,_T,_T,_T,_T,_T,COICOP_CP10,_Z,_Z,_Z,_Z,0.01,A,,,,,,
AFW360_HH,SEN,SN09,2021,CONS_SH,_Z,_Z,_T,_T,_T,_T,_T,_T,COICOP_CP11,_Z,_Z,_Z,_Z,0.06,A,,,,,,
AFW360_HH,SEN,SN09,2021,CONS_SH,_Z,_Z,_T,_T,_T,_T,_T,_T,COICOP_CP12,_Z,_Z,_Z,_Z,0,A,,,,,,
AFW360_HH,SEN,SN09,2021,CONS_SH,_Z,_Z,_T,_T,_T,_T,_T,_T,COICOP_CP13,_Z,_Z,_Z,_Z,0.03,A,,,,,,
AFW360_HH,SEN,SN09,2021,EN_ASSET_AC,_Z,_Z,_T,_T,_T,_T,_T,_T,_Z,_Z,_Z,_Z,_Z,0.09,A,,,,,,
AFW360_HH,SEN,SN09,2021,EN_ASSET_COOKER,_Z,_Z,_T,_T,_T,_T,_T,_T,_Z,_Z,_Z,_Z,_Z,0,A,,,,,,
AFW360_HH,SEN,SN09,2021,EN_ASSET_FAN,_Z,_Z,_T,_T,_T,_T,_T,_T,_Z,_Z,_Z,_Z,_Z,0,A,,,,,,
AFW360_HH,SEN,SN09,2021,EN_ASSET_WATER_HEATER,_Z,_Z,_T,_T,_T,_T,_T,_T,_Z,_Z,_Z,_Z,_Z,0,A,,,,,,
AFW360_HH,SEN,SN09,2021,EN_COOK_BIOMASS,_Z,_Z,_T,_T,_T,_T,_T,_T,_Z,_Z,_Z,_Z,_Z,0.18,A,,,,,,
AFW360_HH,SEN,SN09,2021,EN_COOK_CLEAN,_Z,_Z,_T,_T,_T,_T,_T,_T,_Z,_Z,_Z,_Z,_Z,0.82,A,,,,,,LEGACY_SUSPECT: Implausible pattern: higher in Rural and Q1 than in Capital and Q4.
AFW360_HH,SEN,SN09,2021,EN_ELEC_ACCESS,_Z,_Z,_T,_T,_T,_T,_T,_T,_Z,_Z,_Z,_Z,_Z,0.56,A,,,,,,
AFW360_HH,SEN,SN09,2021,EN_ELEC_INFORMAL,_Z,_Z,_T,_T,_T,_T,_T,_T,_Z,_Z,_Z,_Z,_Z,0.02,A,,,,,,
AFW360_HH,SEN,SN09,2021,EN_ELEC_SPEND,_Z,_Z,_T,_T,_T,_T,_T,_T,_Z,_Z,_Z,_Z,_Z,9495.86,A,,,,,,
AFW360_HH,SEN,SN09,2021,EN_GRID_CONN,_Z,_Z,_T,_T,_T,_T,_T,_T,_Z,_Z,_Z,_Z,_Z,0.95,A,,,,,,"LEGACY_SUSPECT: Implausible: 0.96-1.00 in every cell, including Q1 and Rural."
AFW360_HH,SEN,SN09,2021,EN_GRID_USE,_Z,_Z,_T,_T,_T,_T,_T,_T,_Z,_Z,_Z,_Z,_Z,0.56,A,,,,,,
AFW360_HH,SEN,SN09,2021,EN_LIGHT_IMPROVED,_Z,_Z,_T,_T,_T,_T,_T,_T,_Z,_Z,_Z,_Z,_Z,0.94,A,,,,,,
AFW360_HH,SEN,SN09,2021,EN_OFFGRID_USE,_Z,_Z,_T,_T,_T,_T,_T,_T,_Z,_Z,_Z,_Z,_Z,0.06,A,,,,,,
AFW360_HH,SEN,SN09,2021,EN_OUTAGE_ANY,_Z,_Z,_T,_T,_T,_T,_T,_T,_Z,_Z,_Z,_Z,_Z,0.12,A,,,,,,
AFW360_HH,SEN,SN09,2021,EN_OUTAGE_DAYS,_Z,_Z,_T,_T,_T,_T,_T,_T,_Z,_Z,_Z,_Z,_Z,2.6,A,,,,,,
AFW360_HH,SEN,SN09,2021,EN_OUTAGE_DUR_CODE,_Z,_Z,_T,_T,_T,_T,_T,_T,_Z,_Z,_Z,_Z,_Z,1.3,A,,,,,,
AFW360_HH,SEN,SN09,2021,EN_PREPAID_METER,_Z,_Z,_T,_T,_T,_T,_T,_T,_Z,_Z,_Z,_Z,_Z,0.32,A,,,,,,
AFW360_HH,SEN,SN09,2021,HE_ACCOUNTS,_Z,_Z,_T,_T,_T,_T,_T,_T,_Z,_Z,_Z,_Z,_Z,0.03,A,,,,,,
AFW360_HH,SEN,SN09,2021,HE_AGE,_Z,_Z,_T,_T,_T,_T,_T,_T,_Z,_Z,_Z,_Z,_Z,8.47,A,,,,,,
AFW360_HH,SEN,SN09,2021,HE_BUY_FIRMS,_Z,_Z,_T,_T,_T,_T,_T,_T,_Z,_Z,_Z,_Z,_Z,0.19,A,,,,,,
AFW360_HH,SEN,SN09,2021,HE_CAPITAL,_Z,_Z,_T,_T,_T,_T,_T,_T,_Z,_Z,_Z,_Z,_Z,168336.3,A,,,,,,
AFW360_HH,SEN,SN09,2021,HE_COSTS,_Z,_Z,_T,_T,_T,_T,_T,_T,_Z,_Z,_Z,_Z,_Z,36273.95,A,,,,,,
AFW360_HH,SEN,SN09,2021,HE_CREDIT_ANY,_Z,_Z,_T,_T,_T,_T,_T,_T,_Z,_Z,_Z,_Z,_Z,0.2,A,,,,,,
AFW360_HH,SEN,SN09,2021,HE_CREDIT_FORMAL,_Z,_Z,_T,_T,_T,_T,_T,_T,_Z,_Z,_Z,_Z,_Z,0.14,A,,,,,,
AFW360_HH,SEN,SN09,2021,HE_CREDIT_INFORMAL,_Z,_Z,_T,_T,_T,_T,_T,_T,_Z,_Z,_Z,_Z,_Z,0.09,A,,,,,,
AFW360_HH,SEN,SN09,2021,HE_ELEC,_Z,_Z,_T,_T,_T,_T,_T,_T,_Z,_Z,_Z,_Z,_Z,1,A,,,,,,
AFW360_HH,SEN,SN09,2021,HE_EMP_EXT_ANY,_Z,_Z,_T,_T,_T,_T,_T,_T,_Z,_Z,_Z,_Z,_Z,0.98,A,,,,,,LEGACY_SUSPECT: Implausible: share 0.96 while mean non-HH employees is 0.54.
AFW360_HH,SEN,SN09,2021,HE_EMP_HH_NUM,_Z,_Z,_T,_T,_T,_T,_T,_T,_Z,_Z,_Z,_Z,_Z,0.08,A,,,,,,
AFW360_HH,SEN,SN09,2021,HE_EMP_NONHH_NUM,_Z,_Z,_T,_T,_T,_T,_T,_T,_Z,_Z,_Z,_Z,_Z,0.39,A,,,,,,
AFW360_HH,SEN,SN09,2021,HE_EMP_NUM,_Z,_Z,_T,_T,_T,_T,_T,_T,_Z,_Z,_Z,_Z,_Z,1.41,A,,,,,,
AFW360_HH,SEN,SN09,2021,HE_HH_OWNER,_Z,_Z,_T,_T,_T,_T,_T,_T,_Z,_Z,_Z,_Z,_Z,0.61,A,,,,,,
AFW360_HH,SEN,SN09,2021,HE_HOME_BASED,_Z,_Z,_T,_T,_T,_T,_T,_T,_Z,_Z,_Z,_Z,_Z,0.55,A,,,,,,
AFW360_HH,SEN,SN09,2021,HE_PHONE,_Z,_Z,_T,_T,_T,_T,_T,_T,_Z,_Z,_Z,_Z,_Z,1,A,,,,,,
AFW360_HH,SEN,SN09,2021,HE_PREMISES_FORMAL,_Z,_Z,_T,_T,_T,_T,_T,_T,_Z,_Z,_Z,_Z,_Z,0.07,A,,,,,,
AFW360_HH,SEN,SN09,2021,HE_PROFIT,_Z,_Z,_T,_T,_T,_T,_T,_T,_Z,_Z,_Z,_Z,_Z,20875.07,A,,,,,,
AFW360_HH,SEN,SN09,2021,HE_RENT,_Z,_Z,_T,_T,_T,_T,_T,_T,_Z,_Z,_Z,_Z,_Z,0.5,A,,,,,,
AFW360_HH,SEN,SN09,2021,HE_REV_PER_WORKER,_Z,_Z,_T,_T,_T,_T,_T,_T,_Z,_Z,_Z,_Z,_Z,2302435.8300000001,A,,,,,,
AFW360_HH,SEN,SN09,2021,HE_SELL_FIRMS,_Z,_Z,_T,_T,_T,_T,_T,_T,_Z,_Z,_Z,_Z,_Z,0.1,A,,,,,,
AFW360_HH,SEN,SN09,2021,HE_TAX_ID,_Z,_Z,_T,_T,_T,_T,_T,_T,_Z,_Z,_Z,_Z,_Z,0.03,A,,,,,,
AFW360_HH,SEN,SN09,2021,HE_WATER,_Z,_Z,_T,_T,_T,_T,_T,_T,_Z,_Z,_Z,_Z,_Z,1,A,,,,,,
AFW360_HH,SEN,SN09,2021,HOUS_FLOOR_DURABLE,_Z,_Z,_T,_T,_T,_T,_T,_T,_Z,_Z,_Z,_Z,_Z,0.64,A,,,,,,
AFW360_HH,SEN,SN09,2021,HOUS_ROOF_DURABLE,_Z,_Z,_T,_T,_T,_T,_T,_T,_Z,_Z,_Z,_Z,_Z,0.85,A,,,,,,
AFW360_HH,SEN,SN09,2021,HOUS_SANIT_IMPROVED,_Z,_Z,_T,_T,_T,_T,_T,_T,_Z,_Z,_Z,_Z,_Z,0.47,A,,,,,,
AFW360_HH,SEN,SN09,2021,HOUS_WALL_DURABLE,_Z,_Z,_T,_T,_T,_T,_T,_T,_Z,_Z,_Z,_Z,_Z,0.82,A,,,,,,
AFW360_HH,SEN,SN09,2021,HOUS_WATER_SAFE_DRY,_Z,_Z,_T,_T,_T,_T,_T,_T,_Z,_Z,_Z,_Z,_Z,0.88,A,,,,,,
AFW360_HH,SEN,SN09,2021,POP_HE_SH,_Z,_Z,_T,HEO_MSTAT_MARRIED,_T,_T,_T,_T,_Z,_Z,_Z,_Z,_Z,0.79,A,,,,,,
AFW360_HH,SEN,SN09,2021,POP_HE_SH,_Z,_Z,_T,HEO_SEX_F,_T,_T,_T,_T,_Z,_Z,_Z,_Z,_Z,0.73,A,,,,,,
AFW360_HH,SEN,SN09,2021,POP_HH_SH,_Z,_Z,_T,HE_COUNT_0,_T,_T,_T,_T,_Z,_Z,_Z,_Z,_Z,0.48,A,,,,,,
AFW360_HH,SEN,SN09,2021,POP_HH_SH,_Z,_Z,_T,HE_COUNT_1,_T,_T,_T,_T,_Z,_Z,_Z,_Z,_Z,0.38,A,,,,,,
AFW360_HH,SEN,SN09,2021,POP_HH_SH,_Z,_Z,_T,HE_COUNT_2,_T,_T,_T,_T,_Z,_Z,_Z,_Z,_Z,0.12,A,,,,,,
AFW360_HH,SEN,SN09,2021,POP_HH_SH,_Z,_Z,_T,HE_COUNT_3,_T,_T,_T,_T,_Z,_Z,_Z,_Z,_Z,0.01,A,,,,,,
AFW360_HH,SEN,SN09,2021,POP_HH_SH,_Z,_Z,_T,HE_COUNT_4P,_T,_T,_T,_T,_Z,_Z,_Z,_Z,_Z,0,A,,,,,,
AFW360_HH,SEN,SN09,2021,POP_SH,_T,_T,_T,EMP_FORMAL_N,_T,_T,_T,_T,_Z,_Z,_Z,_Z,_Z,0.85,A,,,,,,
AFW360_HH,SEN,SN09,2021,POP_SH,_T,_T,_T,EMP_ISIC_G,_T,_T,_T,_T,_Z,_Z,_Z,_Z,_Z,0.18,A,,,,,,
AFW360_HH,SEN,SN09,2021,POP_SH,_T,_T,_T,EMP_ISIC_H,_T,_T,_T,_T,_Z,_Z,_Z,_Z,_Z,0.04,A,,,,,,
AFW360_HH,SEN,SN09,2021,POP_SH,_T,_T,_T,EMP_SECTOR_AGR,_T,_T,_T,_T,_Z,_Z,_Z,_Z,_Z,0.49,A,,,,,,
AFW360_HH,SEN,SN09,2021,POP_SH,_T,_T,_T,EMP_SECTOR_IND,_T,_T,_T,_T,_Z,_Z,_Z,_Z,_Z,0.2,A,,,,,,
AFW360_HH,SEN,SN09,2021,POP_SH,_T,_T,_T,EMP_SECTOR_SER,_T,_T,_T,_T,_Z,_Z,_Z,_Z,_Z,0.3,A,,,,,,
AFW360_HH,SEN,SN09,2021,POP_SH,_T,_T,_T,EMP_STATUS_EMPLOYED,_T,_T,_T,_T,_Z,_Z,_Z,_Z,_Z,0.54,A,,,,,,
AFW360_HH,SEN,SN09,2021,POP_SH,_T,_T,_T,EMP_TYPE_NONWAGE,_T,_T,_T,_T,_Z,_Z,_Z,_Z,_Z,0.85,A,,,,,,
AFW360_HH,SEN,SN09,2021,POP_SH,_T,_T,_T,EMP_TYPE_WAGE,_T,_T,_T,_T,_Z,_Z,_Z,_Z,_Z,0.15,A,,,,,,
AFW360_HH,SEN,SN09,2021,POV_HC,_T,_T,_T,_T,_T,_T,_T,_T,POVLINE_PL300,PPP_2021,_Z,_Z,_Z,0.26,A,,,,,,
AFW360_HH,SEN,SN09,2021,POV_HC,_T,_T,_T,_T,_T,_T,_T,_T,POVLINE_PL420,PPP_2021,_Z,_Z,_Z,0.49,A,,,,,,
AFW360_HH,SEN,SN09,2021,POV_NUM,_T,_T,_T,_T,_T,_T,_T,_T,POVLINE_PL300,PPP_2021,_Z,_Z,_Z,200000,A,,,,,,
AFW360_HH,SEN,SN09,2021,POV_NUM,_T,_T,_T,_T,_T,_T,_T,_T,POVLINE_PL420,PPP_2021,_Z,_Z,_Z,380000,A,,,,,,
AFW360_HH,SEN,SN09,2021,SHK_ANY,_Z,_Z,_T,_T,_T,_T,_T,_T,_Z,_Z,_Z,_Z,_Z,0.8,A,,,,,,
AFW360_HH,SEN,SN09,2021,SHK_COV_CONFLICT,_Z,_Z,_T,_T,_T,_T,_T,_T,_Z,_Z,_Z,_Z,_Z,0.07,A,,,,,,
AFW360_HH,SEN,SN09,2021,SHK_COV_ECON,_Z,_Z,_T,_T,_T,_T,_T,_T,_Z,_Z,_Z,_Z,_Z,0.44,A,,,,,,
AFW360_HH,SEN,SN09,2021,SHK_COV_NATURAL,_Z,_Z,_T,_T,_T,_T,_T,_T,_Z,_Z,_Z,_Z,_Z,0.44,A,,,,,,
AFW360_HH,SEN,SN09,2021,SHK_IDIO_ECON,_Z,_Z,_T,_T,_T,_T,_T,_T,_Z,_Z,_Z,_Z,_Z,0.21,A,,,,,,
AFW360_HH,SEN,SN09,2021,SP_HEALTH_COV,_T,_T,_T,_T,_T,_T,_T,_T,_Z,_Z,_Z,_Z,_Z,0,A,,,,,,
AFW360_HH,SEN,SN09,2021,SP_HEALTH_COV_HH,_Z,_Z,_T,_T,_T,_T,_T,_T,_Z,_Z,_Z,_Z,_Z,0.01,A,,,,,,
AFW360_HH,SEN,SN10,2021,AGR_CULTIVATES,_Z,_Z,_T,_T,_T,_T,_T,_T,_Z,_Z,_Z,_Z,_Z,0.39,A,,,,,,
AFW360_HH,SEN,SN10,2021,AGR_CULT_AREA,_Z,_Z,_T,_T,_T,_T,_T,_T,_Z,_Z,_Z,_Z,_Z,2.66,A,,,,,,
AFW360_HH,SEN,SN10,2021,AGR_LIVESTOCK_ANY,_Z,_Z,_T,_T,_T,_T,_T,_T,_Z,_Z,_Z,_Z,_Z,0.68,A,,,,,,
AFW360_HH,SEN,SN10,2021,AGR_TLU,_Z,_Z,_T,_T,_T,_T,_T,_T,_Z,_Z,_Z,_Z,_Z,4.11,A,,,,,,
AFW360_HH,SEN,SN10,2021,CONS_SH,_Z,_Z,_T,_T,_T,_T,_T,_T,COICOP_CP01,ACQ_OWNPROD,_Z,_Z,_Z,0.02,A,,,,,,
AFW360_HH,SEN,SN10,2021,CONS_SH,_Z,_Z,_T,_T,_T,_T,_T,_T,COICOP_CP01,ACQ_PURCH,_Z,_Z,_Z,0.47,A,,,,,,
AFW360_HH,SEN,SN10,2021,CONS_SH,_Z,_Z,_T,_T,_T,_T,_T,_T,COICOP_CP01,_Z,_Z,_Z,_Z,0.51,A,,,,,,
AFW360_HH,SEN,SN10,2021,CONS_SH,_Z,_Z,_T,_T,_T,_T,_T,_T,COICOP_CP02,_Z,_Z,_Z,_Z,0,A,,,,,,
AFW360_HH,SEN,SN10,2021,CONS_SH,_Z,_Z,_T,_T,_T,_T,_T,_T,COICOP_CP03,_Z,_Z,_Z,_Z,0.06,A,,,,,,
AFW360_HH,SEN,SN10,2021,CONS_SH,_Z,_Z,_T,_T,_T,_T,_T,_T,COICOP_CP04,_Z,_Z,_Z,_Z,0.15,A,,,,,,
AFW360_HH,SEN,SN10,2021,CONS_SH,_Z,_Z,_T,_T,_T,_T,_T,_T,COICOP_CP05,_Z,_Z,_Z,_Z,0.05,A,,,,,,
AFW360_HH,SEN,SN10,2021,CONS_SH,_Z,_Z,_T,_T,_T,_T,_T,_T,COICOP_CP06,_Z,_Z,_Z,_Z,0.04,A,,,,,,
AFW360_HH,SEN,SN10,2021,CONS_SH,_Z,_Z,_T,_T,_T,_T,_T,_T,COICOP_CP07,_Z,_Z,_Z,_Z,0.03,A,,,,,,
AFW360_HH,SEN,SN10,2021,CONS_SH,_Z,_Z,_T,_T,_T,_T,_T,_T,COICOP_CP08,_Z,_Z,_Z,_Z,0.06,A,,,,,,
AFW360_HH,SEN,SN10,2021,CONS_SH,_Z,_Z,_T,_T,_T,_T,_T,_T,COICOP_CP09,_Z,_Z,_Z,_Z,0,A,,,,,,
AFW360_HH,SEN,SN10,2021,CONS_SH,_Z,_Z,_T,_T,_T,_T,_T,_T,COICOP_CP10,_Z,_Z,_Z,_Z,0.01,A,,,,,,
AFW360_HH,SEN,SN10,2021,CONS_SH,_Z,_Z,_T,_T,_T,_T,_T,_T,COICOP_CP11,_Z,_Z,_Z,_Z,0.07,A,,,,,,
AFW360_HH,SEN,SN10,2021,CONS_SH,_Z,_Z,_T,_T,_T,_T,_T,_T,COICOP_CP12,_Z,_Z,_Z,_Z,0,A,,,,,,
AFW360_HH,SEN,SN10,2021,CONS_SH,_Z,_Z,_T,_T,_T,_T,_T,_T,COICOP_CP13,_Z,_Z,_Z,_Z,0.03,A,,,,,,
AFW360_HH,SEN,SN10,2021,EN_ASSET_AC,_Z,_Z,_T,_T,_T,_T,_T,_T,_Z,_Z,_Z,_Z,_Z,0.07,A,,,,,,
AFW360_HH,SEN,SN10,2021,EN_ASSET_COOKER,_Z,_Z,_T,_T,_T,_T,_T,_T,_Z,_Z,_Z,_Z,_Z,0.02,A,,,,,,
AFW360_HH,SEN,SN10,2021,EN_ASSET_FAN,_Z,_Z,_T,_T,_T,_T,_T,_T,_Z,_Z,_Z,_Z,_Z,0.07,A,,,,,,
AFW360_HH,SEN,SN10,2021,EN_ASSET_WATER_HEATER,_Z,_Z,_T,_T,_T,_T,_T,_T,_Z,_Z,_Z,_Z,_Z,0.03,A,,,,,,
AFW360_HH,SEN,SN10,2021,EN_COOK_BIOMASS,_Z,_Z,_T,_T,_T,_T,_T,_T,_Z,_Z,_Z,_Z,_Z,0.11,A,,,,,,
AFW360_HH,SEN,SN10,2021,EN_COOK_CLEAN,_Z,_Z,_T,_T,_T,_T,_T,_T,_Z,_Z,_Z,_Z,_Z,0.8,A,,,,,,LEGACY_SUSPECT: Implausible pattern: higher in Rural and Q1 than in Capital and Q4.
AFW360_HH,SEN,SN10,2021,EN_ELEC_ACCESS,_Z,_Z,_T,_T,_T,_T,_T,_T,_Z,_Z,_Z,_Z,_Z,0.65,A,,,,,,
AFW360_HH,SEN,SN10,2021,EN_ELEC_INFORMAL,_Z,_Z,_T,_T,_T,_T,_T,_T,_Z,_Z,_Z,_Z,_Z,0,A,,,,,,
AFW360_HH,SEN,SN10,2021,EN_ELEC_SPEND,_Z,_Z,_T,_T,_T,_T,_T,_T,_Z,_Z,_Z,_Z,_Z,28258.73,A,,,,,,
AFW360_HH,SEN,SN10,2021,EN_GRID_CONN,_Z,_Z,_T,_T,_T,_T,_T,_T,_Z,_Z,_Z,_Z,_Z,1,A,,,,,,"LEGACY_SUSPECT: Implausible: 0.96-1.00 in every cell, including Q1 and Rural."
AFW360_HH,SEN,SN10,2021,EN_GRID_USE,_Z,_Z,_T,_T,_T,_T,_T,_T,_Z,_Z,_Z,_Z,_Z,0.67,A,,,,,,
AFW360_HH,SEN,SN10,2021,EN_LIGHT_IMPROVED,_Z,_Z,_T,_T,_T,_T,_T,_T,_Z,_Z,_Z,_Z,_Z,0.94,A,,,,,,
AFW360_HH,SEN,SN10,2021,EN_OFFGRID_USE,_Z,_Z,_T,_T,_T,_T,_T,_T,_Z,_Z,_Z,_Z,_Z,0.13,A,,,,,,
AFW360_HH,SEN,SN10,2021,EN_OUTAGE_ANY,_Z,_Z,_T,_T,_T,_T,_T,_T,_Z,_Z,_Z,_Z,_Z,0.25,A,,,,,,
AFW360_HH,SEN,SN10,2021,EN_OUTAGE_DAYS,_Z,_Z,_T,_T,_T,_T,_T,_T,_Z,_Z,_Z,_Z,_Z,1.5,A,,,,,,
AFW360_HH,SEN,SN10,2021,EN_OUTAGE_DUR_CODE,_Z,_Z,_T,_T,_T,_T,_T,_T,_Z,_Z,_Z,_Z,_Z,3.09,A,,,,,,
AFW360_HH,SEN,SN10,2021,EN_PREPAID_METER,_Z,_Z,_T,_T,_T,_T,_T,_T,_Z,_Z,_Z,_Z,_Z,0.49,A,,,,,,
AFW360_HH,SEN,SN10,2021,HE_ACCOUNTS,_Z,_Z,_T,_T,_T,_T,_T,_T,_Z,_Z,_Z,_Z,_Z,0.1,A,,,,,,
AFW360_HH,SEN,SN10,2021,HE_AGE,_Z,_Z,_T,_T,_T,_T,_T,_T,_Z,_Z,_Z,_Z,_Z,4.33,A,,,,,,
AFW360_HH,SEN,SN10,2021,HE_BUY_FIRMS,_Z,_Z,_T,_T,_T,_T,_T,_T,_Z,_Z,_Z,_Z,_Z,0.27,A,,,,,,
AFW360_HH,SEN,SN10,2021,HE_CAPITAL,_Z,_Z,_T,_T,_T,_T,_T,_T,_Z,_Z,_Z,_Z,_Z,1698070.3400000001,A,,,,,,
AFW360_HH,SEN,SN10,2021,HE_COSTS,_Z,_Z,_T,_T,_T,_T,_T,_T,_Z,_Z,_Z,_Z,_Z,46995.13,A,,,,,,
AFW360_HH,SEN,SN10,2021,HE_CREDIT_ANY,_Z,_Z,_T,_T,_T,_T,_T,_T,_Z,_Z,_Z,_Z,_Z,0.25,A,,,,,,
AFW360_HH,SEN,SN10,2021,HE_CREDIT_FORMAL,_Z,_Z,_T,_T,_T,_T,_T,_T,_Z,_Z,_Z,_Z,_Z,0,A,,,,,,
AFW360_HH,SEN,SN10,2021,HE_CREDIT_INFORMAL,_Z,_Z,_T,_T,_T,_T,_T,_T,_Z,_Z,_Z,_Z,_Z,0.25,A,,,,,,
AFW360_HH,SEN,SN10,2021,HE_ELEC,_Z,_Z,_T,_T,_T,_T,_T,_T,_Z,_Z,_Z,_Z,_Z,1,A,,,,,,
AFW360_HH,SEN,SN10,2021,HE_EMP_EXT_ANY,_Z,_Z,_T,_T,_T,_T,_T,_T,_Z,_Z,_Z,_Z,_Z,1,A,,,,,,LEGACY_SUSPECT: Implausible: share 0.96 while mean non-HH employees is 0.54.
AFW360_HH,SEN,SN10,2021,HE_EMP_HH_NUM,_Z,_Z,_T,_T,_T,_T,_T,_T,_Z,_Z,_Z,_Z,_Z,0.16,A,,,,,,
AFW360_HH,SEN,SN10,2021,HE_EMP_NONHH_NUM,_Z,_Z,_T,_T,_T,_T,_T,_T,_Z,_Z,_Z,_Z,_Z,0.51,A,,,,,,
AFW360_HH,SEN,SN10,2021,HE_EMP_NUM,_Z,_Z,_T,_T,_T,_T,_T,_T,_Z,_Z,_Z,_Z,_Z,1,A,,,,,,
AFW360_HH,SEN,SN10,2021,HE_HH_OWNER,_Z,_Z,_T,_T,_T,_T,_T,_T,_Z,_Z,_Z,_Z,_Z,0.56,A,,,,,,
AFW360_HH,SEN,SN10,2021,HE_HOME_BASED,_Z,_Z,_T,_T,_T,_T,_T,_T,_Z,_Z,_Z,_Z,_Z,0.28,A,,,,,,
AFW360_HH,SEN,SN10,2021,HE_PHONE,_Z,_Z,_T,_T,_T,_T,_T,_T,_Z,_Z,_Z,_Z,_Z,1,A,,,,,,
AFW360_HH,SEN,SN10,2021,HE_PREMISES_FORMAL,_Z,_Z,_T,_T,_T,_T,_T,_T,_Z,_Z,_Z,_Z,_Z,0.15,A,,,,,,
AFW360_HH,SEN,SN10,2021,HE_PROFIT,_Z,_Z,_T,_T,_T,_T,_T,_T,_Z,_Z,_Z,_Z,_Z,50459.47,A,,,,,,
AFW360_HH,SEN,SN10,2021,HE_RENT,_Z,_Z,_T,_T,_T,_T,_T,_T,_Z,_Z,_Z,_Z,_Z,1,A,,,,,,
AFW360_HH,SEN,SN10,2021,HE_REV_PER_WORKER,_Z,_Z,_T,_T,_T,_T,_T,_T,_Z,_Z,_Z,_Z,_Z,410142.6,A,,,,,,
AFW360_HH,SEN,SN10,2021,HE_SELL_FIRMS,_Z,_Z,_T,_T,_T,_T,_T,_T,_Z,_Z,_Z,_Z,_Z,0,A,,,,,,
AFW360_HH,SEN,SN10,2021,HE_TAX_ID,_Z,_Z,_T,_T,_T,_T,_T,_T,_Z,_Z,_Z,_Z,_Z,0.13,A,,,,,,
AFW360_HH,SEN,SN10,2021,HE_WATER,_Z,_Z,_T,_T,_T,_T,_T,_T,_Z,_Z,_Z,_Z,_Z,0.23,A,,,,,,
AFW360_HH,SEN,SN10,2021,HOUS_FLOOR_DURABLE,_Z,_Z,_T,_T,_T,_T,_T,_T,_Z,_Z,_Z,_Z,_Z,0.73,A,,,,,,
AFW360_HH,SEN,SN10,2021,HOUS_ROOF_DURABLE,_Z,_Z,_T,_T,_T,_T,_T,_T,_Z,_Z,_Z,_Z,_Z,0.85,A,,,,,,
AFW360_HH,SEN,SN10,2021,HOUS_SANIT_IMPROVED,_Z,_Z,_T,_T,_T,_T,_T,_T,_Z,_Z,_Z,_Z,_Z,0.51,A,,,,,,
AFW360_HH,SEN,SN10,2021,HOUS_WALL_DURABLE,_Z,_Z,_T,_T,_T,_T,_T,_T,_Z,_Z,_Z,_Z,_Z,0.91,A,,,,,,
AFW360_HH,SEN,SN10,2021,HOUS_WATER_SAFE_DRY,_Z,_Z,_T,_T,_T,_T,_T,_T,_Z,_Z,_Z,_Z,_Z,0.9,A,,,,,,
AFW360_HH,SEN,SN10,2021,POP_HE_SH,_Z,_Z,_T,HEO_MSTAT_MARRIED,_T,_T,_T,_T,_Z,_Z,_Z,_Z,_Z,0.73,A,,,,,,
AFW360_HH,SEN,SN10,2021,POP_HE_SH,_Z,_Z,_T,HEO_SEX_F,_T,_T,_T,_T,_Z,_Z,_Z,_Z,_Z,0.75,A,,,,,,
AFW360_HH,SEN,SN10,2021,POP_HH_SH,_Z,_Z,_T,HE_COUNT_0,_T,_T,_T,_T,_Z,_Z,_Z,_Z,_Z,0.65,A,,,,,,
AFW360_HH,SEN,SN10,2021,POP_HH_SH,_Z,_Z,_T,HE_COUNT_1,_T,_T,_T,_T,_Z,_Z,_Z,_Z,_Z,0.35,A,,,,,,
AFW360_HH,SEN,SN10,2021,POP_HH_SH,_Z,_Z,_T,HE_COUNT_2,_T,_T,_T,_T,_Z,_Z,_Z,_Z,_Z,0,A,,,,,,
AFW360_HH,SEN,SN10,2021,POP_HH_SH,_Z,_Z,_T,HE_COUNT_3,_T,_T,_T,_T,_Z,_Z,_Z,_Z,_Z,0,A,,,,,,
AFW360_HH,SEN,SN10,2021,POP_HH_SH,_Z,_Z,_T,HE_COUNT_4P,_T,_T,_T,_T,_Z,_Z,_Z,_Z,_Z,0,A,,,,,,
AFW360_HH,SEN,SN10,2021,POP_SH,_T,_T,_T,EMP_FORMAL_N,_T,_T,_T,_T,_Z,_Z,_Z,_Z,_Z,0.71,A,,,,,,
AFW360_HH,SEN,SN10,2021,POP_SH,_T,_T,_T,EMP_ISIC_G,_T,_T,_T,_T,_Z,_Z,_Z,_Z,_Z,0.18,A,,,,,,
AFW360_HH,SEN,SN10,2021,POP_SH,_T,_T,_T,EMP_ISIC_H,_T,_T,_T,_T,_Z,_Z,_Z,_Z,_Z,0.04,A,,,,,,
AFW360_HH,SEN,SN10,2021,POP_SH,_T,_T,_T,EMP_SECTOR_AGR,_T,_T,_T,_T,_Z,_Z,_Z,_Z,_Z,0.43,A,,,,,,
AFW360_HH,SEN,SN10,2021,POP_SH,_T,_T,_T,EMP_SECTOR_IND,_T,_T,_T,_T,_Z,_Z,_Z,_Z,_Z,0.2,A,,,,,,
AFW360_HH,SEN,SN10,2021,POP_SH,_T,_T,_T,EMP_SECTOR_SER,_T,_T,_T,_T,_Z,_Z,_Z,_Z,_Z,0.36,A,,,,,,
AFW360_HH,SEN,SN10,2021,POP_SH,_T,_T,_T,EMP_STATUS_EMPLOYED,_T,_T,_T,_T,_Z,_Z,_Z,_Z,_Z,0.54,A,,,,,,
AFW360_HH,SEN,SN10,2021,POP_SH,_T,_T,_T,EMP_TYPE_NONWAGE,_T,_T,_T,_T,_Z,_Z,_Z,_Z,_Z,0.71,A,,,,,,
AFW360_HH,SEN,SN10,2021,POP_SH,_T,_T,_T,EMP_TYPE_WAGE,_T,_T,_T,_T,_Z,_Z,_Z,_Z,_Z,0.29,A,,,,,,
AFW360_HH,SEN,SN10,2021,POV_HC,_T,_T,_T,_T,_T,_T,_T,_T,POVLINE_PL300,PPP_2021,_Z,_Z,_Z,0.17,A,,,,,,
AFW360_HH,SEN,SN10,2021,POV_HC,_T,_T,_T,_T,_T,_T,_T,_T,POVLINE_PL420,PPP_2021,_Z,_Z,_Z,0.39,A,,,,,,
AFW360_HH,SEN,SN10,2021,POV_NUM,_T,_T,_T,_T,_T,_T,_T,_T,POVLINE_PL300,PPP_2021,_Z,_Z,_Z,200000,A,,,,,,
AFW360_HH,SEN,SN10,2021,POV_NUM,_T,_T,_T,_T,_T,_T,_T,_T,POVLINE_PL420,PPP_2021,_Z,_Z,_Z,440000,A,,,,,,
AFW360_HH,SEN,SN10,2021,SHK_ANY,_Z,_Z,_T,_T,_T,_T,_T,_T,_Z,_Z,_Z,_Z,_Z,0.82,A,,,,,,
AFW360_HH,SEN,SN10,2021,SHK_COV_CONFLICT,_Z,_Z,_T,_T,_T,_T,_T,_T,_Z,_Z,_Z,_Z,_Z,0.03,A,,,,,,
AFW360_HH,SEN,SN10,2021,SHK_COV_ECON,_Z,_Z,_T,_T,_T,_T,_T,_T,_Z,_Z,_Z,_Z,_Z,0.62,A,,,,,,
AFW360_HH,SEN,SN10,2021,SHK_COV_NATURAL,_Z,_Z,_T,_T,_T,_T,_T,_T,_Z,_Z,_Z,_Z,_Z,0.41,A,,,,,,
AFW360_HH,SEN,SN10,2021,SHK_IDIO_ECON,_Z,_Z,_T,_T,_T,_T,_T,_T,_Z,_Z,_Z,_Z,_Z,0.2,A,,,,,,
AFW360_HH,SEN,SN10,2021,SP_HEALTH_COV,_T,_T,_T,_T,_T,_T,_T,_T,_Z,_Z,_Z,_Z,_Z,0.02,A,,,,,,
AFW360_HH,SEN,SN10,2021,SP_HEALTH_COV_HH,_Z,_Z,_T,_T,_T,_T,_T,_T,_Z,_Z,_Z,_Z,_Z,0.05,A,,,,,,
AFW360_HH,SEN,SN11,2021,AGR_CULTIVATES,_Z,_Z,_T,_T,_T,_T,_T,_T,_Z,_Z,_Z,_Z,_Z,0.76,A,,,,,,
AFW360_HH,SEN,SN11,2021,AGR_CULT_AREA,_Z,_Z,_T,_T,_T,_T,_T,_T,_Z,_Z,_Z,_Z,_Z,3.14,A,,,,,,
AFW360_HH,SEN,SN11,2021,AGR_LIVESTOCK_ANY,_Z,_Z,_T,_T,_T,_T,_T,_T,_Z,_Z,_Z,_Z,_Z,0.53,A,,,,,,
AFW360_HH,SEN,SN11,2021,AGR_TLU,_Z,_Z,_T,_T,_T,_T,_T,_T,_Z,_Z,_Z,_Z,_Z,2.69,A,,,,,,
AFW360_HH,SEN,SN11,2021,CONS_SH,_Z,_Z,_T,_T,_T,_T,_T,_T,COICOP_CP01,ACQ_OWNPROD,_Z,_Z,_Z,0.11,A,,,,,,
AFW360_HH,SEN,SN11,2021,CONS_SH,_Z,_Z,_T,_T,_T,_T,_T,_T,COICOP_CP01,ACQ_PURCH,_Z,_Z,_Z,0.38,A,,,,,,
AFW360_HH,SEN,SN11,2021,CONS_SH,_Z,_Z,_T,_T,_T,_T,_T,_T,COICOP_CP01,_Z,_Z,_Z,_Z,0.5,A,,,,,,
AFW360_HH,SEN,SN11,2021,CONS_SH,_Z,_Z,_T,_T,_T,_T,_T,_T,COICOP_CP02,_Z,_Z,_Z,_Z,0,A,,,,,,
AFW360_HH,SEN,SN11,2021,CONS_SH,_Z,_Z,_T,_T,_T,_T,_T,_T,COICOP_CP03,_Z,_Z,_Z,_Z,0.05,A,,,,,,
AFW360_HH,SEN,SN11,2021,CONS_SH,_Z,_Z,_T,_T,_T,_T,_T,_T,COICOP_CP04,_Z,_Z,_Z,_Z,0.16,A,,,,,,
AFW360_HH,SEN,SN11,2021,CONS_SH,_Z,_Z,_T,_T,_T,_T,_T,_T,COICOP_CP05,_Z,_Z,_Z,_Z,0.04,A,,,,,,
AFW360_HH,SEN,SN11,2021,CONS_SH,_Z,_Z,_T,_T,_T,_T,_T,_T,COICOP_CP06,_Z,_Z,_Z,_Z,0.02,A,,,,,,
AFW360_HH,SEN,SN11,2021,CONS_SH,_Z,_Z,_T,_T,_T,_T,_T,_T,COICOP_CP07,_Z,_Z,_Z,_Z,0.04,A,,,,,,
AFW360_HH,SEN,SN11,2021,CONS_SH,_Z,_Z,_T,_T,_T,_T,_T,_T,COICOP_CP08,_Z,_Z,_Z,_Z,0.06,A,,,,,,
AFW360_HH,SEN,SN11,2021,CONS_SH,_Z,_Z,_T,_T,_T,_T,_T,_T,COICOP_CP09,_Z,_Z,_Z,_Z,0,A,,,,,,
AFW360_HH,SEN,SN11,2021,CONS_SH,_Z,_Z,_T,_T,_T,_T,_T,_T,COICOP_CP10,_Z,_Z,_Z,_Z,0.01,A,,,,,,
AFW360_HH,SEN,SN11,2021,CONS_SH,_Z,_Z,_T,_T,_T,_T,_T,_T,COICOP_CP11,_Z,_Z,_Z,_Z,0.07,A,,,,,,
AFW360_HH,SEN,SN11,2021,CONS_SH,_Z,_Z,_T,_T,_T,_T,_T,_T,COICOP_CP12,_Z,_Z,_Z,_Z,0,A,,,,,,
AFW360_HH,SEN,SN11,2021,CONS_SH,_Z,_Z,_T,_T,_T,_T,_T,_T,COICOP_CP13,_Z,_Z,_Z,_Z,0.02,A,,,,,,
AFW360_HH,SEN,SN11,2021,EN_ASSET_AC,_Z,_Z,_T,_T,_T,_T,_T,_T,_Z,_Z,_Z,_Z,_Z,0.03,A,,,,,,
AFW360_HH,SEN,SN11,2021,EN_ASSET_COOKER,_Z,_Z,_T,_T,_T,_T,_T,_T,_Z,_Z,_Z,_Z,_Z,0,A,,,,,,
AFW360_HH,SEN,SN11,2021,EN_ASSET_FAN,_Z,_Z,_T,_T,_T,_T,_T,_T,_Z,_Z,_Z,_Z,_Z,0,A,,,,,,
AFW360_HH,SEN,SN11,2021,EN_ASSET_WATER_HEATER,_Z,_Z,_T,_T,_T,_T,_T,_T,_Z,_Z,_Z,_Z,_Z,0,A,,,,,,
AFW360_HH,SEN,SN11,2021,EN_COOK_BIOMASS,_Z,_Z,_T,_T,_T,_T,_T,_T,_Z,_Z,_Z,_Z,_Z,0.23,A,,,,,,
AFW360_HH,SEN,SN11,2021,EN_COOK_CLEAN,_Z,_Z,_T,_T,_T,_T,_T,_T,_Z,_Z,_Z,_Z,_Z,0.77,A,,,,,,LEGACY_SUSPECT: Implausible pattern: higher in Rural and Q1 than in Capital and Q4.
AFW360_HH,SEN,SN11,2021,EN_ELEC_ACCESS,_Z,_Z,_T,_T,_T,_T,_T,_T,_Z,_Z,_Z,_Z,_Z,0.38,A,,,,,,
AFW360_HH,SEN,SN11,2021,EN_ELEC_INFORMAL,_Z,_Z,_T,_T,_T,_T,_T,_T,_Z,_Z,_Z,_Z,_Z,0.01,A,,,,,,
AFW360_HH,SEN,SN11,2021,EN_ELEC_SPEND,_Z,_Z,_T,_T,_T,_T,_T,_T,_Z,_Z,_Z,_Z,_Z,13200.22,A,,,,,,
AFW360_HH,SEN,SN11,2021,EN_GRID_CONN,_Z,_Z,_T,_T,_T,_T,_T,_T,_Z,_Z,_Z,_Z,_Z,0.99,A,,,,,,"LEGACY_SUSPECT: Implausible: 0.96-1.00 in every cell, including Q1 and Rural."
AFW360_HH,SEN,SN11,2021,EN_GRID_USE,_Z,_Z,_T,_T,_T,_T,_T,_T,_Z,_Z,_Z,_Z,_Z,0.39,A,,,,,,
AFW360_HH,SEN,SN11,2021,EN_LIGHT_IMPROVED,_Z,_Z,_T,_T,_T,_T,_T,_T,_Z,_Z,_Z,_Z,_Z,0.93,A,,,,,,
AFW360_HH,SEN,SN11,2021,EN_OFFGRID_USE,_Z,_Z,_T,_T,_T,_T,_T,_T,_Z,_Z,_Z,_Z,_Z,0.4,A,,,,,,
AFW360_HH,SEN,SN11,2021,EN_OUTAGE_ANY,_Z,_Z,_T,_T,_T,_T,_T,_T,_Z,_Z,_Z,_Z,_Z,0.33,A,,,,,,
AFW360_HH,SEN,SN11,2021,EN_OUTAGE_DAYS,_Z,_Z,_T,_T,_T,_T,_T,_T,_Z,_Z,_Z,_Z,_Z,1.93,A,,,,,,
AFW360_HH,SEN,SN11,2021,EN_OUTAGE_DUR_CODE,_Z,_Z,_T,_T,_T,_T,_T,_T,_Z,_Z,_Z,_Z,_Z,1.94,A,,,,,,
AFW360_HH,SEN,SN11,2021,EN_PREPAID_METER,_Z,_Z,_T,_T,_T,_T,_T,_T,_Z,_Z,_Z,_Z,_Z,0.39,A,,,,,,
AFW360_HH,SEN,SN11,2021,HE_ACCOUNTS,_Z,_Z,_T,_T,_T,_T,_T,_T,_Z,_Z,_Z,_Z,_Z,0,A,,,,,,
AFW360_HH,SEN,SN11,2021,HE_AGE,_Z,_Z,_T,_T,_T,_T,_T,_T,_Z,_Z,_Z,_Z,_Z,7.37,A,,,,,,
AFW360_HH,SEN,SN11,2021,HE_BUY_FIRMS,_Z,_Z,_T,_T,_T,_T,_T,_T,_Z,_Z,_Z,_Z,_Z,0.29,A,,,,,,
AFW360_HH,SEN,SN11,2021,HE_CAPITAL,_Z,_Z,_T,_T,_T,_T,_T,_T,_Z,_Z,_Z,_Z,_Z,118585.58,A,,,,,,
AFW360_HH,SEN,SN11,2021,HE_COSTS,_Z,_Z,_T,_T,_T,_T,_T,_T,_Z,_Z,_Z,_Z,_Z,29567.93,A,,,,,,
AFW360_HH,SEN,SN11,2021,HE_CREDIT_ANY,_Z,_Z,_T,_T,_T,_T,_T,_T,_Z,_Z,_Z,_Z,_Z,0.22,A,,,,,,
AFW360_HH,SEN,SN11,2021,HE_CREDIT_FORMAL,_Z,_Z,_T,_T,_T,_T,_T,_T,_Z,_Z,_Z,_Z,_Z,0,A,,,,,,
AFW360_HH,SEN,SN11,2021,HE_CREDIT_INFORMAL,_Z,_Z,_T,_T,_T,_T,_T,_T,_Z,_Z,_Z,_Z,_Z,0.22,A,,,,,,
AFW360_HH,SEN,SN11,2021,HE_ELEC,_Z,_Z,_T,_T,_T,_T,_T,_T,_Z,_Z,_Z,_Z,_Z,1,A,,,,,,
AFW360_HH,SEN,SN11,2021,HE_EMP_EXT_ANY,_Z,_Z,_T,_T,_T,_T,_T,_T,_Z,_Z,_Z,_Z,_Z,1,A,,,,,,LEGACY_SUSPECT: Implausible: share 0.96 while mean non-HH employees is 0.54.
AFW360_HH,SEN,SN11,2021,HE_EMP_HH_NUM,_Z,_Z,_T,_T,_T,_T,_T,_T,_Z,_Z,_Z,_Z,_Z,0.16,A,,,,,,
AFW360_HH,SEN,SN11,2021,HE_EMP_NONHH_NUM,_Z,_Z,_T,_T,_T,_T,_T,_T,_Z,_Z,_Z,_Z,_Z,0.41,A,,,,,,
AFW360_HH,SEN,SN11,2021,HE_EMP_NUM,_Z,_Z,_T,_T,_T,_T,_T,_T,_Z,_Z,_Z,_Z,_Z,1.01,A,,,,,,
AFW360_HH,SEN,SN11,2021,HE_HH_OWNER,_Z,_Z,_T,_T,_T,_T,_T,_T,_Z,_Z,_Z,_Z,_Z,0.42,A,,,,,,
AFW360_HH,SEN,SN11,2021,HE_HOME_BASED,_Z,_Z,_T,_T,_T,_T,_T,_T,_Z,_Z,_Z,_Z,_Z,0.59,A,,,,,,
AFW360_HH,SEN,SN11,2021,HE_PHONE,_Z,_Z,_T,_T,_T,_T,_T,_T,_Z,_Z,_Z,_Z,_Z,1,A,,,,,,
AFW360_HH,SEN,SN11,2021,HE_PREMISES_FORMAL,_Z,_Z,_T,_T,_T,_T,_T,_T,_Z,_Z,_Z,_Z,_Z,0.13,A,,,,,,
AFW360_HH,SEN,SN11,2021,HE_PROFIT,_Z,_Z,_T,_T,_T,_T,_T,_T,_Z,_Z,_Z,_Z,_Z,24233.38,A,,,,,,
AFW360_HH,SEN,SN11,2021,HE_RENT,_Z,_Z,_T,_T,_T,_T,_T,_T,_Z,_Z,_Z,_Z,_Z,1,A,,,,,,
AFW360_HH,SEN,SN11,2021,HE_REV_PER_WORKER,_Z,_Z,_T,_T,_T,_T,_T,_T,_Z,_Z,_Z,_Z,_Z,641480.5,A,,,,,,
AFW360_HH,SEN,SN11,2021,HE_SELL_FIRMS,_Z,_Z,_T,_T,_T,_T,_T,_T,_Z,_Z,_Z,_Z,_Z,0.1,A,,,,,,
AFW360_HH,SEN,SN11,2021,HE_TAX_ID,_Z,_Z,_T,_T,_T,_T,_T,_T,_Z,_Z,_Z,_Z,_Z,0.05,A,,,,,,
AFW360_HH,SEN,SN11,2021,HE_WATER,_Z,_Z,_T,_T,_T,_T,_T,_T,_Z,_Z,_Z,_Z,_Z,0.19,A,,,,,,
AFW360_HH,SEN,SN11,2021,HOUS_FLOOR_DURABLE,_Z,_Z,_T,_T,_T,_T,_T,_T,_Z,_Z,_Z,_Z,_Z,0.64,A,,,,,,
AFW360_HH,SEN,SN11,2021,HOUS_ROOF_DURABLE,_Z,_Z,_T,_T,_T,_T,_T,_T,_Z,_Z,_Z,_Z,_Z,0.97,A,,,,,,
AFW360_HH,SEN,SN11,2021,HOUS_SANIT_IMPROVED,_Z,_Z,_T,_T,_T,_T,_T,_T,_Z,_Z,_Z,_Z,_Z,0.2,A,,,,,,
AFW360_HH,SEN,SN11,2021,HOUS_WALL_DURABLE,_Z,_Z,_T,_T,_T,_T,_T,_T,_Z,_Z,_Z,_Z,_Z,0.89,A,,,,,,
AFW360_HH,SEN,SN11,2021,HOUS_WATER_SAFE_DRY,_Z,_Z,_T,_T,_T,_T,_T,_T,_Z,_Z,_Z,_Z,_Z,0.39,A,,,,,,
AFW360_HH,SEN,SN11,2021,POP_HE_SH,_Z,_Z,_T,HEO_MSTAT_MARRIED,_T,_T,_T,_T,_Z,_Z,_Z,_Z,_Z,0.71,A,,,,,,
AFW360_HH,SEN,SN11,2021,POP_HE_SH,_Z,_Z,_T,HEO_SEX_F,_T,_T,_T,_T,_Z,_Z,_Z,_Z,_Z,0.72,A,,,,,,
AFW360_HH,SEN,SN11,2021,POP_HH_SH,_Z,_Z,_T,HE_COUNT_0,_T,_T,_T,_T,_Z,_Z,_Z,_Z,_Z,0.2,A,,,,,,
AFW360_HH,SEN,SN11,2021,POP_HH_SH,_Z,_Z,_T,HE_COUNT_1,_T,_T,_T,_T,_Z,_Z,_Z,_Z,_Z,0.71,A,,,,,,
AFW360_HH,SEN,SN11,2021,POP_HH_SH,_Z,_Z,_T,HE_COUNT_2,_T,_T,_T,_T,_Z,_Z,_Z,_Z,_Z,0.08,A,,,,,,
AFW360_HH,SEN,SN11,2021,POP_HH_SH,_Z,_Z,_T,HE_COUNT_3,_T,_T,_T,_T,_Z,_Z,_Z,_Z,_Z,0.01,A,,,,,,
AFW360_HH,SEN,SN11,2021,POP_HH_SH,_Z,_Z,_T,HE_COUNT_4P,_T,_T,_T,_T,_Z,_Z,_Z,_Z,_Z,0,A,,,,,,
AFW360_HH,SEN,SN11,2021,POP_SH,_T,_T,_T,EMP_FORMAL_N,_T,_T,_T,_T,_Z,_Z,_Z,_Z,_Z,0.83,A,,,,,,
AFW360_HH,SEN,SN11,2021,POP_SH,_T,_T,_T,EMP_ISIC_G,_T,_T,_T,_T,_Z,_Z,_Z,_Z,_Z,0.11,A,,,,,,
AFW360_HH,SEN,SN11,2021,POP_SH,_T,_T,_T,EMP_ISIC_H,_T,_T,_T,_T,_Z,_Z,_Z,_Z,_Z,0.04,A,,,,,,
AFW360_HH,SEN,SN11,2021,POP_SH,_T,_T,_T,EMP_SECTOR_AGR,_T,_T,_T,_T,_Z,_Z,_Z,_Z,_Z,0.66,A,,,,,,
AFW360_HH,SEN,SN11,2021,POP_SH,_T,_T,_T,EMP_SECTOR_IND,_T,_T,_T,_T,_Z,_Z,_Z,_Z,_Z,0.14,A,,,,,,
AFW360_HH,SEN,SN11,2021,POP_SH,_T,_T,_T,EMP_SECTOR_SER,_T,_T,_T,_T,_Z,_Z,_Z,_Z,_Z,0.21,A,,,,,,
AFW360_HH,SEN,SN11,2021,POP_SH,_T,_T,_T,EMP_STATUS_EMPLOYED,_T,_T,_T,_T,_Z,_Z,_Z,_Z,_Z,0.65,A,,,,,,
AFW360_HH,SEN,SN11,2021,POP_SH,_T,_T,_T,EMP_TYPE_NONWAGE,_T,_T,_T,_T,_Z,_Z,_Z,_Z,_Z,0.88,A,,,,,,
AFW360_HH,SEN,SN11,2021,POP_SH,_T,_T,_T,EMP_TYPE_WAGE,_T,_T,_T,_T,_Z,_Z,_Z,_Z,_Z,0.12,A,,,,,,
AFW360_HH,SEN,SN11,2021,POV_HC,_T,_T,_T,_T,_T,_T,_T,_T,POVLINE_PL300,PPP_2021,_Z,_Z,_Z,0.4,A,,,,,,
AFW360_HH,SEN,SN11,2021,POV_HC,_T,_T,_T,_T,_T,_T,_T,_T,POVLINE_PL420,PPP_2021,_Z,_Z,_Z,0.71,A,,,,,,
AFW360_HH,SEN,SN11,2021,POV_NUM,_T,_T,_T,_T,_T,_T,_T,_T,POVLINE_PL300,PPP_2021,_Z,_Z,_Z,240000,A,,,,,,
AFW360_HH,SEN,SN11,2021,POV_NUM,_T,_T,_T,_T,_T,_T,_T,_T,POVLINE_PL420,PPP_2021,_Z,_Z,_Z,430000,A,,,,,,
AFW360_HH,SEN,SN11,2021,SHK_ANY,_Z,_Z,_T,_T,_T,_T,_T,_T,_Z,_Z,_Z,_Z,_Z,0.62,A,,,,,,
AFW360_HH,SEN,SN11,2021,SHK_COV_CONFLICT,_Z,_Z,_T,_T,_T,_T,_T,_T,_Z,_Z,_Z,_Z,_Z,0,A,,,,,,
AFW360_HH,SEN,SN11,2021,SHK_COV_ECON,_Z,_Z,_T,_T,_T,_T,_T,_T,_Z,_Z,_Z,_Z,_Z,0.36,A,,,,,,
AFW360_HH,SEN,SN11,2021,SHK_COV_NATURAL,_Z,_Z,_T,_T,_T,_T,_T,_T,_Z,_Z,_Z,_Z,_Z,0.2,A,,,,,,
AFW360_HH,SEN,SN11,2021,SHK_IDIO_ECON,_Z,_Z,_T,_T,_T,_T,_T,_T,_Z,_Z,_Z,_Z,_Z,0.13,A,,,,,,
AFW360_HH,SEN,SN11,2021,SP_HEALTH_COV,_T,_T,_T,_T,_T,_T,_T,_T,_Z,_Z,_Z,_Z,_Z,0,A,,,,,,
AFW360_HH,SEN,SN11,2021,SP_HEALTH_COV_HH,_Z,_Z,_T,_T,_T,_T,_T,_T,_Z,_Z,_Z,_Z,_Z,0.01,A,,,,,,
AFW360_HH,SEN,SN12,2021,AGR_CULTIVATES,_Z,_Z,_T,_T,_T,_T,_T,_T,_Z,_Z,_Z,_Z,_Z,0.75,A,,,,,,
AFW360_HH,SEN,SN12,2021,AGR_CULT_AREA,_Z,_Z,_T,_T,_T,_T,_T,_T,_Z,_Z,_Z,_Z,_Z,4.55,A,,,,,,
AFW360_HH,SEN,SN12,2021,AGR_LIVESTOCK_ANY,_Z,_Z,_T,_T,_T,_T,_T,_T,_Z,_Z,_Z,_Z,_Z,0.72,A,,,,,,
AFW360_HH,SEN,SN12,2021,AGR_TLU,_Z,_Z,_T,_T,_T,_T,_T,_T,_Z,_Z,_Z,_Z,_Z,6.09,A,,,,,,
AFW360_HH,SEN,SN12,2021,CONS_SH,_Z,_Z,_T,_T,_T,_T,_T,_T,COICOP_CP01,ACQ_OWNPROD,_Z,_Z,_Z,0.1,A,,,,,,
AFW360_HH,SEN,SN12,2021,CONS_SH,_Z,_Z,_T,_T,_T,_T,_T,_T,COICOP_CP01,ACQ_PURCH,_Z,_Z,_Z,0.37,A,,,,,,
AFW360_HH,SEN,SN12,2021,CONS_SH,_Z,_Z,_T,_T,_T,_T,_T,_T,COICOP_CP01,_Z,_Z,_Z,_Z,0.5,A,,,,,,
AFW360_HH,SEN,SN12,2021,CONS_SH,_Z,_Z,_T,_T,_T,_T,_T,_T,COICOP_CP02,_Z,_Z,_Z,_Z,0,A,,,,,,
AFW360_HH,SEN,SN12,2021,CONS_SH,_Z,_Z,_T,_T,_T,_T,_T,_T,COICOP_CP03,_Z,_Z,_Z,_Z,0.06,A,,,,,,
AFW360_HH,SEN,SN12,2021,CONS_SH,_Z,_Z,_T,_T,_T,_T,_T,_T,COICOP_CP04,_Z,_Z,_Z,_Z,0.16,A,,,,,,
AFW360_HH,SEN,SN12,2021,CONS_SH,_Z,_Z,_T,_T,_T,_T,_T,_T,COICOP_CP05,_Z,_Z,_Z,_Z,0.03,A,,,,,,
AFW360_HH,SEN,SN12,2021,CONS_SH,_Z,_Z,_T,_T,_T,_T,_T,_T,COICOP_CP06,_Z,_Z,_Z,_Z,0.03,A,,,,,,
AFW360_HH,SEN,SN12,2021,CONS_SH,_Z,_Z,_T,_T,_T,_T,_T,_T,COICOP_CP07,_Z,_Z,_Z,_Z,0.03,A,,,,,,
AFW360_HH,SEN,SN12,2021,CONS_SH,_Z,_Z,_T,_T,_T,_T,_T,_T,COICOP_CP08,_Z,_Z,_Z,_Z,0.06,A,,,,,,
AFW360_HH,SEN,SN12,2021,CONS_SH,_Z,_Z,_T,_T,_T,_T,_T,_T,COICOP_CP09,_Z,_Z,_Z,_Z,0,A,,,,,,
AFW360_HH,SEN,SN12,2021,CONS_SH,_Z,_Z,_T,_T,_T,_T,_T,_T,COICOP_CP10,_Z,_Z,_Z,_Z,0.01,A,,,,,,
AFW360_HH,SEN,SN12,2021,CONS_SH,_Z,_Z,_T,_T,_T,_T,_T,_T,COICOP_CP11,_Z,_Z,_Z,_Z,0.07,A,,,,,,
AFW360_HH,SEN,SN12,2021,CONS_SH,_Z,_Z,_T,_T,_T,_T,_T,_T,COICOP_CP12,_Z,_Z,_Z,_Z,0,A,,,,,,
AFW360_HH,SEN,SN12,2021,CONS_SH,_Z,_Z,_T,_T,_T,_T,_T,_T,COICOP_CP13,_Z,_Z,_Z,_Z,0.02,A,,,,,,
AFW360_HH,SEN,SN12,2021,EN_ASSET_AC,_Z,_Z,_T,_T,_T,_T,_T,_T,_Z,_Z,_Z,_Z,_Z,0.24,A,,,,,,
AFW360_HH,SEN,SN12,2021,EN_ASSET_COOKER,_Z,_Z,_T,_T,_T,_T,_T,_T,_Z,_Z,_Z,_Z,_Z,0,A,,,,,,
AFW360_HH,SEN,SN12,2021,EN_ASSET_FAN,_Z,_Z,_T,_T,_T,_T,_T,_T,_Z,_Z,_Z,_Z,_Z,0.01,A,,,,,,
AFW360_HH,SEN,SN12,2021,EN_ASSET_WATER_HEATER,_Z,_Z,_T,_T,_T,_T,_T,_T,_Z,_Z,_Z,_Z,_Z,0.04,A,,,,,,
AFW360_HH,SEN,SN12,2021,EN_COOK_BIOMASS,_Z,_Z,_T,_T,_T,_T,_T,_T,_Z,_Z,_Z,_Z,_Z,0.1,A,,,,,,
AFW360_HH,SEN,SN12,2021,EN_COOK_CLEAN,_Z,_Z,_T,_T,_T,_T,_T,_T,_Z,_Z,_Z,_Z,_Z,0.9,A,,,,,,LEGACY_SUSPECT: Implausible pattern: higher in Rural and Q1 than in Capital and Q4.
AFW360_HH,SEN,SN12,2021,EN_ELEC_ACCESS,_Z,_Z,_T,_T,_T,_T,_T,_T,_Z,_Z,_Z,_Z,_Z,0.41,A,,,,,,
AFW360_HH,SEN,SN12,2021,EN_ELEC_INFORMAL,_Z,_Z,_T,_T,_T,_T,_T,_T,_Z,_Z,_Z,_Z,_Z,0,A,,,,,,
AFW360_HH,SEN,SN12,2021,EN_ELEC_SPEND,_Z,_Z,_T,_T,_T,_T,_T,_T,_Z,_Z,_Z,_Z,_Z,25815.94,A,,,,,,
AFW360_HH,SEN,SN12,2021,EN_GRID_CONN,_Z,_Z,_T,_T,_T,_T,_T,_T,_Z,_Z,_Z,_Z,_Z,1,A,,,,,,"LEGACY_SUSPECT: Implausible: 0.96-1.00 in every cell, including Q1 and Rural."
AFW360_HH,SEN,SN12,2021,EN_GRID_USE,_Z,_Z,_T,_T,_T,_T,_T,_T,_Z,_Z,_Z,_Z,_Z,0.4,A,,,,,,
AFW360_HH,SEN,SN12,2021,EN_LIGHT_IMPROVED,_Z,_Z,_T,_T,_T,_T,_T,_T,_Z,_Z,_Z,_Z,_Z,0.96,A,,,,,,
AFW360_HH,SEN,SN12,2021,EN_OFFGRID_USE,_Z,_Z,_T,_T,_T,_T,_T,_T,_Z,_Z,_Z,_Z,_Z,0.15,A,,,,,,
AFW360_HH,SEN,SN12,2021,EN_OUTAGE_ANY,_Z,_Z,_T,_T,_T,_T,_T,_T,_Z,_Z,_Z,_Z,_Z,0.3,A,,,,,,
AFW360_HH,SEN,SN12,2021,EN_OUTAGE_DAYS,_Z,_Z,_T,_T,_T,_T,_T,_T,_Z,_Z,_Z,_Z,_Z,1.55,A,,,,,,
AFW360_HH,SEN,SN12,2021,EN_OUTAGE_DUR_CODE,_Z,_Z,_T,_T,_T,_T,_T,_T,_Z,_Z,_Z,_Z,_Z,2.23,A,,,,,,
AFW360_HH,SEN,SN12,2021,EN_PREPAID_METER,_Z,_Z,_T,_T,_T,_T,_T,_T,_Z,_Z,_Z,_Z,_Z,0.49,A,,,,,,
AFW360_HH,SEN,SN12,2021,HE_ACCOUNTS,_Z,_Z,_T,_T,_T,_T,_T,_T,_Z,_Z,_Z,_Z,_Z,0,A,,,,,,
AFW360_HH,SEN,SN12,2021,HE_AGE,_Z,_Z,_T,_T,_T,_T,_T,_T,_Z,_Z,_Z,_Z,_Z,4.33,A,,,,,,
AFW360_HH,SEN,SN12,2021,HE_BUY_FIRMS,_Z,_Z,_T,_T,_T,_T,_T,_T,_Z,_Z,_Z,_Z,_Z,0.2,A,,,,,,
AFW360_HH,SEN,SN12,2021,HE_CAPITAL,_Z,_Z,_T,_T,_T,_T,_T,_T,_Z,_Z,_Z,_Z,_Z,127025.34,A,,,,,,
AFW360_HH,SEN,SN12,2021,HE_COSTS,_Z,_Z,_T,_T,_T,_T,_T,_T,_Z,_Z,_Z,_Z,_Z,68071.3,A,,,,,,
AFW360_HH,SEN,SN12,2021,HE_CREDIT_ANY,_Z,_Z,_T,_T,_T,_T,_T,_T,_Z,_Z,_Z,_Z,_Z,0.4,A,,,,,,
AFW360_HH,SEN,SN12,2021,HE_CREDIT_FORMAL,_Z,_Z,_T,_T,_T,_T,_T,_T,_Z,_Z,_Z,_Z,_Z,0.03,A,,,,,,
AFW360_HH,SEN,SN12,2021,HE_CREDIT_INFORMAL,_Z,_Z,_T,_T,_T,_T,_T,_T,_Z,_Z,_Z,_Z,_Z,0.37,A,,,,,,
AFW360_HH,SEN,SN12,2021,HE_ELEC,_Z,_Z,_T,_T,_T,_T,_T,_T,_Z,_Z,_Z,_Z,_Z,1,A,,,,,,
AFW360_HH,SEN,SN12,2021,HE_EMP_EXT_ANY,_Z,_Z,_T,_T,_T,_T,_T,_T,_Z,_Z,_Z,_Z,_Z,1,A,,,,,,LEGACY_SUSPECT: Implausible: share 0.96 while mean non-HH employees is 0.54.
AFW360_HH,SEN,SN12,2021,HE_EMP_HH_NUM,_Z,_Z,_T,_T,_T,_T,_T,_T,_Z,_Z,_Z,_Z,_Z,0.07,A,,,,,,
AFW360_HH,SEN,SN12,2021,HE_EMP_NONHH_NUM,_Z,_Z,_T,_T,_T,_T,_T,_T,_Z,_Z,_Z,_Z,_Z,0.48,A,,,,,,
AFW360_HH,SEN,SN12,2021,HE_EMP_NUM,_Z,_Z,_T,_T,_T,_T,_T,_T,_Z,_Z,_Z,_Z,_Z,0.41,A,,,,,,
AFW360_HH,SEN,SN12,2021,HE_HH_OWNER,_Z,_Z,_T,_T,_T,_T,_T,_T,_Z,_Z,_Z,_Z,_Z,0.41,A,,,,,,
AFW360_HH,SEN,SN12,2021,HE_HOME_BASED,_Z,_Z,_T,_T,_T,_T,_T,_T,_Z,_Z,_Z,_Z,_Z,0.28,A,,,,,,
AFW360_HH,SEN,SN12,2021,HE_PHONE,_Z,_Z,_T,_T,_T,_T,_T,_T,_Z,_Z,_Z,_Z,_Z,1,A,,,,,,
AFW360_HH,SEN,SN12,2021,HE_PREMISES_FORMAL,_Z,_Z,_T,_T,_T,_T,_T,_T,_Z,_Z,_Z,_Z,_Z,0.21,A,,,,,,
AFW360_HH,SEN,SN12,2021,HE_PROFIT,_Z,_Z,_T,_T,_T,_T,_T,_T,_Z,_Z,_Z,_Z,_Z,-3460.34,A,,,,,,
AFW360_HH,SEN,SN12,2021,HE_RENT,_Z,_Z,_T,_T,_T,_T,_T,_T,_Z,_Z,_Z,_Z,_Z,0.35,A,,,,,,
AFW360_HH,SEN,SN12,2021,HE_REV_PER_WORKER,_Z,_Z,_T,_T,_T,_T,_T,_T,_Z,_Z,_Z,_Z,_Z,25000,A,,,,,,
AFW360_HH,SEN,SN12,2021,HE_SELL_FIRMS,_Z,_Z,_T,_T,_T,_T,_T,_T,_Z,_Z,_Z,_Z,_Z,0,A,,,,,,
AFW360_HH,SEN,SN12,2021,HE_TAX_ID,_Z,_Z,_T,_T,_T,_T,_T,_T,_Z,_Z,_Z,_Z,_Z,0.14,A,,,,,,
AFW360_HH,SEN,SN12,2021,HE_WATER,_Z,_Z,_T,_T,_T,_T,_T,_T,_Z,_Z,_Z,_Z,_Z,0.18,A,,,,,,
AFW360_HH,SEN,SN12,2021,HOUS_FLOOR_DURABLE,_Z,_Z,_T,_T,_T,_T,_T,_T,_Z,_Z,_Z,_Z,_Z,0.58,A,,,,,,
AFW360_HH,SEN,SN12,2021,HOUS_ROOF_DURABLE,_Z,_Z,_T,_T,_T,_T,_T,_T,_Z,_Z,_Z,_Z,_Z,0.66,A,,,,,,
AFW360_HH,SEN,SN12,2021,HOUS_SANIT_IMPROVED,_Z,_Z,_T,_T,_T,_T,_T,_T,_Z,_Z,_Z,_Z,_Z,0.25,A,,,,,,
AFW360_HH,SEN,SN12,2021,HOUS_WALL_DURABLE,_Z,_Z,_T,_T,_T,_T,_T,_T,_Z,_Z,_Z,_Z,_Z,0.85,A,,,,,,
AFW360_HH,SEN,SN12,2021,HOUS_WATER_SAFE_DRY,_Z,_Z,_T,_T,_T,_T,_T,_T,_Z,_Z,_Z,_Z,_Z,0.63,A,,,,,,
AFW360_HH,SEN,SN12,2021,POP_HE_SH,_Z,_Z,_T,HEO_MSTAT_MARRIED,_T,_T,_T,_T,_Z,_Z,_Z,_Z,_Z,0.7,A,,,,,,
AFW360_HH,SEN,SN12,2021,POP_HE_SH,_Z,_Z,_T,HEO_SEX_F,_T,_T,_T,_T,_Z,_Z,_Z,_Z,_Z,0.68,A,,,,,,
AFW360_HH,SEN,SN12,2021,POP_HH_SH,_Z,_Z,_T,HE_COUNT_0,_T,_T,_T,_T,_Z,_Z,_Z,_Z,_Z,0.49,A,,,,,,
AFW360_HH,SEN,SN12,2021,POP_HH_SH,_Z,_Z,_T,HE_COUNT_1,_T,_T,_T,_T,_Z,_Z,_Z,_Z,_Z,0.44,A,,,,,,
AFW360_HH,SEN,SN12,2021,POP_HH_SH,_Z,_Z,_T,HE_COUNT_2,_T,_T,_T,_T,_Z,_Z,_Z,_Z,_Z,0.01,A,,,,,,
AFW360_HH,SEN,SN12,2021,POP_HH_SH,_Z,_Z,_T,HE_COUNT_3,_T,_T,_T,_T,_Z,_Z,_Z,_Z,_Z,0.06,A,,,,,,
AFW360_HH,SEN,SN12,2021,POP_HH_SH,_Z,_Z,_T,HE_COUNT_4P,_T,_T,_T,_T,_Z,_Z,_Z,_Z,_Z,0,A,,,,,,
AFW360_HH,SEN,SN12,2021,POP_SH,_T,_T,_T,EMP_FORMAL_N,_T,_T,_T,_T,_Z,_Z,_Z,_Z,_Z,0.8,A,,,,,,
AFW360_HH,SEN,SN12,2021,POP_SH,_T,_T,_T,EMP_ISIC_G,_T,_T,_T,_T,_Z,_Z,_Z,_Z,_Z,0.08,A,,,,,,
AFW360_HH,SEN,SN12,2021,POP_SH,_T,_T,_T,EMP_ISIC_H,_T,_T,_T,_T,_Z,_Z,_Z,_Z,_Z,0.04,A,,,,,,
AFW360_HH,SEN,SN12,2021,POP_SH,_T,_T,_T,EMP_SECTOR_AGR,_T,_T,_T,_T,_Z,_Z,_Z,_Z,_Z,0.58,A,,,,,,
AFW360_HH,SEN,SN12,2021,POP_SH,_T,_T,_T,EMP_SECTOR_IND,_T,_T,_T,_T,_Z,_Z,_Z,_Z,_Z,0.17,A,,,,,,
AFW360_HH,SEN,SN12,2021,POP_SH,_T,_T,_T,EMP_SECTOR_SER,_T,_T,_T,_T,_Z,_Z,_Z,_Z,_Z,0.24,A,,,,,,
AFW360_HH,SEN,SN12,2021,POP_SH,_T,_T,_T,EMP_STATUS_EMPLOYED,_T,_T,_T,_T,_Z,_Z,_Z,_Z,_Z,0.49,A,,,,,,
AFW360_HH,SEN,SN12,2021,POP_SH,_T,_T,_T,EMP_TYPE_NONWAGE,_T,_T,_T,_T,_Z,_Z,_Z,_Z,_Z,0.76,A,,,,,,
AFW360_HH,SEN,SN12,2021,POP_SH,_T,_T,_T,EMP_TYPE_WAGE,_T,_T,_T,_T,_Z,_Z,_Z,_Z,_Z,0.24,A,,,,,,
AFW360_HH,SEN,SN12,2021,POV_HC,_T,_T,_T,_T,_T,_T,_T,_T,POVLINE_PL300,PPP_2021,_Z,_Z,_Z,0.44,A,,,,,,
AFW360_HH,SEN,SN12,2021,POV_HC,_T,_T,_T,_T,_T,_T,_T,_T,POVLINE_PL420,PPP_2021,_Z,_Z,_Z,0.69,A,,,,,,
AFW360_HH,SEN,SN12,2021,POV_NUM,_T,_T,_T,_T,_T,_T,_T,_T,POVLINE_PL300,PPP_2021,_Z,_Z,_Z,410000.0000000001,A,,,,,,
AFW360_HH,SEN,SN12,2021,POV_NUM,_T,_T,_T,_T,_T,_T,_T,_T,POVLINE_PL420,PPP_2021,_Z,_Z,_Z,630000,A,,,,,,
AFW360_HH,SEN,SN12,2021,SHK_ANY,_Z,_Z,_T,_T,_T,_T,_T,_T,_Z,_Z,_Z,_Z,_Z,0.66,A,,,,,,
AFW360_HH,SEN,SN12,2021,SHK_COV_CONFLICT,_Z,_Z,_T,_T,_T,_T,_T,_T,_Z,_Z,_Z,_Z,_Z,0.02,A,,,,,,
AFW360_HH,SEN,SN12,2021,SHK_COV_ECON,_Z,_Z,_T,_T,_T,_T,_T,_T,_Z,_Z,_Z,_Z,_Z,0.43,A,,,,,,
AFW360_HH,SEN,SN12,2021,SHK_COV_NATURAL,_Z,_Z,_T,_T,_T,_T,_T,_T,_Z,_Z,_Z,_Z,_Z,0.22,A,,,,,,
AFW360_HH,SEN,SN12,2021,SHK_IDIO_ECON,_Z,_Z,_T,_T,_T,_T,_T,_T,_Z,_Z,_Z,_Z,_Z,0.12,A,,,,,,
AFW360_HH,SEN,SN12,2021,SP_HEALTH_COV,_T,_T,_T,_T,_T,_T,_T,_T,_Z,_Z,_Z,_Z,_Z,0,A,,,,,,
AFW360_HH,SEN,SN12,2021,SP_HEALTH_COV_HH,_Z,_Z,_T,_T,_T,_T,_T,_T,_Z,_Z,_Z,_Z,_Z,0.01,A,,,,,,
AFW360_HH,SEN,SN13,2021,AGR_CULTIVATES,_Z,_Z,_T,_T,_T,_T,_T,_T,_Z,_Z,_Z,_Z,_Z,0.34,A,,,,,,
AFW360_HH,SEN,SN13,2021,AGR_CULT_AREA,_Z,_Z,_T,_T,_T,_T,_T,_T,_Z,_Z,_Z,_Z,_Z,3.05,A,,,,,,
AFW360_HH,SEN,SN13,2021,AGR_LIVESTOCK_ANY,_Z,_Z,_T,_T,_T,_T,_T,_T,_Z,_Z,_Z,_Z,_Z,0.54,A,,,,,,
AFW360_HH,SEN,SN13,2021,AGR_TLU,_Z,_Z,_T,_T,_T,_T,_T,_T,_Z,_Z,_Z,_Z,_Z,1.27,A,,,,,,
AFW360_HH,SEN,SN13,2021,CONS_SH,_Z,_Z,_T,_T,_T,_T,_T,_T,COICOP_CP01,ACQ_OWNPROD,_Z,_Z,_Z,0.02,A,,,,,,
AFW360_HH,SEN,SN13,2021,CONS_SH,_Z,_Z,_T,_T,_T,_T,_T,_T,COICOP_CP01,ACQ_PURCH,_Z,_Z,_Z,0.4,A,,,,,,
AFW360_HH,SEN,SN13,2021,CONS_SH,_Z,_Z,_T,_T,_T,_T,_T,_T,COICOP_CP01,_Z,_Z,_Z,_Z,0.44,A,,,,,,
AFW360_HH,SEN,SN13,2021,CONS_SH,_Z,_Z,_T,_T,_T,_T,_T,_T,COICOP_CP02,_Z,_Z,_Z,_Z,0,A,,,,,,
AFW360_HH,SEN,SN13,2021,CONS_SH,_Z,_Z,_T,_T,_T,_T,_T,_T,COICOP_CP03,_Z,_Z,_Z,_Z,0.06,A,,,,,,
AFW360_HH,SEN,SN13,2021,CONS_SH,_Z,_Z,_T,_T,_T,_T,_T,_T,COICOP_CP04,_Z,_Z,_Z,_Z,0.16,A,,,,,,
AFW360_HH,SEN,SN13,2021,CONS_SH,_Z,_Z,_T,_T,_T,_T,_T,_T,COICOP_CP05,_Z,_Z,_Z,_Z,0.06,A,,,,,,
AFW360_HH,SEN,SN13,2021,CONS_SH,_Z,_Z,_T,_T,_T,_T,_T,_T,COICOP_CP06,_Z,_Z,_Z,_Z,0.03,A,,,,,,
AFW360_HH,SEN,SN13,2021,CONS_SH,_Z,_Z,_T,_T,_T,_T,_T,_T,COICOP_CP07,_Z,_Z,_Z,_Z,0.03,A,,,,,,
AFW360_HH,SEN,SN13,2021,CONS_SH,_Z,_Z,_T,_T,_T,_T,_T,_T,COICOP_CP08,_Z,_Z,_Z,_Z,0.06,A,,,,,,
AFW360_HH,SEN,SN13,2021,CONS_SH,_Z,_Z,_T,_T,_T,_T,_T,_T,COICOP_CP09,_Z,_Z,_Z,_Z,0,A,,,,,,
AFW360_HH,SEN,SN13,2021,CONS_SH,_Z,_Z,_T,_T,_T,_T,_T,_T,COICOP_CP10,_Z,_Z,_Z,_Z,0.02,A,,,,,,
AFW360_HH,SEN,SN13,2021,CONS_SH,_Z,_Z,_T,_T,_T,_T,_T,_T,COICOP_CP11,_Z,_Z,_Z,_Z,0.09,A,,,,,,
AFW360_HH,SEN,SN13,2021,CONS_SH,_Z,_Z,_T,_T,_T,_T,_T,_T,COICOP_CP12,_Z,_Z,_Z,_Z,0,A,,,,,,
AFW360_HH,SEN,SN13,2021,CONS_SH,_Z,_Z,_T,_T,_T,_T,_T,_T,COICOP_CP13,_Z,_Z,_Z,_Z,0.03,A,,,,,,
AFW360_HH,SEN,SN13,2021,EN_ASSET_AC,_Z,_Z,_T,_T,_T,_T,_T,_T,_Z,_Z,_Z,_Z,_Z,0.02,A,,,,,,
AFW360_HH,SEN,SN13,2021,EN_ASSET_COOKER,_Z,_Z,_T,_T,_T,_T,_T,_T,_Z,_Z,_Z,_Z,_Z,0.03,A,,,,,,
AFW360_HH,SEN,SN13,2021,EN_ASSET_FAN,_Z,_Z,_T,_T,_T,_T,_T,_T,_Z,_Z,_Z,_Z,_Z,0.05,A,,,,,,
AFW360_HH,SEN,SN13,2021,EN_ASSET_WATER_HEATER,_Z,_Z,_T,_T,_T,_T,_T,_T,_Z,_Z,_Z,_Z,_Z,0,A,,,,,,
AFW360_HH,SEN,SN13,2021,EN_COOK_BIOMASS,_Z,_Z,_T,_T,_T,_T,_T,_T,_Z,_Z,_Z,_Z,_Z,0.16,A,,,,,,
AFW360_HH,SEN,SN13,2021,EN_COOK_CLEAN,_Z,_Z,_T,_T,_T,_T,_T,_T,_Z,_Z,_Z,_Z,_Z,0.84,A,,,,,,LEGACY_SUSPECT: Implausible pattern: higher in Rural and Q1 than in Capital and Q4.
AFW360_HH,SEN,SN13,2021,EN_ELEC_ACCESS,_Z,_Z,_T,_T,_T,_T,_T,_T,_Z,_Z,_Z,_Z,_Z,0.75,A,,,,,,
AFW360_HH,SEN,SN13,2021,EN_ELEC_INFORMAL,_Z,_Z,_T,_T,_T,_T,_T,_T,_Z,_Z,_Z,_Z,_Z,0,A,,,,,,
AFW360_HH,SEN,SN13,2021,EN_ELEC_SPEND,_Z,_Z,_T,_T,_T,_T,_T,_T,_Z,_Z,_Z,_Z,_Z,12085.72,A,,,,,,
AFW360_HH,SEN,SN13,2021,EN_GRID_CONN,_Z,_Z,_T,_T,_T,_T,_T,_T,_Z,_Z,_Z,_Z,_Z,1,A,,,,,,"LEGACY_SUSPECT: Implausible: 0.96-1.00 in every cell, including Q1 and Rural."
AFW360_HH,SEN,SN13,2021,EN_GRID_USE,_Z,_Z,_T,_T,_T,_T,_T,_T,_Z,_Z,_Z,_Z,_Z,0.69,A,,,,,,
AFW360_HH,SEN,SN13,2021,EN_LIGHT_IMPROVED,_Z,_Z,_T,_T,_T,_T,_T,_T,_Z,_Z,_Z,_Z,_Z,0.96,A,,,,,,
AFW360_HH,SEN,SN13,2021,EN_OFFGRID_USE,_Z,_Z,_T,_T,_T,_T,_T,_T,_Z,_Z,_Z,_Z,_Z,0.22,A,,,,,,
AFW360_HH,SEN,SN13,2021,EN_OUTAGE_ANY,_Z,_Z,_T,_T,_T,_T,_T,_T,_Z,_Z,_Z,_Z,_Z,0.18,A,,,,,,
AFW360_HH,SEN,SN13,2021,EN_OUTAGE_DAYS,_Z,_Z,_T,_T,_T,_T,_T,_T,_Z,_Z,_Z,_Z,_Z,1.4,A,,,,,,
AFW360_HH,SEN,SN13,2021,EN_OUTAGE_DUR_CODE,_Z,_Z,_T,_T,_T,_T,_T,_T,_Z,_Z,_Z,_Z,_Z,1.71,A,,,,,,
AFW360_HH,SEN,SN13,2021,EN_PREPAID_METER,_Z,_Z,_T,_T,_T,_T,_T,_T,_Z,_Z,_Z,_Z,_Z,0.4,A,,,,,,
AFW360_HH,SEN,SN13,2021,HE_ACCOUNTS,_Z,_Z,_T,_T,_T,_T,_T,_T,_Z,_Z,_Z,_Z,_Z,0,A,,,,,,
AFW360_HH,SEN,SN13,2021,HE_AGE,_Z,_Z,_T,_T,_T,_T,_T,_T,_Z,_Z,_Z,_Z,_Z,6.39,A,,,,,,
AFW360_HH,SEN,SN13,2021,HE_BUY_FIRMS,_Z,_Z,_T,_T,_T,_T,_T,_T,_Z,_Z,_Z,_Z,_Z,0.05,A,,,,,,
AFW360_HH,SEN,SN13,2021,HE_CAPITAL,_Z,_Z,_T,_T,_T,_T,_T,_T,_Z,_Z,_Z,_Z,_Z,83550.7,A,,,,,,
AFW360_HH,SEN,SN13,2021,HE_COSTS,_Z,_Z,_T,_T,_T,_T,_T,_T,_Z,_Z,_Z,_Z,_Z,33605.84,A,,,,,,
AFW360_HH,SEN,SN13,2021,HE_CREDIT_ANY,_Z,_Z,_T,_T,_T,_T,_T,_T,_Z,_Z,_Z,_Z,_Z,0.55,A,,,,,,
AFW360_HH,SEN,SN13,2021,HE_CREDIT_FORMAL,_Z,_Z,_T,_T,_T,_T,_T,_T,_Z,_Z,_Z,_Z,_Z,0.22,A,,,,,,
AFW360_HH,SEN,SN13,2021,HE_CREDIT_INFORMAL,_Z,_Z,_T,_T,_T,_T,_T,_T,_Z,_Z,_Z,_Z,_Z,0.37,A,,,,,,
AFW360_HH,SEN,SN13,2021,HE_ELEC,_Z,_Z,_T,_T,_T,_T,_T,_T,_Z,_Z,_Z,_Z,_Z,1,A,,,,,,
AFW360_HH,SEN,SN13,2021,HE_EMP_EXT_ANY,_Z,_Z,_T,_T,_T,_T,_T,_T,_Z,_Z,_Z,_Z,_Z,0.99,A,,,,,,LEGACY_SUSPECT: Implausible: share 0.96 while mean non-HH employees is 0.54.
AFW360_HH,SEN,SN13,2021,HE_EMP_HH_NUM,_Z,_Z,_T,_T,_T,_T,_T,_T,_Z,_Z,_Z,_Z,_Z,0.16,A,,,,,,
AFW360_HH,SEN,SN13,2021,HE_EMP_NONHH_NUM,_Z,_Z,_T,_T,_T,_T,_T,_T,_Z,_Z,_Z,_Z,_Z,0.14,A,,,,,,
AFW360_HH,SEN,SN13,2021,HE_EMP_NUM,_Z,_Z,_T,_T,_T,_T,_T,_T,_Z,_Z,_Z,_Z,_Z,0.78,A,,,,,,
AFW360_HH,SEN,SN13,2021,HE_HH_OWNER,_Z,_Z,_T,_T,_T,_T,_T,_T,_Z,_Z,_Z,_Z,_Z,0.68,A,,,,,,
AFW360_HH,SEN,SN13,2021,HE_HOME_BASED,_Z,_Z,_T,_T,_T,_T,_T,_T,_Z,_Z,_Z,_Z,_Z,0.36,A,,,,,,
AFW360_HH,SEN,SN13,2021,HE_PHONE,_Z,_Z,_T,_T,_T,_T,_T,_T,_Z,_Z,_Z,_Z,_Z,1,A,,,,,,
AFW360_HH,SEN,SN13,2021,HE_PREMISES_FORMAL,_Z,_Z,_T,_T,_T,_T,_T,_T,_Z,_Z,_Z,_Z,_Z,0.19,A,,,,,,
AFW360_HH,SEN,SN13,2021,HE_PROFIT,_Z,_Z,_T,_T,_T,_T,_T,_T,_Z,_Z,_Z,_Z,_Z,48698.7,A,,,,,,
AFW360_HH,SEN,SN13,2021,HE_RENT,_Z,_Z,_T,_T,_T,_T,_T,_T,_Z,_Z,_Z,_Z,_Z,0.93,A,,,,,,
AFW360_HH,SEN,SN13,2021,HE_REV_PER_WORKER,_Z,_Z,_T,_T,_T,_T,_T,_T,_Z,_Z,_Z,_Z,_Z,358152.64,A,,,,,,
AFW360_HH,SEN,SN13,2021,HE_SELL_FIRMS,_Z,_Z,_T,_T,_T,_T,_T,_T,_Z,_Z,_Z,_Z,_Z,0,A,,,,,,
AFW360_HH,SEN,SN13,2021,HE_TAX_ID,_Z,_Z,_T,_T,_T,_T,_T,_T,_Z,_Z,_Z,_Z,_Z,0.08,A,,,,,,
AFW360_HH,SEN,SN13,2021,HE_WATER,_Z,_Z,_T,_T,_T,_T,_T,_T,_Z,_Z,_Z,_Z,_Z,0.25,A,,,,,,
AFW360_HH,SEN,SN13,2021,HOUS_FLOOR_DURABLE,_Z,_Z,_T,_T,_T,_T,_T,_T,_Z,_Z,_Z,_Z,_Z,0.92,A,,,,,,
AFW360_HH,SEN,SN13,2021,HOUS_ROOF_DURABLE,_Z,_Z,_T,_T,_T,_T,_T,_T,_Z,_Z,_Z,_Z,_Z,0.96,A,,,,,,
AFW360_HH,SEN,SN13,2021,HOUS_SANIT_IMPROVED,_Z,_Z,_T,_T,_T,_T,_T,_T,_Z,_Z,_Z,_Z,_Z,0.57,A,,,,,,
AFW360_HH,SEN,SN13,2021,HOUS_WALL_DURABLE,_Z,_Z,_T,_T,_T,_T,_T,_T,_Z,_Z,_Z,_Z,_Z,0.92,A,,,,,,
AFW360_HH,SEN,SN13,2021,HOUS_WATER_SAFE_DRY,_Z,_Z,_T,_T,_T,_T,_T,_T,_Z,_Z,_Z,_Z,_Z,0.93,A,,,,,,
AFW360_HH,SEN,SN13,2021,POP_HE_SH,_Z,_Z,_T,HEO_MSTAT_MARRIED,_T,_T,_T,_T,_Z,_Z,_Z,_Z,_Z,0.58,A,,,,,,
AFW360_HH,SEN,SN13,2021,POP_HE_SH,_Z,_Z,_T,HEO_SEX_F,_T,_T,_T,_T,_Z,_Z,_Z,_Z,_Z,0.76,A,,,,,,
AFW360_HH,SEN,SN13,2021,POP_HH_SH,_Z,_Z,_T,HE_COUNT_0,_T,_T,_T,_T,_Z,_Z,_Z,_Z,_Z,0.28,A,,,,,,
AFW360_HH,SEN,SN13,2021,POP_HH_SH,_Z,_Z,_T,HE_COUNT_1,_T,_T,_T,_T,_Z,_Z,_Z,_Z,_Z,0.65,A,,,,,,
AFW360_HH,SEN,SN13,2021,POP_HH_SH,_Z,_Z,_T,HE_COUNT_2,_T,_T,_T,_T,_Z,_Z,_Z,_Z,_Z,0.03,A,,,,,,
AFW360_HH,SEN,SN13,2021,POP_HH_SH,_Z,_Z,_T,HE_COUNT_3,_T,_T,_T,_T,_Z,_Z,_Z,_Z,_Z,0.04,A,,,,,,
AFW360_HH,SEN,SN13,2021,POP_HH_SH,_Z,_Z,_T,HE_COUNT_4P,_T,_T,_T,_T,_Z,_Z,_Z,_Z,_Z,0,A,,,,,,
AFW360_HH,SEN,SN13,2021,POP_SH,_T,_T,_T,EMP_FORMAL_N,_T,_T,_T,_T,_Z,_Z,_Z,_Z,_Z,0.64,A,,,,,,
AFW360_HH,SEN,SN13,2021,POP_SH,_T,_T,_T,EMP_ISIC_G,_T,_T,_T,_T,_Z,_Z,_Z,_Z,_Z,0.2,A,,,,,,
AFW360_HH,SEN,SN13,2021,POP_SH,_T,_T,_T,EMP_ISIC_H,_T,_T,_T,_T,_Z,_Z,_Z,_Z,_Z,0.08,A,,,,,,
AFW360_HH,SEN,SN13,2021,POP_SH,_T,_T,_T,EMP_SECTOR_AGR,_T,_T,_T,_T,_Z,_Z,_Z,_Z,_Z,0.25,A,,,,,,
AFW360_HH,SEN,SN13,2021,POP_SH,_T,_T,_T,EMP_SECTOR_IND,_T,_T,_T,_T,_Z,_Z,_Z,_Z,_Z,0.27,A,,,,,,
AFW360_HH,SEN,SN13,2021,POP_SH,_T,_T,_T,EMP_SECTOR_SER,_T,_T,_T,_T,_Z,_Z,_Z,_Z,_Z,0.48,A,,,,,,
AFW360_HH,SEN,SN13,2021,POP_SH,_T,_T,_T,EMP_STATUS_EMPLOYED,_T,_T,_T,_T,_Z,_Z,_Z,_Z,_Z,0.61,A,,,,,,
AFW360_HH,SEN,SN13,2021,POP_SH,_T,_T,_T,EMP_TYPE_NONWAGE,_T,_T,_T,_T,_Z,_Z,_Z,_Z,_Z,0.65,A,,,,,,
AFW360_HH,SEN,SN13,2021,POP_SH,_T,_T,_T,EMP_TYPE_WAGE,_T,_T,_T,_T,_Z,_Z,_Z,_Z,_Z,0.35,A,,,,,,
AFW360_HH,SEN,SN13,2021,POV_HC,_T,_T,_T,_T,_T,_T,_T,_T,POVLINE_PL300,PPP_2021,_Z,_Z,_Z,0.11,A,,,,,,
AFW360_HH,SEN,SN13,2021,POV_HC,_T,_T,_T,_T,_T,_T,_T,_T,POVLINE_PL420,PPP_2021,_Z,_Z,_Z,0.28,A,,,,,,
AFW360_HH,SEN,SN13,2021,POV_NUM,_T,_T,_T,_T,_T,_T,_T,_T,POVLINE_PL300,PPP_2021,_Z,_Z,_Z,250000,A,,,,,,
AFW360_HH,SEN,SN13,2021,POV_NUM,_T,_T,_T,_T,_T,_T,_T,_T,POVLINE_PL420,PPP_2021,_Z,_Z,_Z,620000,A,,,,,,
AFW360_HH,SEN,SN13,2021,SHK_ANY,_Z,_Z,_T,_T,_T,_T,_T,_T,_Z,_Z,_Z,_Z,_Z,0.61,A,,,,,,
AFW360_HH,SEN,SN13,2021,SHK_COV_CONFLICT,_Z,_Z,_T,_T,_T,_T,_T,_T,_Z,_Z,_Z,_Z,_Z,0.01,A,,,,,,
AFW360_HH,SEN,SN13,2021,SHK_COV_ECON,_Z,_Z,_T,_T,_T,_T,_T,_T,_Z,_Z,_Z,_Z,_Z,0.31,A,,,,,,
AFW360_HH,SEN,SN13,2021,SHK_COV_NATURAL,_Z,_Z,_T,_T,_T,_T,_T,_T,_Z,_Z,_Z,_Z,_Z,0.19,A,,,,,,
AFW360_HH,SEN,SN13,2021,SHK_IDIO_ECON,_Z,_Z,_T,_T,_T,_T,_T,_T,_Z,_Z,_Z,_Z,_Z,0.17,A,,,,,,
AFW360_HH,SEN,SN13,2021,SP_HEALTH_COV,_T,_T,_T,_T,_T,_T,_T,_T,_Z,_Z,_Z,_Z,_Z,0.01,A,,,,,,
AFW360_HH,SEN,SN13,2021,SP_HEALTH_COV_HH,_Z,_Z,_T,_T,_T,_T,_T,_T,_Z,_Z,_Z,_Z,_Z,0.03,A,,,,,,
AFW360_HH,SEN,SN14,2021,AGR_CULTIVATES,_Z,_Z,_T,_T,_T,_T,_T,_T,_Z,_Z,_Z,_Z,_Z,0.35,A,,,,,,
AFW360_HH,SEN,SN14,2021,AGR_CULT_AREA,_Z,_Z,_T,_T,_T,_T,_T,_T,_Z,_Z,_Z,_Z,_Z,1.14,A,,,,,,
AFW360_HH,SEN,SN14,2021,AGR_LIVESTOCK_ANY,_Z,_Z,_T,_T,_T,_T,_T,_T,_Z,_Z,_Z,_Z,_Z,0.5,A,,,,,,
AFW360_HH,SEN,SN14,2021,AGR_TLU,_Z,_Z,_T,_T,_T,_T,_T,_T,_Z,_Z,_Z,_Z,_Z,0.85,A,,,,,,
AFW360_HH,SEN,SN14,2021,CONS_SH,_Z,_Z,_T,_T,_T,_T,_T,_T,COICOP_CP01,ACQ_OWNPROD,_Z,_Z,_Z,0.03,A,,,,,,
AFW360_HH,SEN,SN14,2021,CONS_SH,_Z,_Z,_T,_T,_T,_T,_T,_T,COICOP_CP01,ACQ_PURCH,_Z,_Z,_Z,0.38,A,,,,,,
AFW360_HH,SEN,SN14,2021,CONS_SH,_Z,_Z,_T,_T,_T,_T,_T,_T,COICOP_CP01,_Z,_Z,_Z,_Z,0.44,A,,,,,,
AFW360_HH,SEN,SN14,2021,CONS_SH,_Z,_Z,_T,_T,_T,_T,_T,_T,COICOP_CP02,_Z,_Z,_Z,_Z,0.01,A,,,,,,
AFW360_HH,SEN,SN14,2021,CONS_SH,_Z,_Z,_T,_T,_T,_T,_T,_T,COICOP_CP03,_Z,_Z,_Z,_Z,0.05,A,,,,,,
AFW360_HH,SEN,SN14,2021,CONS_SH,_Z,_Z,_T,_T,_T,_T,_T,_T,COICOP_CP04,_Z,_Z,_Z,_Z,0.19,A,,,,,,
AFW360_HH,SEN,SN14,2021,CONS_SH,_Z,_Z,_T,_T,_T,_T,_T,_T,COICOP_CP05,_Z,_Z,_Z,_Z,0.05,A,,,,,,
AFW360_HH,SEN,SN14,2021,CONS_SH,_Z,_Z,_T,_T,_T,_T,_T,_T,COICOP_CP06,_Z,_Z,_Z,_Z,0.03,A,,,,,,
AFW360_HH,SEN,SN14,2021,CONS_SH,_Z,_Z,_T,_T,_T,_T,_T,_T,COICOP_CP07,_Z,_Z,_Z,_Z,0.03,A,,,,,,
AFW360_HH,SEN,SN14,2021,CONS_SH,_Z,_Z,_T,_T,_T,_T,_T,_T,COICOP_CP08,_Z,_Z,_Z,_Z,0.07,A,,,,,,
AFW360_HH,SEN,SN14,2021,CONS_SH,_Z,_Z,_T,_T,_T,_T,_T,_T,COICOP_CP09,_Z,_Z,_Z,_Z,0,A,,,,,,
AFW360_HH,SEN,SN14,2021,CONS_SH,_Z,_Z,_T,_T,_T,_T,_T,_T,COICOP_CP10,_Z,_Z,_Z,_Z,0.03,A,,,,,,
AFW360_HH,SEN,SN14,2021,CONS_SH,_Z,_Z,_T,_T,_T,_T,_T,_T,COICOP_CP11,_Z,_Z,_Z,_Z,0.07,A,,,,,,
AFW360_HH,SEN,SN14,2021,CONS_SH,_Z,_Z,_T,_T,_T,_T,_T,_T,COICOP_CP12,_Z,_Z,_Z,_Z,0,A,,,,,,
AFW360_HH,SEN,SN14,2021,CONS_SH,_Z,_Z,_T,_T,_T,_T,_T,_T,COICOP_CP13,_Z,_Z,_Z,_Z,0.02,A,,,,,,
AFW360_HH,SEN,SN14,2021,EN_ASSET_AC,_Z,_Z,_T,_T,_T,_T,_T,_T,_Z,_Z,_Z,_Z,_Z,0,A,,,,,,
AFW360_HH,SEN,SN14,2021,EN_ASSET_COOKER,_Z,_Z,_T,_T,_T,_T,_T,_T,_Z,_Z,_Z,_Z,_Z,0.02,A,,,,,,
AFW360_HH,SEN,SN14,2021,EN_ASSET_FAN,_Z,_Z,_T,_T,_T,_T,_T,_T,_Z,_Z,_Z,_Z,_Z,0,A,,,,,,
AFW360_HH,SEN,SN14,2021,EN_ASSET_WATER_HEATER,_Z,_Z,_T,_T,_T,_T,_T,_T,_Z,_Z,_Z,_Z,_Z,0,A,,,,,,
AFW360_HH,SEN,SN14,2021,EN_COOK_BIOMASS,_Z,_Z,_T,_T,_T,_T,_T,_T,_Z,_Z,_Z,_Z,_Z,0.29,A,,,,,,
AFW360_HH,SEN,SN14,2021,EN_COOK_CLEAN,_Z,_Z,_T,_T,_T,_T,_T,_T,_Z,_Z,_Z,_Z,_Z,0.58,A,,,,,,LEGACY_SUSPECT: Implausible pattern: higher in Rural and Q1 than in Capital and Q4.
AFW360_HH,SEN,SN14,2021,EN_ELEC_ACCESS,_Z,_Z,_T,_T,_T,_T,_T,_T,_Z,_Z,_Z,_Z,_Z,0.72,A,,,,,,
AFW360_HH,SEN,SN14,2021,EN_ELEC_INFORMAL,_Z,_Z,_T,_T,_T,_T,_T,_T,_Z,_Z,_Z,_Z,_Z,0.08,A,,,,,,
AFW360_HH,SEN,SN14,2021,EN_ELEC_SPEND,_Z,_Z,_T,_T,_T,_T,_T,_T,_Z,_Z,_Z,_Z,_Z,15584.89,A,,,,,,
AFW360_HH,SEN,SN14,2021,EN_GRID_CONN,_Z,_Z,_T,_T,_T,_T,_T,_T,_Z,_Z,_Z,_Z,_Z,0.84,A,,,,,,"LEGACY_SUSPECT: Implausible: 0.96-1.00 in every cell, including Q1 and Rural."
AFW360_HH,SEN,SN14,2021,EN_GRID_USE,_Z,_Z,_T,_T,_T,_T,_T,_T,_Z,_Z,_Z,_Z,_Z,0.71,A,,,,,,
AFW360_HH,SEN,SN14,2021,EN_LIGHT_IMPROVED,_Z,_Z,_T,_T,_T,_T,_T,_T,_Z,_Z,_Z,_Z,_Z,0.9,A,,,,,,
AFW360_HH,SEN,SN14,2021,EN_OFFGRID_USE,_Z,_Z,_T,_T,_T,_T,_T,_T,_Z,_Z,_Z,_Z,_Z,0.2,A,,,,,,
AFW360_HH,SEN,SN14,2021,EN_OUTAGE_ANY,_Z,_Z,_T,_T,_T,_T,_T,_T,_Z,_Z,_Z,_Z,_Z,0.32,A,,,,,,
AFW360_HH,SEN,SN14,2021,EN_OUTAGE_DAYS,_Z,_Z,_T,_T,_T,_T,_T,_T,_Z,_Z,_Z,_Z,_Z,3.58,A,,,,,,
AFW360_HH,SEN,SN14,2021,EN_OUTAGE_DUR_CODE,_Z,_Z,_T,_T,_T,_T,_T,_T,_Z,_Z,_Z,_Z,_Z,1.92,A,,,,,,
AFW360_HH,SEN,SN14,2021,EN_PREPAID_METER,_Z,_Z,_T,_T,_T,_T,_T,_T,_Z,_Z,_Z,_Z,_Z,0.54,A,,,,,,
AFW360_HH,SEN,SN14,2021,HE_ACCOUNTS,_Z,_Z,_T,_T,_T,_T,_T,_T,_Z,_Z,_Z,_Z,_Z,0.15,A,,,,,,
AFW360_HH,SEN,SN14,2021,HE_AGE,_Z,_Z,_T,_T,_T,_T,_T,_T,_Z,_Z,_Z,_Z,_Z,11.92,A,,,,,,
AFW360_HH,SEN,SN14,2021,HE_BUY_FIRMS,_Z,_Z,_T,_T,_T,_T,_T,_T,_Z,_Z,_Z,_Z,_Z,0.41,A,,,,,,
AFW360_HH,SEN,SN14,2021,HE_CAPITAL,_Z,_Z,_T,_T,_T,_T,_T,_T,_Z,_Z,_Z,_Z,_Z,511386.99,A,,,,,,
AFW360_HH,SEN,SN14,2021,HE_COSTS,_Z,_Z,_T,_T,_T,_T,_T,_T,_Z,_Z,_Z,_Z,_Z,64813.28,A,,,,,,
AFW360_HH,SEN,SN14,2021,HE_CREDIT_ANY,_Z,_Z,_T,_T,_T,_T,_T,_T,_Z,_Z,_Z,_Z,_Z,0.37,A,,,,,,
AFW360_HH,SEN,SN14,2021,HE_CREDIT_FORMAL,_Z,_Z,_T,_T,_T,_T,_T,_T,_Z,_Z,_Z,_Z,_Z,0.06,A,,,,,,
AFW360_HH,SEN,SN14,2021,HE_CREDIT_INFORMAL,_Z,_Z,_T,_T,_T,_T,_T,_T,_Z,_Z,_Z,_Z,_Z,0.34,A,,,,,,
AFW360_HH,SEN,SN14,2021,HE_ELEC,_Z,_Z,_T,_T,_T,_T,_T,_T,_Z,_Z,_Z,_Z,_Z,0.72,A,,,,,,
AFW360_HH,SEN,SN14,2021,HE_EMP_EXT_ANY,_Z,_Z,_T,_T,_T,_T,_T,_T,_Z,_Z,_Z,_Z,_Z,0.86,A,,,,,,LEGACY_SUSPECT: Implausible: share 0.96 while mean non-HH employees is 0.54.
AFW360_HH,SEN,SN14,2021,HE_EMP_HH_NUM,_Z,_Z,_T,_T,_T,_T,_T,_T,_Z,_Z,_Z,_Z,_Z,0.34,A,,,,,,
AFW360_HH,SEN,SN14,2021,HE_EMP_NONHH_NUM,_Z,_Z,_T,_T,_T,_T,_T,_T,_Z,_Z,_Z,_Z,_Z,0.34,A,,,,,,
AFW360_HH,SEN,SN14,2021,HE_EMP_NUM,_Z,_Z,_T,_T,_T,_T,_T,_T,_Z,_Z,_Z,_Z,_Z,1.07,A,,,,,,
AFW360_HH,SEN,SN14,2021,HE_HH_OWNER,_Z,_Z,_T,_T,_T,_T,_T,_T,_Z,_Z,_Z,_Z,_Z,0.63,A,,,,,,
AFW360_HH,SEN,SN14,2021,HE_HOME_BASED,_Z,_Z,_T,_T,_T,_T,_T,_T,_Z,_Z,_Z,_Z,_Z,0.31,A,,,,,,
AFW360_HH,SEN,SN14,2021,HE_PHONE,_Z,_Z,_T,_T,_T,_T,_T,_T,_Z,_Z,_Z,_Z,_Z,0.96,A,,,,,,
AFW360_HH,SEN,SN14,2021,HE_PREMISES_FORMAL,_Z,_Z,_T,_T,_T,_T,_T,_T,_Z,_Z,_Z,_Z,_Z,0.08,A,,,,,,
AFW360_HH,SEN,SN14,2021,HE_PROFIT,_Z,_Z,_T,_T,_T,_T,_T,_T,_Z,_Z,_Z,_Z,_Z,54037.74,A,,,,,,
AFW360_HH,SEN,SN14,2021,HE_RENT,_Z,_Z,_T,_T,_T,_T,_T,_T,_Z,_Z,_Z,_Z,_Z,1,A,,,,,,
AFW360_HH,SEN,SN14,2021,HE_REV_PER_WORKER,_Z,_Z,_T,_T,_T,_T,_T,_T,_Z,_Z,_Z,_Z,_Z,244461.46,A,,,,,,
AFW360_HH,SEN,SN14,2021,HE_SELL_FIRMS,_Z,_Z,_T,_T,_T,_T,_T,_T,_Z,_Z,_Z,_Z,_Z,0,A,,,,,,
AFW360_HH,SEN,SN14,2021,HE_TAX_ID,_Z,_Z,_T,_T,_T,_T,_T,_T,_Z,_Z,_Z,_Z,_Z,0.17,A,,,,,,
AFW360_HH,SEN,SN14,2021,HE_WATER,_Z,_Z,_T,_T,_T,_T,_T,_T,_Z,_Z,_Z,_Z,_Z,0.23,A,,,,,,
AFW360_HH,SEN,SN14,2021,HOUS_FLOOR_DURABLE,_Z,_Z,_T,_T,_T,_T,_T,_T,_Z,_Z,_Z,_Z,_Z,0.77,A,,,,,,
AFW360_HH,SEN,SN14,2021,HOUS_ROOF_DURABLE,_Z,_Z,_T,_T,_T,_T,_T,_T,_Z,_Z,_Z,_Z,_Z,0.99,A,,,,,,
AFW360_HH,SEN,SN14,2021,HOUS_SANIT_IMPROVED,_Z,_Z,_T,_T,_T,_T,_T,_T,_Z,_Z,_Z,_Z,_Z,0.47,A,,,,,,
AFW360_HH,SEN,SN14,2021,HOUS_WALL_DURABLE,_Z,_Z,_T,_T,_T,_T,_T,_T,_Z,_Z,_Z,_Z,_Z,0.85,A,,,,,,
AFW360_HH,SEN,SN14,2021,HOUS_WATER_SAFE_DRY,_Z,_Z,_T,_T,_T,_T,_T,_T,_Z,_Z,_Z,_Z,_Z,0.53,A,,,,,,
AFW360_HH,SEN,SN14,2021,POP_HE_SH,_Z,_Z,_T,HEO_MSTAT_MARRIED,_T,_T,_T,_T,_Z,_Z,_Z,_Z,_Z,0.82,A,,,,,,
AFW360_HH,SEN,SN14,2021,POP_HE_SH,_Z,_Z,_T,HEO_SEX_F,_T,_T,_T,_T,_Z,_Z,_Z,_Z,_Z,0.65,A,,,,,,
AFW360_HH,SEN,SN14,2021,POP_HH_SH,_Z,_Z,_T,HE_COUNT_0,_T,_T,_T,_T,_Z,_Z,_Z,_Z,_Z,0.19,A,,,,,,
AFW360_HH,SEN,SN14,2021,POP_HH_SH,_Z,_Z,_T,HE_COUNT_1,_T,_T,_T,_T,_Z,_Z,_Z,_Z,_Z,0.61,A,,,,,,
AFW360_HH,SEN,SN14,2021,POP_HH_SH,_Z,_Z,_T,HE_COUNT_2,_T,_T,_T,_T,_Z,_Z,_Z,_Z,_Z,0.17,A,,,,,,
AFW360_HH,SEN,SN14,2021,POP_HH_SH,_Z,_Z,_T,HE_COUNT_3,_T,_T,_T,_T,_Z,_Z,_Z,_Z,_Z,0.03,A,,,,,,
AFW360_HH,SEN,SN14,2021,POP_HH_SH,_Z,_Z,_T,HE_COUNT_4P,_T,_T,_T,_T,_Z,_Z,_Z,_Z,_Z,0,A,,,,,,
AFW360_HH,SEN,SN14,2021,POP_SH,_T,_T,_T,EMP_FORMAL_N,_T,_T,_T,_T,_Z,_Z,_Z,_Z,_Z,0.63,A,,,,,,
AFW360_HH,SEN,SN14,2021,POP_SH,_T,_T,_T,EMP_ISIC_G,_T,_T,_T,_T,_Z,_Z,_Z,_Z,_Z,0.15,A,,,,,,
AFW360_HH,SEN,SN14,2021,POP_SH,_T,_T,_T,EMP_ISIC_H,_T,_T,_T,_T,_Z,_Z,_Z,_Z,_Z,0.09,A,,,,,,
AFW360_HH,SEN,SN14,2021,POP_SH,_T,_T,_T,EMP_SECTOR_AGR,_T,_T,_T,_T,_Z,_Z,_Z,_Z,_Z,0.24,A,,,,,,
AFW360_HH,SEN,SN14,2021,POP_SH,_T,_T,_T,EMP_SECTOR_IND,_T,_T,_T,_T,_Z,_Z,_Z,_Z,_Z,0.3,A,,,,,,
AFW360_HH,SEN,SN14,2021,POP_SH,_T,_T,_T,EMP_SECTOR_SER,_T,_T,_T,_T,_Z,_Z,_Z,_Z,_Z,0.46,A,,,,,,
AFW360_HH,SEN,SN14,2021,POP_SH,_T,_T,_T,EMP_STATUS_EMPLOYED,_T,_T,_T,_T,_Z,_Z,_Z,_Z,_Z,0.49,A,,,,,,
AFW360_HH,SEN,SN14,2021,POP_SH,_T,_T,_T,EMP_TYPE_NONWAGE,_T,_T,_T,_T,_Z,_Z,_Z,_Z,_Z,0.62,A,,,,,,
AFW360_HH,SEN,SN14,2021,POP_SH,_T,_T,_T,EMP_TYPE_WAGE,_T,_T,_T,_T,_Z,_Z,_Z,_Z,_Z,0.38,A,,,,,,
AFW360_HH,SEN,SN14,2021,POV_HC,_T,_T,_T,_T,_T,_T,_T,_T,POVLINE_PL300,PPP_2021,_Z,_Z,_Z,0.18,A,,,,,,
AFW360_HH,SEN,SN14,2021,POV_HC,_T,_T,_T,_T,_T,_T,_T,_T,POVLINE_PL420,PPP_2021,_Z,_Z,_Z,0.51,A,,,,,,
AFW360_HH,SEN,SN14,2021,POV_NUM,_T,_T,_T,_T,_T,_T,_T,_T,POVLINE_PL300,PPP_2021,_Z,_Z,_Z,130000,A,,,,,,
AFW360_HH,SEN,SN14,2021,POV_NUM,_T,_T,_T,_T,_T,_T,_T,_T,POVLINE_PL420,PPP_2021,_Z,_Z,_Z,370000,A,,,,,,
AFW360_HH,SEN,SN14,2021,SHK_ANY,_Z,_Z,_T,_T,_T,_T,_T,_T,_Z,_Z,_Z,_Z,_Z,0.46,A,,,,,,
AFW360_HH,SEN,SN14,2021,SHK_COV_CONFLICT,_Z,_Z,_T,_T,_T,_T,_T,_T,_Z,_Z,_Z,_Z,_Z,0.02,A,,,,,,
AFW360_HH,SEN,SN14,2021,SHK_COV_ECON,_Z,_Z,_T,_T,_T,_T,_T,_T,_Z,_Z,_Z,_Z,_Z,0.18,A,,,,,,
AFW360_HH,SEN,SN14,2021,SHK_COV_NATURAL,_Z,_Z,_T,_T,_T,_T,_T,_T,_Z,_Z,_Z,_Z,_Z,0.14,A,,,,,,
AFW360_HH,SEN,SN14,2021,SHK_IDIO_ECON,_Z,_Z,_T,_T,_T,_T,_T,_T,_Z,_Z,_Z,_Z,_Z,0.14,A,,,,,,
AFW360_HH,SEN,SN14,2021,SP_HEALTH_COV,_T,_T,_T,_T,_T,_T,_T,_T,_Z,_Z,_Z,_Z,_Z,0.01,A,,,,,,
AFW360_HH,SEN,SN14,2021,SP_HEALTH_COV_HH,_Z,_Z,_T,_T,_T,_T,_T,_T,_Z,_Z,_Z,_Z,_Z,0.02,A,,,,,,
AFW360_HH,SEN,SN_ZONES01,2021,AGR_CULTIVATES,_Z,_Z,_T,_T,_T,_T,_T,_T,_Z,_Z,_Z,_Z,_Z,0.01,A,,,,,,
AFW360_HH,SEN,SN_ZONES01,2021,AGR_CULT_AREA,_Z,_Z,_T,_T,_T,_T,_T,_T,_Z,_Z,_Z,_Z,_Z,0.66,A,,,,,,
AFW360_HH,SEN,SN_ZONES01,2021,AGR_LIVESTOCK_ANY,_Z,_Z,_T,_T,_T,_T,_T,_T,_Z,_Z,_Z,_Z,_Z,0.26,A,,,,,,
AFW360_HH,SEN,SN_ZONES01,2021,AGR_TLU,_Z,_Z,_T,_T,_T,_T,_T,_T,_Z,_Z,_Z,_Z,_Z,0.18,A,,,,,,
AFW360_HH,SEN,SN_ZONES01,2021,CONS_SH,_Z,_Z,_T,_T,_T,_T,_T,_T,COICOP_CP01,ACQ_OWNPROD,_Z,_Z,_Z,0,A,,,,,,
AFW360_HH,SEN,SN_ZONES01,2021,CONS_SH,_Z,_Z,_T,_T,_T,_T,_T,_T,COICOP_CP01,ACQ_PURCH,_Z,_Z,_Z,0.31,A,,,,,,
AFW360_HH,SEN,SN_ZONES01,2021,CONS_SH,_Z,_Z,_T,_T,_T,_T,_T,_T,COICOP_CP01,_Z,_Z,_Z,_Z,0.33,A,,,,,,
AFW360_HH,SEN,SN_ZONES01,2021,CONS_SH,_Z,_Z,_T,_T,_T,_T,_T,_T,COICOP_CP02,_Z,_Z,_Z,_Z,0,A,,,,,,
AFW360_HH,SEN,SN_ZONES01,2021,CONS_SH,_Z,_Z,_T,_T,_T,_T,_T,_T,COICOP_CP03,_Z,_Z,_Z,_Z,0.05,A,,,,,,
AFW360_HH,SEN,SN_ZONES01,2021,CONS_SH,_Z,_Z,_T,_T,_T,_T,_T,_T,COICOP_CP04,_Z,_Z,_Z,_Z,0.19,A,,,,,,
AFW360_HH,SEN,SN_ZONES01,2021,CONS_SH,_Z,_Z,_T,_T,_T,_T,_T,_T,COICOP_CP05,_Z,_Z,_Z,_Z,0.06,A,,,,,,
AFW360_HH,SEN,SN_ZONES01,2021,CONS_SH,_Z,_Z,_T,_T,_T,_T,_T,_T,COICOP_CP06,_Z,_Z,_Z,_Z,0.03,A,,,,,,
AFW360_HH,SEN,SN_ZONES01,2021,CONS_SH,_Z,_Z,_T,_T,_T,_T,_T,_T,COICOP_CP07,_Z,_Z,_Z,_Z,0.05,A,,,,,,
AFW360_HH,SEN,SN_ZONES01,2021,CONS_SH,_Z,_Z,_T,_T,_T,_T,_T,_T,COICOP_CP08,_Z,_Z,_Z,_Z,0.07,A,,,,,,
AFW360_HH,SEN,SN_ZONES01,2021,CONS_SH,_Z,_Z,_T,_T,_T,_T,_T,_T,COICOP_CP09,_Z,_Z,_Z,_Z,0,A,,,,,,
AFW360_HH,SEN,SN_ZONES01,2021,CONS_SH,_Z,_Z,_T,_T,_T,_T,_T,_T,COICOP_CP10,_Z,_Z,_Z,_Z,0.03,A,,,,,,
AFW360_HH,SEN,SN_ZONES01,2021,CONS_SH,_Z,_Z,_T,_T,_T,_T,_T,_T,COICOP_CP11,_Z,_Z,_Z,_Z,0.15,A,,,,,,
AFW360_HH,SEN,SN_ZONES01,2021,CONS_SH,_Z,_Z,_T,_T,_T,_T,_T,_T,COICOP_CP12,_Z,_Z,_Z,_Z,0,A,,,,,,
AFW360_HH,SEN,SN_ZONES01,2021,CONS_SH,_Z,_Z,_T,_T,_T,_T,_T,_T,COICOP_CP13,_Z,_Z,_Z,_Z,0.03,A,,,,,,
AFW360_HH,SEN,SN_ZONES01,2021,EN_ASSET_AC,_Z,_Z,_T,_T,_T,_T,_T,_T,_Z,_Z,_Z,_Z,_Z,0.02,A,,,,,,
AFW360_HH,SEN,SN_ZONES01,2021,EN_ASSET_COOKER,_Z,_Z,_T,_T,_T,_T,_T,_T,_Z,_Z,_Z,_Z,_Z,0.14,A,,,,,,
AFW360_HH,SEN,SN_ZONES01,2021,EN_ASSET_FAN,_Z,_Z,_T,_T,_T,_T,_T,_T,_Z,_Z,_Z,_Z,_Z,0.03,A,,,,,,
AFW360_HH,SEN,SN_ZONES01,2021,EN_ASSET_WATER_HEATER,_Z,_Z,_T,_T,_T,_T,_T,_T,_Z,_Z,_Z,_Z,_Z,0.03,A,,,,,,
AFW360_HH,SEN,SN_ZONES01,2021,EN_COOK_BIOMASS,_Z,_Z,_T,_T,_T,_T,_T,_T,_Z,_Z,_Z,_Z,_Z,0.26,A,,,,,,
AFW360_HH,SEN,SN_ZONES01,2021,EN_COOK_CLEAN,_Z,_Z,_T,_T,_T,_T,_T,_T,_Z,_Z,_Z,_Z,_Z,0.6,A,,,,,,LEGACY_SUSPECT: Implausible pattern: higher in Rural and Q1 than in Capital and Q4.
AFW360_HH,SEN,SN_ZONES01,2021,EN_ELEC_ACCESS,_Z,_Z,_T,_T,_T,_T,_T,_T,_Z,_Z,_Z,_Z,_Z,0.97,A,,,,,,
AFW360_HH,SEN,SN_ZONES01,2021,EN_ELEC_INFORMAL,_Z,_Z,_T,_T,_T,_T,_T,_T,_Z,_Z,_Z,_Z,_Z,0.01,A,,,,,,
AFW360_HH,SEN,SN_ZONES01,2021,EN_ELEC_SPEND,_Z,_Z,_T,_T,_T,_T,_T,_T,_Z,_Z,_Z,_Z,_Z,10796.67,A,,,,,,
AFW360_HH,SEN,SN_ZONES01,2021,EN_GRID_CONN,_Z,_Z,_T,_T,_T,_T,_T,_T,_Z,_Z,_Z,_Z,_Z,0.99,A,,,,,,"LEGACY_SUSPECT: Implausible: 0.96-1.00 in every cell, including Q1 and Rural."
AFW360_HH,SEN,SN_ZONES01,2021,EN_GRID_USE,_Z,_Z,_T,_T,_T,_T,_T,_T,_Z,_Z,_Z,_Z,_Z,0.95,A,,,,,,
AFW360_HH,SEN,SN_ZONES01,2021,EN_LIGHT_IMPROVED,_Z,_Z,_T,_T,_T,_T,_T,_T,_Z,_Z,_Z,_Z,_Z,1,A,,,,,,
AFW360_HH,SEN,SN_ZONES01,2021,EN_OFFGRID_USE,_Z,_Z,_T,_T,_T,_T,_T,_T,_Z,_Z,_Z,_Z,_Z,0.04,A,,,,,,
AFW360_HH,SEN,SN_ZONES01,2021,EN_OUTAGE_ANY,_Z,_Z,_T,_T,_T,_T,_T,_T,_Z,_Z,_Z,_Z,_Z,0.37,A,,,,,,
AFW360_HH,SEN,SN_ZONES01,2021,EN_OUTAGE_DAYS,_Z,_Z,_T,_T,_T,_T,_T,_T,_Z,_Z,_Z,_Z,_Z,2.72,A,,,,,,
AFW360_HH,SEN,SN_ZONES01,2021,EN_OUTAGE_DUR_CODE,_Z,_Z,_T,_T,_T,_T,_T,_T,_Z,_Z,_Z,_Z,_Z,1.78,A,,,,,,
AFW360_HH,SEN,SN_ZONES01,2021,EN_PREPAID_METER,_Z,_Z,_T,_T,_T,_T,_T,_T,_Z,_Z,_Z,_Z,_Z,0.49,A,,,,,,
AFW360_HH,SEN,SN_ZONES01,2021,HE_ACCOUNTS,_Z,_Z,_T,_T,_T,_T,_T,_T,_Z,_Z,_Z,_Z,_Z,0.01,A,,,,,,
AFW360_HH,SEN,SN_ZONES01,2021,HE_AGE,_Z,_Z,_T,_T,_T,_T,_T,_T,_Z,_Z,_Z,_Z,_Z,10.9,A,,,,,,
AFW360_HH,SEN,SN_ZONES01,2021,HE_BUY_FIRMS,_Z,_Z,_T,_T,_T,_T,_T,_T,_Z,_Z,_Z,_Z,_Z,0.23,A,,,,,,
AFW360_HH,SEN,SN_ZONES01,2021,HE_CAPITAL,_Z,_Z,_T,_T,_T,_T,_T,_T,_Z,_Z,_Z,_Z,_Z,3072975.7200000002,A,,,,,,
AFW360_HH,SEN,SN_ZONES01,2021,HE_COSTS,_Z,_Z,_T,_T,_T,_T,_T,_T,_Z,_Z,_Z,_Z,_Z,100619.09,A,,,,,,
AFW360_HH,SEN,SN_ZONES01,2021,HE_CREDIT_ANY,_Z,_Z,_T,_T,_T,_T,_T,_T,_Z,_Z,_Z,_Z,_Z,0.14,A,,,,,,
AFW360_HH,SEN,SN_ZONES01,2021,HE_CREDIT_FORMAL,_Z,_Z,_T,_T,_T,_T,_T,_T,_Z,_Z,_Z,_Z,_Z,0,A,,,,,,
AFW360_HH,SEN,SN_ZONES01,2021,HE_CREDIT_INFORMAL,_Z,_Z,_T,_T,_T,_T,_T,_T,_Z,_Z,_Z,_Z,_Z,0.14,A,,,,,,
AFW360_HH,SEN,SN_ZONES01,2021,HE_ELEC,_Z,_Z,_T,_T,_T,_T,_T,_T,_Z,_Z,_Z,_Z,_Z,0.62,A,,,,,,
AFW360_HH,SEN,SN_ZONES01,2021,HE_EMP_EXT_ANY,_Z,_Z,_T,_T,_T,_T,_T,_T,_Z,_Z,_Z,_Z,_Z,0.9,A,,,,,,LEGACY_SUSPECT: Implausible: share 0.96 while mean non-HH employees is 0.54.
AFW360_HH,SEN,SN_ZONES01,2021,HE_EMP_HH_NUM,_Z,_Z,_T,_T,_T,_T,_T,_T,_Z,_Z,_Z,_Z,_Z,0.27,A,,,,,,
AFW360_HH,SEN,SN_ZONES01,2021,HE_EMP_NONHH_NUM,_Z,_Z,_T,_T,_T,_T,_T,_T,_Z,_Z,_Z,_Z,_Z,1.07,A,,,,,,
AFW360_HH,SEN,SN_ZONES01,2021,HE_EMP_NUM,_Z,_Z,_T,_T,_T,_T,_T,_T,_Z,_Z,_Z,_Z,_Z,1.81,A,,,,,,
AFW360_HH,SEN,SN_ZONES01,2021,HE_HH_OWNER,_Z,_Z,_T,_T,_T,_T,_T,_T,_Z,_Z,_Z,_Z,_Z,0.7,A,,,,,,
AFW360_HH,SEN,SN_ZONES01,2021,HE_HOME_BASED,_Z,_Z,_T,_T,_T,_T,_T,_T,_Z,_Z,_Z,_Z,_Z,0.18,A,,,,,,
AFW360_HH,SEN,SN_ZONES01,2021,HE_PHONE,_Z,_Z,_T,_T,_T,_T,_T,_T,_Z,_Z,_Z,_Z,_Z,1,A,,,,,,
AFW360_HH,SEN,SN_ZONES01,2021,HE_PREMISES_FORMAL,_Z,_Z,_T,_T,_T,_T,_T,_T,_Z,_Z,_Z,_Z,_Z,0.62,A,,,,,,
AFW360_HH,SEN,SN_ZONES01,2021,HE_PROFIT,_Z,_Z,_T,_T,_T,_T,_T,_T,_Z,_Z,_Z,_Z,_Z,128498.37,A,,,,,,
AFW360_HH,SEN,SN_ZONES01,2021,HE_RENT,_Z,_Z,_T,_T,_T,_T,_T,_T,_Z,_Z,_Z,_Z,_Z,0.73,A,,,,,,
AFW360_HH,SEN,SN_ZONES01,2021,HE_REV_PER_WORKER,_Z,_Z,_T,_T,_T,_T,_T,_T,_Z,_Z,_Z,_Z,_Z,313096.07,A,,,,,,
AFW360_HH,SEN,SN_ZONES01,2021,HE_SELL_FIRMS,_Z,_Z,_T,_T,_T,_T,_T,_T,_Z,_Z,_Z,_Z,_Z,0,A,,,,,,
AFW360_HH,SEN,SN_ZONES01,2021,HE_TAX_ID,_Z,_Z,_T,_T,_T,_T,_T,_T,_Z,_Z,_Z,_Z,_Z,0.02,A,,,,,,
AFW360_HH,SEN,SN_ZONES01,2021,HE_WATER,_Z,_Z,_T,_T,_T,_T,_T,_T,_Z,_Z,_Z,_Z,_Z,0.33,A,,,,,,
AFW360_HH,SEN,SN_ZONES01,2021,HOUS_FLOOR_DURABLE,_Z,_Z,_T,_T,_T,_T,_T,_T,_Z,_Z,_Z,_Z,_Z,0.96,A,,,,,,
AFW360_HH,SEN,SN_ZONES01,2021,HOUS_ROOF_DURABLE,_Z,_Z,_T,_T,_T,_T,_T,_T,_Z,_Z,_Z,_Z,_Z,0.99,A,,,,,,
AFW360_HH,SEN,SN_ZONES01,2021,HOUS_SANIT_IMPROVED,_Z,_Z,_T,_T,_T,_T,_T,_T,_Z,_Z,_Z,_Z,_Z,0.95,A,,,,,,
AFW360_HH,SEN,SN_ZONES01,2021,HOUS_WALL_DURABLE,_Z,_Z,_T,_T,_T,_T,_T,_T,_Z,_Z,_Z,_Z,_Z,0.99,A,,,,,,
AFW360_HH,SEN,SN_ZONES01,2021,HOUS_WATER_SAFE_DRY,_Z,_Z,_T,_T,_T,_T,_T,_T,_Z,_Z,_Z,_Z,_Z,0.98,A,,,,,,
AFW360_HH,SEN,SN_ZONES01,2021,POP_HE_SH,_Z,_Z,_T,HEO_MSTAT_MARRIED,_T,_T,_T,_T,_Z,_Z,_Z,_Z,_Z,0.92,A,,,,,,
AFW360_HH,SEN,SN_ZONES01,2021,POP_HE_SH,_Z,_Z,_T,HEO_SEX_F,_T,_T,_T,_T,_Z,_Z,_Z,_Z,_Z,0.36,A,,,,,,
AFW360_HH,SEN,SN_ZONES01,2021,POP_HH_SH,_Z,_Z,_T,HE_COUNT_0,_T,_T,_T,_T,_Z,_Z,_Z,_Z,_Z,0.41,A,,,,,,
AFW360_HH,SEN,SN_ZONES01,2021,POP_HH_SH,_Z,_Z,_T,HE_COUNT_1,_T,_T,_T,_T,_Z,_Z,_Z,_Z,_Z,0.57,A,,,,,,
AFW360_HH,SEN,SN_ZONES01,2021,POP_HH_SH,_Z,_Z,_T,HE_COUNT_2,_T,_T,_T,_T,_Z,_Z,_Z,_Z,_Z,0,A,,,,,,
AFW360_HH,SEN,SN_ZONES01,2021,POP_HH_SH,_Z,_Z,_T,HE_COUNT_3,_T,_T,_T,_T,_Z,_Z,_Z,_Z,_Z,0.01,A,,,,,,
AFW360_HH,SEN,SN_ZONES01,2021,POP_HH_SH,_Z,_Z,_T,HE_COUNT_4P,_T,_T,_T,_T,_Z,_Z,_Z,_Z,_Z,0,A,,,,,,
AFW360_HH,SEN,SN_ZONES01,2021,POP_SH,_T,_T,_T,EMP_FORMAL_N,_T,_T,_T,_T,_Z,_Z,_Z,_Z,_Z,0.48,A,,,,,,
AFW360_HH,SEN,SN_ZONES01,2021,POP_SH,_T,_T,_T,EMP_ISIC_G,_T,_T,_T,_T,_Z,_Z,_Z,_Z,_Z,0.22,A,,,,,,
AFW360_HH,SEN,SN_ZONES01,2021,POP_SH,_T,_T,_T,EMP_ISIC_H,_T,_T,_T,_T,_Z,_Z,_Z,_Z,_Z,0.07,A,,,,,,
AFW360_HH,SEN,SN_ZONES01,2021,POP_SH,_T,_T,_T,EMP_SECTOR_AGR,_T,_T,_T,_T,_Z,_Z,_Z,_Z,_Z,0.03,A,,,,,,
AFW360_HH,SEN,SN_ZONES01,2021,POP_SH,_T,_T,_T,EMP_SECTOR_IND,_T,_T,_T,_T,_Z,_Z,_Z,_Z,_Z,0.32,A,,,,,,
AFW360_HH,SEN,SN_ZONES01,2021,POP_SH,_T,_T,_T,EMP_SECTOR_SER,_T,_T,_T,_T,_Z,_Z,_Z,_Z,_Z,0.65,A,,,,,,
AFW360_HH,SEN,SN_ZONES01,2021,POP_SH,_T,_T,_T,EMP_STATUS_EMPLOYED,_T,_T,_T,_T,_Z,_Z,_Z,_Z,_Z,0.56,A,,,,,,
AFW360_HH,SEN,SN_ZONES01,2021,POP_SH,_T,_T,_T,EMP_TYPE_NONWAGE,_T,_T,_T,_T,_Z,_Z,_Z,_Z,_Z,0.5,A,,,,,,
AFW360_HH,SEN,SN_ZONES01,2021,POP_SH,_T,_T,_T,EMP_TYPE_WAGE,_T,_T,_T,_T,_Z,_Z,_Z,_Z,_Z,0.5,A,,,,,,
AFW360_HH,SEN,SN_ZONES01,2021,POV_HC,_T,_T,_T,_T,_T,_T,_T,_T,POVLINE_PL300,PPP_2021,_Z,_Z,_Z,0,A,,,,,,
AFW360_HH,SEN,SN_ZONES01,2021,POV_HC,_T,_T,_T,_T,_T,_T,_T,_T,POVLINE_PL420,PPP_2021,_Z,_Z,_Z,0.03,A,,,,,,
AFW360_HH,SEN,SN_ZONES01,2021,POV_NUM,_T,_T,_T,_T,_T,_T,_T,_T,POVLINE_PL300,PPP_2021,_Z,_Z,_Z,20000,A,,,,,,
AFW360_HH,SEN,SN_ZONES01,2021,POV_NUM,_T,_T,_T,_T,_T,_T,_T,_T,POVLINE_PL420,PPP_2021,_Z,_Z,_Z,130000,A,,,,,,
AFW360_HH,SEN,SN_ZONES01,2021,SHK_ANY,_Z,_Z,_T,_T,_T,_T,_T,_T,_Z,_Z,_Z,_Z,_Z,0.54,A,,,,,,
AFW360_HH,SEN,SN_ZONES01,2021,SHK_COV_CONFLICT,_Z,_Z,_T,_T,_T,_T,_T,_T,_Z,_Z,_Z,_Z,_Z,0,A,,,,,,
AFW360_HH,SEN,SN_ZONES01,2021,SHK_COV_ECON,_Z,_Z,_T,_T,_T,_T,_T,_T,_Z,_Z,_Z,_Z,_Z,0.28,A,,,,,,
AFW360_HH,SEN,SN_ZONES01,2021,SHK_COV_NATURAL,_Z,_Z,_T,_T,_T,_T,_T,_T,_Z,_Z,_Z,_Z,_Z,0.1,A,,,,,,
AFW360_HH,SEN,SN_ZONES01,2021,SHK_IDIO_ECON,_Z,_Z,_T,_T,_T,_T,_T,_T,_Z,_Z,_Z,_Z,_Z,0.11,A,,,,,,
AFW360_HH,SEN,SN_ZONES01,2021,SP_HEALTH_COV,_T,_T,_T,_T,_T,_T,_T,_T,_Z,_Z,_Z,_Z,_Z,0.05,A,,,,,,
AFW360_HH,SEN,SN_ZONES01,2021,SP_HEALTH_COV_HH,_Z,_Z,_T,_T,_T,_T,_T,_T,_Z,_Z,_Z,_Z,_Z,0.13,A,,,,,,
AFW360_HH,SEN,SN_ZONES02,2021,AGR_CULTIVATES,_Z,_Z,_T,_T,_T,_T,_T,_T,_Z,_Z,_Z,_Z,_Z,0.7,A,,,,,,
AFW360_HH,SEN,SN_ZONES02,2021,AGR_CULT_AREA,_Z,_Z,_T,_T,_T,_T,_T,_T,_Z,_Z,_Z,_Z,_Z,4.7,A,,,,,,
AFW360_HH,SEN,SN_ZONES02,2021,AGR_LIVESTOCK_ANY,_Z,_Z,_T,_T,_T,_T,_T,_T,_Z,_Z,_Z,_Z,_Z,0.79,A,,,,,,
AFW360_HH,SEN,SN_ZONES02,2021,AGR_TLU,_Z,_Z,_T,_T,_T,_T,_T,_T,_Z,_Z,_Z,_Z,_Z,4.13,A,,,,,,
AFW360_HH,SEN,SN_ZONES02,2021,CONS_SH,_Z,_Z,_T,_T,_T,_T,_T,_T,COICOP_CP01,ACQ_OWNPROD,_Z,_Z,_Z,0.07,A,,,,,,
AFW360_HH,SEN,SN_ZONES02,2021,CONS_SH,_Z,_Z,_T,_T,_T,_T,_T,_T,COICOP_CP01,ACQ_PURCH,_Z,_Z,_Z,0.39,A,,,,,,
AFW360_HH,SEN,SN_ZONES02,2021,CONS_SH,_Z,_Z,_T,_T,_T,_T,_T,_T,COICOP_CP01,_Z,_Z,_Z,_Z,0.49,A,,,,,,
AFW360_HH,SEN,SN_ZONES02,2021,CONS_SH,_Z,_Z,_T,_T,_T,_T,_T,_T,COICOP_CP02,_Z,_Z,_Z,_Z,0,A,,,,,,
AFW360_HH,SEN,SN_ZONES02,2021,CONS_SH,_Z,_Z,_T,_T,_T,_T,_T,_T,COICOP_CP03,_Z,_Z,_Z,_Z,0.06,A,,,,,,
AFW360_HH,SEN,SN_ZONES02,2021,CONS_SH,_Z,_Z,_T,_T,_T,_T,_T,_T,COICOP_CP04,_Z,_Z,_Z,_Z,0.17,A,,,,,,
AFW360_HH,SEN,SN_ZONES02,2021,CONS_SH,_Z,_Z,_T,_T,_T,_T,_T,_T,COICOP_CP05,_Z,_Z,_Z,_Z,0.06,A,,,,,,
AFW360_HH,SEN,SN_ZONES02,2021,CONS_SH,_Z,_Z,_T,_T,_T,_T,_T,_T,COICOP_CP06,_Z,_Z,_Z,_Z,0.03,A,,,,,,
AFW360_HH,SEN,SN_ZONES02,2021,CONS_SH,_Z,_Z,_T,_T,_T,_T,_T,_T,COICOP_CP07,_Z,_Z,_Z,_Z,0.03,A,,,,,,
AFW360_HH,SEN,SN_ZONES02,2021,CONS_SH,_Z,_Z,_T,_T,_T,_T,_T,_T,COICOP_CP08,_Z,_Z,_Z,_Z,0.06,A,,,,,,
AFW360_HH,SEN,SN_ZONES02,2021,CONS_SH,_Z,_Z,_T,_T,_T,_T,_T,_T,COICOP_CP09,_Z,_Z,_Z,_Z,0,A,,,,,,
AFW360_HH,SEN,SN_ZONES02,2021,CONS_SH,_Z,_Z,_T,_T,_T,_T,_T,_T,COICOP_CP10,_Z,_Z,_Z,_Z,0.01,A,,,,,,
AFW360_HH,SEN,SN_ZONES02,2021,CONS_SH,_Z,_Z,_T,_T,_T,_T,_T,_T,COICOP_CP11,_Z,_Z,_Z,_Z,0.08,A,,,,,,
AFW360_HH,SEN,SN_ZONES02,2021,CONS_SH,_Z,_Z,_T,_T,_T,_T,_T,_T,COICOP_CP12,_Z,_Z,_Z,_Z,0,A,,,,,,
AFW360_HH,SEN,SN_ZONES02,2021,CONS_SH,_Z,_Z,_T,_T,_T,_T,_T,_T,COICOP_CP13,_Z,_Z,_Z,_Z,0.02,A,,,,,,
AFW360_HH,SEN,SN_ZONES02,2021,EN_ASSET_AC,_Z,_Z,_T,_T,_T,_T,_T,_T,_Z,_Z,_Z,_Z,_Z,0,A,,,,,,
AFW360_HH,SEN,SN_ZONES02,2021,EN_ASSET_COOKER,_Z,_Z,_T,_T,_T,_T,_T,_T,_Z,_Z,_Z,_Z,_Z,0.01,A,,,,,,
AFW360_HH,SEN,SN_ZONES02,2021,EN_ASSET_FAN,_Z,_Z,_T,_T,_T,_T,_T,_T,_Z,_Z,_Z,_Z,_Z,0.02,A,,,,,,
AFW360_HH,SEN,SN_ZONES02,2021,EN_ASSET_WATER_HEATER,_Z,_Z,_T,_T,_T,_T,_T,_T,_Z,_Z,_Z,_Z,_Z,0,A,,,,,,
AFW360_HH,SEN,SN_ZONES02,2021,EN_COOK_BIOMASS,_Z,_Z,_T,_T,_T,_T,_T,_T,_Z,_Z,_Z,_Z,_Z,0.19,A,,,,,,
AFW360_HH,SEN,SN_ZONES02,2021,EN_COOK_CLEAN,_Z,_Z,_T,_T,_T,_T,_T,_T,_Z,_Z,_Z,_Z,_Z,0.79,A,,,,,,LEGACY_SUSPECT: Implausible pattern: higher in Rural and Q1 than in Capital and Q4.
AFW360_HH,SEN,SN_ZONES02,2021,EN_ELEC_ACCESS,_Z,_Z,_T,_T,_T,_T,_T,_T,_Z,_Z,_Z,_Z,_Z,0.57,A,,,,,,
AFW360_HH,SEN,SN_ZONES02,2021,EN_ELEC_INFORMAL,_Z,_Z,_T,_T,_T,_T,_T,_T,_Z,_Z,_Z,_Z,_Z,0.01,A,,,,,,
AFW360_HH,SEN,SN_ZONES02,2021,EN_ELEC_SPEND,_Z,_Z,_T,_T,_T,_T,_T,_T,_Z,_Z,_Z,_Z,_Z,10738.64,A,,,,,,
AFW360_HH,SEN,SN_ZONES02,2021,EN_GRID_CONN,_Z,_Z,_T,_T,_T,_T,_T,_T,_Z,_Z,_Z,_Z,_Z,0.98,A,,,,,,"LEGACY_SUSPECT: Implausible: 0.96-1.00 in every cell, including Q1 and Rural."
AFW360_HH,SEN,SN_ZONES02,2021,EN_GRID_USE,_Z,_Z,_T,_T,_T,_T,_T,_T,_Z,_Z,_Z,_Z,_Z,0.52,A,,,,,,
AFW360_HH,SEN,SN_ZONES02,2021,EN_LIGHT_IMPROVED,_Z,_Z,_T,_T,_T,_T,_T,_T,_Z,_Z,_Z,_Z,_Z,0.95,A,,,,,,
AFW360_HH,SEN,SN_ZONES02,2021,EN_OFFGRID_USE,_Z,_Z,_T,_T,_T,_T,_T,_T,_Z,_Z,_Z,_Z,_Z,0.24,A,,,,,,
AFW360_HH,SEN,SN_ZONES02,2021,EN_OUTAGE_ANY,_Z,_Z,_T,_T,_T,_T,_T,_T,_Z,_Z,_Z,_Z,_Z,0.39,A,,,,,,
AFW360_HH,SEN,SN_ZONES02,2021,EN_OUTAGE_DAYS,_Z,_Z,_T,_T,_T,_T,_T,_T,_Z,_Z,_Z,_Z,_Z,1.86,A,,,,,,
AFW360_HH,SEN,SN_ZONES02,2021,EN_OUTAGE_DUR_CODE,_Z,_Z,_T,_T,_T,_T,_T,_T,_Z,_Z,_Z,_Z,_Z,1.7,A,,,,,,
AFW360_HH,SEN,SN_ZONES02,2021,EN_PREPAID_METER,_Z,_Z,_T,_T,_T,_T,_T,_T,_Z,_Z,_Z,_Z,_Z,0.28,A,,,,,,
AFW360_HH,SEN,SN_ZONES02,2021,HE_ACCOUNTS,_Z,_Z,_T,_T,_T,_T,_T,_T,_Z,_Z,_Z,_Z,_Z,0.04,A,,,,,,
AFW360_HH,SEN,SN_ZONES02,2021,HE_AGE,_Z,_Z,_T,_T,_T,_T,_T,_T,_Z,_Z,_Z,_Z,_Z,10,A,,,,,,
AFW360_HH,SEN,SN_ZONES02,2021,HE_BUY_FIRMS,_Z,_Z,_T,_T,_T,_T,_T,_T,_Z,_Z,_Z,_Z,_Z,0.18,A,,,,,,
AFW360_HH,SEN,SN_ZONES02,2021,HE_CAPITAL,_Z,_Z,_T,_T,_T,_T,_T,_T,_Z,_Z,_Z,_Z,_Z,1110337.54,A,,,,,,
AFW360_HH,SEN,SN_ZONES02,2021,HE_COSTS,_Z,_Z,_T,_T,_T,_T,_T,_T,_Z,_Z,_Z,_Z,_Z,33511.27,A,,,,,,
AFW360_HH,SEN,SN_ZONES02,2021,HE_CREDIT_ANY,_Z,_Z,_T,_T,_T,_T,_T,_T,_Z,_Z,_Z,_Z,_Z,0.36,A,,,,,,
AFW360_HH,SEN,SN_ZONES02,2021,HE_CREDIT_FORMAL,_Z,_Z,_T,_T,_T,_T,_T,_T,_Z,_Z,_Z,_Z,_Z,0.12,A,,,,,,
AFW360_HH,SEN,SN_ZONES02,2021,HE_CREDIT_INFORMAL,_Z,_Z,_T,_T,_T,_T,_T,_T,_Z,_Z,_Z,_Z,_Z,0.28,A,,,,,,
AFW360_HH,SEN,SN_ZONES02,2021,HE_ELEC,_Z,_Z,_T,_T,_T,_T,_T,_T,_Z,_Z,_Z,_Z,_Z,0.92,A,,,,,,
AFW360_HH,SEN,SN_ZONES02,2021,HE_EMP_EXT_ANY,_Z,_Z,_T,_T,_T,_T,_T,_T,_Z,_Z,_Z,_Z,_Z,0.98,A,,,,,,LEGACY_SUSPECT: Implausible: share 0.96 while mean non-HH employees is 0.54.
AFW360_HH,SEN,SN_ZONES02,2021,HE_EMP_HH_NUM,_Z,_Z,_T,_T,_T,_T,_T,_T,_Z,_Z,_Z,_Z,_Z,0.2,A,,,,,,
AFW360_HH,SEN,SN_ZONES02,2021,HE_EMP_NONHH_NUM,_Z,_Z,_T,_T,_T,_T,_T,_T,_Z,_Z,_Z,_Z,_Z,0.83,A,,,,,,
AFW360_HH,SEN,SN_ZONES02,2021,HE_EMP_NUM,_Z,_Z,_T,_T,_T,_T,_T,_T,_Z,_Z,_Z,_Z,_Z,2.07,A,,,,,,
AFW360_HH,SEN,SN_ZONES02,2021,HE_HH_OWNER,_Z,_Z,_T,_T,_T,_T,_T,_T,_Z,_Z,_Z,_Z,_Z,0.55,A,,,,,,
AFW360_HH,SEN,SN_ZONES02,2021,HE_HOME_BASED,_Z,_Z,_T,_T,_T,_T,_T,_T,_Z,_Z,_Z,_Z,_Z,0.47,A,,,,,,
AFW360_HH,SEN,SN_ZONES02,2021,HE_PHONE,_Z,_Z,_T,_T,_T,_T,_T,_T,_Z,_Z,_Z,_Z,_Z,0.98,A,,,,,,
AFW360_HH,SEN,SN_ZONES02,2021,HE_PREMISES_FORMAL,_Z,_Z,_T,_T,_T,_T,_T,_T,_Z,_Z,_Z,_Z,_Z,0.22,A,,,,,,
AFW360_HH,SEN,SN_ZONES02,2021,HE_PROFIT,_Z,_Z,_T,_T,_T,_T,_T,_T,_Z,_Z,_Z,_Z,_Z,46594.6,A,,,,,,
AFW360_HH,SEN,SN_ZONES02,2021,HE_RENT,_Z,_Z,_T,_T,_T,_T,_T,_T,_Z,_Z,_Z,_Z,_Z,0.85,A,,,,,,
AFW360_HH,SEN,SN_ZONES02,2021,HE_REV_PER_WORKER,_Z,_Z,_T,_T,_T,_T,_T,_T,_Z,_Z,_Z,_Z,_Z,287113.58,A,,,,,,
AFW360_HH,SEN,SN_ZONES02,2021,HE_SELL_FIRMS,_Z,_Z,_T,_T,_T,_T,_T,_T,_Z,_Z,_Z,_Z,_Z,0.13,A,,,,,,
AFW360_HH,SEN,SN_ZONES02,2021,HE_TAX_ID,_Z,_Z,_T,_T,_T,_T,_T,_T,_Z,_Z,_Z,_Z,_Z,0.05,A,,,,,,
AFW360_HH,SEN,SN_ZONES02,2021,HE_WATER,_Z,_Z,_T,_T,_T,_T,_T,_T,_Z,_Z,_Z,_Z,_Z,0.18,A,,,,,,
AFW360_HH,SEN,SN_ZONES02,2021,HOUS_FLOOR_DURABLE,_Z,_Z,_T,_T,_T,_T,_T,_T,_Z,_Z,_Z,_Z,_Z,0.81,A,,,,,,
AFW360_HH,SEN,SN_ZONES02,2021,HOUS_ROOF_DURABLE,_Z,_Z,_T,_T,_T,_T,_T,_T,_Z,_Z,_Z,_Z,_Z,0.83,A,,,,,,
AFW360_HH,SEN,SN_ZONES02,2021,HOUS_SANIT_IMPROVED,_Z,_Z,_T,_T,_T,_T,_T,_T,_Z,_Z,_Z,_Z,_Z,0.57,A,,,,,,
AFW360_HH,SEN,SN_ZONES02,2021,HOUS_WALL_DURABLE,_Z,_Z,_T,_T,_T,_T,_T,_T,_Z,_Z,_Z,_Z,_Z,0.93,A,,,,,,
AFW360_HH,SEN,SN_ZONES02,2021,HOUS_WATER_SAFE_DRY,_Z,_Z,_T,_T,_T,_T,_T,_T,_Z,_Z,_Z,_Z,_Z,0.87,A,,,,,,
AFW360_HH,SEN,SN_ZONES02,2021,POP_HE_SH,_Z,_Z,_T,HEO_MSTAT_MARRIED,_T,_T,_T,_T,_Z,_Z,_Z,_Z,_Z,0.79,A,,,,,,
AFW360_HH,SEN,SN_ZONES02,2021,POP_HE_SH,_Z,_Z,_T,HEO_SEX_F,_T,_T,_T,_T,_Z,_Z,_Z,_Z,_Z,0.69,A,,,,,,
AFW360_HH,SEN,SN_ZONES02,2021,POP_HH_SH,_Z,_Z,_T,HE_COUNT_0,_T,_T,_T,_T,_Z,_Z,_Z,_Z,_Z,0.32,A,,,,,,
AFW360_HH,SEN,SN_ZONES02,2021,POP_HH_SH,_Z,_Z,_T,HE_COUNT_1,_T,_T,_T,_T,_Z,_Z,_Z,_Z,_Z,0.5,A,,,,,,
AFW360_HH,SEN,SN_ZONES02,2021,POP_HH_SH,_Z,_Z,_T,HE_COUNT_2,_T,_T,_T,_T,_Z,_Z,_Z,_Z,_Z,0.13,A,,,,,,
AFW360_HH,SEN,SN_ZONES02,2021,POP_HH_SH,_Z,_Z,_T,HE_COUNT_3,_T,_T,_T,_T,_Z,_Z,_Z,_Z,_Z,0.06,A,,,,,,
AFW360_HH,SEN,SN_ZONES02,2021,POP_HH_SH,_Z,_Z,_T,HE_COUNT_4P,_T,_T,_T,_T,_Z,_Z,_Z,_Z,_Z,0,A,,,,,,
AFW360_HH,SEN,SN_ZONES02,2021,POP_SH,_T,_T,_T,EMP_FORMAL_N,_T,_T,_T,_T,_Z,_Z,_Z,_Z,_Z,0.82,A,,,,,,
AFW360_HH,SEN,SN_ZONES02,2021,POP_SH,_T,_T,_T,EMP_ISIC_G,_T,_T,_T,_T,_Z,_Z,_Z,_Z,_Z,0.16,A,,,,,,
AFW360_HH,SEN,SN_ZONES02,2021,POP_SH,_T,_T,_T,EMP_ISIC_H,_T,_T,_T,_T,_Z,_Z,_Z,_Z,_Z,0.04,A,,,,,,
AFW360_HH,SEN,SN_ZONES02,2021,POP_SH,_T,_T,_T,EMP_SECTOR_AGR,_T,_T,_T,_T,_Z,_Z,_Z,_Z,_Z,0.51,A,,,,,,
AFW360_HH,SEN,SN_ZONES02,2021,POP_SH,_T,_T,_T,EMP_SECTOR_IND,_T,_T,_T,_T,_Z,_Z,_Z,_Z,_Z,0.17,A,,,,,,
AFW360_HH,SEN,SN_ZONES02,2021,POP_SH,_T,_T,_T,EMP_SECTOR_SER,_T,_T,_T,_T,_Z,_Z,_Z,_Z,_Z,0.32,A,,,,,,
AFW360_HH,SEN,SN_ZONES02,2021,POP_SH,_T,_T,_T,EMP_STATUS_EMPLOYED,_T,_T,_T,_T,_Z,_Z,_Z,_Z,_Z,0.61,A,,,,,,
AFW360_HH,SEN,SN_ZONES02,2021,POP_SH,_T,_T,_T,EMP_TYPE_NONWAGE,_T,_T,_T,_T,_Z,_Z,_Z,_Z,_Z,0.83,A,,,,,,
AFW360_HH,SEN,SN_ZONES02,2021,POP_SH,_T,_T,_T,EMP_TYPE_WAGE,_T,_T,_T,_T,_Z,_Z,_Z,_Z,_Z,0.17,A,,,,,,
AFW360_HH,SEN,SN_ZONES02,2021,POV_HC,_T,_T,_T,_T,_T,_T,_T,_T,POVLINE_PL300,PPP_2021,_Z,_Z,_Z,0.28,A,,,,,,
AFW360_HH,SEN,SN_ZONES02,2021,POV_HC,_T,_T,_T,_T,_T,_T,_T,_T,POVLINE_PL420,PPP_2021,_Z,_Z,_Z,0.56,A,,,,,,
AFW360_HH,SEN,SN_ZONES02,2021,POV_NUM,_T,_T,_T,_T,_T,_T,_T,_T,POVLINE_PL300,PPP_2021,_Z,_Z,_Z,840000,A,,,,,,
AFW360_HH,SEN,SN_ZONES02,2021,POV_NUM,_T,_T,_T,_T,_T,_T,_T,_T,POVLINE_PL420,PPP_2021,_Z,_Z,_Z,1660000.0000000002,A,,,,,,
AFW360_HH,SEN,SN_ZONES02,2021,SHK_ANY,_Z,_Z,_T,_T,_T,_T,_T,_T,_Z,_Z,_Z,_Z,_Z,0.7,A,,,,,,
AFW360_HH,SEN,SN_ZONES02,2021,SHK_COV_CONFLICT,_Z,_Z,_T,_T,_T,_T,_T,_T,_Z,_Z,_Z,_Z,_Z,0.01,A,,,,,,
AFW360_HH,SEN,SN_ZONES02,2021,SHK_COV_ECON,_Z,_Z,_T,_T,_T,_T,_T,_T,_Z,_Z,_Z,_Z,_Z,0.48,A,,,,,,
AFW360_HH,SEN,SN_ZONES02,2021,SHK_COV_NATURAL,_Z,_Z,_T,_T,_T,_T,_T,_T,_Z,_Z,_Z,_Z,_Z,0.23,A,,,,,,
AFW360_HH,SEN,SN_ZONES02,2021,SHK_IDIO_ECON,_Z,_Z,_T,_T,_T,_T,_T,_T,_Z,_Z,_Z,_Z,_Z,0.15,A,,,,,,
AFW360_HH,SEN,SN_ZONES02,2021,SP_HEALTH_COV,_T,_T,_T,_T,_T,_T,_T,_T,_Z,_Z,_Z,_Z,_Z,0.01,A,,,,,,
AFW360_HH,SEN,SN_ZONES02,2021,SP_HEALTH_COV_HH,_Z,_Z,_T,_T,_T,_T,_T,_T,_Z,_Z,_Z,_Z,_Z,0.03,A,,,,,,
AFW360_HH,SEN,SN_ZONES03,2021,AGR_CULTIVATES,_Z,_Z,_T,_T,_T,_T,_T,_T,_Z,_Z,_Z,_Z,_Z,0.62,A,,,,,,
AFW360_HH,SEN,SN_ZONES03,2021,AGR_CULT_AREA,_Z,_Z,_T,_T,_T,_T,_T,_T,_Z,_Z,_Z,_Z,_Z,2.38,A,,,,,,
AFW360_HH,SEN,SN_ZONES03,2021,AGR_LIVESTOCK_ANY,_Z,_Z,_T,_T,_T,_T,_T,_T,_Z,_Z,_Z,_Z,_Z,0.48,A,,,,,,
AFW360_HH,SEN,SN_ZONES03,2021,AGR_TLU,_Z,_Z,_T,_T,_T,_T,_T,_T,_Z,_Z,_Z,_Z,_Z,4.94,A,,,,,,
AFW360_HH,SEN,SN_ZONES03,2021,CONS_SH,_Z,_Z,_T,_T,_T,_T,_T,_T,COICOP_CP01,ACQ_OWNPROD,_Z,_Z,_Z,0.09,A,,,,,,
AFW360_HH,SEN,SN_ZONES03,2021,CONS_SH,_Z,_Z,_T,_T,_T,_T,_T,_T,COICOP_CP01,ACQ_PURCH,_Z,_Z,_Z,0.32,A,,,,,,
AFW360_HH,SEN,SN_ZONES03,2021,CONS_SH,_Z,_Z,_T,_T,_T,_T,_T,_T,COICOP_CP01,_Z,_Z,_Z,_Z,0.44,A,,,,,,
AFW360_HH,SEN,SN_ZONES03,2021,CONS_SH,_Z,_Z,_T,_T,_T,_T,_T,_T,COICOP_CP02,_Z,_Z,_Z,_Z,0,A,,,,,,
AFW360_HH,SEN,SN_ZONES03,2021,CONS_SH,_Z,_Z,_T,_T,_T,_T,_T,_T,COICOP_CP03,_Z,_Z,_Z,_Z,0.07,A,,,,,,
AFW360_HH,SEN,SN_ZONES03,2021,CONS_SH,_Z,_Z,_T,_T,_T,_T,_T,_T,COICOP_CP04,_Z,_Z,_Z,_Z,0.16,A,,,,,,
AFW360_HH,SEN,SN_ZONES03,2021,CONS_SH,_Z,_Z,_T,_T,_T,_T,_T,_T,COICOP_CP05,_Z,_Z,_Z,_Z,0.05,A,,,,,,
AFW360_HH,SEN,SN_ZONES03,2021,CONS_SH,_Z,_Z,_T,_T,_T,_T,_T,_T,COICOP_CP06,_Z,_Z,_Z,_Z,0.03,A,,,,,,
AFW360_HH,SEN,SN_ZONES03,2021,CONS_SH,_Z,_Z,_T,_T,_T,_T,_T,_T,COICOP_CP07,_Z,_Z,_Z,_Z,0.05,A,,,,,,
AFW360_HH,SEN,SN_ZONES03,2021,CONS_SH,_Z,_Z,_T,_T,_T,_T,_T,_T,COICOP_CP08,_Z,_Z,_Z,_Z,0.08,A,,,,,,
AFW360_HH,SEN,SN_ZONES03,2021,CONS_SH,_Z,_Z,_T,_T,_T,_T,_T,_T,COICOP_CP09,_Z,_Z,_Z,_Z,0,A,,,,,,
AFW360_HH,SEN,SN_ZONES03,2021,CONS_SH,_Z,_Z,_T,_T,_T,_T,_T,_T,COICOP_CP10,_Z,_Z,_Z,_Z,0.01,A,,,,,,
AFW360_HH,SEN,SN_ZONES03,2021,CONS_SH,_Z,_Z,_T,_T,_T,_T,_T,_T,COICOP_CP11,_Z,_Z,_Z,_Z,0.08,A,,,,,,
AFW360_HH,SEN,SN_ZONES03,2021,CONS_SH,_Z,_Z,_T,_T,_T,_T,_T,_T,COICOP_CP12,_Z,_Z,_Z,_Z,0,A,,,,,,
AFW360_HH,SEN,SN_ZONES03,2021,CONS_SH,_Z,_Z,_T,_T,_T,_T,_T,_T,COICOP_CP13,_Z,_Z,_Z,_Z,0.02,A,,,,,,
AFW360_HH,SEN,SN_ZONES03,2021,EN_ASSET_AC,_Z,_Z,_T,_T,_T,_T,_T,_T,_Z,_Z,_Z,_Z,_Z,0,A,,,,,,
AFW360_HH,SEN,SN_ZONES03,2021,EN_ASSET_COOKER,_Z,_Z,_T,_T,_T,_T,_T,_T,_Z,_Z,_Z,_Z,_Z,0,A,,,,,,
AFW360_HH,SEN,SN_ZONES03,2021,EN_ASSET_FAN,_Z,_Z,_T,_T,_T,_T,_T,_T,_Z,_Z,_Z,_Z,_Z,0.07,A,,,,,,
AFW360_HH,SEN,SN_ZONES03,2021,EN_ASSET_WATER_HEATER,_Z,_Z,_T,_T,_T,_T,_T,_T,_Z,_Z,_Z,_Z,_Z,0,A,,,,,,
AFW360_HH,SEN,SN_ZONES03,2021,EN_COOK_BIOMASS,_Z,_Z,_T,_T,_T,_T,_T,_T,_Z,_Z,_Z,_Z,_Z,0.18,A,,,,,,
AFW360_HH,SEN,SN_ZONES03,2021,EN_COOK_CLEAN,_Z,_Z,_T,_T,_T,_T,_T,_T,_Z,_Z,_Z,_Z,_Z,0.82,A,,,,,,LEGACY_SUSPECT: Implausible pattern: higher in Rural and Q1 than in Capital and Q4.
AFW360_HH,SEN,SN_ZONES03,2021,EN_ELEC_ACCESS,_Z,_Z,_T,_T,_T,_T,_T,_T,_Z,_Z,_Z,_Z,_Z,0.19,A,,,,,,
AFW360_HH,SEN,SN_ZONES03,2021,EN_ELEC_INFORMAL,_Z,_Z,_T,_T,_T,_T,_T,_T,_Z,_Z,_Z,_Z,_Z,0,A,,,,,,
AFW360_HH,SEN,SN_ZONES03,2021,EN_ELEC_SPEND,_Z,_Z,_T,_T,_T,_T,_T,_T,_Z,_Z,_Z,_Z,_Z,10710.34,A,,,,,,
AFW360_HH,SEN,SN_ZONES03,2021,EN_GRID_CONN,_Z,_Z,_T,_T,_T,_T,_T,_T,_Z,_Z,_Z,_Z,_Z,1,A,,,,,,"LEGACY_SUSPECT: Implausible: 0.96-1.00 in every cell, including Q1 and Rural."
AFW360_HH,SEN,SN_ZONES03,2021,EN_GRID_USE,_Z,_Z,_T,_T,_T,_T,_T,_T,_Z,_Z,_Z,_Z,_Z,0.21,A,,,,,,
AFW360_HH,SEN,SN_ZONES03,2021,EN_LIGHT_IMPROVED,_Z,_Z,_T,_T,_T,_T,_T,_T,_Z,_Z,_Z,_Z,_Z,0.97,A,,,,,,
AFW360_HH,SEN,SN_ZONES03,2021,EN_OFFGRID_USE,_Z,_Z,_T,_T,_T,_T,_T,_T,_Z,_Z,_Z,_Z,_Z,0.36,A,,,,,,
AFW360_HH,SEN,SN_ZONES03,2021,EN_OUTAGE_ANY,_Z,_Z,_T,_T,_T,_T,_T,_T,_Z,_Z,_Z,_Z,_Z,0.2,A,,,,,,
AFW360_HH,SEN,SN_ZONES03,2021,EN_OUTAGE_DAYS,_Z,_Z,_T,_T,_T,_T,_T,_T,_Z,_Z,_Z,_Z,_Z,2.17,A,,,,,,
AFW360_HH,SEN,SN_ZONES03,2021,EN_OUTAGE_DUR_CODE,_Z,_Z,_T,_T,_T,_T,_T,_T,_Z,_Z,_Z,_Z,_Z,1.98,A,,,,,,
AFW360_HH,SEN,SN_ZONES03,2021,EN_PREPAID_METER,_Z,_Z,_T,_T,_T,_T,_T,_T,_Z,_Z,_Z,_Z,_Z,0.35,A,,,,,,
AFW360_HH,SEN,SN_ZONES03,2021,HE_ACCOUNTS,_Z,_Z,_T,_T,_T,_T,_T,_T,_Z,_Z,_Z,_Z,_Z,0.08,A,,,,,,
AFW360_HH,SEN,SN_ZONES03,2021,HE_AGE,_Z,_Z,_T,_T,_T,_T,_T,_T,_Z,_Z,_Z,_Z,_Z,11.39,A,,,,,,
AFW360_HH,SEN,SN_ZONES03,2021,HE_BUY_FIRMS,_Z,_Z,_T,_T,_T,_T,_T,_T,_Z,_Z,_Z,_Z,_Z,0.44,A,,,,,,
AFW360_HH,SEN,SN_ZONES03,2021,HE_CAPITAL,_Z,_Z,_T,_T,_T,_T,_T,_T,_Z,_Z,_Z,_Z,_Z,90590.51,A,,,,,,
AFW360_HH,SEN,SN_ZONES03,2021,HE_COSTS,_Z,_Z,_T,_T,_T,_T,_T,_T,_Z,_Z,_Z,_Z,_Z,22897.76,A,,,,,,
AFW360_HH,SEN,SN_ZONES03,2021,HE_CREDIT_ANY,_Z,_Z,_T,_T,_T,_T,_T,_T,_Z,_Z,_Z,_Z,_Z,0.33,A,,,,,,
AFW360_HH,SEN,SN_ZONES03,2021,HE_CREDIT_FORMAL,_Z,_Z,_T,_T,_T,_T,_T,_T,_Z,_Z,_Z,_Z,_Z,0.06,A,,,,,,
AFW360_HH,SEN,SN_ZONES03,2021,HE_CREDIT_INFORMAL,_Z,_Z,_T,_T,_T,_T,_T,_T,_Z,_Z,_Z,_Z,_Z,0.27,A,,,,,,
AFW360_HH,SEN,SN_ZONES03,2021,HE_ELEC,_Z,_Z,_T,_T,_T,_T,_T,_T,_Z,_Z,_Z,_Z,_Z,0.83,A,,,,,,
AFW360_HH,SEN,SN_ZONES03,2021,HE_EMP_EXT_ANY,_Z,_Z,_T,_T,_T,_T,_T,_T,_Z,_Z,_Z,_Z,_Z,1,A,,,,,,LEGACY_SUSPECT: Implausible: share 0.96 while mean non-HH employees is 0.54.
AFW360_HH,SEN,SN_ZONES03,2021,HE_EMP_HH_NUM,_Z,_Z,_T,_T,_T,_T,_T,_T,_Z,_Z,_Z,_Z,_Z,0.03,A,,,,,,
AFW360_HH,SEN,SN_ZONES03,2021,HE_EMP_NONHH_NUM,_Z,_Z,_T,_T,_T,_T,_T,_T,_Z,_Z,_Z,_Z,_Z,0.18,A,,,,,,
AFW360_HH,SEN,SN_ZONES03,2021,HE_EMP_NUM,_Z,_Z,_T,_T,_T,_T,_T,_T,_Z,_Z,_Z,_Z,_Z,0.35,A,,,,,,
AFW360_HH,SEN,SN_ZONES03,2021,HE_HH_OWNER,_Z,_Z,_T,_T,_T,_T,_T,_T,_Z,_Z,_Z,_Z,_Z,0.41,A,,,,,,
AFW360_HH,SEN,SN_ZONES03,2021,HE_HOME_BASED,_Z,_Z,_T,_T,_T,_T,_T,_T,_Z,_Z,_Z,_Z,_Z,0.45,A,,,,,,
AFW360_HH,SEN,SN_ZONES03,2021,HE_PHONE,_Z,_Z,_T,_T,_T,_T,_T,_T,_Z,_Z,_Z,_Z,_Z,1,A,,,,,,
AFW360_HH,SEN,SN_ZONES03,2021,HE_PREMISES_FORMAL,_Z,_Z,_T,_T,_T,_T,_T,_T,_Z,_Z,_Z,_Z,_Z,0.21,A,,,,,,
AFW360_HH,SEN,SN_ZONES03,2021,HE_PROFIT,_Z,_Z,_T,_T,_T,_T,_T,_T,_Z,_Z,_Z,_Z,_Z,14124.39,A,,,,,,
AFW360_HH,SEN,SN_ZONES03,2021,HE_RENT,_Z,_Z,_T,_T,_T,_T,_T,_T,_Z,_Z,_Z,_Z,_Z,0.67,A,,,,,,
AFW360_HH,SEN,SN_ZONES03,2021,HE_REV_PER_WORKER,_Z,_Z,_T,_T,_T,_T,_T,_T,_Z,_Z,_Z,_Z,_Z,351000,A,,,,,,
AFW360_HH,SEN,SN_ZONES03,2021,HE_SELL_FIRMS,_Z,_Z,_T,_T,_T,_T,_T,_T,_Z,_Z,_Z,_Z,_Z,0.13,A,,,,,,
AFW360_HH,SEN,SN_ZONES03,2021,HE_TAX_ID,_Z,_Z,_T,_T,_T,_T,_T,_T,_Z,_Z,_Z,_Z,_Z,0,A,,,,,,
AFW360_HH,SEN,SN_ZONES03,2021,HE_WATER,_Z,_Z,_T,_T,_T,_T,_T,_T,_Z,_Z,_Z,_Z,_Z,0.23,A,,,,,,
AFW360_HH,SEN,SN_ZONES03,2021,HOUS_FLOOR_DURABLE,_Z,_Z,_T,_T,_T,_T,_T,_T,_Z,_Z,_Z,_Z,_Z,0.63,A,,,,,,
AFW360_HH,SEN,SN_ZONES03,2021,HOUS_ROOF_DURABLE,_Z,_Z,_T,_T,_T,_T,_T,_T,_Z,_Z,_Z,_Z,_Z,0.52,A,,,,,,
AFW360_HH,SEN,SN_ZONES03,2021,HOUS_SANIT_IMPROVED,_Z,_Z,_T,_T,_T,_T,_T,_T,_Z,_Z,_Z,_Z,_Z,0.24,A,,,,,,
AFW360_HH,SEN,SN_ZONES03,2021,HOUS_WALL_DURABLE,_Z,_Z,_T,_T,_T,_T,_T,_T,_Z,_Z,_Z,_Z,_Z,0.88,A,,,,,,
AFW360_HH,SEN,SN_ZONES03,2021,HOUS_WATER_SAFE_DRY,_Z,_Z,_T,_T,_T,_T,_T,_T,_Z,_Z,_Z,_Z,_Z,0.77,A,,,,,,
AFW360_HH,SEN,SN_ZONES03,2021,POP_HE_SH,_Z,_Z,_T,HEO_MSTAT_MARRIED,_T,_T,_T,_T,_Z,_Z,_Z,_Z,_Z,0.63,A,,,,,,
AFW360_HH,SEN,SN_ZONES03,2021,POP_HE_SH,_Z,_Z,_T,HEO_SEX_F,_T,_T,_T,_T,_Z,_Z,_Z,_Z,_Z,0.86,A,,,,,,
AFW360_HH,SEN,SN_ZONES03,2021,POP_HH_SH,_Z,_Z,_T,HE_COUNT_0,_T,_T,_T,_T,_Z,_Z,_Z,_Z,_Z,0.2,A,,,,,,
AFW360_HH,SEN,SN_ZONES03,2021,POP_HH_SH,_Z,_Z,_T,HE_COUNT_1,_T,_T,_T,_T,_Z,_Z,_Z,_Z,_Z,0.56,A,,,,,,
AFW360_HH,SEN,SN_ZONES03,2021,POP_HH_SH,_Z,_Z,_T,HE_COUNT_2,_T,_T,_T,_T,_Z,_Z,_Z,_Z,_Z,0.2,A,,,,,,
AFW360_HH,SEN,SN_ZONES03,2021,POP_HH_SH,_Z,_Z,_T,HE_COUNT_3,_T,_T,_T,_T,_Z,_Z,_Z,_Z,_Z,0,A,,,,,,
AFW360_HH,SEN,SN_ZONES03,2021,POP_HH_SH,_Z,_Z,_T,HE_COUNT_4P,_T,_T,_T,_T,_Z,_Z,_Z,_Z,_Z,0.03,A,,,,,,
AFW360_HH,SEN,SN_ZONES03,2021,POP_SH,_T,_T,_T,EMP_FORMAL_N,_T,_T,_T,_T,_Z,_Z,_Z,_Z,_Z,0.75,A,,,,,,
AFW360_HH,SEN,SN_ZONES03,2021,POP_SH,_T,_T,_T,EMP_ISIC_G,_T,_T,_T,_T,_Z,_Z,_Z,_Z,_Z,0.09,A,,,,,,
AFW360_HH,SEN,SN_ZONES03,2021,POP_SH,_T,_T,_T,EMP_ISIC_H,_T,_T,_T,_T,_Z,_Z,_Z,_Z,_Z,0.04,A,,,,,,
AFW360_HH,SEN,SN_ZONES03,2021,POP_SH,_T,_T,_T,EMP_SECTOR_AGR,_T,_T,_T,_T,_Z,_Z,_Z,_Z,_Z,0.47,A,,,,,,
AFW360_HH,SEN,SN_ZONES03,2021,POP_SH,_T,_T,_T,EMP_SECTOR_IND,_T,_T,_T,_T,_Z,_Z,_Z,_Z,_Z,0.29,A,,,,,,
AFW360_HH,SEN,SN_ZONES03,2021,POP_SH,_T,_T,_T,EMP_SECTOR_SER,_T,_T,_T,_T,_Z,_Z,_Z,_Z,_Z,0.24,A,,,,,,
AFW360_HH,SEN,SN_ZONES03,2021,POP_SH,_T,_T,_T,EMP_STATUS_EMPLOYED,_T,_T,_T,_T,_Z,_Z,_Z,_Z,_Z,0.57,A,,,,,,
AFW360_HH,SEN,SN_ZONES03,2021,POP_SH,_T,_T,_T,EMP_TYPE_NONWAGE,_T,_T,_T,_T,_Z,_Z,_Z,_Z,_Z,0.76,A,,,,,,
AFW360_HH,SEN,SN_ZONES03,2021,POP_SH,_T,_T,_T,EMP_TYPE_WAGE,_T,_T,_T,_T,_Z,_Z,_Z,_Z,_Z,0.24,A,,,,,,
AFW360_HH,SEN,SN_ZONES03,2021,POV_HC,_T,_T,_T,_T,_T,_T,_T,_T,POVLINE_PL300,PPP_2021,_Z,_Z,_Z,0.36,A,,,,,,
AFW360_HH,SEN,SN_ZONES03,2021,POV_HC,_T,_T,_T,_T,_T,_T,_T,_T,POVLINE_PL420,PPP_2021,_Z,_Z,_Z,0.62,A,,,,,,
AFW360_HH,SEN,SN_ZONES03,2021,POV_NUM,_T,_T,_T,_T,_T,_T,_T,_T,POVLINE_PL300,PPP_2021,_Z,_Z,_Z,70000,A,,,,,,
AFW360_HH,SEN,SN_ZONES03,2021,POV_NUM,_T,_T,_T,_T,_T,_T,_T,_T,POVLINE_PL420,PPP_2021,_Z,_Z,_Z,120000,A,,,,,,
AFW360_HH,SEN,SN_ZONES03,2021,SHK_ANY,_Z,_Z,_T,_T,_T,_T,_T,_T,_Z,_Z,_Z,_Z,_Z,0.68,A,,,,,,
AFW360_HH,SEN,SN_ZONES03,2021,SHK_COV_CONFLICT,_Z,_Z,_T,_T,_T,_T,_T,_T,_Z,_Z,_Z,_Z,_Z,0.07,A,,,,,,
AFW360_HH,SEN,SN_ZONES03,2021,SHK_COV_ECON,_Z,_Z,_T,_T,_T,_T,_T,_T,_Z,_Z,_Z,_Z,_Z,0.42,A,,,,,,
AFW360_HH,SEN,SN_ZONES03,2021,SHK_COV_NATURAL,_Z,_Z,_T,_T,_T,_T,_T,_T,_Z,_Z,_Z,_Z,_Z,0.25,A,,,,,,
AFW360_HH,SEN,SN_ZONES03,2021,SHK_IDIO_ECON,_Z,_Z,_T,_T,_T,_T,_T,_T,_Z,_Z,_Z,_Z,_Z,0.08,A,,,,,,
AFW360_HH,SEN,SN_ZONES03,2021,SP_HEALTH_COV,_T,_T,_T,_T,_T,_T,_T,_T,_Z,_Z,_Z,_Z,_Z,0.01,A,,,,,,
AFW360_HH,SEN,SN_ZONES03,2021,SP_HEALTH_COV_HH,_Z,_Z,_T,_T,_T,_T,_T,_T,_Z,_Z,_Z,_Z,_Z,0.01,A,,,,,,
AFW360_HH,SEN,SN_ZONES04,2021,AGR_CULTIVATES,_Z,_Z,_T,_T,_T,_T,_T,_T,_Z,_Z,_Z,_Z,_Z,0.46,A,,,,,,
AFW360_HH,SEN,SN_ZONES04,2021,AGR_CULT_AREA,_Z,_Z,_T,_T,_T,_T,_T,_T,_Z,_Z,_Z,_Z,_Z,2.15,A,,,,,,
AFW360_HH,SEN,SN_ZONES04,2021,AGR_LIVESTOCK_ANY,_Z,_Z,_T,_T,_T,_T,_T,_T,_Z,_Z,_Z,_Z,_Z,0.76,A,,,,,,
AFW360_HH,SEN,SN_ZONES04,2021,AGR_TLU,_Z,_Z,_T,_T,_T,_T,_T,_T,_Z,_Z,_Z,_Z,_Z,4.85,A,,,,,,
AFW360_HH,SEN,SN_ZONES04,2021,CONS_SH,_Z,_Z,_T,_T,_T,_T,_T,_T,COICOP_CP01,ACQ_OWNPROD,_Z,_Z,_Z,0.03,A,,,,,,
AFW360_HH,SEN,SN_ZONES04,2021,CONS_SH,_Z,_Z,_T,_T,_T,_T,_T,_T,COICOP_CP01,ACQ_PURCH,_Z,_Z,_Z,0.48,A,,,,,,
AFW360_HH,SEN,SN_ZONES04,2021,CONS_SH,_Z,_Z,_T,_T,_T,_T,_T,_T,COICOP_CP01,_Z,_Z,_Z,_Z,0.53,A,,,,,,
AFW360_HH,SEN,SN_ZONES04,2021,CONS_SH,_Z,_Z,_T,_T,_T,_T,_T,_T,COICOP_CP02,_Z,_Z,_Z,_Z,0,A,,,,,,
AFW360_HH,SEN,SN_ZONES04,2021,CONS_SH,_Z,_Z,_T,_T,_T,_T,_T,_T,COICOP_CP03,_Z,_Z,_Z,_Z,0.06,A,,,,,,
AFW360_HH,SEN,SN_ZONES04,2021,CONS_SH,_Z,_Z,_T,_T,_T,_T,_T,_T,COICOP_CP04,_Z,_Z,_Z,_Z,0.15,A,,,,,,
AFW360_HH,SEN,SN_ZONES04,2021,CONS_SH,_Z,_Z,_T,_T,_T,_T,_T,_T,COICOP_CP05,_Z,_Z,_Z,_Z,0.05,A,,,,,,
AFW360_HH,SEN,SN_ZONES04,2021,CONS_SH,_Z,_Z,_T,_T,_T,_T,_T,_T,COICOP_CP06,_Z,_Z,_Z,_Z,0.04,A,,,,,,
AFW360_HH,SEN,SN_ZONES04,2021,CONS_SH,_Z,_Z,_T,_T,_T,_T,_T,_T,COICOP_CP07,_Z,_Z,_Z,_Z,0.02,A,,,,,,
AFW360_HH,SEN,SN_ZONES04,2021,CONS_SH,_Z,_Z,_T,_T,_T,_T,_T,_T,COICOP_CP08,_Z,_Z,_Z,_Z,0.05,A,,,,,,
AFW360_HH,SEN,SN_ZONES04,2021,CONS_SH,_Z,_Z,_T,_T,_T,_T,_T,_T,COICOP_CP09,_Z,_Z,_Z,_Z,0,A,,,,,,
AFW360_HH,SEN,SN_ZONES04,2021,CONS_SH,_Z,_Z,_T,_T,_T,_T,_T,_T,COICOP_CP10,_Z,_Z,_Z,_Z,0.01,A,,,,,,
AFW360_HH,SEN,SN_ZONES04,2021,CONS_SH,_Z,_Z,_T,_T,_T,_T,_T,_T,COICOP_CP11,_Z,_Z,_Z,_Z,0.07,A,,,,,,
AFW360_HH,SEN,SN_ZONES04,2021,CONS_SH,_Z,_Z,_T,_T,_T,_T,_T,_T,COICOP_CP12,_Z,_Z,_Z,_Z,0,A,,,,,,
AFW360_HH,SEN,SN_ZONES04,2021,CONS_SH,_Z,_Z,_T,_T,_T,_T,_T,_T,COICOP_CP13,_Z,_Z,_Z,_Z,0.03,A,,,,,,
AFW360_HH,SEN,SN_ZONES04,2021,EN_ASSET_AC,_Z,_Z,_T,_T,_T,_T,_T,_T,_Z,_Z,_Z,_Z,_Z,0.08,A,,,,,,
AFW360_HH,SEN,SN_ZONES04,2021,EN_ASSET_COOKER,_Z,_Z,_T,_T,_T,_T,_T,_T,_Z,_Z,_Z,_Z,_Z,0.01,A,,,,,,
AFW360_HH,SEN,SN_ZONES04,2021,EN_ASSET_FAN,_Z,_Z,_T,_T,_T,_T,_T,_T,_Z,_Z,_Z,_Z,_Z,0.03,A,,,,,,
AFW360_HH,SEN,SN_ZONES04,2021,EN_ASSET_WATER_HEATER,_Z,_Z,_T,_T,_T,_T,_T,_T,_Z,_Z,_Z,_Z,_Z,0.02,A,,,,,,
AFW360_HH,SEN,SN_ZONES04,2021,EN_COOK_BIOMASS,_Z,_Z,_T,_T,_T,_T,_T,_T,_Z,_Z,_Z,_Z,_Z,0.14,A,,,,,,
AFW360_HH,SEN,SN_ZONES04,2021,EN_COOK_CLEAN,_Z,_Z,_T,_T,_T,_T,_T,_T,_Z,_Z,_Z,_Z,_Z,0.81,A,,,,,,LEGACY_SUSPECT: Implausible pattern: higher in Rural and Q1 than in Capital and Q4.
AFW360_HH,SEN,SN_ZONES04,2021,EN_ELEC_ACCESS,_Z,_Z,_T,_T,_T,_T,_T,_T,_Z,_Z,_Z,_Z,_Z,0.61,A,,,,,,
AFW360_HH,SEN,SN_ZONES04,2021,EN_ELEC_INFORMAL,_Z,_Z,_T,_T,_T,_T,_T,_T,_Z,_Z,_Z,_Z,_Z,0.01,A,,,,,,
AFW360_HH,SEN,SN_ZONES04,2021,EN_ELEC_SPEND,_Z,_Z,_T,_T,_T,_T,_T,_T,_Z,_Z,_Z,_Z,_Z,19199.69,A,,,,,,
AFW360_HH,SEN,SN_ZONES04,2021,EN_GRID_CONN,_Z,_Z,_T,_T,_T,_T,_T,_T,_Z,_Z,_Z,_Z,_Z,0.98,A,,,,,,"LEGACY_SUSPECT: Implausible: 0.96-1.00 in every cell, including Q1 and Rural."
AFW360_HH,SEN,SN_ZONES04,2021,EN_GRID_USE,_Z,_Z,_T,_T,_T,_T,_T,_T,_Z,_Z,_Z,_Z,_Z,0.63,A,,,,,,
AFW360_HH,SEN,SN_ZONES04,2021,EN_LIGHT_IMPROVED,_Z,_Z,_T,_T,_T,_T,_T,_T,_Z,_Z,_Z,_Z,_Z,0.94,A,,,,,,
AFW360_HH,SEN,SN_ZONES04,2021,EN_OFFGRID_USE,_Z,_Z,_T,_T,_T,_T,_T,_T,_Z,_Z,_Z,_Z,_Z,0.1,A,,,,,,
AFW360_HH,SEN,SN_ZONES04,2021,EN_OUTAGE_ANY,_Z,_Z,_T,_T,_T,_T,_T,_T,_Z,_Z,_Z,_Z,_Z,0.19,A,,,,,,
AFW360_HH,SEN,SN_ZONES04,2021,EN_OUTAGE_DAYS,_Z,_Z,_T,_T,_T,_T,_T,_T,_Z,_Z,_Z,_Z,_Z,1.84,A,,,,,,
AFW360_HH,SEN,SN_ZONES04,2021,EN_OUTAGE_DUR_CODE,_Z,_Z,_T,_T,_T,_T,_T,_T,_Z,_Z,_Z,_Z,_Z,2.54,A,,,,,,
AFW360_HH,SEN,SN_ZONES04,2021,EN_PREPAID_METER,_Z,_Z,_T,_T,_T,_T,_T,_T,_Z,_Z,_Z,_Z,_Z,0.41,A,,,,,,
AFW360_HH,SEN,SN_ZONES04,2021,HE_ACCOUNTS,_Z,_Z,_T,_T,_T,_T,_T,_T,_Z,_Z,_Z,_Z,_Z,0.06,A,,,,,,
AFW360_HH,SEN,SN_ZONES04,2021,HE_AGE,_Z,_Z,_T,_T,_T,_T,_T,_T,_Z,_Z,_Z,_Z,_Z,6.74,A,,,,,,
AFW360_HH,SEN,SN_ZONES04,2021,HE_BUY_FIRMS,_Z,_Z,_T,_T,_T,_T,_T,_T,_Z,_Z,_Z,_Z,_Z,0.22,A,,,,,,
AFW360_HH,SEN,SN_ZONES04,2021,HE_CAPITAL,_Z,_Z,_T,_T,_T,_T,_T,_T,_Z,_Z,_Z,_Z,_Z,805106.97,A,,,,,,
AFW360_HH,SEN,SN_ZONES04,2021,HE_COSTS,_Z,_Z,_T,_T,_T,_T,_T,_T,_Z,_Z,_Z,_Z,_Z,41752.23,A,,,,,,
AFW360_HH,SEN,SN_ZONES04,2021,HE_CREDIT_ANY,_Z,_Z,_T,_T,_T,_T,_T,_T,_Z,_Z,_Z,_Z,_Z,0.22,A,,,,,,
AFW360_HH,SEN,SN_ZONES04,2021,HE_CREDIT_FORMAL,_Z,_Z,_T,_T,_T,_T,_T,_T,_Z,_Z,_Z,_Z,_Z,0.08,A,,,,,,
AFW360_HH,SEN,SN_ZONES04,2021,HE_CREDIT_INFORMAL,_Z,_Z,_T,_T,_T,_T,_T,_T,_Z,_Z,_Z,_Z,_Z,0.16,A,,,,,,
AFW360_HH,SEN,SN_ZONES04,2021,HE_ELEC,_Z,_Z,_T,_T,_T,_T,_T,_T,_Z,_Z,_Z,_Z,_Z,1,A,,,,,,
AFW360_HH,SEN,SN_ZONES04,2021,HE_EMP_EXT_ANY,_Z,_Z,_T,_T,_T,_T,_T,_T,_Z,_Z,_Z,_Z,_Z,0.99,A,,,,,,LEGACY_SUSPECT: Implausible: share 0.96 while mean non-HH employees is 0.54.
AFW360_HH,SEN,SN_ZONES04,2021,HE_EMP_HH_NUM,_Z,_Z,_T,_T,_T,_T,_T,_T,_Z,_Z,_Z,_Z,_Z,0.11,A,,,,,,
AFW360_HH,SEN,SN_ZONES04,2021,HE_EMP_NONHH_NUM,_Z,_Z,_T,_T,_T,_T,_T,_T,_Z,_Z,_Z,_Z,_Z,0.44,A,,,,,,
AFW360_HH,SEN,SN_ZONES04,2021,HE_EMP_NUM,_Z,_Z,_T,_T,_T,_T,_T,_T,_Z,_Z,_Z,_Z,_Z,1.23,A,,,,,,
AFW360_HH,SEN,SN_ZONES04,2021,HE_HH_OWNER,_Z,_Z,_T,_T,_T,_T,_T,_T,_Z,_Z,_Z,_Z,_Z,0.58,A,,,,,,
AFW360_HH,SEN,SN_ZONES04,2021,HE_HOME_BASED,_Z,_Z,_T,_T,_T,_T,_T,_T,_Z,_Z,_Z,_Z,_Z,0.44,A,,,,,,
AFW360_HH,SEN,SN_ZONES04,2021,HE_PHONE,_Z,_Z,_T,_T,_T,_T,_T,_T,_Z,_Z,_Z,_Z,_Z,1,A,,,,,,
AFW360_HH,SEN,SN_ZONES04,2021,HE_PREMISES_FORMAL,_Z,_Z,_T,_T,_T,_T,_T,_T,_Z,_Z,_Z,_Z,_Z,0.1,A,,,,,,
AFW360_HH,SEN,SN_ZONES04,2021,HE_PROFIT,_Z,_Z,_T,_T,_T,_T,_T,_T,_Z,_Z,_Z,_Z,_Z,35992.02,A,,,,,,
AFW360_HH,SEN,SN_ZONES04,2021,HE_RENT,_Z,_Z,_T,_T,_T,_T,_T,_T,_Z,_Z,_Z,_Z,_Z,0.8,A,,,,,,
AFW360_HH,SEN,SN_ZONES04,2021,HE_REV_PER_WORKER,_Z,_Z,_T,_T,_T,_T,_T,_T,_Z,_Z,_Z,_Z,_Z,1474007.6200000001,A,,,,,,
AFW360_HH,SEN,SN_ZONES04,2021,HE_SELL_FIRMS,_Z,_Z,_T,_T,_T,_T,_T,_T,_Z,_Z,_Z,_Z,_Z,0.06,A,,,,,,
AFW360_HH,SEN,SN_ZONES04,2021,HE_TAX_ID,_Z,_Z,_T,_T,_T,_T,_T,_T,_Z,_Z,_Z,_Z,_Z,0.07,A,,,,,,
AFW360_HH,SEN,SN_ZONES04,2021,HE_WATER,_Z,_Z,_T,_T,_T,_T,_T,_T,_Z,_Z,_Z,_Z,_Z,0.54,A,,,,,,
AFW360_HH,SEN,SN_ZONES04,2021,HOUS_FLOOR_DURABLE,_Z,_Z,_T,_T,_T,_T,_T,_T,_Z,_Z,_Z,_Z,_Z,0.69,A,,,,,,
AFW360_HH,SEN,SN_ZONES04,2021,HOUS_ROOF_DURABLE,_Z,_Z,_T,_T,_T,_T,_T,_T,_Z,_Z,_Z,_Z,_Z,0.85,A,,,,,,
AFW360_HH,SEN,SN_ZONES04,2021,HOUS_SANIT_IMPROVED,_Z,_Z,_T,_T,_T,_T,_T,_T,_Z,_Z,_Z,_Z,_Z,0.49,A,,,,,,
AFW360_HH,SEN,SN_ZONES04,2021,HOUS_WALL_DURABLE,_Z,_Z,_T,_T,_T,_T,_T,_T,_Z,_Z,_Z,_Z,_Z,0.87,A,,,,,,
AFW360_HH,SEN,SN_ZONES04,2021,HOUS_WATER_SAFE_DRY,_Z,_Z,_T,_T,_T,_T,_T,_T,_Z,_Z,_Z,_Z,_Z,0.89,A,,,,,,
AFW360_HH,SEN,SN_ZONES04,2021,POP_HE_SH,_Z,_Z,_T,HEO_MSTAT_MARRIED,_T,_T,_T,_T,_Z,_Z,_Z,_Z,_Z,0.76,A,,,,,,
AFW360_HH,SEN,SN_ZONES04,2021,POP_HE_SH,_Z,_Z,_T,HEO_SEX_F,_T,_T,_T,_T,_Z,_Z,_Z,_Z,_Z,0.74,A,,,,,,
AFW360_HH,SEN,SN_ZONES04,2021,POP_HH_SH,_Z,_Z,_T,HE_COUNT_0,_T,_T,_T,_T,_Z,_Z,_Z,_Z,_Z,0.57,A,,,,,,
AFW360_HH,SEN,SN_ZONES04,2021,POP_HH_SH,_Z,_Z,_T,HE_COUNT_1,_T,_T,_T,_T,_Z,_Z,_Z,_Z,_Z,0.37,A,,,,,,
AFW360_HH,SEN,SN_ZONES04,2021,POP_HH_SH,_Z,_Z,_T,HE_COUNT_2,_T,_T,_T,_T,_Z,_Z,_Z,_Z,_Z,0.06,A,,,,,,
AFW360_HH,SEN,SN_ZONES04,2021,POP_HH_SH,_Z,_Z,_T,HE_COUNT_3,_T,_T,_T,_T,_Z,_Z,_Z,_Z,_Z,0.01,A,,,,,,
AFW360_HH,SEN,SN_ZONES04,2021,POP_HH_SH,_Z,_Z,_T,HE_COUNT_4P,_T,_T,_T,_T,_Z,_Z,_Z,_Z,_Z,0,A,,,,,,
AFW360_HH,SEN,SN_ZONES04,2021,POP_SH,_T,_T,_T,EMP_FORMAL_N,_T,_T,_T,_T,_Z,_Z,_Z,_Z,_Z,0.77,A,,,,,,
AFW360_HH,SEN,SN_ZONES04,2021,POP_SH,_T,_T,_T,EMP_ISIC_G,_T,_T,_T,_T,_Z,_Z,_Z,_Z,_Z,0.18,A,,,,,,
AFW360_HH,SEN,SN_ZONES04,2021,POP_SH,_T,_T,_T,EMP_ISIC_H,_T,_T,_T,_T,_Z,_Z,_Z,_Z,_Z,0.04,A,,,,,,
AFW360_HH,SEN,SN_ZONES04,2021,POP_SH,_T,_T,_T,EMP_SECTOR_AGR,_T,_T,_T,_T,_Z,_Z,_Z,_Z,_Z,0.46,A,,,,,,
AFW360_HH,SEN,SN_ZONES04,2021,POP_SH,_T,_T,_T,EMP_SECTOR_IND,_T,_T,_T,_T,_Z,_Z,_Z,_Z,_Z,0.2,A,,,,,,
AFW360_HH,SEN,SN_ZONES04,2021,POP_SH,_T,_T,_T,EMP_SECTOR_SER,_T,_T,_T,_T,_Z,_Z,_Z,_Z,_Z,0.34,A,,,,,,
AFW360_HH,SEN,SN_ZONES04,2021,POP_SH,_T,_T,_T,EMP_STATUS_EMPLOYED,_T,_T,_T,_T,_Z,_Z,_Z,_Z,_Z,0.54,A,,,,,,
AFW360_HH,SEN,SN_ZONES04,2021,POP_SH,_T,_T,_T,EMP_TYPE_NONWAGE,_T,_T,_T,_T,_Z,_Z,_Z,_Z,_Z,0.76,A,,,,,,
AFW360_HH,SEN,SN_ZONES04,2021,POP_SH,_T,_T,_T,EMP_TYPE_WAGE,_T,_T,_T,_T,_Z,_Z,_Z,_Z,_Z,0.24,A,,,,,,
AFW360_HH,SEN,SN_ZONES04,2021,POV_HC,_T,_T,_T,_T,_T,_T,_T,_T,POVLINE_PL300,PPP_2021,_Z,_Z,_Z,0.21,A,,,,,,
AFW360_HH,SEN,SN_ZONES04,2021,POV_HC,_T,_T,_T,_T,_T,_T,_T,_T,POVLINE_PL420,PPP_2021,_Z,_Z,_Z,0.43,A,,,,,,
AFW360_HH,SEN,SN_ZONES04,2021,POV_NUM,_T,_T,_T,_T,_T,_T,_T,_T,POVLINE_PL300,PPP_2021,_Z,_Z,_Z,390000,A,,,,,,
AFW360_HH,SEN,SN_ZONES04,2021,POV_NUM,_T,_T,_T,_T,_T,_T,_T,_T,POVLINE_PL420,PPP_2021,_Z,_Z,_Z,820000.0000000001,A,,,,,,
AFW360_HH,SEN,SN_ZONES04,2021,SHK_ANY,_Z,_Z,_T,_T,_T,_T,_T,_T,_Z,_Z,_Z,_Z,_Z,0.81,A,,,,,,
AFW360_HH,SEN,SN_ZONES04,2021,SHK_COV_CONFLICT,_Z,_Z,_T,_T,_T,_T,_T,_T,_Z,_Z,_Z,_Z,_Z,0.05,A,,,,,,
AFW360_HH,SEN,SN_ZONES04,2021,SHK_COV_ECON,_Z,_Z,_T,_T,_T,_T,_T,_T,_Z,_Z,_Z,_Z,_Z,0.55,A,,,,,,
AFW360_HH,SEN,SN_ZONES04,2021,SHK_COV_NATURAL,_Z,_Z,_T,_T,_T,_T,_T,_T,_Z,_Z,_Z,_Z,_Z,0.42,A,,,,,,
AFW360_HH,SEN,SN_ZONES04,2021,SHK_IDIO_ECON,_Z,_Z,_T,_T,_T,_T,_T,_T,_Z,_Z,_Z,_Z,_Z,0.21,A,,,,,,
AFW360_HH,SEN,SN_ZONES04,2021,SP_HEALTH_COV,_T,_T,_T,_T,_T,_T,_T,_T,_Z,_Z,_Z,_Z,_Z,0.01,A,,,,,,
AFW360_HH,SEN,SN_ZONES04,2021,SP_HEALTH_COV_HH,_Z,_Z,_T,_T,_T,_T,_T,_T,_Z,_Z,_Z,_Z,_Z,0.04,A,,,,,,
AFW360_HH,SEN,SN_ZONES05,2021,AGR_CULTIVATES,_Z,_Z,_T,_T,_T,_T,_T,_T,_Z,_Z,_Z,_Z,_Z,0.37,A,,,,,,
AFW360_HH,SEN,SN_ZONES05,2021,AGR_CULT_AREA,_Z,_Z,_T,_T,_T,_T,_T,_T,_Z,_Z,_Z,_Z,_Z,4.15,A,,,,,,
AFW360_HH,SEN,SN_ZONES05,2021,AGR_LIVESTOCK_ANY,_Z,_Z,_T,_T,_T,_T,_T,_T,_Z,_Z,_Z,_Z,_Z,0.59,A,,,,,,
AFW360_HH,SEN,SN_ZONES05,2021,AGR_TLU,_Z,_Z,_T,_T,_T,_T,_T,_T,_Z,_Z,_Z,_Z,_Z,2.36,A,,,,,,
AFW360_HH,SEN,SN_ZONES05,2021,CONS_SH,_Z,_Z,_T,_T,_T,_T,_T,_T,COICOP_CP01,ACQ_OWNPROD,_Z,_Z,_Z,0.02,A,,,,,,
AFW360_HH,SEN,SN_ZONES05,2021,CONS_SH,_Z,_Z,_T,_T,_T,_T,_T,_T,COICOP_CP01,ACQ_PURCH,_Z,_Z,_Z,0.42,A,,,,,,
AFW360_HH,SEN,SN_ZONES05,2021,CONS_SH,_Z,_Z,_T,_T,_T,_T,_T,_T,COICOP_CP01,_Z,_Z,_Z,_Z,0.47,A,,,,,,
AFW360_HH,SEN,SN_ZONES05,2021,CONS_SH,_Z,_Z,_T,_T,_T,_T,_T,_T,COICOP_CP02,_Z,_Z,_Z,_Z,0,A,,,,,,
AFW360_HH,SEN,SN_ZONES05,2021,CONS_SH,_Z,_Z,_T,_T,_T,_T,_T,_T,COICOP_CP03,_Z,_Z,_Z,_Z,0.06,A,,,,,,
AFW360_HH,SEN,SN_ZONES05,2021,CONS_SH,_Z,_Z,_T,_T,_T,_T,_T,_T,COICOP_CP04,_Z,_Z,_Z,_Z,0.17,A,,,,,,
AFW360_HH,SEN,SN_ZONES05,2021,CONS_SH,_Z,_Z,_T,_T,_T,_T,_T,_T,COICOP_CP05,_Z,_Z,_Z,_Z,0.06,A,,,,,,
AFW360_HH,SEN,SN_ZONES05,2021,CONS_SH,_Z,_Z,_T,_T,_T,_T,_T,_T,COICOP_CP06,_Z,_Z,_Z,_Z,0.03,A,,,,,,
AFW360_HH,SEN,SN_ZONES05,2021,CONS_SH,_Z,_Z,_T,_T,_T,_T,_T,_T,COICOP_CP07,_Z,_Z,_Z,_Z,0.03,A,,,,,,
AFW360_HH,SEN,SN_ZONES05,2021,CONS_SH,_Z,_Z,_T,_T,_T,_T,_T,_T,COICOP_CP08,_Z,_Z,_Z,_Z,0.06,A,,,,,,
AFW360_HH,SEN,SN_ZONES05,2021,CONS_SH,_Z,_Z,_T,_T,_T,_T,_T,_T,COICOP_CP09,_Z,_Z,_Z,_Z,0,A,,,,,,
AFW360_HH,SEN,SN_ZONES05,2021,CONS_SH,_Z,_Z,_T,_T,_T,_T,_T,_T,COICOP_CP10,_Z,_Z,_Z,_Z,0.01,A,,,,,,
AFW360_HH,SEN,SN_ZONES05,2021,CONS_SH,_Z,_Z,_T,_T,_T,_T,_T,_T,COICOP_CP11,_Z,_Z,_Z,_Z,0.09,A,,,,,,
AFW360_HH,SEN,SN_ZONES05,2021,CONS_SH,_Z,_Z,_T,_T,_T,_T,_T,_T,COICOP_CP12,_Z,_Z,_Z,_Z,0,A,,,,,,
AFW360_HH,SEN,SN_ZONES05,2021,CONS_SH,_Z,_Z,_T,_T,_T,_T,_T,_T,COICOP_CP13,_Z,_Z,_Z,_Z,0.03,A,,,,,,
AFW360_HH,SEN,SN_ZONES05,2021,EN_ASSET_AC,_Z,_Z,_T,_T,_T,_T,_T,_T,_Z,_Z,_Z,_Z,_Z,0.08,A,,,,,,
AFW360_HH,SEN,SN_ZONES05,2021,EN_ASSET_COOKER,_Z,_Z,_T,_T,_T,_T,_T,_T,_Z,_Z,_Z,_Z,_Z,0.01,A,,,,,,
AFW360_HH,SEN,SN_ZONES05,2021,EN_ASSET_FAN,_Z,_Z,_T,_T,_T,_T,_T,_T,_Z,_Z,_Z,_Z,_Z,0.06,A,,,,,,
AFW360_HH,SEN,SN_ZONES05,2021,EN_ASSET_WATER_HEATER,_Z,_Z,_T,_T,_T,_T,_T,_T,_Z,_Z,_Z,_Z,_Z,0.05,A,,,,,,
AFW360_HH,SEN,SN_ZONES05,2021,EN_COOK_BIOMASS,_Z,_Z,_T,_T,_T,_T,_T,_T,_Z,_Z,_Z,_Z,_Z,0.29,A,,,,,,
AFW360_HH,SEN,SN_ZONES05,2021,EN_COOK_CLEAN,_Z,_Z,_T,_T,_T,_T,_T,_T,_Z,_Z,_Z,_Z,_Z,0.71,A,,,,,,LEGACY_SUSPECT: Implausible pattern: higher in Rural and Q1 than in Capital and Q4.
AFW360_HH,SEN,SN_ZONES05,2021,EN_ELEC_ACCESS,_Z,_Z,_T,_T,_T,_T,_T,_T,_Z,_Z,_Z,_Z,_Z,0.69,A,,,,,,
AFW360_HH,SEN,SN_ZONES05,2021,EN_ELEC_INFORMAL,_Z,_Z,_T,_T,_T,_T,_T,_T,_Z,_Z,_Z,_Z,_Z,0,A,,,,,,
AFW360_HH,SEN,SN_ZONES05,2021,EN_ELEC_SPEND,_Z,_Z,_T,_T,_T,_T,_T,_T,_Z,_Z,_Z,_Z,_Z,16220.88,A,,,,,,
AFW360_HH,SEN,SN_ZONES05,2021,EN_GRID_CONN,_Z,_Z,_T,_T,_T,_T,_T,_T,_Z,_Z,_Z,_Z,_Z,1,A,,,,,,"LEGACY_SUSPECT: Implausible: 0.96-1.00 in every cell, including Q1 and Rural."
AFW360_HH,SEN,SN_ZONES05,2021,EN_GRID_USE,_Z,_Z,_T,_T,_T,_T,_T,_T,_Z,_Z,_Z,_Z,_Z,0.66,A,,,,,,
AFW360_HH,SEN,SN_ZONES05,2021,EN_LIGHT_IMPROVED,_Z,_Z,_T,_T,_T,_T,_T,_T,_Z,_Z,_Z,_Z,_Z,0.97,A,,,,,,
AFW360_HH,SEN,SN_ZONES05,2021,EN_OFFGRID_USE,_Z,_Z,_T,_T,_T,_T,_T,_T,_Z,_Z,_Z,_Z,_Z,0.17,A,,,,,,
AFW360_HH,SEN,SN_ZONES05,2021,EN_OUTAGE_ANY,_Z,_Z,_T,_T,_T,_T,_T,_T,_Z,_Z,_Z,_Z,_Z,0.33,A,,,,,,
AFW360_HH,SEN,SN_ZONES05,2021,EN_OUTAGE_DAYS,_Z,_Z,_T,_T,_T,_T,_T,_T,_Z,_Z,_Z,_Z,_Z,2.15,A,,,,,,
AFW360_HH,SEN,SN_ZONES05,2021,EN_OUTAGE_DUR_CODE,_Z,_Z,_T,_T,_T,_T,_T,_T,_Z,_Z,_Z,_Z,_Z,1.54,A,,,,,,
AFW360_HH,SEN,SN_ZONES05,2021,EN_PREPAID_METER,_Z,_Z,_T,_T,_T,_T,_T,_T,_Z,_Z,_Z,_Z,_Z,0.41,A,,,,,,
AFW360_HH,SEN,SN_ZONES05,2021,HE_ACCOUNTS,_Z,_Z,_T,_T,_T,_T,_T,_T,_Z,_Z,_Z,_Z,_Z,0.03,A,,,,,,
AFW360_HH,SEN,SN_ZONES05,2021,HE_AGE,_Z,_Z,_T,_T,_T,_T,_T,_T,_Z,_Z,_Z,_Z,_Z,7.58,A,,,,,,
AFW360_HH,SEN,SN_ZONES05,2021,HE_BUY_FIRMS,_Z,_Z,_T,_T,_T,_T,_T,_T,_Z,_Z,_Z,_Z,_Z,0.08,A,,,,,,
AFW360_HH,SEN,SN_ZONES05,2021,HE_CAPITAL,_Z,_Z,_T,_T,_T,_T,_T,_T,_Z,_Z,_Z,_Z,_Z,182395.31,A,,,,,,
AFW360_HH,SEN,SN_ZONES05,2021,HE_COSTS,_Z,_Z,_T,_T,_T,_T,_T,_T,_Z,_Z,_Z,_Z,_Z,54250.13,A,,,,,,
AFW360_HH,SEN,SN_ZONES05,2021,HE_CREDIT_ANY,_Z,_Z,_T,_T,_T,_T,_T,_T,_Z,_Z,_Z,_Z,_Z,0.46,A,,,,,,
AFW360_HH,SEN,SN_ZONES05,2021,HE_CREDIT_FORMAL,_Z,_Z,_T,_T,_T,_T,_T,_T,_Z,_Z,_Z,_Z,_Z,0.18,A,,,,,,
AFW360_HH,SEN,SN_ZONES05,2021,HE_CREDIT_INFORMAL,_Z,_Z,_T,_T,_T,_T,_T,_T,_Z,_Z,_Z,_Z,_Z,0.3,A,,,,,,
AFW360_HH,SEN,SN_ZONES05,2021,HE_ELEC,_Z,_Z,_T,_T,_T,_T,_T,_T,_Z,_Z,_Z,_Z,_Z,1,A,,,,,,
AFW360_HH,SEN,SN_ZONES05,2021,HE_EMP_EXT_ANY,_Z,_Z,_T,_T,_T,_T,_T,_T,_Z,_Z,_Z,_Z,_Z,0.97,A,,,,,,LEGACY_SUSPECT: Implausible: share 0.96 while mean non-HH employees is 0.54.
AFW360_HH,SEN,SN_ZONES05,2021,HE_EMP_HH_NUM,_Z,_Z,_T,_T,_T,_T,_T,_T,_Z,_Z,_Z,_Z,_Z,0.14,A,,,,,,
AFW360_HH,SEN,SN_ZONES05,2021,HE_EMP_NONHH_NUM,_Z,_Z,_T,_T,_T,_T,_T,_T,_Z,_Z,_Z,_Z,_Z,0.15,A,,,,,,
AFW360_HH,SEN,SN_ZONES05,2021,HE_EMP_NUM,_Z,_Z,_T,_T,_T,_T,_T,_T,_Z,_Z,_Z,_Z,_Z,0.67,A,,,,,,
AFW360_HH,SEN,SN_ZONES05,2021,HE_HH_OWNER,_Z,_Z,_T,_T,_T,_T,_T,_T,_Z,_Z,_Z,_Z,_Z,0.7,A,,,,,,
AFW360_HH,SEN,SN_ZONES05,2021,HE_HOME_BASED,_Z,_Z,_T,_T,_T,_T,_T,_T,_Z,_Z,_Z,_Z,_Z,0.38,A,,,,,,
AFW360_HH,SEN,SN_ZONES05,2021,HE_PHONE,_Z,_Z,_T,_T,_T,_T,_T,_T,_Z,_Z,_Z,_Z,_Z,1,A,,,,,,
AFW360_HH,SEN,SN_ZONES05,2021,HE_PREMISES_FORMAL,_Z,_Z,_T,_T,_T,_T,_T,_T,_Z,_Z,_Z,_Z,_Z,0.19,A,,,,,,
AFW360_HH,SEN,SN_ZONES05,2021,HE_PROFIT,_Z,_Z,_T,_T,_T,_T,_T,_T,_Z,_Z,_Z,_Z,_Z,32041.13,A,,,,,,
AFW360_HH,SEN,SN_ZONES05,2021,HE_RENT,_Z,_Z,_T,_T,_T,_T,_T,_T,_Z,_Z,_Z,_Z,_Z,0.97,A,,,,,,
AFW360_HH,SEN,SN_ZONES05,2021,HE_REV_PER_WORKER,_Z,_Z,_T,_T,_T,_T,_T,_T,_Z,_Z,_Z,_Z,_Z,1155125.45,A,,,,,,
AFW360_HH,SEN,SN_ZONES05,2021,HE_SELL_FIRMS,_Z,_Z,_T,_T,_T,_T,_T,_T,_Z,_Z,_Z,_Z,_Z,0.08,A,,,,,,
AFW360_HH,SEN,SN_ZONES05,2021,HE_TAX_ID,_Z,_Z,_T,_T,_T,_T,_T,_T,_Z,_Z,_Z,_Z,_Z,0.09,A,,,,,,
AFW360_HH,SEN,SN_ZONES05,2021,HE_WATER,_Z,_Z,_T,_T,_T,_T,_T,_T,_Z,_Z,_Z,_Z,_Z,0.2,A,,,,,,
AFW360_HH,SEN,SN_ZONES05,2021,HOUS_FLOOR_DURABLE,_Z,_Z,_T,_T,_T,_T,_T,_T,_Z,_Z,_Z,_Z,_Z,0.84,A,,,,,,
AFW360_HH,SEN,SN_ZONES05,2021,HOUS_ROOF_DURABLE,_Z,_Z,_T,_T,_T,_T,_T,_T,_Z,_Z,_Z,_Z,_Z,0.92,A,,,,,,
AFW360_HH,SEN,SN_ZONES05,2021,HOUS_SANIT_IMPROVED,_Z,_Z,_T,_T,_T,_T,_T,_T,_Z,_Z,_Z,_Z,_Z,0.68,A,,,,,,
AFW360_HH,SEN,SN_ZONES05,2021,HOUS_WALL_DURABLE,_Z,_Z,_T,_T,_T,_T,_T,_T,_Z,_Z,_Z,_Z,_Z,0.87,A,,,,,,
AFW360_HH,SEN,SN_ZONES05,2021,HOUS_WATER_SAFE_DRY,_Z,_Z,_T,_T,_T,_T,_T,_T,_Z,_Z,_Z,_Z,_Z,0.78,A,,,,,,
AFW360_HH,SEN,SN_ZONES05,2021,POP_HE_SH,_Z,_Z,_T,HEO_MSTAT_MARRIED,_T,_T,_T,_T,_Z,_Z,_Z,_Z,_Z,0.64,A,,,,,,
AFW360_HH,SEN,SN_ZONES05,2021,POP_HE_SH,_Z,_Z,_T,HEO_SEX_F,_T,_T,_T,_T,_Z,_Z,_Z,_Z,_Z,0.7,A,,,,,,
AFW360_HH,SEN,SN_ZONES05,2021,POP_HH_SH,_Z,_Z,_T,HE_COUNT_0,_T,_T,_T,_T,_Z,_Z,_Z,_Z,_Z,0.37,A,,,,,,
AFW360_HH,SEN,SN_ZONES05,2021,POP_HH_SH,_Z,_Z,_T,HE_COUNT_1,_T,_T,_T,_T,_Z,_Z,_Z,_Z,_Z,0.57,A,,,,,,
AFW360_HH,SEN,SN_ZONES05,2021,POP_HH_SH,_Z,_Z,_T,HE_COUNT_2,_T,_T,_T,_T,_Z,_Z,_Z,_Z,_Z,0.04,A,,,,,,
AFW360_HH,SEN,SN_ZONES05,2021,POP_HH_SH,_Z,_Z,_T,HE_COUNT_3,_T,_T,_T,_T,_Z,_Z,_Z,_Z,_Z,0.02,A,,,,,,
AFW360_HH,SEN,SN_ZONES05,2021,POP_HH_SH,_Z,_Z,_T,HE_COUNT_4P,_T,_T,_T,_T,_Z,_Z,_Z,_Z,_Z,0,A,,,,,,
AFW360_HH,SEN,SN_ZONES05,2021,POP_SH,_T,_T,_T,EMP_FORMAL_N,_T,_T,_T,_T,_Z,_Z,_Z,_Z,_Z,0.72,A,,,,,,
AFW360_HH,SEN,SN_ZONES05,2021,POP_SH,_T,_T,_T,EMP_ISIC_G,_T,_T,_T,_T,_Z,_Z,_Z,_Z,_Z,0.22,A,,,,,,
AFW360_HH,SEN,SN_ZONES05,2021,POP_SH,_T,_T,_T,EMP_ISIC_H,_T,_T,_T,_T,_Z,_Z,_Z,_Z,_Z,0.07,A,,,,,,
AFW360_HH,SEN,SN_ZONES05,2021,POP_SH,_T,_T,_T,EMP_SECTOR_AGR,_T,_T,_T,_T,_Z,_Z,_Z,_Z,_Z,0.26,A,,,,,,
AFW360_HH,SEN,SN_ZONES05,2021,POP_SH,_T,_T,_T,EMP_SECTOR_IND,_T,_T,_T,_T,_Z,_Z,_Z,_Z,_Z,0.28,A,,,,,,
AFW360_HH,SEN,SN_ZONES05,2021,POP_SH,_T,_T,_T,EMP_SECTOR_SER,_T,_T,_T,_T,_Z,_Z,_Z,_Z,_Z,0.46,A,,,,,,
AFW360_HH,SEN,SN_ZONES05,2021,POP_SH,_T,_T,_T,EMP_STATUS_EMPLOYED,_T,_T,_T,_T,_Z,_Z,_Z,_Z,_Z,0.58,A,,,,,,
AFW360_HH,SEN,SN_ZONES05,2021,POP_SH,_T,_T,_T,EMP_TYPE_NONWAGE,_T,_T,_T,_T,_Z,_Z,_Z,_Z,_Z,0.72,A,,,,,,
AFW360_HH,SEN,SN_ZONES05,2021,POP_SH,_T,_T,_T,EMP_TYPE_WAGE,_T,_T,_T,_T,_Z,_Z,_Z,_Z,_Z,0.28,A,,,,,,
AFW360_HH,SEN,SN_ZONES05,2021,POV_HC,_T,_T,_T,_T,_T,_T,_T,_T,POVLINE_PL300,PPP_2021,_Z,_Z,_Z,0.13,A,,,,,,
AFW360_HH,SEN,SN_ZONES05,2021,POV_HC,_T,_T,_T,_T,_T,_T,_T,_T,POVLINE_PL420,PPP_2021,_Z,_Z,_Z,0.34,A,,,,,,
AFW360_HH,SEN,SN_ZONES05,2021,POV_NUM,_T,_T,_T,_T,_T,_T,_T,_T,POVLINE_PL300,PPP_2021,_Z,_Z,_Z,690000,A,,,,,,
AFW360_HH,SEN,SN_ZONES05,2021,POV_NUM,_T,_T,_T,_T,_T,_T,_T,_T,POVLINE_PL420,PPP_2021,_Z,_Z,_Z,1790000,A,,,,,,
AFW360_HH,SEN,SN_ZONES05,2021,SHK_ANY,_Z,_Z,_T,_T,_T,_T,_T,_T,_Z,_Z,_Z,_Z,_Z,0.7,A,,,,,,
AFW360_HH,SEN,SN_ZONES05,2021,SHK_COV_CONFLICT,_Z,_Z,_T,_T,_T,_T,_T,_T,_Z,_Z,_Z,_Z,_Z,0.01,A,,,,,,
AFW360_HH,SEN,SN_ZONES05,2021,SHK_COV_ECON,_Z,_Z,_T,_T,_T,_T,_T,_T,_Z,_Z,_Z,_Z,_Z,0.48,A,,,,,,
AFW360_HH,SEN,SN_ZONES05,2021,SHK_COV_NATURAL,_Z,_Z,_T,_T,_T,_T,_T,_T,_Z,_Z,_Z,_Z,_Z,0.21,A,,,,,,
AFW360_HH,SEN,SN_ZONES05,2021,SHK_IDIO_ECON,_Z,_Z,_T,_T,_T,_T,_T,_T,_Z,_Z,_Z,_Z,_Z,0.2,A,,,,,,
AFW360_HH,SEN,SN_ZONES05,2021,SP_HEALTH_COV,_T,_T,_T,_T,_T,_T,_T,_T,_Z,_Z,_Z,_Z,_Z,0.01,A,,,,,,
AFW360_HH,SEN,SN_ZONES05,2021,SP_HEALTH_COV_HH,_Z,_Z,_T,_T,_T,_T,_T,_T,_Z,_Z,_Z,_Z,_Z,0.02,A,,,,,,
AFW360_HH,SEN,SN_ZONES06,2021,AGR_CULTIVATES,_Z,_Z,_T,_T,_T,_T,_T,_T,_Z,_Z,_Z,_Z,_Z,0.65,A,,,,,,
AFW360_HH,SEN,SN_ZONES06,2021,AGR_CULT_AREA,_Z,_Z,_T,_T,_T,_T,_T,_T,_Z,_Z,_Z,_Z,_Z,3.9,A,,,,,,
AFW360_HH,SEN,SN_ZONES06,2021,AGR_LIVESTOCK_ANY,_Z,_Z,_T,_T,_T,_T,_T,_T,_Z,_Z,_Z,_Z,_Z,0.61,A,,,,,,
AFW360_HH,SEN,SN_ZONES06,2021,AGR_TLU,_Z,_Z,_T,_T,_T,_T,_T,_T,_Z,_Z,_Z,_Z,_Z,4.37,A,,,,,,
AFW360_HH,SEN,SN_ZONES06,2021,CONS_SH,_Z,_Z,_T,_T,_T,_T,_T,_T,COICOP_CP01,ACQ_OWNPROD,_Z,_Z,_Z,0.09,A,,,,,,
AFW360_HH,SEN,SN_ZONES06,2021,CONS_SH,_Z,_Z,_T,_T,_T,_T,_T,_T,COICOP_CP01,ACQ_PURCH,_Z,_Z,_Z,0.36,A,,,,,,
AFW360_HH,SEN,SN_ZONES06,2021,CONS_SH,_Z,_Z,_T,_T,_T,_T,_T,_T,COICOP_CP01,_Z,_Z,_Z,_Z,0.48,A,,,,,,
AFW360_HH,SEN,SN_ZONES06,2021,CONS_SH,_Z,_Z,_T,_T,_T,_T,_T,_T,COICOP_CP02,_Z,_Z,_Z,_Z,0,A,,,,,,
AFW360_HH,SEN,SN_ZONES06,2021,CONS_SH,_Z,_Z,_T,_T,_T,_T,_T,_T,COICOP_CP03,_Z,_Z,_Z,_Z,0.06,A,,,,,,
AFW360_HH,SEN,SN_ZONES06,2021,CONS_SH,_Z,_Z,_T,_T,_T,_T,_T,_T,COICOP_CP04,_Z,_Z,_Z,_Z,0.16,A,,,,,,
AFW360_HH,SEN,SN_ZONES06,2021,CONS_SH,_Z,_Z,_T,_T,_T,_T,_T,_T,COICOP_CP05,_Z,_Z,_Z,_Z,0.04,A,,,,,,
AFW360_HH,SEN,SN_ZONES06,2021,CONS_SH,_Z,_Z,_T,_T,_T,_T,_T,_T,COICOP_CP06,_Z,_Z,_Z,_Z,0.03,A,,,,,,
AFW360_HH,SEN,SN_ZONES06,2021,CONS_SH,_Z,_Z,_T,_T,_T,_T,_T,_T,COICOP_CP07,_Z,_Z,_Z,_Z,0.04,A,,,,,,
AFW360_HH,SEN,SN_ZONES06,2021,CONS_SH,_Z,_Z,_T,_T,_T,_T,_T,_T,COICOP_CP08,_Z,_Z,_Z,_Z,0.06,A,,,,,,
AFW360_HH,SEN,SN_ZONES06,2021,CONS_SH,_Z,_Z,_T,_T,_T,_T,_T,_T,COICOP_CP09,_Z,_Z,_Z,_Z,0,A,,,,,,
AFW360_HH,SEN,SN_ZONES06,2021,CONS_SH,_Z,_Z,_T,_T,_T,_T,_T,_T,COICOP_CP10,_Z,_Z,_Z,_Z,0.01,A,,,,,,
AFW360_HH,SEN,SN_ZONES06,2021,CONS_SH,_Z,_Z,_T,_T,_T,_T,_T,_T,COICOP_CP11,_Z,_Z,_Z,_Z,0.07,A,,,,,,
AFW360_HH,SEN,SN_ZONES06,2021,CONS_SH,_Z,_Z,_T,_T,_T,_T,_T,_T,COICOP_CP12,_Z,_Z,_Z,_Z,0,A,,,,,,
AFW360_HH,SEN,SN_ZONES06,2021,CONS_SH,_Z,_Z,_T,_T,_T,_T,_T,_T,COICOP_CP13,_Z,_Z,_Z,_Z,0.02,A,,,,,,
AFW360_HH,SEN,SN_ZONES06,2021,EN_ASSET_AC,_Z,_Z,_T,_T,_T,_T,_T,_T,_Z,_Z,_Z,_Z,_Z,0.12,A,,,,,,
AFW360_HH,SEN,SN_ZONES06,2021,EN_ASSET_COOKER,_Z,_Z,_T,_T,_T,_T,_T,_T,_Z,_Z,_Z,_Z,_Z,0.01,A,,,,,,
AFW360_HH,SEN,SN_ZONES06,2021,EN_ASSET_FAN,_Z,_Z,_T,_T,_T,_T,_T,_T,_Z,_Z,_Z,_Z,_Z,0,A,,,,,,
AFW360_HH,SEN,SN_ZONES06,2021,EN_ASSET_WATER_HEATER,_Z,_Z,_T,_T,_T,_T,_T,_T,_Z,_Z,_Z,_Z,_Z,0.02,A,,,,,,
AFW360_HH,SEN,SN_ZONES06,2021,EN_COOK_BIOMASS,_Z,_Z,_T,_T,_T,_T,_T,_T,_Z,_Z,_Z,_Z,_Z,0.18,A,,,,,,
AFW360_HH,SEN,SN_ZONES06,2021,EN_COOK_CLEAN,_Z,_Z,_T,_T,_T,_T,_T,_T,_Z,_Z,_Z,_Z,_Z,0.78,A,,,,,,LEGACY_SUSPECT: Implausible pattern: higher in Rural and Q1 than in Capital and Q4.
AFW360_HH,SEN,SN_ZONES06,2021,EN_ELEC_ACCESS,_Z,_Z,_T,_T,_T,_T,_T,_T,_Z,_Z,_Z,_Z,_Z,0.44,A,,,,,,
AFW360_HH,SEN,SN_ZONES06,2021,EN_ELEC_INFORMAL,_Z,_Z,_T,_T,_T,_T,_T,_T,_Z,_Z,_Z,_Z,_Z,0.02,A,,,,,,
AFW360_HH,SEN,SN_ZONES06,2021,EN_ELEC_SPEND,_Z,_Z,_T,_T,_T,_T,_T,_T,_Z,_Z,_Z,_Z,_Z,17442.33,A,,,,,,
AFW360_HH,SEN,SN_ZONES06,2021,EN_GRID_CONN,_Z,_Z,_T,_T,_T,_T,_T,_T,_Z,_Z,_Z,_Z,_Z,0.95,A,,,,,,"LEGACY_SUSPECT: Implausible: 0.96-1.00 in every cell, including Q1 and Rural."
AFW360_HH,SEN,SN_ZONES06,2021,EN_GRID_USE,_Z,_Z,_T,_T,_T,_T,_T,_T,_Z,_Z,_Z,_Z,_Z,0.44,A,,,,,,
AFW360_HH,SEN,SN_ZONES06,2021,EN_LIGHT_IMPROVED,_Z,_Z,_T,_T,_T,_T,_T,_T,_Z,_Z,_Z,_Z,_Z,0.93,A,,,,,,
AFW360_HH,SEN,SN_ZONES06,2021,EN_OFFGRID_USE,_Z,_Z,_T,_T,_T,_T,_T,_T,_Z,_Z,_Z,_Z,_Z,0.25,A,,,,,,
AFW360_HH,SEN,SN_ZONES06,2021,EN_OUTAGE_ANY,_Z,_Z,_T,_T,_T,_T,_T,_T,_Z,_Z,_Z,_Z,_Z,0.29,A,,,,,,
AFW360_HH,SEN,SN_ZONES06,2021,EN_OUTAGE_DAYS,_Z,_Z,_T,_T,_T,_T,_T,_T,_Z,_Z,_Z,_Z,_Z,2.18,A,,,,,,
AFW360_HH,SEN,SN_ZONES06,2021,EN_OUTAGE_DUR_CODE,_Z,_Z,_T,_T,_T,_T,_T,_T,_Z,_Z,_Z,_Z,_Z,2.07,A,,,,,,
AFW360_HH,SEN,SN_ZONES06,2021,EN_PREPAID_METER,_Z,_Z,_T,_T,_T,_T,_T,_T,_Z,_Z,_Z,_Z,_Z,0.44,A,,,,,,
AFW360_HH,SEN,SN_ZONES06,2021,HE_ACCOUNTS,_Z,_Z,_T,_T,_T,_T,_T,_T,_Z,_Z,_Z,_Z,_Z,0.07,A,,,,,,
AFW360_HH,SEN,SN_ZONES06,2021,HE_AGE,_Z,_Z,_T,_T,_T,_T,_T,_T,_Z,_Z,_Z,_Z,_Z,8.31,A,,,,,,
AFW360_HH,SEN,SN_ZONES06,2021,HE_BUY_FIRMS,_Z,_Z,_T,_T,_T,_T,_T,_T,_Z,_Z,_Z,_Z,_Z,0.29,A,,,,,,
AFW360_HH,SEN,SN_ZONES06,2021,HE_CAPITAL,_Z,_Z,_T,_T,_T,_T,_T,_T,_Z,_Z,_Z,_Z,_Z,240283.81,A,,,,,,
AFW360_HH,SEN,SN_ZONES06,2021,HE_COSTS,_Z,_Z,_T,_T,_T,_T,_T,_T,_Z,_Z,_Z,_Z,_Z,53130.67,A,,,,,,
AFW360_HH,SEN,SN_ZONES06,2021,HE_CREDIT_ANY,_Z,_Z,_T,_T,_T,_T,_T,_T,_Z,_Z,_Z,_Z,_Z,0.36,A,,,,,,
AFW360_HH,SEN,SN_ZONES06,2021,HE_CREDIT_FORMAL,_Z,_Z,_T,_T,_T,_T,_T,_T,_Z,_Z,_Z,_Z,_Z,0.05,A,,,,,,
AFW360_HH,SEN,SN_ZONES06,2021,HE_CREDIT_INFORMAL,_Z,_Z,_T,_T,_T,_T,_T,_T,_Z,_Z,_Z,_Z,_Z,0.31,A,,,,,,
AFW360_HH,SEN,SN_ZONES06,2021,HE_ELEC,_Z,_Z,_T,_T,_T,_T,_T,_T,_Z,_Z,_Z,_Z,_Z,0.95,A,,,,,,
AFW360_HH,SEN,SN_ZONES06,2021,HE_EMP_EXT_ANY,_Z,_Z,_T,_T,_T,_T,_T,_T,_Z,_Z,_Z,_Z,_Z,0.97,A,,,,,,LEGACY_SUSPECT: Implausible: share 0.96 while mean non-HH employees is 0.54.
AFW360_HH,SEN,SN_ZONES06,2021,HE_EMP_HH_NUM,_Z,_Z,_T,_T,_T,_T,_T,_T,_Z,_Z,_Z,_Z,_Z,0.18,A,,,,,,
AFW360_HH,SEN,SN_ZONES06,2021,HE_EMP_NONHH_NUM,_Z,_Z,_T,_T,_T,_T,_T,_T,_Z,_Z,_Z,_Z,_Z,0.38,A,,,,,,
AFW360_HH,SEN,SN_ZONES06,2021,HE_EMP_NUM,_Z,_Z,_T,_T,_T,_T,_T,_T,_Z,_Z,_Z,_Z,_Z,0.7,A,,,,,,
AFW360_HH,SEN,SN_ZONES06,2021,HE_HH_OWNER,_Z,_Z,_T,_T,_T,_T,_T,_T,_Z,_Z,_Z,_Z,_Z,0.47,A,,,,,,
AFW360_HH,SEN,SN_ZONES06,2021,HE_HOME_BASED,_Z,_Z,_T,_T,_T,_T,_T,_T,_Z,_Z,_Z,_Z,_Z,0.38,A,,,,,,
AFW360_HH,SEN,SN_ZONES06,2021,HE_PHONE,_Z,_Z,_T,_T,_T,_T,_T,_T,_Z,_Z,_Z,_Z,_Z,0.99,A,,,,,,
AFW360_HH,SEN,SN_ZONES06,2021,HE_PREMISES_FORMAL,_Z,_Z,_T,_T,_T,_T,_T,_T,_Z,_Z,_Z,_Z,_Z,0.15,A,,,,,,
AFW360_HH,SEN,SN_ZONES06,2021,HE_PROFIT,_Z,_Z,_T,_T,_T,_T,_T,_T,_Z,_Z,_Z,_Z,_Z,16695.45,A,,,,,,
AFW360_HH,SEN,SN_ZONES06,2021,HE_RENT,_Z,_Z,_T,_T,_T,_T,_T,_T,_Z,_Z,_Z,_Z,_Z,0.69,A,,,,,,
AFW360_HH,SEN,SN_ZONES06,2021,HE_REV_PER_WORKER,_Z,_Z,_T,_T,_T,_T,_T,_T,_Z,_Z,_Z,_Z,_Z,249344.35,A,,,,,,
AFW360_HH,SEN,SN_ZONES06,2021,HE_SELL_FIRMS,_Z,_Z,_T,_T,_T,_T,_T,_T,_Z,_Z,_Z,_Z,_Z,0.01,A,,,,,,
AFW360_HH,SEN,SN_ZONES06,2021,HE_TAX_ID,_Z,_Z,_T,_T,_T,_T,_T,_T,_Z,_Z,_Z,_Z,_Z,0.14,A,,,,,,
AFW360_HH,SEN,SN_ZONES06,2021,HE_WATER,_Z,_Z,_T,_T,_T,_T,_T,_T,_Z,_Z,_Z,_Z,_Z,0.14,A,,,,,,
AFW360_HH,SEN,SN_ZONES06,2021,HOUS_FLOOR_DURABLE,_Z,_Z,_T,_T,_T,_T,_T,_T,_Z,_Z,_Z,_Z,_Z,0.63,A,,,,,,
AFW360_HH,SEN,SN_ZONES06,2021,HOUS_ROOF_DURABLE,_Z,_Z,_T,_T,_T,_T,_T,_T,_Z,_Z,_Z,_Z,_Z,0.79,A,,,,,,
AFW360_HH,SEN,SN_ZONES06,2021,HOUS_SANIT_IMPROVED,_Z,_Z,_T,_T,_T,_T,_T,_T,_Z,_Z,_Z,_Z,_Z,0.25,A,,,,,,
AFW360_HH,SEN,SN_ZONES06,2021,HOUS_WALL_DURABLE,_Z,_Z,_T,_T,_T,_T,_T,_T,_Z,_Z,_Z,_Z,_Z,0.88,A,,,,,,
AFW360_HH,SEN,SN_ZONES06,2021,HOUS_WATER_SAFE_DRY,_Z,_Z,_T,_T,_T,_T,_T,_T,_Z,_Z,_Z,_Z,_Z,0.48,A,,,,,,
AFW360_HH,SEN,SN_ZONES06,2021,POP_HE_SH,_Z,_Z,_T,HEO_MSTAT_MARRIED,_T,_T,_T,_T,_Z,_Z,_Z,_Z,_Z,0.8,A,,,,,,
AFW360_HH,SEN,SN_ZONES06,2021,POP_HE_SH,_Z,_Z,_T,HEO_SEX_F,_T,_T,_T,_T,_Z,_Z,_Z,_Z,_Z,0.69,A,,,,,,
AFW360_HH,SEN,SN_ZONES06,2021,POP_HH_SH,_Z,_Z,_T,HE_COUNT_0,_T,_T,_T,_T,_Z,_Z,_Z,_Z,_Z,0.41,A,,,,,,
AFW360_HH,SEN,SN_ZONES06,2021,POP_HH_SH,_Z,_Z,_T,HE_COUNT_1,_T,_T,_T,_T,_Z,_Z,_Z,_Z,_Z,0.5,A,,,,,,
AFW360_HH,SEN,SN_ZONES06,2021,POP_HH_SH,_Z,_Z,_T,HE_COUNT_2,_T,_T,_T,_T,_Z,_Z,_Z,_Z,_Z,0.06,A,,,,,,
AFW360_HH,SEN,SN_ZONES06,2021,POP_HH_SH,_Z,_Z,_T,HE_COUNT_3,_T,_T,_T,_T,_Z,_Z,_Z,_Z,_Z,0.03,A,,,,,,
AFW360_HH,SEN,SN_ZONES06,2021,POP_HH_SH,_Z,_Z,_T,HE_COUNT_4P,_T,_T,_T,_T,_Z,_Z,_Z,_Z,_Z,0,A,,,,,,
AFW360_HH,SEN,SN_ZONES06,2021,POP_SH,_T,_T,_T,EMP_FORMAL_N,_T,_T,_T,_T,_Z,_Z,_Z,_Z,_Z,0.78,A,,,,,,
AFW360_HH,SEN,SN_ZONES06,2021,POP_SH,_T,_T,_T,EMP_ISIC_G,_T,_T,_T,_T,_Z,_Z,_Z,_Z,_Z,0.12,A,,,,,,
AFW360_HH,SEN,SN_ZONES06,2021,POP_SH,_T,_T,_T,EMP_ISIC_H,_T,_T,_T,_T,_Z,_Z,_Z,_Z,_Z,0.05,A,,,,,,
AFW360_HH,SEN,SN_ZONES06,2021,POP_SH,_T,_T,_T,EMP_SECTOR_AGR,_T,_T,_T,_T,_Z,_Z,_Z,_Z,_Z,0.52,A,,,,,,
AFW360_HH,SEN,SN_ZONES06,2021,POP_SH,_T,_T,_T,EMP_SECTOR_IND,_T,_T,_T,_T,_Z,_Z,_Z,_Z,_Z,0.19,A,,,,,,
AFW360_HH,SEN,SN_ZONES06,2021,POP_SH,_T,_T,_T,EMP_SECTOR_SER,_T,_T,_T,_T,_Z,_Z,_Z,_Z,_Z,0.29,A,,,,,,
AFW360_HH,SEN,SN_ZONES06,2021,POP_SH,_T,_T,_T,EMP_STATUS_EMPLOYED,_T,_T,_T,_T,_Z,_Z,_Z,_Z,_Z,0.56,A,,,,,,
AFW360_HH,SEN,SN_ZONES06,2021,POP_SH,_T,_T,_T,EMP_TYPE_NONWAGE,_T,_T,_T,_T,_Z,_Z,_Z,_Z,_Z,0.79,A,,,,,,
AFW360_HH,SEN,SN_ZONES06,2021,POP_SH,_T,_T,_T,EMP_TYPE_WAGE,_T,_T,_T,_T,_Z,_Z,_Z,_Z,_Z,0.21,A,,,,,,
AFW360_HH,SEN,SN_ZONES06,2021,POV_HC,_T,_T,_T,_T,_T,_T,_T,_T,POVLINE_PL300,PPP_2021,_Z,_Z,_Z,0.36,A,,,,,,
AFW360_HH,SEN,SN_ZONES06,2021,POV_HC,_T,_T,_T,_T,_T,_T,_T,_T,POVLINE_PL420,PPP_2021,_Z,_Z,_Z,0.64,A,,,,,,
AFW360_HH,SEN,SN_ZONES06,2021,POV_NUM,_T,_T,_T,_T,_T,_T,_T,_T,POVLINE_PL300,PPP_2021,_Z,_Z,_Z,1110000,A,,,,,,
AFW360_HH,SEN,SN_ZONES06,2021,POV_NUM,_T,_T,_T,_T,_T,_T,_T,_T,POVLINE_PL420,PPP_2021,_Z,_Z,_Z,2000000,A,,,,,,
AFW360_HH,SEN,SN_ZONES06,2021,SHK_ANY,_Z,_Z,_T,_T,_T,_T,_T,_T,_Z,_Z,_Z,_Z,_Z,0.64,A,,,,,,
AFW360_HH,SEN,SN_ZONES06,2021,SHK_COV_CONFLICT,_Z,_Z,_T,_T,_T,_T,_T,_T,_Z,_Z,_Z,_Z,_Z,0.02,A,,,,,,
AFW360_HH,SEN,SN_ZONES06,2021,SHK_COV_ECON,_Z,_Z,_T,_T,_T,_T,_T,_T,_Z,_Z,_Z,_Z,_Z,0.33,A,,,,,,
AFW360_HH,SEN,SN_ZONES06,2021,SHK_COV_NATURAL,_Z,_Z,_T,_T,_T,_T,_T,_T,_Z,_Z,_Z,_Z,_Z,0.24,A,,,,,,
AFW360_HH,SEN,SN_ZONES06,2021,SHK_IDIO_ECON,_Z,_Z,_T,_T,_T,_T,_T,_T,_Z,_Z,_Z,_Z,_Z,0.14,A,,,,,,
AFW360_HH,SEN,SN_ZONES06,2021,SP_HEALTH_COV,_T,_T,_T,_T,_T,_T,_T,_T,_Z,_Z,_Z,_Z,_Z,0.01,A,,,,,,
AFW360_HH,SEN,SN_ZONES06,2021,SP_HEALTH_COV_HH,_Z,_Z,_T,_T,_T,_T,_T,_T,_Z,_Z,_Z,_Z,_Z,0.02,A,,,,,,
AFW360_HH,SEN,_T,2021,AGR_CULTIVATES,_Z,_Z,CAP,_T,_T,_T,_T,_T,_Z,_Z,_Z,_Z,_Z,0.01,A,,,,,,
AFW360_HH,SEN,_T,2021,AGR_CULTIVATES,_Z,_Z,OU,_T,_T,_T,_T,_T,_Z,_Z,_Z,_Z,_Z,0.17,A,,,,,,
AFW360_HH,SEN,_T,2021,AGR_CULTIVATES,_Z,_Z,R,_T,_T,_T,_T,_T,_Z,_Z,_Z,_Z,_Z,0.69,A,,,,,,
AFW360_HH,SEN,_T,2021,AGR_CULTIVATES,_Z,_Z,_T,HHH_AGE_GE35,_T,_T,_T,_T,_Z,_Z,_Z,_Z,_Z,0.41,A,,,,,,
AFW360_HH,SEN,_T,2021,AGR_CULTIVATES,_Z,_Z,_T,HHH_AGE_LT35,_T,_T,_T,_T,_Z,_Z,_Z,_Z,_Z,0.44,A,,,,,,
AFW360_HH,SEN,_T,2021,AGR_CULTIVATES,_Z,_Z,_T,HHH_SEX_F,_T,_T,_T,_T,_Z,_Z,_Z,_Z,_Z,0.2,A,,,,,,
AFW360_HH,SEN,_T,2021,AGR_CULTIVATES,_Z,_Z,_T,HHH_SEX_M,_T,_T,_T,_T,_Z,_Z,_Z,_Z,_Z,0.48,A,,,,,,
AFW360_HH,SEN,_T,2021,AGR_CULTIVATES,_Z,_Z,_T,QUINT_Q1,_T,_T,_T,_T,_Z,_Z,_Z,_Z,_Z,0.78,A,,,,,,
AFW360_HH,SEN,_T,2021,AGR_CULTIVATES,_Z,_Z,_T,QUINT_Q2,_T,_T,_T,_T,_Z,_Z,_Z,_Z,_Z,0.54,A,,,,,,
AFW360_HH,SEN,_T,2021,AGR_CULTIVATES,_Z,_Z,_T,QUINT_Q3,_T,_T,_T,_T,_Z,_Z,_Z,_Z,_Z,0.38,A,,,,,,
AFW360_HH,SEN,_T,2021,AGR_CULTIVATES,_Z,_Z,_T,QUINT_Q4,_T,_T,_T,_T,_Z,_Z,_Z,_Z,_Z,0.24,A,,,,,,
AFW360_HH,SEN,_T,2021,AGR_CULTIVATES,_Z,_Z,_T,QUINT_Q5,_T,_T,_T,_T,_Z,_Z,_Z,_Z,_Z,0.1,A,,,,,,
AFW360_HH,SEN,_T,2021,AGR_CULTIVATES,_Z,_Z,_T,_T,_T,_T,_T,_T,_Z,_Z,_Z,_Z,_Z,0.41,A,,,,,,
AFW360_HH,SEN,_T,2021,AGR_CULT_AREA,_Z,_Z,CAP,_T,_T,_T,_T,_T,_Z,_Z,_Z,_Z,_Z,0.66,A,,,,,,
AFW360_HH,SEN,_T,2021,AGR_CULT_AREA,_Z,_Z,OU,_T,_T,_T,_T,_T,_Z,_Z,_Z,_Z,_Z,2.42,A,,,,,,
AFW360_HH,SEN,_T,2021,AGR_CULT_AREA,_Z,_Z,R,_T,_T,_T,_T,_T,_Z,_Z,_Z,_Z,_Z,4.14,A,,,,,,
AFW360_HH,SEN,_T,2021,AGR_CULT_AREA,_Z,_Z,_T,HHH_AGE_GE35,_T,_T,_T,_T,_Z,_Z,_Z,_Z,_Z,3.92,A,,,,,,
AFW360_HH,SEN,_T,2021,AGR_CULT_AREA,_Z,_Z,_T,HHH_AGE_LT35,_T,_T,_T,_T,_Z,_Z,_Z,_Z,_Z,4.14,A,,,,,,
AFW360_HH,SEN,_T,2021,AGR_CULT_AREA,_Z,_Z,_T,HHH_SEX_F,_T,_T,_T,_T,_Z,_Z,_Z,_Z,_Z,2.83,A,,,,,,
AFW360_HH,SEN,_T,2021,AGR_CULT_AREA,_Z,_Z,_T,HHH_SEX_M,_T,_T,_T,_T,_Z,_Z,_Z,_Z,_Z,4.09,A,,,,,,
AFW360_HH,SEN,_T,2021,AGR_CULT_AREA,_Z,_Z,_T,QUINT_Q1,_T,_T,_T,_T,_Z,_Z,_Z,_Z,_Z,3.85,A,,,,,,
AFW360_HH,SEN,_T,2021,AGR_CULT_AREA,_Z,_Z,_T,QUINT_Q2,_T,_T,_T,_T,_Z,_Z,_Z,_Z,_Z,4.11,A,,,,,,
AFW360_HH,SEN,_T,2021,AGR_CULT_AREA,_Z,_Z,_T,QUINT_Q3,_T,_T,_T,_T,_Z,_Z,_Z,_Z,_Z,4.29,A,,,,,,
AFW360_HH,SEN,_T,2021,AGR_CULT_AREA,_Z,_Z,_T,QUINT_Q4,_T,_T,_T,_T,_Z,_Z,_Z,_Z,_Z,3.54,A,,,,,,
AFW360_HH,SEN,_T,2021,AGR_CULT_AREA,_Z,_Z,_T,QUINT_Q5,_T,_T,_T,_T,_Z,_Z,_Z,_Z,_Z,3.35,A,,,,,,
AFW360_HH,SEN,_T,2021,AGR_CULT_AREA,_Z,_Z,_T,_T,_T,_T,_T,_T,_Z,_Z,_Z,_Z,_Z,3.94,A,,,,,,
AFW360_HH,SEN,_T,2021,AGR_LIVESTOCK_ANY,_Z,_Z,CAP,_T,_T,_T,_T,_T,_Z,_Z,_Z,_Z,_Z,0.26,A,,,,,,
AFW360_HH,SEN,_T,2021,AGR_LIVESTOCK_ANY,_Z,_Z,OU,_T,_T,_T,_T,_T,_Z,_Z,_Z,_Z,_Z,0.46,A,,,,,,
AFW360_HH,SEN,_T,2021,AGR_LIVESTOCK_ANY,_Z,_Z,R,_T,_T,_T,_T,_T,_Z,_Z,_Z,_Z,_Z,0.76,A,,,,,,
AFW360_HH,SEN,_T,2021,AGR_LIVESTOCK_ANY,_Z,_Z,_T,HHH_AGE_GE35,_T,_T,_T,_T,_Z,_Z,_Z,_Z,_Z,0.57,A,,,,,,
AFW360_HH,SEN,_T,2021,AGR_LIVESTOCK_ANY,_Z,_Z,_T,HHH_AGE_LT35,_T,_T,_T,_T,_Z,_Z,_Z,_Z,_Z,0.54,A,,,,,,
AFW360_HH,SEN,_T,2021,AGR_LIVESTOCK_ANY,_Z,_Z,_T,HHH_SEX_F,_T,_T,_T,_T,_Z,_Z,_Z,_Z,_Z,0.41,A,,,,,,
AFW360_HH,SEN,_T,2021,AGR_LIVESTOCK_ANY,_Z,_Z,_T,HHH_SEX_M,_T,_T,_T,_T,_Z,_Z,_Z,_Z,_Z,0.63,A,,,,,,
AFW360_HH,SEN,_T,2021,AGR_LIVESTOCK_ANY,_Z,_Z,_T,QUINT_Q1,_T,_T,_T,_T,_Z,_Z,_Z,_Z,_Z,0.76,A,,,,,,
AFW360_HH,SEN,_T,2021,AGR_LIVESTOCK_ANY,_Z,_Z,_T,QUINT_Q2,_T,_T,_T,_T,_Z,_Z,_Z,_Z,_Z,0.66,A,,,,,,
AFW360_HH,SEN,_T,2021,AGR_LIVESTOCK_ANY,_Z,_Z,_T,QUINT_Q3,_T,_T,_T,_T,_Z,_Z,_Z,_Z,_Z,0.62,A,,,,,,
AFW360_HH,SEN,_T,2021,AGR_LIVESTOCK_ANY,_Z,_Z,_T,QUINT_Q4,_T,_T,_T,_T,_Z,_Z,_Z,_Z,_Z,0.48,A,,,,,,
AFW360_HH,SEN,_T,2021,AGR_LIVESTOCK_ANY,_Z,_Z,_T,QUINT_Q5,_T,_T,_T,_T,_Z,_Z,_Z,_Z,_Z,0.34,A,,,,,,
AFW360_HH,SEN,_T,2021,AGR_LIVESTOCK_ANY,_Z,_Z,_T,_T,_T,_T,_T,_T,_Z,_Z,_Z,_Z,_Z,0.57,A,,,,,,
AFW360_HH,SEN,_T,2021,AGR_TLU,_Z,_Z,CAP,_T,_T,_T,_T,_T,_Z,_Z,_Z,_Z,_Z,0.18,A,,,,,,
AFW360_HH,SEN,_T,2021,AGR_TLU,_Z,_Z,OU,_T,_T,_T,_T,_T,_Z,_Z,_Z,_Z,_Z,0.82,A,,,,,,
AFW360_HH,SEN,_T,2021,AGR_TLU,_Z,_Z,R,_T,_T,_T,_T,_T,_Z,_Z,_Z,_Z,_Z,4.91,A,,,,,,
AFW360_HH,SEN,_T,2021,AGR_TLU,_Z,_Z,_T,HHH_AGE_GE35,_T,_T,_T,_T,_Z,_Z,_Z,_Z,_Z,2.84,A,,,,,,
AFW360_HH,SEN,_T,2021,AGR_TLU,_Z,_Z,_T,HHH_AGE_LT35,_T,_T,_T,_T,_Z,_Z,_Z,_Z,_Z,2.63,A,,,,,,
AFW360_HH,SEN,_T,2021,AGR_TLU,_Z,_Z,_T,HHH_SEX_F,_T,_T,_T,_T,_Z,_Z,_Z,_Z,_Z,0.85,A,,,,,,
AFW360_HH,SEN,_T,2021,AGR_TLU,_Z,_Z,_T,HHH_SEX_M,_T,_T,_T,_T,_Z,_Z,_Z,_Z,_Z,3.51,A,,,,,,
AFW360_HH,SEN,_T,2021,AGR_TLU,_Z,_Z,_T,QUINT_Q1,_T,_T,_T,_T,_Z,_Z,_Z,_Z,_Z,4.86,A,,,,,,
AFW360_HH,SEN,_T,2021,AGR_TLU,_Z,_Z,_T,QUINT_Q2,_T,_T,_T,_T,_Z,_Z,_Z,_Z,_Z,3.5,A,,,,,,
AFW360_HH,SEN,_T,2021,AGR_TLU,_Z,_Z,_T,QUINT_Q3,_T,_T,_T,_T,_Z,_Z,_Z,_Z,_Z,2.64,A,,,,,,
AFW360_HH,SEN,_T,2021,AGR_TLU,_Z,_Z,_T,QUINT_Q4,_T,_T,_T,_T,_Z,_Z,_Z,_Z,_Z,2.16,A,,,,,,
AFW360_HH,SEN,_T,2021,AGR_TLU,_Z,_Z,_T,QUINT_Q5,_T,_T,_T,_T,_Z,_Z,_Z,_Z,_Z,0.95,A,,,,,,
AFW360_HH,SEN,_T,2021,AGR_TLU,_Z,_Z,_T,_T,_T,_T,_T,_T,_Z,_Z,_Z,_Z,_Z,2.82,A,,,,,,
AFW360_HH,SEN,_T,2021,CONS_SH,_Z,_Z,CAP,_T,_T,_T,_T,_T,COICOP_CP01,ACQ_OWNPROD,_Z,_Z,_Z,0,A,,,,,,
AFW360_HH,SEN,_T,2021,CONS_SH,_Z,_Z,CAP,_T,_T,_T,_T,_T,COICOP_CP01,ACQ_PURCH,_Z,_Z,_Z,0.31,A,,,,,,
AFW360_HH,SEN,_T,2021,CONS_SH,_Z,_Z,CAP,_T,_T,_T,_T,_T,COICOP_CP01,_Z,_Z,_Z,_Z,0.33,A,,,,,,
AFW360_HH,SEN,_T,2021,CONS_SH,_Z,_Z,CAP,_T,_T,_T,_T,_T,COICOP_CP02,_Z,_Z,_Z,_Z,0,A,,,,,,
AFW360_HH,SEN,_T,2021,CONS_SH,_Z,_Z,CAP,_T,_T,_T,_T,_T,COICOP_CP03,_Z,_Z,_Z,_Z,0.05,A,,,,,,
AFW360_HH,SEN,_T,2021,CONS_SH,_Z,_Z,CAP,_T,_T,_T,_T,_T,COICOP_CP04,_Z,_Z,_Z,_Z,0.19,A,,,,,,
AFW360_HH,SEN,_T,2021,CONS_SH,_Z,_Z,CAP,_T,_T,_T,_T,_T,COICOP_CP05,_Z,_Z,_Z,_Z,0.06,A,,,,,,
AFW360_HH,SEN,_T,2021,CONS_SH,_Z,_Z,CAP,_T,_T,_T,_T,_T,COICOP_CP06,_Z,_Z,_Z,_Z,0.03,A,,,,,,
AFW360_HH,SEN,_T,2021,CONS_SH,_Z,_Z,CAP,_T,_T,_T,_T,_T,COICOP_CP07,_Z,_Z,_Z,_Z,0.05,A,,,,,,
AFW360_HH,SEN,_T,2021,CONS_SH,_Z,_Z,CAP,_T,_T,_T,_T,_T,COICOP_CP08,_Z,_Z,_Z,_Z,0.07,A,,,,,,
AFW360_HH,SEN,_T,2021,CONS_SH,_Z,_Z,CAP,_T,_T,_T,_T,_T,COICOP_CP09,_Z,_Z,_Z,_Z,0,A,,,,,,
AFW360_HH,SEN,_T,2021,CONS_SH,_Z,_Z,CAP,_T,_T,_T,_T,_T,COICOP_CP10,_Z,_Z,_Z,_Z,0.03,A,,,,,,
AFW360_HH,SEN,_T,2021,CONS_SH,_Z,_Z,CAP,_T,_T,_T,_T,_T,COICOP_CP11,_Z,_Z,_Z,_Z,0.15,A,,,,,,
AFW360_HH,SEN,_T,2021,CONS_SH,_Z,_Z,CAP,_T,_T,_T,_T,_T,COICOP_CP12,_Z,_Z,_Z,_Z,0,A,,,,,,
AFW360_HH,SEN,_T,2021,CONS_SH,_Z,_Z,CAP,_T,_T,_T,_T,_T,COICOP_CP13,_Z,_Z,_Z,_Z,0.03,A,,,,,,
AFW360_HH,SEN,_T,2021,CONS_SH,_Z,_Z,OU,_T,_T,_T,_T,_T,COICOP_CP01,ACQ_OWNPROD,_Z,_Z,_Z,0.01,A,,,,,,
AFW360_HH,SEN,_T,2021,CONS_SH,_Z,_Z,OU,_T,_T,_T,_T,_T,COICOP_CP01,ACQ_PURCH,_Z,_Z,_Z,0.41,A,,,,,,
AFW360_HH,SEN,_T,2021,CONS_SH,_Z,_Z,OU,_T,_T,_T,_T,_T,COICOP_CP01,_Z,_Z,_Z,_Z,0.44,A,,,,,,
AFW360_HH,SEN,_T,2021,CONS_SH,_Z,_Z,OU,_T,_T,_T,_T,_T,COICOP_CP02,_Z,_Z,_Z,_Z,0,A,,,,,,
AFW360_HH,SEN,_T,2021,CONS_SH,_Z,_Z,OU,_T,_T,_T,_T,_T,COICOP_CP03,_Z,_Z,_Z,_Z,0.06,A,,,,,,
AFW360_HH,SEN,_T,2021,CONS_SH,_Z,_Z,OU,_T,_T,_T,_T,_T,COICOP_CP04,_Z,_Z,_Z,_Z,0.16,A,,,,,,
AFW360_HH,SEN,_T,2021,CONS_SH,_Z,_Z,OU,_T,_T,_T,_T,_T,COICOP_CP05,_Z,_Z,_Z,_Z,0.06,A,,,,,,
AFW360_HH,SEN,_T,2021,CONS_SH,_Z,_Z,OU,_T,_T,_T,_T,_T,COICOP_CP06,_Z,_Z,_Z,_Z,0.03,A,,,,,,
AFW360_HH,SEN,_T,2021,CONS_SH,_Z,_Z,OU,_T,_T,_T,_T,_T,COICOP_CP07,_Z,_Z,_Z,_Z,0.03,A,,,,,,
AFW360_HH,SEN,_T,2021,CONS_SH,_Z,_Z,OU,_T,_T,_T,_T,_T,COICOP_CP08,_Z,_Z,_Z,_Z,0.07,A,,,,,,
AFW360_HH,SEN,_T,2021,CONS_SH,_Z,_Z,OU,_T,_T,_T,_T,_T,COICOP_CP09,_Z,_Z,_Z,_Z,0,A,,,,,,
AFW360_HH,SEN,_T,2021,CONS_SH,_Z,_Z,OU,_T,_T,_T,_T,_T,COICOP_CP10,_Z,_Z,_Z,_Z,0.02,A,,,,,,
AFW360_HH,SEN,_T,2021,CONS_SH,_Z,_Z,OU,_T,_T,_T,_T,_T,COICOP_CP11,_Z,_Z,_Z,_Z,0.1,A,,,,,,
AFW360_HH,SEN,_T,2021,CONS_SH,_Z,_Z,OU,_T,_T,_T,_T,_T,COICOP_CP12,_Z,_Z,_Z,_Z,0,A,,,,,,
AFW360_HH,SEN,_T,2021,CONS_SH,_Z,_Z,OU,_T,_T,_T,_T,_T,COICOP_CP13,_Z,_Z,_Z,_Z,0.03,A,,,,,,
AFW360_HH,SEN,_T,2021,CONS_SH,_Z,_Z,R,_T,_T,_T,_T,_T,COICOP_CP01,ACQ_OWNPROD,_Z,_Z,_Z,0.07,A,,,,,,
AFW360_HH,SEN,_T,2021,CONS_SH,_Z,_Z,R,_T,_T,_T,_T,_T,COICOP_CP01,ACQ_PURCH,_Z,_Z,_Z,0.41,A,,,,,,
AFW360_HH,SEN,_T,2021,CONS_SH,_Z,_Z,R,_T,_T,_T,_T,_T,COICOP_CP01,_Z,_Z,_Z,_Z,0.5,A,,,,,,
AFW360_HH,SEN,_T,2021,CONS_SH,_Z,_Z,R,_T,_T,_T,_T,_T,COICOP_CP02,_Z,_Z,_Z,_Z,0,A,,,,,,
AFW360_HH,SEN,_T,2021,CONS_SH,_Z,_Z,R,_T,_T,_T,_T,_T,COICOP_CP03,_Z,_Z,_Z,_Z,0.06,A,,,,,,
AFW360_HH,SEN,_T,2021,CONS_SH,_Z,_Z,R,_T,_T,_T,_T,_T,COICOP_CP04,_Z,_Z,_Z,_Z,0.17,A,,,,,,
AFW360_HH,SEN,_T,2021,CONS_SH,_Z,_Z,R,_T,_T,_T,_T,_T,COICOP_CP05,_Z,_Z,_Z,_Z,0.05,A,,,,,,
AFW360_HH,SEN,_T,2021,CONS_SH,_Z,_Z,R,_T,_T,_T,_T,_T,COICOP_CP06,_Z,_Z,_Z,_Z,0.03,A,,,,,,
AFW360_HH,SEN,_T,2021,CONS_SH,_Z,_Z,R,_T,_T,_T,_T,_T,COICOP_CP07,_Z,_Z,_Z,_Z,0.03,A,,,,,,
AFW360_HH,SEN,_T,2021,CONS_SH,_Z,_Z,R,_T,_T,_T,_T,_T,COICOP_CP08,_Z,_Z,_Z,_Z,0.05,A,,,,,,
AFW360_HH,SEN,_T,2021,CONS_SH,_Z,_Z,R,_T,_T,_T,_T,_T,COICOP_CP09,_Z,_Z,_Z,_Z,0,A,,,,,,
AFW360_HH,SEN,_T,2021,CONS_SH,_Z,_Z,R,_T,_T,_T,_T,_T,COICOP_CP10,_Z,_Z,_Z,_Z,0.01,A,,,,,,
AFW360_HH,SEN,_T,2021,CONS_SH,_Z,_Z,R,_T,_T,_T,_T,_T,COICOP_CP11,_Z,_Z,_Z,_Z,0.07,A,,,,,,
AFW360_HH,SEN,_T,2021,CONS_SH,_Z,_Z,R,_T,_T,_T,_T,_T,COICOP_CP12,_Z,_Z,_Z,_Z,0,A,,,,,,
AFW360_HH,SEN,_T,2021,CONS_SH,_Z,_Z,R,_T,_T,_T,_T,_T,COICOP_CP13,_Z,_Z,_Z,_Z,0.02,A,,,,,,
AFW360_HH,SEN,_T,2021,CONS_SH,_Z,_Z,_T,HHH_AGE_GE35,_T,_T,_T,_T,COICOP_CP01,ACQ_OWNPROD,_Z,_Z,_Z,0.04,A,,,,,,
AFW360_HH,SEN,_T,2021,CONS_SH,_Z,_Z,_T,HHH_AGE_GE35,_T,_T,_T,_T,COICOP_CP01,ACQ_PURCH,_Z,_Z,_Z,0.39,A,,,,,,
AFW360_HH,SEN,_T,2021,CONS_SH,_Z,_Z,_T,HHH_AGE_GE35,_T,_T,_T,_T,COICOP_CP01,_Z,_Z,_Z,_Z,0.45,A,,,,,,
AFW360_HH,SEN,_T,2021,CONS_SH,_Z,_Z,_T,HHH_AGE_GE35,_T,_T,_T,_T,COICOP_CP02,_Z,_Z,_Z,_Z,0,A,,,,,,
AFW360_HH,SEN,_T,2021,CONS_SH,_Z,_Z,_T,HHH_AGE_GE35,_T,_T,_T,_T,COICOP_CP03,_Z,_Z,_Z,_Z,0.06,A,,,,,,
AFW360_HH,SEN,_T,2021,CONS_SH,_Z,_Z,_T,HHH_AGE_GE35,_T,_T,_T,_T,COICOP_CP04,_Z,_Z,_Z,_Z,0.17,A,,,,,,
AFW360_HH,SEN,_T,2021,CONS_SH,_Z,_Z,_T,HHH_AGE_GE35,_T,_T,_T,_T,COICOP_CP05,_Z,_Z,_Z,_Z,0.05,A,,,,,,
AFW360_HH,SEN,_T,2021,CONS_SH,_Z,_Z,_T,HHH_AGE_GE35,_T,_T,_T,_T,COICOP_CP06,_Z,_Z,_Z,_Z,0.03,A,,,,,,
AFW360_HH,SEN,_T,2021,CONS_SH,_Z,_Z,_T,HHH_AGE_GE35,_T,_T,_T,_T,COICOP_CP07,_Z,_Z,_Z,_Z,0.03,A,,,,,,
AFW360_HH,SEN,_T,2021,CONS_SH,_Z,_Z,_T,HHH_AGE_GE35,_T,_T,_T,_T,COICOP_CP08,_Z,_Z,_Z,_Z,0.06,A,,,,,,
AFW360_HH,SEN,_T,2021,CONS_SH,_Z,_Z,_T,HHH_AGE_GE35,_T,_T,_T,_T,COICOP_CP09,_Z,_Z,_Z,_Z,0,A,,,,,,
AFW360_HH,SEN,_T,2021,CONS_SH,_Z,_Z,_T,HHH_AGE_GE35,_T,_T,_T,_T,COICOP_CP10,_Z,_Z,_Z,_Z,0.02,A,,,,,,
AFW360_HH,SEN,_T,2021,CONS_SH,_Z,_Z,_T,HHH_AGE_GE35,_T,_T,_T,_T,COICOP_CP11,_Z,_Z,_Z,_Z,0.09,A,,,,,,
AFW360_HH,SEN,_T,2021,CONS_SH,_Z,_Z,_T,HHH_AGE_GE35,_T,_T,_T,_T,COICOP_CP12,_Z,_Z,_Z,_Z,0,A,,,,,,
AFW360_HH,SEN,_T,2021,CONS_SH,_Z,_Z,_T,HHH_AGE_GE35,_T,_T,_T,_T,COICOP_CP13,_Z,_Z,_Z,_Z,0.03,A,,,,,,
AFW360_HH,SEN,_T,2021,CONS_SH,_Z,_Z,_T,HHH_AGE_LT35,_T,_T,_T,_T,COICOP_CP01,ACQ_OWNPROD,_Z,_Z,_Z,0.04,A,,,,,,
AFW360_HH,SEN,_T,2021,CONS_SH,_Z,_Z,_T,HHH_AGE_LT35,_T,_T,_T,_T,COICOP_CP01,ACQ_PURCH,_Z,_Z,_Z,0.38,A,,,,,,
AFW360_HH,SEN,_T,2021,CONS_SH,_Z,_Z,_T,HHH_AGE_LT35,_T,_T,_T,_T,COICOP_CP01,_Z,_Z,_Z,_Z,0.45,A,,,,,,
AFW360_HH,SEN,_T,2021,CONS_SH,_Z,_Z,_T,HHH_AGE_LT35,_T,_T,_T,_T,COICOP_CP02,_Z,_Z,_Z,_Z,0,A,,,,,,
AFW360_HH,SEN,_T,2021,CONS_SH,_Z,_Z,_T,HHH_AGE_LT35,_T,_T,_T,_T,COICOP_CP03,_Z,_Z,_Z,_Z,0.06,A,,,,,,
AFW360_HH,SEN,_T,2021,CONS_SH,_Z,_Z,_T,HHH_AGE_LT35,_T,_T,_T,_T,COICOP_CP04,_Z,_Z,_Z,_Z,0.17,A,,,,,,
AFW360_HH,SEN,_T,2021,CONS_SH,_Z,_Z,_T,HHH_AGE_LT35,_T,_T,_T,_T,COICOP_CP05,_Z,_Z,_Z,_Z,0.05,A,,,,,,
AFW360_HH,SEN,_T,2021,CONS_SH,_Z,_Z,_T,HHH_AGE_LT35,_T,_T,_T,_T,COICOP_CP06,_Z,_Z,_Z,_Z,0.03,A,,,,,,
AFW360_HH,SEN,_T,2021,CONS_SH,_Z,_Z,_T,HHH_AGE_LT35,_T,_T,_T,_T,COICOP_CP07,_Z,_Z,_Z,_Z,0.04,A,,,,,,
AFW360_HH,SEN,_T,2021,CONS_SH,_Z,_Z,_T,HHH_AGE_LT35,_T,_T,_T,_T,COICOP_CP08,_Z,_Z,_Z,_Z,0.06,A,,,,,,
AFW360_HH,SEN,_T,2021,CONS_SH,_Z,_Z,_T,HHH_AGE_LT35,_T,_T,_T,_T,COICOP_CP09,_Z,_Z,_Z,_Z,0,A,,,,,,
AFW360_HH,SEN,_T,2021,CONS_SH,_Z,_Z,_T,HHH_AGE_LT35,_T,_T,_T,_T,COICOP_CP10,_Z,_Z,_Z,_Z,0.01,A,,,,,,
AFW360_HH,SEN,_T,2021,CONS_SH,_Z,_Z,_T,HHH_AGE_LT35,_T,_T,_T,_T,COICOP_CP11,_Z,_Z,_Z,_Z,0.1,A,,,,,,
AFW360_HH,SEN,_T,2021,CONS_SH,_Z,_Z,_T,HHH_AGE_LT35,_T,_T,_T,_T,COICOP_CP12,_Z,_Z,_Z,_Z,0,A,,,,,,
AFW360_HH,SEN,_T,2021,CONS_SH,_Z,_Z,_T,HHH_AGE_LT35,_T,_T,_T,_T,COICOP_CP13,_Z,_Z,_Z,_Z,0.03,A,,,,,,
AFW360_HH,SEN,_T,2021,CONS_SH,_Z,_Z,_T,HHH_SEX_F,_T,_T,_T,_T,COICOP_CP01,ACQ_OWNPROD,_Z,_Z,_Z,0.01,A,,,,,,
AFW360_HH,SEN,_T,2021,CONS_SH,_Z,_Z,_T,HHH_SEX_F,_T,_T,_T,_T,COICOP_CP01,ACQ_PURCH,_Z,_Z,_Z,0.39,A,,,,,,
AFW360_HH,SEN,_T,2021,CONS_SH,_Z,_Z,_T,HHH_SEX_F,_T,_T,_T,_T,COICOP_CP01,_Z,_Z,_Z,_Z,0.42,A,,,,,,
AFW360_HH,SEN,_T,2021,CONS_SH,_Z,_Z,_T,HHH_SEX_F,_T,_T,_T,_T,COICOP_CP02,_Z,_Z,_Z,_Z,0,A,,,,,,
AFW360_HH,SEN,_T,2021,CONS_SH,_Z,_Z,_T,HHH_SEX_F,_T,_T,_T,_T,COICOP_CP03,_Z,_Z,_Z,_Z,0.06,A,,,,,,
AFW360_HH,SEN,_T,2021,CONS_SH,_Z,_Z,_T,HHH_SEX_F,_T,_T,_T,_T,COICOP_CP04,_Z,_Z,_Z,_Z,0.18,A,,,,,,
AFW360_HH,SEN,_T,2021,CONS_SH,_Z,_Z,_T,HHH_SEX_F,_T,_T,_T,_T,COICOP_CP05,_Z,_Z,_Z,_Z,0.06,A,,,,,,
AFW360_HH,SEN,_T,2021,CONS_SH,_Z,_Z,_T,HHH_SEX_F,_T,_T,_T,_T,COICOP_CP06,_Z,_Z,_Z,_Z,0.03,A,,,,,,
AFW360_HH,SEN,_T,2021,CONS_SH,_Z,_Z,_T,HHH_SEX_F,_T,_T,_T,_T,COICOP_CP07,_Z,_Z,_Z,_Z,0.03,A,,,,,,
AFW360_HH,SEN,_T,2021,CONS_SH,_Z,_Z,_T,HHH_SEX_F,_T,_T,_T,_T,COICOP_CP08,_Z,_Z,_Z,_Z,0.06,A,,,,,,
AFW360_HH,SEN,_T,2021,CONS_SH,_Z,_Z,_T,HHH_SEX_F,_T,_T,_T,_T,COICOP_CP09,_Z,_Z,_Z,_Z,0,A,,,,,,
AFW360_HH,SEN,_T,2021,CONS_SH,_Z,_Z,_T,HHH_SEX_F,_T,_T,_T,_T,COICOP_CP10,_Z,_Z,_Z,_Z,0.02,A,,,,,,
AFW360_HH,SEN,_T,2021,CONS_SH,_Z,_Z,_T,HHH_SEX_F,_T,_T,_T,_T,COICOP_CP11,_Z,_Z,_Z,_Z,0.1,A,,,,,,
AFW360_HH,SEN,_T,2021,CONS_SH,_Z,_Z,_T,HHH_SEX_F,_T,_T,_T,_T,COICOP_CP12,_Z,_Z,_Z,_Z,0,A,,,,,,
AFW360_HH,SEN,_T,2021,CONS_SH,_Z,_Z,_T,HHH_SEX_F,_T,_T,_T,_T,COICOP_CP13,_Z,_Z,_Z,_Z,0.03,A,,,,,,
AFW360_HH,SEN,_T,2021,CONS_SH,_Z,_Z,_T,HHH_SEX_M,_T,_T,_T,_T,COICOP_CP01,ACQ_OWNPROD,_Z,_Z,_Z,0.05,A,,,,,,
AFW360_HH,SEN,_T,2021,CONS_SH,_Z,_Z,_T,HHH_SEX_M,_T,_T,_T,_T,COICOP_CP01,ACQ_PURCH,_Z,_Z,_Z,0.38,A,,,,,,
AFW360_HH,SEN,_T,2021,CONS_SH,_Z,_Z,_T,HHH_SEX_M,_T,_T,_T,_T,COICOP_CP01,_Z,_Z,_Z,_Z,0.46,A,,,,,,
AFW360_HH,SEN,_T,2021,CONS_SH,_Z,_Z,_T,HHH_SEX_M,_T,_T,_T,_T,COICOP_CP02,_Z,_Z,_Z,_Z,0,A,,,,,,
AFW360_HH,SEN,_T,2021,CONS_SH,_Z,_Z,_T,HHH_SEX_M,_T,_T,_T,_T,COICOP_CP03,_Z,_Z,_Z,_Z,0.06,A,,,,,,
AFW360_HH,SEN,_T,2021,CONS_SH,_Z,_Z,_T,HHH_SEX_M,_T,_T,_T,_T,COICOP_CP04,_Z,_Z,_Z,_Z,0.16,A,,,,,,
AFW360_HH,SEN,_T,2021,CONS_SH,_Z,_Z,_T,HHH_SEX_M,_T,_T,_T,_T,COICOP_CP05,_Z,_Z,_Z,_Z,0.05,A,,,,,,
AFW360_HH,SEN,_T,2021,CONS_SH,_Z,_Z,_T,HHH_SEX_M,_T,_T,_T,_T,COICOP_CP06,_Z,_Z,_Z,_Z,0.03,A,,,,,,
AFW360_HH,SEN,_T,2021,CONS_SH,_Z,_Z,_T,HHH_SEX_M,_T,_T,_T,_T,COICOP_CP07,_Z,_Z,_Z,_Z,0.04,A,,,,,,
AFW360_HH,SEN,_T,2021,CONS_SH,_Z,_Z,_T,HHH_SEX_M,_T,_T,_T,_T,COICOP_CP08,_Z,_Z,_Z,_Z,0.06,A,,,,,,
AFW360_HH,SEN,_T,2021,CONS_SH,_Z,_Z,_T,HHH_SEX_M,_T,_T,_T,_T,COICOP_CP09,_Z,_Z,_Z,_Z,0,A,,,,,,
AFW360_HH,SEN,_T,2021,CONS_SH,_Z,_Z,_T,HHH_SEX_M,_T,_T,_T,_T,COICOP_CP10,_Z,_Z,_Z,_Z,0.02,A,,,,,,
AFW360_HH,SEN,_T,2021,CONS_SH,_Z,_Z,_T,HHH_SEX_M,_T,_T,_T,_T,COICOP_CP11,_Z,_Z,_Z,_Z,0.09,A,,,,,,
AFW360_HH,SEN,_T,2021,CONS_SH,_Z,_Z,_T,HHH_SEX_M,_T,_T,_T,_T,COICOP_CP12,_Z,_Z,_Z,_Z,0,A,,,,,,
AFW360_HH,SEN,_T,2021,CONS_SH,_Z,_Z,_T,HHH_SEX_M,_T,_T,_T,_T,COICOP_CP13,_Z,_Z,_Z,_Z,0.03,A,,,,,,
AFW360_HH,SEN,_T,2021,CONS_SH,_Z,_Z,_T,QUINT_Q1,_T,_T,_T,_T,COICOP_CP01,ACQ_OWNPROD,_Z,_Z,_Z,0.09,A,,,,,,
AFW360_HH,SEN,_T,2021,CONS_SH,_Z,_Z,_T,QUINT_Q1,_T,_T,_T,_T,COICOP_CP01,ACQ_PURCH,_Z,_Z,_Z,0.42,A,,,,,,
AFW360_HH,SEN,_T,2021,CONS_SH,_Z,_Z,_T,QUINT_Q1,_T,_T,_T,_T,COICOP_CP01,_Z,_Z,_Z,_Z,0.53,A,,,,,,
AFW360_HH,SEN,_T,2021,CONS_SH,_Z,_Z,_T,QUINT_Q1,_T,_T,_T,_T,COICOP_CP02,_Z,_Z,_Z,_Z,0,A,,,,,,
AFW360_HH,SEN,_T,2021,CONS_SH,_Z,_Z,_T,QUINT_Q1,_T,_T,_T,_T,COICOP_CP03,_Z,_Z,_Z,_Z,0.05,A,,,,,,
AFW360_HH,SEN,_T,2021,CONS_SH,_Z,_Z,_T,QUINT_Q1,_T,_T,_T,_T,COICOP_CP04,_Z,_Z,_Z,_Z,0.17,A,,,,,,
AFW360_HH,SEN,_T,2021,CONS_SH,_Z,_Z,_T,QUINT_Q1,_T,_T,_T,_T,COICOP_CP05,_Z,_Z,_Z,_Z,0.05,A,,,,,,
AFW360_HH,SEN,_T,2021,CONS_SH,_Z,_Z,_T,QUINT_Q1,_T,_T,_T,_T,COICOP_CP06,_Z,_Z,_Z,_Z,0.03,A,,,,,,
AFW360_HH,SEN,_T,2021,CONS_SH,_Z,_Z,_T,QUINT_Q1,_T,_T,_T,_T,COICOP_CP07,_Z,_Z,_Z,_Z,0.02,A,,,,,,
AFW360_HH,SEN,_T,2021,CONS_SH,_Z,_Z,_T,QUINT_Q1,_T,_T,_T,_T,COICOP_CP08,_Z,_Z,_Z,_Z,0.05,A,,,,,,
AFW360_HH,SEN,_T,2021,CONS_SH,_Z,_Z,_T,QUINT_Q1,_T,_T,_T,_T,COICOP_CP09,_Z,_Z,_Z,_Z,0,A,,,,,,
AFW360_HH,SEN,_T,2021,CONS_SH,_Z,_Z,_T,QUINT_Q1,_T,_T,_T,_T,COICOP_CP10,_Z,_Z,_Z,_Z,0.01,A,,,,,,
AFW360_HH,SEN,_T,2021,CONS_SH,_Z,_Z,_T,QUINT_Q1,_T,_T,_T,_T,COICOP_CP11,_Z,_Z,_Z,_Z,0.05,A,,,,,,
AFW360_HH,SEN,_T,2021,CONS_SH,_Z,_Z,_T,QUINT_Q1,_T,_T,_T,_T,COICOP_CP12,_Z,_Z,_Z,_Z,0,A,,,,,,
AFW360_HH,SEN,_T,2021,CONS_SH,_Z,_Z,_T,QUINT_Q1,_T,_T,_T,_T,COICOP_CP13,_Z,_Z,_Z,_Z,0.02,A,,,,,,
AFW360_HH,SEN,_T,2021,CONS_SH,_Z,_Z,_T,QUINT_Q2,_T,_T,_T,_T,COICOP_CP01,ACQ_OWNPROD,_Z,_Z,_Z,0.05,A,,,,,,
AFW360_HH,SEN,_T,2021,CONS_SH,_Z,_Z,_T,QUINT_Q2,_T,_T,_T,_T,COICOP_CP01,ACQ_PURCH,_Z,_Z,_Z,0.41,A,,,,,,
AFW360_HH,SEN,_T,2021,CONS_SH,_Z,_Z,_T,QUINT_Q2,_T,_T,_T,_T,COICOP_CP01,_Z,_Z,_Z,_Z,0.48,A,,,,,,
AFW360_HH,SEN,_T,2021,CONS_SH,_Z,_Z,_T,QUINT_Q2,_T,_T,_T,_T,COICOP_CP02,_Z,_Z,_Z,_Z,0,A,,,,,,
AFW360_HH,SEN,_T,2021,CONS_SH,_Z,_Z,_T,QUINT_Q2,_T,_T,_T,_T,COICOP_CP03,_Z,_Z,_Z,_Z,0.05,A,,,,,,
AFW360_HH,SEN,_T,2021,CONS_SH,_Z,_Z,_T,QUINT_Q2,_T,_T,_T,_T,COICOP_CP04,_Z,_Z,_Z,_Z,0.17,A,,,,,,
AFW360_HH,SEN,_T,2021,CONS_SH,_Z,_Z,_T,QUINT_Q2,_T,_T,_T,_T,COICOP_CP05,_Z,_Z,_Z,_Z,0.05,A,,,,,,
AFW360_HH,SEN,_T,2021,CONS_SH,_Z,_Z,_T,QUINT_Q2,_T,_T,_T,_T,COICOP_CP06,_Z,_Z,_Z,_Z,0.03,A,,,,,,
AFW360_HH,SEN,_T,2021,CONS_SH,_Z,_Z,_T,QUINT_Q2,_T,_T,_T,_T,COICOP_CP07,_Z,_Z,_Z,_Z,0.03,A,,,,,,
AFW360_HH,SEN,_T,2021,CONS_SH,_Z,_Z,_T,QUINT_Q2,_T,_T,_T,_T,COICOP_CP08,_Z,_Z,_Z,_Z,0.06,A,,,,,,
AFW360_HH,SEN,_T,2021,CONS_SH,_Z,_Z,_T,QUINT_Q2,_T,_T,_T,_T,COICOP_CP09,_Z,_Z,_Z,_Z,0,A,,,,,,
AFW360_HH,SEN,_T,2021,CONS_SH,_Z,_Z,_T,QUINT_Q2,_T,_T,_T,_T,COICOP_CP10,_Z,_Z,_Z,_Z,0.01,A,,,,,,
AFW360_HH,SEN,_T,2021,CONS_SH,_Z,_Z,_T,QUINT_Q2,_T,_T,_T,_T,COICOP_CP11,_Z,_Z,_Z,_Z,0.09,A,,,,,,
AFW360_HH,SEN,_T,2021,CONS_SH,_Z,_Z,_T,QUINT_Q2,_T,_T,_T,_T,COICOP_CP12,_Z,_Z,_Z,_Z,0,A,,,,,,
AFW360_HH,SEN,_T,2021,CONS_SH,_Z,_Z,_T,QUINT_Q2,_T,_T,_T,_T,COICOP_CP13,_Z,_Z,_Z,_Z,0.02,A,,,,,,
AFW360_HH,SEN,_T,2021,CONS_SH,_Z,_Z,_T,QUINT_Q3,_T,_T,_T,_T,COICOP_CP01,ACQ_OWNPROD,_Z,_Z,_Z,0.03,A,,,,,,
AFW360_HH,SEN,_T,2021,CONS_SH,_Z,_Z,_T,QUINT_Q3,_T,_T,_T,_T,COICOP_CP01,ACQ_PURCH,_Z,_Z,_Z,0.4,A,,,,,,
AFW360_HH,SEN,_T,2021,CONS_SH,_Z,_Z,_T,QUINT_Q3,_T,_T,_T,_T,COICOP_CP01,_Z,_Z,_Z,_Z,0.45,A,,,,,,
AFW360_HH,SEN,_T,2021,CONS_SH,_Z,_Z,_T,QUINT_Q3,_T,_T,_T,_T,COICOP_CP02,_Z,_Z,_Z,_Z,0,A,,,,,,
AFW360_HH,SEN,_T,2021,CONS_SH,_Z,_Z,_T,QUINT_Q3,_T,_T,_T,_T,COICOP_CP03,_Z,_Z,_Z,_Z,0.06,A,,,,,,
AFW360_HH,SEN,_T,2021,CONS_SH,_Z,_Z,_T,QUINT_Q3,_T,_T,_T,_T,COICOP_CP04,_Z,_Z,_Z,_Z,0.16,A,,,,,,
AFW360_HH,SEN,_T,2021,CONS_SH,_Z,_Z,_T,QUINT_Q3,_T,_T,_T,_T,COICOP_CP05,_Z,_Z,_Z,_Z,0.05,A,,,,,,
AFW360_HH,SEN,_T,2021,CONS_SH,_Z,_Z,_T,QUINT_Q3,_T,_T,_T,_T,COICOP_CP06,_Z,_Z,_Z,_Z,0.03,A,,,,,,
AFW360_HH,SEN,_T,2021,CONS_SH,_Z,_Z,_T,QUINT_Q3,_T,_T,_T,_T,COICOP_CP07,_Z,_Z,_Z,_Z,0.03,A,,,,,,
AFW360_HH,SEN,_T,2021,CONS_SH,_Z,_Z,_T,QUINT_Q3,_T,_T,_T,_T,COICOP_CP08,_Z,_Z,_Z,_Z,0.06,A,,,,,,
AFW360_HH,SEN,_T,2021,CONS_SH,_Z,_Z,_T,QUINT_Q3,_T,_T,_T,_T,COICOP_CP09,_Z,_Z,_Z,_Z,0,A,,,,,,
AFW360_HH,SEN,_T,2021,CONS_SH,_Z,_Z,_T,QUINT_Q3,_T,_T,_T,_T,COICOP_CP10,_Z,_Z,_Z,_Z,0.01,A,,,,,,
AFW360_HH,SEN,_T,2021,CONS_SH,_Z,_Z,_T,QUINT_Q3,_T,_T,_T,_T,COICOP_CP11,_Z,_Z,_Z,_Z,0.1,A,,,,,,
AFW360_HH,SEN,_T,2021,CONS_SH,_Z,_Z,_T,QUINT_Q3,_T,_T,_T,_T,COICOP_CP12,_Z,_Z,_Z,_Z,0,A,,,,,,
AFW360_HH,SEN,_T,2021,CONS_SH,_Z,_Z,_T,QUINT_Q3,_T,_T,_T,_T,COICOP_CP13,_Z,_Z,_Z,_Z,0.03,A,,,,,,
AFW360_HH,SEN,_T,2021,CONS_SH,_Z,_Z,_T,QUINT_Q4,_T,_T,_T,_T,COICOP_CP01,ACQ_OWNPROD,_Z,_Z,_Z,0.02,A,,,,,,
AFW360_HH,SEN,_T,2021,CONS_SH,_Z,_Z,_T,QUINT_Q4,_T,_T,_T,_T,COICOP_CP01,ACQ_PURCH,_Z,_Z,_Z,0.37,A,,,,,,
AFW360_HH,SEN,_T,2021,CONS_SH,_Z,_Z,_T,QUINT_Q4,_T,_T,_T,_T,COICOP_CP01,_Z,_Z,_Z,_Z,0.42,A,,,,,,
AFW360_HH,SEN,_T,2021,CONS_SH,_Z,_Z,_T,QUINT_Q4,_T,_T,_T,_T,COICOP_CP02,_Z,_Z,_Z,_Z,0,A,,,,,,
AFW360_HH,SEN,_T,2021,CONS_SH,_Z,_Z,_T,QUINT_Q4,_T,_T,_T,_T,COICOP_CP03,_Z,_Z,_Z,_Z,0.06,A,,,,,,
AFW360_HH,SEN,_T,2021,CONS_SH,_Z,_Z,_T,QUINT_Q4,_T,_T,_T,_T,COICOP_CP04,_Z,_Z,_Z,_Z,0.17,A,,,,,,
AFW360_HH,SEN,_T,2021,CONS_SH,_Z,_Z,_T,QUINT_Q4,_T,_T,_T,_T,COICOP_CP05,_Z,_Z,_Z,_Z,0.06,A,,,,,,
AFW360_HH,SEN,_T,2021,CONS_SH,_Z,_Z,_T,QUINT_Q4,_T,_T,_T,_T,COICOP_CP06,_Z,_Z,_Z,_Z,0.03,A,,,,,,
AFW360_HH,SEN,_T,2021,CONS_SH,_Z,_Z,_T,QUINT_Q4,_T,_T,_T,_T,COICOP_CP07,_Z,_Z,_Z,_Z,0.04,A,,,,,,
AFW360_HH,SEN,_T,2021,CONS_SH,_Z,_Z,_T,QUINT_Q4,_T,_T,_T,_T,COICOP_CP08,_Z,_Z,_Z,_Z,0.06,A,,,,,,
AFW360_HH,SEN,_T,2021,CONS_SH,_Z,_Z,_T,QUINT_Q4,_T,_T,_T,_T,COICOP_CP09,_Z,_Z,_Z,_Z,0,A,,,,,,
AFW360_HH,SEN,_T,2021,CONS_SH,_Z,_Z,_T,QUINT_Q4,_T,_T,_T,_T,COICOP_CP10,_Z,_Z,_Z,_Z,0.02,A,,,,,,
AFW360_HH,SEN,_T,2021,CONS_SH,_Z,_Z,_T,QUINT_Q4,_T,_T,_T,_T,COICOP_CP11,_Z,_Z,_Z,_Z,0.11,A,,,,,,
AFW360_HH,SEN,_T,2021,CONS_SH,_Z,_Z,_T,QUINT_Q4,_T,_T,_T,_T,COICOP_CP12,_Z,_Z,_Z,_Z,0,A,,,,,,
AFW360_HH,SEN,_T,2021,CONS_SH,_Z,_Z,_T,QUINT_Q4,_T,_T,_T,_T,COICOP_CP13,_Z,_Z,_Z,_Z,0.03,A,,,,,,
AFW360_HH,SEN,_T,2021,CONS_SH,_Z,_Z,_T,QUINT_Q5,_T,_T,_T,_T,COICOP_CP01,ACQ_OWNPROD,_Z,_Z,_Z,0.01,A,,,,,,
AFW360_HH,SEN,_T,2021,CONS_SH,_Z,_Z,_T,QUINT_Q5,_T,_T,_T,_T,COICOP_CP01,ACQ_PURCH,_Z,_Z,_Z,0.33,A,,,,,,
AFW360_HH,SEN,_T,2021,CONS_SH,_Z,_Z,_T,QUINT_Q5,_T,_T,_T,_T,COICOP_CP01,_Z,_Z,_Z,_Z,0.35,A,,,,,,
AFW360_HH,SEN,_T,2021,CONS_SH,_Z,_Z,_T,QUINT_Q5,_T,_T,_T,_T,COICOP_CP02,_Z,_Z,_Z,_Z,0,A,,,,,,
AFW360_HH,SEN,_T,2021,CONS_SH,_Z,_Z,_T,QUINT_Q5,_T,_T,_T,_T,COICOP_CP03,_Z,_Z,_Z,_Z,0.06,A,,,,,,
AFW360_HH,SEN,_T,2021,CONS_SH,_Z,_Z,_T,QUINT_Q5,_T,_T,_T,_T,COICOP_CP04,_Z,_Z,_Z,_Z,0.17,A,,,,,,
AFW360_HH,SEN,_T,2021,CONS_SH,_Z,_Z,_T,QUINT_Q5,_T,_T,_T,_T,COICOP_CP05,_Z,_Z,_Z,_Z,0.07,A,,,,,,
AFW360_HH,SEN,_T,2021,CONS_SH,_Z,_Z,_T,QUINT_Q5,_T,_T,_T,_T,COICOP_CP06,_Z,_Z,_Z,_Z,0.03,A,,,,,,
AFW360_HH,SEN,_T,2021,CONS_SH,_Z,_Z,_T,QUINT_Q5,_T,_T,_T,_T,COICOP_CP07,_Z,_Z,_Z,_Z,0.05,A,,,,,,
AFW360_HH,SEN,_T,2021,CONS_SH,_Z,_Z,_T,QUINT_Q5,_T,_T,_T,_T,COICOP_CP08,_Z,_Z,_Z,_Z,0.07,A,,,,,,
AFW360_HH,SEN,_T,2021,CONS_SH,_Z,_Z,_T,QUINT_Q5,_T,_T,_T,_T,COICOP_CP09,_Z,_Z,_Z,_Z,0,A,,,,,,
AFW360_HH,SEN,_T,2021,CONS_SH,_Z,_Z,_T,QUINT_Q5,_T,_T,_T,_T,COICOP_CP10,_Z,_Z,_Z,_Z,0.03,A,,,,,,
AFW360_HH,SEN,_T,2021,CONS_SH,_Z,_Z,_T,QUINT_Q5,_T,_T,_T,_T,COICOP_CP11,_Z,_Z,_Z,_Z,0.13,A,,,,,,
AFW360_HH,SEN,_T,2021,CONS_SH,_Z,_Z,_T,QUINT_Q5,_T,_T,_T,_T,COICOP_CP12,_Z,_Z,_Z,_Z,0,A,,,,,,
AFW360_HH,SEN,_T,2021,CONS_SH,_Z,_Z,_T,QUINT_Q5,_T,_T,_T,_T,COICOP_CP13,_Z,_Z,_Z,_Z,0.03,A,,,,,,
AFW360_HH,SEN,_T,2021,CONS_SH,_Z,_Z,_T,_T,_T,_T,_T,_T,COICOP_CP01,ACQ_OWNPROD,_Z,_Z,_Z,0.04,A,,,,,,
AFW360_HH,SEN,_T,2021,CONS_SH,_Z,_Z,_T,_T,_T,_T,_T,_T,COICOP_CP01,ACQ_PURCH,_Z,_Z,_Z,0.38,A,,,,,,
AFW360_HH,SEN,_T,2021,CONS_SH,_Z,_Z,_T,_T,_T,_T,_T,_T,COICOP_CP01,_Z,_Z,_Z,_Z,0.45,A,,,,,,
AFW360_HH,SEN,_T,2021,CONS_SH,_Z,_Z,_T,_T,_T,_T,_T,_T,COICOP_CP02,_Z,_Z,_Z,_Z,0,A,,,,,,
AFW360_HH,SEN,_T,2021,CONS_SH,_Z,_Z,_T,_T,_T,_T,_T,_T,COICOP_CP03,_Z,_Z,_Z,_Z,0.06,A,,,,,,
AFW360_HH,SEN,_T,2021,CONS_SH,_Z,_Z,_T,_T,_T,_T,_T,_T,COICOP_CP04,_Z,_Z,_Z,_Z,0.17,A,,,,,,
AFW360_HH,SEN,_T,2021,CONS_SH,_Z,_Z,_T,_T,_T,_T,_T,_T,COICOP_CP05,_Z,_Z,_Z,_Z,0.05,A,,,,,,
AFW360_HH,SEN,_T,2021,CONS_SH,_Z,_Z,_T,_T,_T,_T,_T,_T,COICOP_CP06,_Z,_Z,_Z,_Z,0.03,A,,,,,,
AFW360_HH,SEN,_T,2021,CONS_SH,_Z,_Z,_T,_T,_T,_T,_T,_T,COICOP_CP07,_Z,_Z,_Z,_Z,0.03,A,,,,,,
AFW360_HH,SEN,_T,2021,CONS_SH,_Z,_Z,_T,_T,_T,_T,_T,_T,COICOP_CP08,_Z,_Z,_Z,_Z,0.06,A,,,,,,
AFW360_HH,SEN,_T,2021,CONS_SH,_Z,_Z,_T,_T,_T,_T,_T,_T,COICOP_CP09,_Z,_Z,_Z,_Z,0,A,,,,,,
AFW360_HH,SEN,_T,2021,CONS_SH,_Z,_Z,_T,_T,_T,_T,_T,_T,COICOP_CP10,_Z,_Z,_Z,_Z,0.02,A,,,,,,
AFW360_HH,SEN,_T,2021,CONS_SH,_Z,_Z,_T,_T,_T,_T,_T,_T,COICOP_CP11,_Z,_Z,_Z,_Z,0.1,A,,,,,,
AFW360_HH,SEN,_T,2021,CONS_SH,_Z,_Z,_T,_T,_T,_T,_T,_T,COICOP_CP12,_Z,_Z,_Z,_Z,0,A,,,,,,
AFW360_HH,SEN,_T,2021,CONS_SH,_Z,_Z,_T,_T,_T,_T,_T,_T,COICOP_CP13,_Z,_Z,_Z,_Z,0.03,A,,,,,,
AFW360_HH,SEN,_T,2021,EN_ASSET_AC,_Z,_Z,CAP,_T,_T,_T,_T,_T,_Z,_Z,_Z,_Z,_Z,0.02,A,,,,,,
AFW360_HH,SEN,_T,2021,EN_ASSET_AC,_Z,_Z,OU,_T,_T,_T,_T,_T,_Z,_Z,_Z,_Z,_Z,0.05,A,,,,,,
AFW360_HH,SEN,_T,2021,EN_ASSET_AC,_Z,_Z,R,_T,_T,_T,_T,_T,_Z,_Z,_Z,_Z,_Z,0.08,A,,,,,,
AFW360_HH,SEN,_T,2021,EN_ASSET_AC,_Z,_Z,_T,HHH_AGE_GE35,_T,_T,_T,_T,_Z,_Z,_Z,_Z,_Z,0.06,A,,,,,,
AFW360_HH,SEN,_T,2021,EN_ASSET_AC,_Z,_Z,_T,HHH_AGE_LT35,_T,_T,_T,_T,_Z,_Z,_Z,_Z,_Z,0.01,A,,,,,,
AFW360_HH,SEN,_T,2021,EN_ASSET_AC,_Z,_Z,_T,HHH_SEX_F,_T,_T,_T,_T,_Z,_Z,_Z,_Z,_Z,0.05,A,,,,,,
AFW360_HH,SEN,_T,2021,EN_ASSET_AC,_Z,_Z,_T,HHH_SEX_M,_T,_T,_T,_T,_Z,_Z,_Z,_Z,_Z,0.06,A,,,,,,
AFW360_HH,SEN,_T,2021,EN_ASSET_AC,_Z,_Z,_T,QUINT_Q1,_T,_T,_T,_T,_Z,_Z,_Z,_Z,_Z,0.03,A,,,,,,
AFW360_HH,SEN,_T,2021,EN_ASSET_AC,_Z,_Z,_T,QUINT_Q2,_T,_T,_T,_T,_Z,_Z,_Z,_Z,_Z,0.06,A,,,,,,
AFW360_HH,SEN,_T,2021,EN_ASSET_AC,_Z,_Z,_T,QUINT_Q3,_T,_T,_T,_T,_Z,_Z,_Z,_Z,_Z,0,A,,,,,,
AFW360_HH,SEN,_T,2021,EN_ASSET_AC,_Z,_Z,_T,QUINT_Q4,_T,_T,_T,_T,_Z,_Z,_Z,_Z,_Z,0.06,A,,,,,,
AFW360_HH,SEN,_T,2021,EN_ASSET_AC,_Z,_Z,_T,QUINT_Q5,_T,_T,_T,_T,_Z,_Z,_Z,_Z,_Z,0.14,A,,,,,,
AFW360_HH,SEN,_T,2021,EN_ASSET_AC,_Z,_Z,_T,_T,_T,_T,_T,_T,_Z,_Z,_Z,_Z,_Z,0.06,A,,,,,,
AFW360_HH,SEN,_T,2021,EN_ASSET_COOKER,_Z,_Z,CAP,_T,_T,_T,_T,_T,_Z,_Z,_Z,_Z,_Z,0.14,A,,,,,,
AFW360_HH,SEN,_T,2021,EN_ASSET_COOKER,_Z,_Z,OU,_T,_T,_T,_T,_T,_Z,_Z,_Z,_Z,_Z,0.03,A,,,,,,
AFW360_HH,SEN,_T,2021,EN_ASSET_COOKER,_Z,_Z,R,_T,_T,_T,_T,_T,_Z,_Z,_Z,_Z,_Z,0,A,,,,,,
AFW360_HH,SEN,_T,2021,EN_ASSET_COOKER,_Z,_Z,_T,HHH_AGE_GE35,_T,_T,_T,_T,_Z,_Z,_Z,_Z,_Z,0.04,A,,,,,,
AFW360_HH,SEN,_T,2021,EN_ASSET_COOKER,_Z,_Z,_T,HHH_AGE_LT35,_T,_T,_T,_T,_Z,_Z,_Z,_Z,_Z,0.01,A,,,,,,
AFW360_HH,SEN,_T,2021,EN_ASSET_COOKER,_Z,_Z,_T,HHH_SEX_F,_T,_T,_T,_T,_Z,_Z,_Z,_Z,_Z,0.06,A,,,,,,
AFW360_HH,SEN,_T,2021,EN_ASSET_COOKER,_Z,_Z,_T,HHH_SEX_M,_T,_T,_T,_T,_Z,_Z,_Z,_Z,_Z,0.03,A,,,,,,
AFW360_HH,SEN,_T,2021,EN_ASSET_COOKER,_Z,_Z,_T,QUINT_Q1,_T,_T,_T,_T,_Z,_Z,_Z,_Z,_Z,0,A,,,,,,
AFW360_HH,SEN,_T,2021,EN_ASSET_COOKER,_Z,_Z,_T,QUINT_Q2,_T,_T,_T,_T,_Z,_Z,_Z,_Z,_Z,0.01,A,,,,,,
AFW360_HH,SEN,_T,2021,EN_ASSET_COOKER,_Z,_Z,_T,QUINT_Q3,_T,_T,_T,_T,_Z,_Z,_Z,_Z,_Z,0.01,A,,,,,,
AFW360_HH,SEN,_T,2021,EN_ASSET_COOKER,_Z,_Z,_T,QUINT_Q4,_T,_T,_T,_T,_Z,_Z,_Z,_Z,_Z,0.01,A,,,,,,
AFW360_HH,SEN,_T,2021,EN_ASSET_COOKER,_Z,_Z,_T,QUINT_Q5,_T,_T,_T,_T,_Z,_Z,_Z,_Z,_Z,0.17,A,,,,,,
AFW360_HH,SEN,_T,2021,EN_ASSET_COOKER,_Z,_Z,_T,_T,_T,_T,_T,_T,_Z,_Z,_Z,_Z,_Z,0.04,A,,,,,,
AFW360_HH,SEN,_T,2021,EN_ASSET_FAN,_Z,_Z,CAP,_T,_T,_T,_T,_T,_Z,_Z,_Z,_Z,_Z,0.03,A,,,,,,
AFW360_HH,SEN,_T,2021,EN_ASSET_FAN,_Z,_Z,OU,_T,_T,_T,_T,_T,_Z,_Z,_Z,_Z,_Z,0.02,A,,,,,,
AFW360_HH,SEN,_T,2021,EN_ASSET_FAN,_Z,_Z,R,_T,_T,_T,_T,_T,_Z,_Z,_Z,_Z,_Z,0.04,A,,,,,,
AFW360_HH,SEN,_T,2021,EN_ASSET_FAN,_Z,_Z,_T,HHH_AGE_GE35,_T,_T,_T,_T,_Z,_Z,_Z,_Z,_Z,0.03,A,,,,,,
AFW360_HH,SEN,_T,2021,EN_ASSET_FAN,_Z,_Z,_T,HHH_AGE_LT35,_T,_T,_T,_T,_Z,_Z,_Z,_Z,_Z,0.02,A,,,,,,
AFW360_HH,SEN,_T,2021,EN_ASSET_FAN,_Z,_Z,_T,HHH_SEX_F,_T,_T,_T,_T,_Z,_Z,_Z,_Z,_Z,0.02,A,,,,,,
AFW360_HH,SEN,_T,2021,EN_ASSET_FAN,_Z,_Z,_T,HHH_SEX_M,_T,_T,_T,_T,_Z,_Z,_Z,_Z,_Z,0.04,A,,,,,,
AFW360_HH,SEN,_T,2021,EN_ASSET_FAN,_Z,_Z,_T,QUINT_Q1,_T,_T,_T,_T,_Z,_Z,_Z,_Z,_Z,0.03,A,,,,,,
AFW360_HH,SEN,_T,2021,EN_ASSET_FAN,_Z,_Z,_T,QUINT_Q2,_T,_T,_T,_T,_Z,_Z,_Z,_Z,_Z,0.03,A,,,,,,
AFW360_HH,SEN,_T,2021,EN_ASSET_FAN,_Z,_Z,_T,QUINT_Q3,_T,_T,_T,_T,_Z,_Z,_Z,_Z,_Z,0.02,A,,,,,,
AFW360_HH,SEN,_T,2021,EN_ASSET_FAN,_Z,_Z,_T,QUINT_Q4,_T,_T,_T,_T,_Z,_Z,_Z,_Z,_Z,0.01,A,,,,,,
AFW360_HH,SEN,_T,2021,EN_ASSET_FAN,_Z,_Z,_T,QUINT_Q5,_T,_T,_T,_T,_Z,_Z,_Z,_Z,_Z,0.07,A,,,,,,
AFW360_HH,SEN,_T,2021,EN_ASSET_FAN,_Z,_Z,_T,_T,_T,_T,_T,_T,_Z,_Z,_Z,_Z,_Z,0.03,A,,,,,,
AFW360_HH,SEN,_T,2021,EN_ASSET_WATER_HEATER,_Z,_Z,CAP,_T,_T,_T,_T,_T,_Z,_Z,_Z,_Z,_Z,0.03,A,,,,,,
AFW360_HH,SEN,_T,2021,EN_ASSET_WATER_HEATER,_Z,_Z,OU,_T,_T,_T,_T,_T,_Z,_Z,_Z,_Z,_Z,0.03,A,,,,,,
AFW360_HH,SEN,_T,2021,EN_ASSET_WATER_HEATER,_Z,_Z,R,_T,_T,_T,_T,_T,_Z,_Z,_Z,_Z,_Z,0.03,A,,,,,,
AFW360_HH,SEN,_T,2021,EN_ASSET_WATER_HEATER,_Z,_Z,_T,HHH_AGE_GE35,_T,_T,_T,_T,_Z,_Z,_Z,_Z,_Z,0.03,A,,,,,,
AFW360_HH,SEN,_T,2021,EN_ASSET_WATER_HEATER,_Z,_Z,_T,HHH_AGE_LT35,_T,_T,_T,_T,_Z,_Z,_Z,_Z,_Z,0.01,A,,,,,,
AFW360_HH,SEN,_T,2021,EN_ASSET_WATER_HEATER,_Z,_Z,_T,HHH_SEX_F,_T,_T,_T,_T,_Z,_Z,_Z,_Z,_Z,0.01,A,,,,,,
AFW360_HH,SEN,_T,2021,EN_ASSET_WATER_HEATER,_Z,_Z,_T,HHH_SEX_M,_T,_T,_T,_T,_Z,_Z,_Z,_Z,_Z,0.03,A,,,,,,
AFW360_HH,SEN,_T,2021,EN_ASSET_WATER_HEATER,_Z,_Z,_T,QUINT_Q1,_T,_T,_T,_T,_Z,_Z,_Z,_Z,_Z,0.01,A,,,,,,
AFW360_HH,SEN,_T,2021,EN_ASSET_WATER_HEATER,_Z,_Z,_T,QUINT_Q2,_T,_T,_T,_T,_Z,_Z,_Z,_Z,_Z,0,A,,,,,,
AFW360_HH,SEN,_T,2021,EN_ASSET_WATER_HEATER,_Z,_Z,_T,QUINT_Q3,_T,_T,_T,_T,_Z,_Z,_Z,_Z,_Z,0,A,,,,,,
AFW360_HH,SEN,_T,2021,EN_ASSET_WATER_HEATER,_Z,_Z,_T,QUINT_Q4,_T,_T,_T,_T,_Z,_Z,_Z,_Z,_Z,0.07,A,,,,,,
AFW360_HH,SEN,_T,2021,EN_ASSET_WATER_HEATER,_Z,_Z,_T,QUINT_Q5,_T,_T,_T,_T,_Z,_Z,_Z,_Z,_Z,0.04,A,,,,,,
AFW360_HH,SEN,_T,2021,EN_ASSET_WATER_HEATER,_Z,_Z,_T,_T,_T,_T,_T,_T,_Z,_Z,_Z,_Z,_Z,0.03,A,,,,,,
AFW360_HH,SEN,_T,2021,EN_COOK_BIOMASS,_Z,_Z,CAP,_T,_T,_T,_T,_T,_Z,_Z,_Z,_Z,_Z,0.26,A,,,,,,
AFW360_HH,SEN,_T,2021,EN_COOK_BIOMASS,_Z,_Z,OU,_T,_T,_T,_T,_T,_Z,_Z,_Z,_Z,_Z,0.2,A,,,,,,
AFW360_HH,SEN,_T,2021,EN_COOK_BIOMASS,_Z,_Z,R,_T,_T,_T,_T,_T,_Z,_Z,_Z,_Z,_Z,0.23,A,,,,,,
AFW360_HH,SEN,_T,2021,EN_COOK_BIOMASS,_Z,_Z,_T,HHH_AGE_GE35,_T,_T,_T,_T,_Z,_Z,_Z,_Z,_Z,0.23,A,,,,,,
AFW360_HH,SEN,_T,2021,EN_COOK_BIOMASS,_Z,_Z,_T,HHH_AGE_LT35,_T,_T,_T,_T,_Z,_Z,_Z,_Z,_Z,0.17,A,,,,,,
AFW360_HH,SEN,_T,2021,EN_COOK_BIOMASS,_Z,_Z,_T,HHH_SEX_F,_T,_T,_T,_T,_Z,_Z,_Z,_Z,_Z,0.21,A,,,,,,
AFW360_HH,SEN,_T,2021,EN_COOK_BIOMASS,_Z,_Z,_T,HHH_SEX_M,_T,_T,_T,_T,_Z,_Z,_Z,_Z,_Z,0.24,A,,,,,,
AFW360_HH,SEN,_T,2021,EN_COOK_BIOMASS,_Z,_Z,_T,QUINT_Q1,_T,_T,_T,_T,_Z,_Z,_Z,_Z,_Z,0.16,A,,,,,,
AFW360_HH,SEN,_T,2021,EN_COOK_BIOMASS,_Z,_Z,_T,QUINT_Q2,_T,_T,_T,_T,_Z,_Z,_Z,_Z,_Z,0.31,A,,,,,,
AFW360_HH,SEN,_T,2021,EN_COOK_BIOMASS,_Z,_Z,_T,QUINT_Q3,_T,_T,_T,_T,_Z,_Z,_Z,_Z,_Z,0.13,A,,,,,,
AFW360_HH,SEN,_T,2021,EN_COOK_BIOMASS,_Z,_Z,_T,QUINT_Q4,_T,_T,_T,_T,_Z,_Z,_Z,_Z,_Z,0.34,A,,,,,,
AFW360_HH,SEN,_T,2021,EN_COOK_BIOMASS,_Z,_Z,_T,QUINT_Q5,_T,_T,_T,_T,_Z,_Z,_Z,_Z,_Z,0.18,A,,,,,,
AFW360_HH,SEN,_T,2021,EN_COOK_BIOMASS,_Z,_Z,_T,_T,_T,_T,_T,_T,_Z,_Z,_Z,_Z,_Z,0.23,A,,,,,,
AFW360_HH,SEN,_T,2021,EN_COOK_CLEAN,_Z,_Z,CAP,_T,_T,_T,_T,_T,_Z,_Z,_Z,_Z,_Z,0.6,A,,,,,,LEGACY_SUSPECT: Implausible pattern: higher in Rural and Q1 than in Capital and Q4.
AFW360_HH,SEN,_T,2021,EN_COOK_CLEAN,_Z,_Z,OU,_T,_T,_T,_T,_T,_Z,_Z,_Z,_Z,_Z,0.78,A,,,,,,LEGACY_SUSPECT: Implausible pattern: higher in Rural and Q1 than in Capital and Q4.
AFW360_HH,SEN,_T,2021,EN_COOK_CLEAN,_Z,_Z,R,_T,_T,_T,_T,_T,_Z,_Z,_Z,_Z,_Z,0.76,A,,,,,,LEGACY_SUSPECT: Implausible pattern: higher in Rural and Q1 than in Capital and Q4.
AFW360_HH,SEN,_T,2021,EN_COOK_CLEAN,_Z,_Z,_T,HHH_AGE_GE35,_T,_T,_T,_T,_Z,_Z,_Z,_Z,_Z,0.72,A,,,,,,LEGACY_SUSPECT: Implausible pattern: higher in Rural and Q1 than in Capital and Q4.
AFW360_HH,SEN,_T,2021,EN_COOK_CLEAN,_Z,_Z,_T,HHH_AGE_LT35,_T,_T,_T,_T,_Z,_Z,_Z,_Z,_Z,0.83,A,,,,,,LEGACY_SUSPECT: Implausible pattern: higher in Rural and Q1 than in Capital and Q4.
AFW360_HH,SEN,_T,2021,EN_COOK_CLEAN,_Z,_Z,_T,HHH_SEX_F,_T,_T,_T,_T,_Z,_Z,_Z,_Z,_Z,0.7,A,,,,,,LEGACY_SUSPECT: Implausible pattern: higher in Rural and Q1 than in Capital and Q4.
AFW360_HH,SEN,_T,2021,EN_COOK_CLEAN,_Z,_Z,_T,HHH_SEX_M,_T,_T,_T,_T,_Z,_Z,_Z,_Z,_Z,0.74,A,,,,,,LEGACY_SUSPECT: Implausible pattern: higher in Rural and Q1 than in Capital and Q4.
AFW360_HH,SEN,_T,2021,EN_COOK_CLEAN,_Z,_Z,_T,QUINT_Q1,_T,_T,_T,_T,_Z,_Z,_Z,_Z,_Z,0.79,A,,,,,,LEGACY_SUSPECT: Implausible pattern: higher in Rural and Q1 than in Capital and Q4.
AFW360_HH,SEN,_T,2021,EN_COOK_CLEAN,_Z,_Z,_T,QUINT_Q2,_T,_T,_T,_T,_Z,_Z,_Z,_Z,_Z,0.69,A,,,,,,LEGACY_SUSPECT: Implausible pattern: higher in Rural and Q1 than in Capital and Q4.
AFW360_HH,SEN,_T,2021,EN_COOK_CLEAN,_Z,_Z,_T,QUINT_Q3,_T,_T,_T,_T,_Z,_Z,_Z,_Z,_Z,0.85,A,,,,,,LEGACY_SUSPECT: Implausible pattern: higher in Rural and Q1 than in Capital and Q4.
AFW360_HH,SEN,_T,2021,EN_COOK_CLEAN,_Z,_Z,_T,QUINT_Q4,_T,_T,_T,_T,_Z,_Z,_Z,_Z,_Z,0.57,A,,,,,,LEGACY_SUSPECT: Implausible pattern: higher in Rural and Q1 than in Capital and Q4.
AFW360_HH,SEN,_T,2021,EN_COOK_CLEAN,_Z,_Z,_T,QUINT_Q5,_T,_T,_T,_T,_Z,_Z,_Z,_Z,_Z,0.8,A,,,,,,LEGACY_SUSPECT: Implausible pattern: higher in Rural and Q1 than in Capital and Q4.
AFW360_HH,SEN,_T,2021,EN_COOK_CLEAN,_Z,_Z,_T,_T,_T,_T,_T,_T,_Z,_Z,_Z,_Z,_Z,0.73,A,,,,,,LEGACY_SUSPECT: Implausible pattern: higher in Rural and Q1 than in Capital and Q4.
AFW360_HH,SEN,_T,2021,EN_ELEC_ACCESS,_Z,_Z,CAP,_T,_T,_T,_T,_T,_Z,_Z,_Z,_Z,_Z,0.97,A,,,,,,
AFW360_HH,SEN,_T,2021,EN_ELEC_ACCESS,_Z,_Z,OU,_T,_T,_T,_T,_T,_Z,_Z,_Z,_Z,_Z,0.87,A,,,,,,
AFW360_HH,SEN,_T,2021,EN_ELEC_ACCESS,_Z,_Z,R,_T,_T,_T,_T,_T,_Z,_Z,_Z,_Z,_Z,0.45,A,,,,,,
AFW360_HH,SEN,_T,2021,EN_ELEC_ACCESS,_Z,_Z,_T,HHH_AGE_GE35,_T,_T,_T,_T,_Z,_Z,_Z,_Z,_Z,0.68,A,,,,,,
AFW360_HH,SEN,_T,2021,EN_ELEC_ACCESS,_Z,_Z,_T,HHH_AGE_LT35,_T,_T,_T,_T,_Z,_Z,_Z,_Z,_Z,0.56,A,,,,,,
AFW360_HH,SEN,_T,2021,EN_ELEC_ACCESS,_Z,_Z,_T,HHH_SEX_F,_T,_T,_T,_T,_Z,_Z,_Z,_Z,_Z,0.82,A,,,,,,
AFW360_HH,SEN,_T,2021,EN_ELEC_ACCESS,_Z,_Z,_T,HHH_SEX_M,_T,_T,_T,_T,_Z,_Z,_Z,_Z,_Z,0.62,A,,,,,,
AFW360_HH,SEN,_T,2021,EN_ELEC_ACCESS,_Z,_Z,_T,QUINT_Q1,_T,_T,_T,_T,_Z,_Z,_Z,_Z,_Z,0.28,A,,,,,,
AFW360_HH,SEN,_T,2021,EN_ELEC_ACCESS,_Z,_Z,_T,QUINT_Q2,_T,_T,_T,_T,_Z,_Z,_Z,_Z,_Z,0.58,A,,,,,,
AFW360_HH,SEN,_T,2021,EN_ELEC_ACCESS,_Z,_Z,_T,QUINT_Q3,_T,_T,_T,_T,_Z,_Z,_Z,_Z,_Z,0.73,A,,,,,,
AFW360_HH,SEN,_T,2021,EN_ELEC_ACCESS,_Z,_Z,_T,QUINT_Q4,_T,_T,_T,_T,_Z,_Z,_Z,_Z,_Z,0.85,A,,,,,,
AFW360_HH,SEN,_T,2021,EN_ELEC_ACCESS,_Z,_Z,_T,QUINT_Q5,_T,_T,_T,_T,_Z,_Z,_Z,_Z,_Z,0.95,A,,,,,,
AFW360_HH,SEN,_T,2021,EN_ELEC_ACCESS,_Z,_Z,_T,_T,_T,_T,_T,_T,_Z,_Z,_Z,_Z,_Z,0.68,A,,,,,,
AFW360_HH,SEN,_T,2021,EN_ELEC_INFORMAL,_Z,_Z,CAP,_T,_T,_T,_T,_T,_Z,_Z,_Z,_Z,_Z,0.01,A,,,,,,
AFW360_HH,SEN,_T,2021,EN_ELEC_INFORMAL,_Z,_Z,OU,_T,_T,_T,_T,_T,_Z,_Z,_Z,_Z,_Z,0.01,A,,,,,,
AFW360_HH,SEN,_T,2021,EN_ELEC_INFORMAL,_Z,_Z,R,_T,_T,_T,_T,_T,_Z,_Z,_Z,_Z,_Z,0.01,A,,,,,,
AFW360_HH,SEN,_T,2021,EN_ELEC_INFORMAL,_Z,_Z,_T,HHH_AGE_GE35,_T,_T,_T,_T,_Z,_Z,_Z,_Z,_Z,0.01,A,,,,,,
AFW360_HH,SEN,_T,2021,EN_ELEC_INFORMAL,_Z,_Z,_T,HHH_AGE_LT35,_T,_T,_T,_T,_Z,_Z,_Z,_Z,_Z,0,A,,,,,,
AFW360_HH,SEN,_T,2021,EN_ELEC_INFORMAL,_Z,_Z,_T,HHH_SEX_F,_T,_T,_T,_T,_Z,_Z,_Z,_Z,_Z,0.01,A,,,,,,
AFW360_HH,SEN,_T,2021,EN_ELEC_INFORMAL,_Z,_Z,_T,HHH_SEX_M,_T,_T,_T,_T,_Z,_Z,_Z,_Z,_Z,0.01,A,,,,,,
AFW360_HH,SEN,_T,2021,EN_ELEC_INFORMAL,_Z,_Z,_T,QUINT_Q1,_T,_T,_T,_T,_Z,_Z,_Z,_Z,_Z,0,A,,,,,,
AFW360_HH,SEN,_T,2021,EN_ELEC_INFORMAL,_Z,_Z,_T,QUINT_Q2,_T,_T,_T,_T,_Z,_Z,_Z,_Z,_Z,0.02,A,,,,,,
AFW360_HH,SEN,_T,2021,EN_ELEC_INFORMAL,_Z,_Z,_T,QUINT_Q3,_T,_T,_T,_T,_Z,_Z,_Z,_Z,_Z,0.01,A,,,,,,
AFW360_HH,SEN,_T,2021,EN_ELEC_INFORMAL,_Z,_Z,_T,QUINT_Q4,_T,_T,_T,_T,_Z,_Z,_Z,_Z,_Z,0.01,A,,,,,,
AFW360_HH,SEN,_T,2021,EN_ELEC_INFORMAL,_Z,_Z,_T,QUINT_Q5,_T,_T,_T,_T,_Z,_Z,_Z,_Z,_Z,0.02,A,,,,,,
AFW360_HH,SEN,_T,2021,EN_ELEC_INFORMAL,_Z,_Z,_T,_T,_T,_T,_T,_T,_Z,_Z,_Z,_Z,_Z,0.01,A,,,,,,
AFW360_HH,SEN,_T,2021,EN_ELEC_SPEND,_Z,_Z,CAP,_T,_T,_T,_T,_T,_Z,_Z,_Z,_Z,_Z,10796.67,A,,,,,,
AFW360_HH,SEN,_T,2021,EN_ELEC_SPEND,_Z,_Z,OU,_T,_T,_T,_T,_T,_Z,_Z,_Z,_Z,_Z,20241.61,A,,,,,,
AFW360_HH,SEN,_T,2021,EN_ELEC_SPEND,_Z,_Z,R,_T,_T,_T,_T,_T,_Z,_Z,_Z,_Z,_Z,14527.39,A,,,,,,
AFW360_HH,SEN,_T,2021,EN_ELEC_SPEND,_Z,_Z,_T,HHH_AGE_GE35,_T,_T,_T,_T,_Z,_Z,_Z,_Z,_Z,14320.24,A,,,,,,
AFW360_HH,SEN,_T,2021,EN_ELEC_SPEND,_Z,_Z,_T,HHH_AGE_LT35,_T,_T,_T,_T,_Z,_Z,_Z,_Z,_Z,19402.74,A,,,,,,
AFW360_HH,SEN,_T,2021,EN_ELEC_SPEND,_Z,_Z,_T,HHH_SEX_F,_T,_T,_T,_T,_Z,_Z,_Z,_Z,_Z,14400.73,A,,,,,,
AFW360_HH,SEN,_T,2021,EN_ELEC_SPEND,_Z,_Z,_T,HHH_SEX_M,_T,_T,_T,_T,_Z,_Z,_Z,_Z,_Z,14669.32,A,,,,,,
AFW360_HH,SEN,_T,2021,EN_ELEC_SPEND,_Z,_Z,_T,QUINT_Q1,_T,_T,_T,_T,_Z,_Z,_Z,_Z,_Z,10795.5,A,,,,,,
AFW360_HH,SEN,_T,2021,EN_ELEC_SPEND,_Z,_Z,_T,QUINT_Q2,_T,_T,_T,_T,_Z,_Z,_Z,_Z,_Z,12034.51,A,,,,,,
AFW360_HH,SEN,_T,2021,EN_ELEC_SPEND,_Z,_Z,_T,QUINT_Q3,_T,_T,_T,_T,_Z,_Z,_Z,_Z,_Z,13910.01,A,,,,,,
AFW360_HH,SEN,_T,2021,EN_ELEC_SPEND,_Z,_Z,_T,QUINT_Q4,_T,_T,_T,_T,_Z,_Z,_Z,_Z,_Z,17793.37,A,,,,,,
AFW360_HH,SEN,_T,2021,EN_ELEC_SPEND,_Z,_Z,_T,QUINT_Q5,_T,_T,_T,_T,_Z,_Z,_Z,_Z,_Z,18354.2,A,,,,,,
AFW360_HH,SEN,_T,2021,EN_ELEC_SPEND,_Z,_Z,_T,_T,_T,_T,_T,_T,_Z,_Z,_Z,_Z,_Z,14598.96,A,,,,,,
AFW360_HH,SEN,_T,2021,EN_GRID_CONN,_Z,_Z,CAP,_T,_T,_T,_T,_T,_Z,_Z,_Z,_Z,_Z,0.99,A,,,,,,"LEGACY_SUSPECT: Implausible: 0.96-1.00 in every cell, including Q1 and Rural."
AFW360_HH,SEN,_T,2021,EN_GRID_CONN,_Z,_Z,OU,_T,_T,_T,_T,_T,_Z,_Z,_Z,_Z,_Z,0.98,A,,,,,,"LEGACY_SUSPECT: Implausible: 0.96-1.00 in every cell, including Q1 and Rural."
AFW360_HH,SEN,_T,2021,EN_GRID_CONN,_Z,_Z,R,_T,_T,_T,_T,_T,_Z,_Z,_Z,_Z,_Z,0.98,A,,,,,,"LEGACY_SUSPECT: Implausible: 0.96-1.00 in every cell, including Q1 and Rural."
AFW360_HH,SEN,_T,2021,EN_GRID_CONN,_Z,_Z,_T,HHH_AGE_GE35,_T,_T,_T,_T,_Z,_Z,_Z,_Z,_Z,0.98,A,,,,,,"LEGACY_SUSPECT: Implausible: 0.96-1.00 in every cell, including Q1 and Rural."
AFW360_HH,SEN,_T,2021,EN_GRID_CONN,_Z,_Z,_T,HHH_AGE_LT35,_T,_T,_T,_T,_Z,_Z,_Z,_Z,_Z,0.99,A,,,,,,"LEGACY_SUSPECT: Implausible: 0.96-1.00 in every cell, including Q1 and Rural."
AFW360_HH,SEN,_T,2021,EN_GRID_CONN,_Z,_Z,_T,HHH_SEX_F,_T,_T,_T,_T,_Z,_Z,_Z,_Z,_Z,0.98,A,,,,,,"LEGACY_SUSPECT: Implausible: 0.96-1.00 in every cell, including Q1 and Rural."
AFW360_HH,SEN,_T,2021,EN_GRID_CONN,_Z,_Z,_T,HHH_SEX_M,_T,_T,_T,_T,_Z,_Z,_Z,_Z,_Z,0.98,A,,,,,,"LEGACY_SUSPECT: Implausible: 0.96-1.00 in every cell, including Q1 and Rural."
AFW360_HH,SEN,_T,2021,EN_GRID_CONN,_Z,_Z,_T,QUINT_Q1,_T,_T,_T,_T,_Z,_Z,_Z,_Z,_Z,1,A,,,,,,"LEGACY_SUSPECT: Implausible: 0.96-1.00 in every cell, including Q1 and Rural."
AFW360_HH,SEN,_T,2021,EN_GRID_CONN,_Z,_Z,_T,QUINT_Q2,_T,_T,_T,_T,_Z,_Z,_Z,_Z,_Z,0.96,A,,,,,,"LEGACY_SUSPECT: Implausible: 0.96-1.00 in every cell, including Q1 and Rural."
AFW360_HH,SEN,_T,2021,EN_GRID_CONN,_Z,_Z,_T,QUINT_Q3,_T,_T,_T,_T,_Z,_Z,_Z,_Z,_Z,0.98,A,,,,,,"LEGACY_SUSPECT: Implausible: 0.96-1.00 in every cell, including Q1 and Rural."
AFW360_HH,SEN,_T,2021,EN_GRID_CONN,_Z,_Z,_T,QUINT_Q4,_T,_T,_T,_T,_Z,_Z,_Z,_Z,_Z,0.98,A,,,,,,"LEGACY_SUSPECT: Implausible: 0.96-1.00 in every cell, including Q1 and Rural."
AFW360_HH,SEN,_T,2021,EN_GRID_CONN,_Z,_Z,_T,QUINT_Q5,_T,_T,_T,_T,_Z,_Z,_Z,_Z,_Z,0.98,A,,,,,,"LEGACY_SUSPECT: Implausible: 0.96-1.00 in every cell, including Q1 and Rural."
AFW360_HH,SEN,_T,2021,EN_GRID_CONN,_Z,_Z,_T,_T,_T,_T,_T,_T,_Z,_Z,_Z,_Z,_Z,0.98,A,,,,,,"LEGACY_SUSPECT: Implausible: 0.96-1.00 in every cell, including Q1 and Rural."
AFW360_HH,SEN,_T,2021,EN_GRID_USE,_Z,_Z,CAP,_T,_T,_T,_T,_T,_Z,_Z,_Z,_Z,_Z,0.95,A,,,,,,
AFW360_HH,SEN,_T,2021,EN_GRID_USE,_Z,_Z,OU,_T,_T,_T,_T,_T,_Z,_Z,_Z,_Z,_Z,0.85,A,,,,,,
AFW360_HH,SEN,_T,2021,EN_GRID_USE,_Z,_Z,R,_T,_T,_T,_T,_T,_Z,_Z,_Z,_Z,_Z,0.44,A,,,,,,
AFW360_HH,SEN,_T,2021,EN_GRID_USE,_Z,_Z,_T,HHH_AGE_GE35,_T,_T,_T,_T,_Z,_Z,_Z,_Z,_Z,0.66,A,,,,,,
AFW360_HH,SEN,_T,2021,EN_GRID_USE,_Z,_Z,_T,HHH_AGE_LT35,_T,_T,_T,_T,_Z,_Z,_Z,_Z,_Z,0.52,A,,,,,,
AFW360_HH,SEN,_T,2021,EN_GRID_USE,_Z,_Z,_T,HHH_SEX_F,_T,_T,_T,_T,_Z,_Z,_Z,_Z,_Z,0.79,A,,,,,,
AFW360_HH,SEN,_T,2021,EN_GRID_USE,_Z,_Z,_T,HHH_SEX_M,_T,_T,_T,_T,_Z,_Z,_Z,_Z,_Z,0.61,A,,,,,,
AFW360_HH,SEN,_T,2021,EN_GRID_USE,_Z,_Z,_T,QUINT_Q1,_T,_T,_T,_T,_Z,_Z,_Z,_Z,_Z,0.26,A,,,,,,
AFW360_HH,SEN,_T,2021,EN_GRID_USE,_Z,_Z,_T,QUINT_Q2,_T,_T,_T,_T,_Z,_Z,_Z,_Z,_Z,0.58,A,,,,,,
AFW360_HH,SEN,_T,2021,EN_GRID_USE,_Z,_Z,_T,QUINT_Q3,_T,_T,_T,_T,_Z,_Z,_Z,_Z,_Z,0.71,A,,,,,,
AFW360_HH,SEN,_T,2021,EN_GRID_USE,_Z,_Z,_T,QUINT_Q4,_T,_T,_T,_T,_Z,_Z,_Z,_Z,_Z,0.82,A,,,,,,
AFW360_HH,SEN,_T,2021,EN_GRID_USE,_Z,_Z,_T,QUINT_Q5,_T,_T,_T,_T,_Z,_Z,_Z,_Z,_Z,0.91,A,,,,,,
AFW360_HH,SEN,_T,2021,EN_GRID_USE,_Z,_Z,_T,_T,_T,_T,_T,_T,_Z,_Z,_Z,_Z,_Z,0.66,A,,,,,,
AFW360_HH,SEN,_T,2021,EN_LIGHT_IMPROVED,_Z,_Z,CAP,_T,_T,_T,_T,_T,_Z,_Z,_Z,_Z,_Z,1,A,,,,,,
AFW360_HH,SEN,_T,2021,EN_LIGHT_IMPROVED,_Z,_Z,OU,_T,_T,_T,_T,_T,_Z,_Z,_Z,_Z,_Z,0.97,A,,,,,,
AFW360_HH,SEN,_T,2021,EN_LIGHT_IMPROVED,_Z,_Z,R,_T,_T,_T,_T,_T,_Z,_Z,_Z,_Z,_Z,0.95,A,,,,,,
AFW360_HH,SEN,_T,2021,EN_LIGHT_IMPROVED,_Z,_Z,_T,HHH_AGE_GE35,_T,_T,_T,_T,_Z,_Z,_Z,_Z,_Z,0.96,A,,,,,,
AFW360_HH,SEN,_T,2021,EN_LIGHT_IMPROVED,_Z,_Z,_T,HHH_AGE_LT35,_T,_T,_T,_T,_Z,_Z,_Z,_Z,_Z,0.98,A,,,,,,
AFW360_HH,SEN,_T,2021,EN_LIGHT_IMPROVED,_Z,_Z,_T,HHH_SEX_F,_T,_T,_T,_T,_Z,_Z,_Z,_Z,_Z,0.95,A,,,,,,
AFW360_HH,SEN,_T,2021,EN_LIGHT_IMPROVED,_Z,_Z,_T,HHH_SEX_M,_T,_T,_T,_T,_Z,_Z,_Z,_Z,_Z,0.97,A,,,,,,
AFW360_HH,SEN,_T,2021,EN_LIGHT_IMPROVED,_Z,_Z,_T,QUINT_Q1,_T,_T,_T,_T,_Z,_Z,_Z,_Z,_Z,0.94,A,,,,,,
AFW360_HH,SEN,_T,2021,EN_LIGHT_IMPROVED,_Z,_Z,_T,QUINT_Q2,_T,_T,_T,_T,_Z,_Z,_Z,_Z,_Z,0.95,A,,,,,,
AFW360_HH,SEN,_T,2021,EN_LIGHT_IMPROVED,_Z,_Z,_T,QUINT_Q3,_T,_T,_T,_T,_Z,_Z,_Z,_Z,_Z,0.98,A,,,,,,
AFW360_HH,SEN,_T,2021,EN_LIGHT_IMPROVED,_Z,_Z,_T,QUINT_Q4,_T,_T,_T,_T,_Z,_Z,_Z,_Z,_Z,0.97,A,,,,,,
AFW360_HH,SEN,_T,2021,EN_LIGHT_IMPROVED,_Z,_Z,_T,QUINT_Q5,_T,_T,_T,_T,_Z,_Z,_Z,_Z,_Z,0.98,A,,,,,,
AFW360_HH,SEN,_T,2021,EN_LIGHT_IMPROVED,_Z,_Z,_T,_T,_T,_T,_T,_T,_Z,_Z,_Z,_Z,_Z,0.96,A,,,,,,
AFW360_HH,SEN,_T,2021,EN_OFFGRID_USE,_Z,_Z,CAP,_T,_T,_T,_T,_T,_Z,_Z,_Z,_Z,_Z,0.04,A,,,,,,
AFW360_HH,SEN,_T,2021,EN_OFFGRID_USE,_Z,_Z,OU,_T,_T,_T,_T,_T,_Z,_Z,_Z,_Z,_Z,0.08,A,,,,,,
AFW360_HH,SEN,_T,2021,EN_OFFGRID_USE,_Z,_Z,R,_T,_T,_T,_T,_T,_Z,_Z,_Z,_Z,_Z,0.25,A,,,,,,
AFW360_HH,SEN,_T,2021,EN_OFFGRID_USE,_Z,_Z,_T,HHH_AGE_GE35,_T,_T,_T,_T,_Z,_Z,_Z,_Z,_Z,0.16,A,,,,,,
AFW360_HH,SEN,_T,2021,EN_OFFGRID_USE,_Z,_Z,_T,HHH_AGE_LT35,_T,_T,_T,_T,_Z,_Z,_Z,_Z,_Z,0.23,A,,,,,,
AFW360_HH,SEN,_T,2021,EN_OFFGRID_USE,_Z,_Z,_T,HHH_SEX_F,_T,_T,_T,_T,_Z,_Z,_Z,_Z,_Z,0.11,A,,,,,,
AFW360_HH,SEN,_T,2021,EN_OFFGRID_USE,_Z,_Z,_T,HHH_SEX_M,_T,_T,_T,_T,_Z,_Z,_Z,_Z,_Z,0.18,A,,,,,,
AFW360_HH,SEN,_T,2021,EN_OFFGRID_USE,_Z,_Z,_T,QUINT_Q1,_T,_T,_T,_T,_Z,_Z,_Z,_Z,_Z,0.28,A,,,,,,
AFW360_HH,SEN,_T,2021,EN_OFFGRID_USE,_Z,_Z,_T,QUINT_Q2,_T,_T,_T,_T,_Z,_Z,_Z,_Z,_Z,0.2,A,,,,,,
AFW360_HH,SEN,_T,2021,EN_OFFGRID_USE,_Z,_Z,_T,QUINT_Q3,_T,_T,_T,_T,_Z,_Z,_Z,_Z,_Z,0.15,A,,,,,,
AFW360_HH,SEN,_T,2021,EN_OFFGRID_USE,_Z,_Z,_T,QUINT_Q4,_T,_T,_T,_T,_Z,_Z,_Z,_Z,_Z,0.11,A,,,,,,
AFW360_HH,SEN,_T,2021,EN_OFFGRID_USE,_Z,_Z,_T,QUINT_Q5,_T,_T,_T,_T,_Z,_Z,_Z,_Z,_Z,0.06,A,,,,,,
AFW360_HH,SEN,_T,2021,EN_OFFGRID_USE,_Z,_Z,_T,_T,_T,_T,_T,_T,_Z,_Z,_Z,_Z,_Z,0.16,A,,,,,,
AFW360_HH,SEN,_T,2021,EN_OUTAGE_ANY,_Z,_Z,CAP,_T,_T,_T,_T,_T,_Z,_Z,_Z,_Z,_Z,0.37,A,,,,,,
AFW360_HH,SEN,_T,2021,EN_OUTAGE_ANY,_Z,_Z,OU,_T,_T,_T,_T,_T,_Z,_Z,_Z,_Z,_Z,0.25,A,,,,,,
AFW360_HH,SEN,_T,2021,EN_OUTAGE_ANY,_Z,_Z,R,_T,_T,_T,_T,_T,_Z,_Z,_Z,_Z,_Z,0.34,A,,,,,,
AFW360_HH,SEN,_T,2021,EN_OUTAGE_ANY,_Z,_Z,_T,HHH_AGE_GE35,_T,_T,_T,_T,_Z,_Z,_Z,_Z,_Z,0.33,A,,,,,,
AFW360_HH,SEN,_T,2021,EN_OUTAGE_ANY,_Z,_Z,_T,HHH_AGE_LT35,_T,_T,_T,_T,_Z,_Z,_Z,_Z,_Z,0.25,A,,,,,,
AFW360_HH,SEN,_T,2021,EN_OUTAGE_ANY,_Z,_Z,_T,HHH_SEX_F,_T,_T,_T,_T,_Z,_Z,_Z,_Z,_Z,0.26,A,,,,,,
AFW360_HH,SEN,_T,2021,EN_OUTAGE_ANY,_Z,_Z,_T,HHH_SEX_M,_T,_T,_T,_T,_Z,_Z,_Z,_Z,_Z,0.35,A,,,,,,
AFW360_HH,SEN,_T,2021,EN_OUTAGE_ANY,_Z,_Z,_T,QUINT_Q1,_T,_T,_T,_T,_Z,_Z,_Z,_Z,_Z,0.4,A,,,,,,
AFW360_HH,SEN,_T,2021,EN_OUTAGE_ANY,_Z,_Z,_T,QUINT_Q2,_T,_T,_T,_T,_Z,_Z,_Z,_Z,_Z,0.33,A,,,,,,
AFW360_HH,SEN,_T,2021,EN_OUTAGE_ANY,_Z,_Z,_T,QUINT_Q3,_T,_T,_T,_T,_Z,_Z,_Z,_Z,_Z,0.3,A,,,,,,
AFW360_HH,SEN,_T,2021,EN_OUTAGE_ANY,_Z,_Z,_T,QUINT_Q4,_T,_T,_T,_T,_Z,_Z,_Z,_Z,_Z,0.36,A,,,,,,
AFW360_HH,SEN,_T,2021,EN_OUTAGE_ANY,_Z,_Z,_T,QUINT_Q5,_T,_T,_T,_T,_Z,_Z,_Z,_Z,_Z,0.22,A,,,,,,
AFW360_HH,SEN,_T,2021,EN_OUTAGE_ANY,_Z,_Z,_T,_T,_T,_T,_T,_T,_Z,_Z,_Z,_Z,_Z,0.33,A,,,,,,
AFW360_HH,SEN,_T,2021,EN_OUTAGE_DAYS,_Z,_Z,CAP,_T,_T,_T,_T,_T,_Z,_Z,_Z,_Z,_Z,2.72,A,,,,,,
AFW360_HH,SEN,_T,2021,EN_OUTAGE_DAYS,_Z,_Z,OU,_T,_T,_T,_T,_T,_Z,_Z,_Z,_Z,_Z,1.9,A,,,,,,
AFW360_HH,SEN,_T,2021,EN_OUTAGE_DAYS,_Z,_Z,R,_T,_T,_T,_T,_T,_Z,_Z,_Z,_Z,_Z,2.08,A,,,,,,
AFW360_HH,SEN,_T,2021,EN_OUTAGE_DAYS,_Z,_Z,_T,HHH_AGE_GE35,_T,_T,_T,_T,_Z,_Z,_Z,_Z,_Z,2.21,A,,,,,,
AFW360_HH,SEN,_T,2021,EN_OUTAGE_DAYS,_Z,_Z,_T,HHH_AGE_LT35,_T,_T,_T,_T,_Z,_Z,_Z,_Z,_Z,2.27,A,,,,,,
AFW360_HH,SEN,_T,2021,EN_OUTAGE_DAYS,_Z,_Z,_T,HHH_SEX_F,_T,_T,_T,_T,_Z,_Z,_Z,_Z,_Z,2.44,A,,,,,,
AFW360_HH,SEN,_T,2021,EN_OUTAGE_DAYS,_Z,_Z,_T,HHH_SEX_M,_T,_T,_T,_T,_Z,_Z,_Z,_Z,_Z,2.15,A,,,,,,
AFW360_HH,SEN,_T,2021,EN_OUTAGE_DAYS,_Z,_Z,_T,QUINT_Q1,_T,_T,_T,_T,_Z,_Z,_Z,_Z,_Z,2.17,A,,,,,,
AFW360_HH,SEN,_T,2021,EN_OUTAGE_DAYS,_Z,_Z,_T,QUINT_Q2,_T,_T,_T,_T,_Z,_Z,_Z,_Z,_Z,2.24,A,,,,,,
AFW360_HH,SEN,_T,2021,EN_OUTAGE_DAYS,_Z,_Z,_T,QUINT_Q3,_T,_T,_T,_T,_Z,_Z,_Z,_Z,_Z,2.28,A,,,,,,
AFW360_HH,SEN,_T,2021,EN_OUTAGE_DAYS,_Z,_Z,_T,QUINT_Q4,_T,_T,_T,_T,_Z,_Z,_Z,_Z,_Z,1.95,A,,,,,,
AFW360_HH,SEN,_T,2021,EN_OUTAGE_DAYS,_Z,_Z,_T,QUINT_Q5,_T,_T,_T,_T,_Z,_Z,_Z,_Z,_Z,2.71,A,,,,,,
AFW360_HH,SEN,_T,2021,EN_OUTAGE_DAYS,_Z,_Z,_T,_T,_T,_T,_T,_T,_Z,_Z,_Z,_Z,_Z,2.21,A,,,,,,
AFW360_HH,SEN,_T,2021,EN_OUTAGE_DUR_CODE,_Z,_Z,CAP,_T,_T,_T,_T,_T,_Z,_Z,_Z,_Z,_Z,1.78,A,,,,,,
AFW360_HH,SEN,_T,2021,EN_OUTAGE_DUR_CODE,_Z,_Z,OU,_T,_T,_T,_T,_T,_Z,_Z,_Z,_Z,_Z,1.76,A,,,,,,
AFW360_HH,SEN,_T,2021,EN_OUTAGE_DUR_CODE,_Z,_Z,R,_T,_T,_T,_T,_T,_Z,_Z,_Z,_Z,_Z,1.81,A,,,,,,
AFW360_HH,SEN,_T,2021,EN_OUTAGE_DUR_CODE,_Z,_Z,_T,HHH_AGE_GE35,_T,_T,_T,_T,_Z,_Z,_Z,_Z,_Z,1.74,A,,,,,,
AFW360_HH,SEN,_T,2021,EN_OUTAGE_DUR_CODE,_Z,_Z,_T,HHH_AGE_LT35,_T,_T,_T,_T,_Z,_Z,_Z,_Z,_Z,2.73,A,,,,,,
AFW360_HH,SEN,_T,2021,EN_OUTAGE_DUR_CODE,_Z,_Z,_T,HHH_SEX_F,_T,_T,_T,_T,_Z,_Z,_Z,_Z,_Z,1.66,A,,,,,,
AFW360_HH,SEN,_T,2021,EN_OUTAGE_DUR_CODE,_Z,_Z,_T,HHH_SEX_M,_T,_T,_T,_T,_Z,_Z,_Z,_Z,_Z,1.81,A,,,,,,
AFW360_HH,SEN,_T,2021,EN_OUTAGE_DUR_CODE,_Z,_Z,_T,QUINT_Q1,_T,_T,_T,_T,_Z,_Z,_Z,_Z,_Z,1.93,A,,,,,,
AFW360_HH,SEN,_T,2021,EN_OUTAGE_DUR_CODE,_Z,_Z,_T,QUINT_Q2,_T,_T,_T,_T,_Z,_Z,_Z,_Z,_Z,1.65,A,,,,,,
AFW360_HH,SEN,_T,2021,EN_OUTAGE_DUR_CODE,_Z,_Z,_T,QUINT_Q3,_T,_T,_T,_T,_Z,_Z,_Z,_Z,_Z,1.57,A,,,,,,
AFW360_HH,SEN,_T,2021,EN_OUTAGE_DUR_CODE,_Z,_Z,_T,QUINT_Q4,_T,_T,_T,_T,_Z,_Z,_Z,_Z,_Z,1.76,A,,,,,,
AFW360_HH,SEN,_T,2021,EN_OUTAGE_DUR_CODE,_Z,_Z,_T,QUINT_Q5,_T,_T,_T,_T,_Z,_Z,_Z,_Z,_Z,1.97,A,,,,,,
AFW360_HH,SEN,_T,2021,EN_OUTAGE_DUR_CODE,_Z,_Z,_T,_T,_T,_T,_T,_T,_Z,_Z,_Z,_Z,_Z,1.78,A,,,,,,
AFW360_HH,SEN,_T,2021,EN_PREPAID_METER,_Z,_Z,CAP,_T,_T,_T,_T,_T,_Z,_Z,_Z,_Z,_Z,0.49,A,,,,,,
AFW360_HH,SEN,_T,2021,EN_PREPAID_METER,_Z,_Z,OU,_T,_T,_T,_T,_T,_Z,_Z,_Z,_Z,_Z,0.41,A,,,,,,
AFW360_HH,SEN,_T,2021,EN_PREPAID_METER,_Z,_Z,R,_T,_T,_T,_T,_T,_Z,_Z,_Z,_Z,_Z,0.38,A,,,,,,
AFW360_HH,SEN,_T,2021,EN_PREPAID_METER,_Z,_Z,_T,HHH_AGE_GE35,_T,_T,_T,_T,_Z,_Z,_Z,_Z,_Z,0.41,A,,,,,,
AFW360_HH,SEN,_T,2021,EN_PREPAID_METER,_Z,_Z,_T,HHH_AGE_LT35,_T,_T,_T,_T,_Z,_Z,_Z,_Z,_Z,0.35,A,,,,,,
AFW360_HH,SEN,_T,2021,EN_PREPAID_METER,_Z,_Z,_T,HHH_SEX_F,_T,_T,_T,_T,_Z,_Z,_Z,_Z,_Z,0.36,A,,,,,,
AFW360_HH,SEN,_T,2021,EN_PREPAID_METER,_Z,_Z,_T,HHH_SEX_M,_T,_T,_T,_T,_Z,_Z,_Z,_Z,_Z,0.42,A,,,,,,
AFW360_HH,SEN,_T,2021,EN_PREPAID_METER,_Z,_Z,_T,QUINT_Q1,_T,_T,_T,_T,_Z,_Z,_Z,_Z,_Z,0.37,A,,,,,,
AFW360_HH,SEN,_T,2021,EN_PREPAID_METER,_Z,_Z,_T,QUINT_Q2,_T,_T,_T,_T,_Z,_Z,_Z,_Z,_Z,0.44,A,,,,,,
AFW360_HH,SEN,_T,2021,EN_PREPAID_METER,_Z,_Z,_T,QUINT_Q3,_T,_T,_T,_T,_Z,_Z,_Z,_Z,_Z,0.41,A,,,,,,
AFW360_HH,SEN,_T,2021,EN_PREPAID_METER,_Z,_Z,_T,QUINT_Q4,_T,_T,_T,_T,_Z,_Z,_Z,_Z,_Z,0.37,A,,,,,,
AFW360_HH,SEN,_T,2021,EN_PREPAID_METER,_Z,_Z,_T,QUINT_Q5,_T,_T,_T,_T,_Z,_Z,_Z,_Z,_Z,0.48,A,,,,,,
AFW360_HH,SEN,_T,2021,EN_PREPAID_METER,_Z,_Z,_T,_T,_T,_T,_T,_T,_Z,_Z,_Z,_Z,_Z,0.41,A,,,,,,
AFW360_HH,SEN,_T,2021,HE_ACCOUNTS,_Z,_Z,CAP,_T,_T,_T,_T,_T,_Z,_Z,_Z,_Z,_Z,0.01,A,,,,,,
AFW360_HH,SEN,_T,2021,HE_ACCOUNTS,_Z,_Z,OU,_T,_T,_T,_T,_T,_Z,_Z,_Z,_Z,_Z,0.04,A,,,,,,
AFW360_HH,SEN,_T,2021,HE_ACCOUNTS,_Z,_Z,R,_T,_T,_T,_T,_T,_Z,_Z,_Z,_Z,_Z,0.05,A,,,,,,
AFW360_HH,SEN,_T,2021,HE_ACCOUNTS,_Z,_Z,_T,HHH_AGE_GE35,_T,_T,_T,_T,_Z,_Z,_Z,_Z,_Z,0.03,A,,,,,,
AFW360_HH,SEN,_T,2021,HE_ACCOUNTS,_Z,_Z,_T,HHH_AGE_LT35,_T,_T,_T,_T,_Z,_Z,_Z,_Z,_Z,0.13,A,,,,,,
AFW360_HH,SEN,_T,2021,HE_ACCOUNTS,_Z,_Z,_T,HHH_SEX_F,_T,_T,_T,_T,_Z,_Z,_Z,_Z,_Z,0.11,A,,,,,,
AFW360_HH,SEN,_T,2021,HE_ACCOUNTS,_Z,_Z,_T,HHH_SEX_M,_T,_T,_T,_T,_Z,_Z,_Z,_Z,_Z,0.01,A,,,,,,
AFW360_HH,SEN,_T,2021,HE_ACCOUNTS,_Z,_Z,_T,QUINT_Q1,_T,_T,_T,_T,_Z,_Z,_Z,_Z,_Z,0.03,A,,,,,,
AFW360_HH,SEN,_T,2021,HE_ACCOUNTS,_Z,_Z,_T,QUINT_Q2,_T,_T,_T,_T,_Z,_Z,_Z,_Z,_Z,0.02,A,,,,,,
AFW360_HH,SEN,_T,2021,HE_ACCOUNTS,_Z,_Z,_T,QUINT_Q3,_T,_T,_T,_T,_Z,_Z,_Z,_Z,_Z,0.08,A,,,,,,
AFW360_HH,SEN,_T,2021,HE_ACCOUNTS,_Z,_Z,_T,QUINT_Q4,_T,_T,_T,_T,_Z,_Z,_Z,_Z,_Z,0.06,A,,,,,,
AFW360_HH,SEN,_T,2021,HE_ACCOUNTS,_Z,_Z,_T,QUINT_Q5,_T,_T,_T,_T,_Z,_Z,_Z,_Z,_Z,0.02,A,,,,,,
AFW360_HH,SEN,_T,2021,HE_ACCOUNTS,_Z,_Z,_T,_T,_T,_T,_T,_T,_Z,_Z,_Z,_Z,_Z,0.04,A,,,,,,
AFW360_HH,SEN,_T,2021,HE_AGE,_Z,_Z,CAP,_T,_T,_T,_T,_T,_Z,_Z,_Z,_Z,_Z,10.9,A,,,,,,
AFW360_HH,SEN,_T,2021,HE_AGE,_Z,_Z,OU,_T,_T,_T,_T,_T,_Z,_Z,_Z,_Z,_Z,8.43,A,,,,,,
AFW360_HH,SEN,_T,2021,HE_AGE,_Z,_Z,R,_T,_T,_T,_T,_T,_Z,_Z,_Z,_Z,_Z,8.34,A,,,,,,
AFW360_HH,SEN,_T,2021,HE_AGE,_Z,_Z,_T,HHH_AGE_GE35,_T,_T,_T,_T,_Z,_Z,_Z,_Z,_Z,8.95,A,,,,,,
AFW360_HH,SEN,_T,2021,HE_AGE,_Z,_Z,_T,HHH_AGE_LT35,_T,_T,_T,_T,_Z,_Z,_Z,_Z,_Z,8.17,A,,,,,,
AFW360_HH,SEN,_T,2021,HE_AGE,_Z,_Z,_T,HHH_SEX_F,_T,_T,_T,_T,_Z,_Z,_Z,_Z,_Z,10.04,A,,,,,,
AFW360_HH,SEN,_T,2021,HE_AGE,_Z,_Z,_T,HHH_SEX_M,_T,_T,_T,_T,_Z,_Z,_Z,_Z,_Z,8.5,A,,,,,,
AFW360_HH,SEN,_T,2021,HE_AGE,_Z,_Z,_T,QUINT_Q1,_T,_T,_T,_T,_Z,_Z,_Z,_Z,_Z,8.3,A,,,,,,
AFW360_HH,SEN,_T,2021,HE_AGE,_Z,_Z,_T,QUINT_Q2,_T,_T,_T,_T,_Z,_Z,_Z,_Z,_Z,9.38,A,,,,,,
AFW360_HH,SEN,_T,2021,HE_AGE,_Z,_Z,_T,QUINT_Q3,_T,_T,_T,_T,_Z,_Z,_Z,_Z,_Z,10.15,A,,,,,,
AFW360_HH,SEN,_T,2021,HE_AGE,_Z,_Z,_T,QUINT_Q4,_T,_T,_T,_T,_Z,_Z,_Z,_Z,_Z,8.2,A,,,,,,
AFW360_HH,SEN,_T,2021,HE_AGE,_Z,_Z,_T,QUINT_Q5,_T,_T,_T,_T,_Z,_Z,_Z,_Z,_Z,9,A,,,,,,
AFW360_HH,SEN,_T,2021,HE_AGE,_Z,_Z,_T,_T,_T,_T,_T,_T,_Z,_Z,_Z,_Z,_Z,8.89,A,,,,,,
AFW360_HH,SEN,_T,2021,HE_BUY_FIRMS,_Z,_Z,CAP,_T,_T,_T,_T,_T,_Z,_Z,_Z,_Z,_Z,0.23,A,,,,,,
AFW360_HH,SEN,_T,2021,HE_BUY_FIRMS,_Z,_Z,OU,_T,_T,_T,_T,_T,_Z,_Z,_Z,_Z,_Z,0.17,A,,,,,,
AFW360_HH,SEN,_T,2021,HE_BUY_FIRMS,_Z,_Z,R,_T,_T,_T,_T,_T,_Z,_Z,_Z,_Z,_Z,0.18,A,,,,,,
AFW360_HH,SEN,_T,2021,HE_BUY_FIRMS,_Z,_Z,_T,HHH_AGE_GE35,_T,_T,_T,_T,_Z,_Z,_Z,_Z,_Z,0.19,A,,,,,,
AFW360_HH,SEN,_T,2021,HE_BUY_FIRMS,_Z,_Z,_T,HHH_AGE_LT35,_T,_T,_T,_T,_Z,_Z,_Z,_Z,_Z,0.15,A,,,,,,
AFW360_HH,SEN,_T,2021,HE_BUY_FIRMS,_Z,_Z,_T,HHH_SEX_F,_T,_T,_T,_T,_Z,_Z,_Z,_Z,_Z,0.23,A,,,,,,
AFW360_HH,SEN,_T,2021,HE_BUY_FIRMS,_Z,_Z,_T,HHH_SEX_M,_T,_T,_T,_T,_Z,_Z,_Z,_Z,_Z,0.17,A,,,,,,
AFW360_HH,SEN,_T,2021,HE_BUY_FIRMS,_Z,_Z,_T,QUINT_Q1,_T,_T,_T,_T,_Z,_Z,_Z,_Z,_Z,0.17,A,,,,,,
AFW360_HH,SEN,_T,2021,HE_BUY_FIRMS,_Z,_Z,_T,QUINT_Q2,_T,_T,_T,_T,_Z,_Z,_Z,_Z,_Z,0.22,A,,,,,,
AFW360_HH,SEN,_T,2021,HE_BUY_FIRMS,_Z,_Z,_T,QUINT_Q3,_T,_T,_T,_T,_Z,_Z,_Z,_Z,_Z,0.26,A,,,,,,
AFW360_HH,SEN,_T,2021,HE_BUY_FIRMS,_Z,_Z,_T,QUINT_Q4,_T,_T,_T,_T,_Z,_Z,_Z,_Z,_Z,0.14,A,,,,,,
AFW360_HH,SEN,_T,2021,HE_BUY_FIRMS,_Z,_Z,_T,QUINT_Q5,_T,_T,_T,_T,_Z,_Z,_Z,_Z,_Z,0.17,A,,,,,,
AFW360_HH,SEN,_T,2021,HE_BUY_FIRMS,_Z,_Z,_T,_T,_T,_T,_T,_T,_Z,_Z,_Z,_Z,_Z,0.19,A,,,,,,
AFW360_HH,SEN,_T,2021,HE_CAPITAL,_Z,_Z,CAP,_T,_T,_T,_T,_T,_Z,_Z,_Z,_Z,_Z,3072975.7200000002,A,,,,,,
AFW360_HH,SEN,_T,2021,HE_CAPITAL,_Z,_Z,OU,_T,_T,_T,_T,_T,_Z,_Z,_Z,_Z,_Z,1569560.78,A,,,,,,
AFW360_HH,SEN,_T,2021,HE_CAPITAL,_Z,_Z,R,_T,_T,_T,_T,_T,_Z,_Z,_Z,_Z,_Z,191239.54,A,,,,,,
AFW360_HH,SEN,_T,2021,HE_CAPITAL,_Z,_Z,_T,HHH_AGE_GE35,_T,_T,_T,_T,_Z,_Z,_Z,_Z,_Z,1075901.2,A,,,,,,
AFW360_HH,SEN,_T,2021,HE_CAPITAL,_Z,_Z,_T,HHH_AGE_LT35,_T,_T,_T,_T,_Z,_Z,_Z,_Z,_Z,193188.94,A,,,,,,
AFW360_HH,SEN,_T,2021,HE_CAPITAL,_Z,_Z,_T,HHH_SEX_F,_T,_T,_T,_T,_Z,_Z,_Z,_Z,_Z,3492528.77,A,,,,,,
AFW360_HH,SEN,_T,2021,HE_CAPITAL,_Z,_Z,_T,HHH_SEX_M,_T,_T,_T,_T,_Z,_Z,_Z,_Z,_Z,167585.73,A,,,,,,
AFW360_HH,SEN,_T,2021,HE_CAPITAL,_Z,_Z,_T,QUINT_Q1,_T,_T,_T,_T,_Z,_Z,_Z,_Z,_Z,91650.15,A,,,,,,
AFW360_HH,SEN,_T,2021,HE_CAPITAL,_Z,_Z,_T,QUINT_Q2,_T,_T,_T,_T,_Z,_Z,_Z,_Z,_Z,91825.87,A,,,,,,
AFW360_HH,SEN,_T,2021,HE_CAPITAL,_Z,_Z,_T,QUINT_Q3,_T,_T,_T,_T,_Z,_Z,_Z,_Z,_Z,597800.1800000001,A,,,,,,
AFW360_HH,SEN,_T,2021,HE_CAPITAL,_Z,_Z,_T,QUINT_Q4,_T,_T,_T,_T,_Z,_Z,_Z,_Z,_Z,1042033.5700000001,A,,,,,,
AFW360_HH,SEN,_T,2021,HE_CAPITAL,_Z,_Z,_T,QUINT_Q5,_T,_T,_T,_T,_Z,_Z,_Z,_Z,_Z,3857154.6299999999,A,,,,,,
AFW360_HH,SEN,_T,2021,HE_CAPITAL,_Z,_Z,_T,_T,_T,_T,_T,_T,_Z,_Z,_Z,_Z,_Z,1010042.65,A,,,,,,
AFW360_HH,SEN,_T,2021,HE_COSTS,_Z,_Z,CAP,_T,_T,_T,_T,_T,_Z,_Z,_Z,_Z,_Z,100619.09,A,,,,,,
AFW360_HH,SEN,_T,2021,HE_COSTS,_Z,_Z,OU,_T,_T,_T,_T,_T,_Z,_Z,_Z,_Z,_Z,62532.76,A,,,,,,
AFW360_HH,SEN,_T,2021,HE_COSTS,_Z,_Z,R,_T,_T,_T,_T,_T,_Z,_Z,_Z,_Z,_Z,42620.16,A,,,,,,
AFW360_HH,SEN,_T,2021,HE_COSTS,_Z,_Z,_T,HHH_AGE_GE35,_T,_T,_T,_T,_Z,_Z,_Z,_Z,_Z,59243.37,A,,,,,,
AFW360_HH,SEN,_T,2021,HE_COSTS,_Z,_Z,_T,HHH_AGE_LT35,_T,_T,_T,_T,_Z,_Z,_Z,_Z,_Z,37971.76,A,,,,,,
AFW360_HH,SEN,_T,2021,HE_COSTS,_Z,_Z,_T,HHH_SEX_F,_T,_T,_T,_T,_Z,_Z,_Z,_Z,_Z,98348.37,A,,,,,,
AFW360_HH,SEN,_T,2021,HE_COSTS,_Z,_Z,_T,HHH_SEX_M,_T,_T,_T,_T,_Z,_Z,_Z,_Z,_Z,44086.53,A,,,,,,
AFW360_HH,SEN,_T,2021,HE_COSTS,_Z,_Z,_T,QUINT_Q1,_T,_T,_T,_T,_Z,_Z,_Z,_Z,_Z,26026.23,A,,,,,,
AFW360_HH,SEN,_T,2021,HE_COSTS,_Z,_Z,_T,QUINT_Q2,_T,_T,_T,_T,_Z,_Z,_Z,_Z,_Z,44312.6,A,,,,,,
AFW360_HH,SEN,_T,2021,HE_COSTS,_Z,_Z,_T,QUINT_Q3,_T,_T,_T,_T,_Z,_Z,_Z,_Z,_Z,86966.61,A,,,,,,
AFW360_HH,SEN,_T,2021,HE_COSTS,_Z,_Z,_T,QUINT_Q4,_T,_T,_T,_T,_Z,_Z,_Z,_Z,_Z,49791.72,A,,,,,,
AFW360_HH,SEN,_T,2021,HE_COSTS,_Z,_Z,_T,QUINT_Q5,_T,_T,_T,_T,_Z,_Z,_Z,_Z,_Z,97752.96,A,,,,,,
AFW360_HH,SEN,_T,2021,HE_COSTS,_Z,_Z,_T,_T,_T,_T,_T,_T,_Z,_Z,_Z,_Z,_Z,58091.62,A,,,,,,
AFW360_HH,SEN,_T,2021,HE_CREDIT_ANY,_Z,_Z,CAP,_T,_T,_T,_T,_T,_Z,_Z,_Z,_Z,_Z,0.14,A,,,,,,
AFW360_HH,SEN,_T,2021,HE_CREDIT_ANY,_Z,_Z,OU,_T,_T,_T,_T,_T,_Z,_Z,_Z,_Z,_Z,0.43,A,,,,,,
AFW360_HH,SEN,_T,2021,HE_CREDIT_ANY,_Z,_Z,R,_T,_T,_T,_T,_T,_Z,_Z,_Z,_Z,_Z,0.37,A,,,,,,
AFW360_HH,SEN,_T,2021,HE_CREDIT_ANY,_Z,_Z,_T,HHH_AGE_GE35,_T,_T,_T,_T,_Z,_Z,_Z,_Z,_Z,0.33,A,,,,,,
AFW360_HH,SEN,_T,2021,HE_CREDIT_ANY,_Z,_Z,_T,HHH_AGE_LT35,_T,_T,_T,_T,_Z,_Z,_Z,_Z,_Z,0.37,A,,,,,,
AFW360_HH,SEN,_T,2021,HE_CREDIT_ANY,_Z,_Z,_T,HHH_SEX_F,_T,_T,_T,_T,_Z,_Z,_Z,_Z,_Z,0.41,A,,,,,,
AFW360_HH,SEN,_T,2021,HE_CREDIT_ANY,_Z,_Z,_T,HHH_SEX_M,_T,_T,_T,_T,_Z,_Z,_Z,_Z,_Z,0.31,A,,,,,,
AFW360_HH,SEN,_T,2021,HE_CREDIT_ANY,_Z,_Z,_T,QUINT_Q1,_T,_T,_T,_T,_Z,_Z,_Z,_Z,_Z,0.44,A,,,,,,
AFW360_HH,SEN,_T,2021,HE_CREDIT_ANY,_Z,_Z,_T,QUINT_Q2,_T,_T,_T,_T,_Z,_Z,_Z,_Z,_Z,0.31,A,,,,,,
AFW360_HH,SEN,_T,2021,HE_CREDIT_ANY,_Z,_Z,_T,QUINT_Q3,_T,_T,_T,_T,_Z,_Z,_Z,_Z,_Z,0.35,A,,,,,,
AFW360_HH,SEN,_T,2021,HE_CREDIT_ANY,_Z,_Z,_T,QUINT_Q4,_T,_T,_T,_T,_Z,_Z,_Z,_Z,_Z,0.18,A,,,,,,
AFW360_HH,SEN,_T,2021,HE_CREDIT_ANY,_Z,_Z,_T,QUINT_Q5,_T,_T,_T,_T,_Z,_Z,_Z,_Z,_Z,0.44,A,,,,,,
AFW360_HH,SEN,_T,2021,HE_CREDIT_ANY,_Z,_Z,_T,_T,_T,_T,_T,_T,_Z,_Z,_Z,_Z,_Z,0.34,A,,,,,,
AFW360_HH,SEN,_T,2021,HE_CREDIT_FORMAL,_Z,_Z,CAP,_T,_T,_T,_T,_T,_Z,_Z,_Z,_Z,_Z,0,A,,,,,,
AFW360_HH,SEN,_T,2021,HE_CREDIT_FORMAL,_Z,_Z,OU,_T,_T,_T,_T,_T,_Z,_Z,_Z,_Z,_Z,0.1,A,,,,,,
AFW360_HH,SEN,_T,2021,HE_CREDIT_FORMAL,_Z,_Z,R,_T,_T,_T,_T,_T,_Z,_Z,_Z,_Z,_Z,0.13,A,,,,,,
AFW360_HH,SEN,_T,2021,HE_CREDIT_FORMAL,_Z,_Z,_T,HHH_AGE_GE35,_T,_T,_T,_T,_Z,_Z,_Z,_Z,_Z,0.1,A,,,,,,
AFW360_HH,SEN,_T,2021,HE_CREDIT_FORMAL,_Z,_Z,_T,HHH_AGE_LT35,_T,_T,_T,_T,_Z,_Z,_Z,_Z,_Z,0.12,A,,,,,,
AFW360_HH,SEN,_T,2021,HE_CREDIT_FORMAL,_Z,_Z,_T,HHH_SEX_F,_T,_T,_T,_T,_Z,_Z,_Z,_Z,_Z,0.11,A,,,,,,
AFW360_HH,SEN,_T,2021,HE_CREDIT_FORMAL,_Z,_Z,_T,HHH_SEX_M,_T,_T,_T,_T,_Z,_Z,_Z,_Z,_Z,0.09,A,,,,,,
AFW360_HH,SEN,_T,2021,HE_CREDIT_FORMAL,_Z,_Z,_T,QUINT_Q1,_T,_T,_T,_T,_Z,_Z,_Z,_Z,_Z,0.16,A,,,,,,
AFW360_HH,SEN,_T,2021,HE_CREDIT_FORMAL,_Z,_Z,_T,QUINT_Q2,_T,_T,_T,_T,_Z,_Z,_Z,_Z,_Z,0.06,A,,,,,,
AFW360_HH,SEN,_T,2021,HE_CREDIT_FORMAL,_Z,_Z,_T,QUINT_Q3,_T,_T,_T,_T,_Z,_Z,_Z,_Z,_Z,0.17,A,,,,,,
AFW360_HH,SEN,_T,2021,HE_CREDIT_FORMAL,_Z,_Z,_T,QUINT_Q4,_T,_T,_T,_T,_Z,_Z,_Z,_Z,_Z,0.06,A,,,,,,
AFW360_HH,SEN,_T,2021,HE_CREDIT_FORMAL,_Z,_Z,_T,QUINT_Q5,_T,_T,_T,_T,_Z,_Z,_Z,_Z,_Z,0.06,A,,,,,,
AFW360_HH,SEN,_T,2021,HE_CREDIT_FORMAL,_Z,_Z,_T,_T,_T,_T,_T,_T,_Z,_Z,_Z,_Z,_Z,0.1,A,,,,,,
AFW360_HH,SEN,_T,2021,HE_CREDIT_INFORMAL,_Z,_Z,CAP,_T,_T,_T,_T,_T,_Z,_Z,_Z,_Z,_Z,0.14,A,,,,,,
AFW360_HH,SEN,_T,2021,HE_CREDIT_INFORMAL,_Z,_Z,OU,_T,_T,_T,_T,_T,_Z,_Z,_Z,_Z,_Z,0.34,A,,,,,,
AFW360_HH,SEN,_T,2021,HE_CREDIT_INFORMAL,_Z,_Z,R,_T,_T,_T,_T,_T,_Z,_Z,_Z,_Z,_Z,0.26,A,,,,,,
AFW360_HH,SEN,_T,2021,HE_CREDIT_INFORMAL,_Z,_Z,_T,HHH_AGE_GE35,_T,_T,_T,_T,_Z,_Z,_Z,_Z,_Z,0.26,A,,,,,,
AFW360_HH,SEN,_T,2021,HE_CREDIT_INFORMAL,_Z,_Z,_T,HHH_AGE_LT35,_T,_T,_T,_T,_Z,_Z,_Z,_Z,_Z,0.25,A,,,,,,
AFW360_HH,SEN,_T,2021,HE_CREDIT_INFORMAL,_Z,_Z,_T,HHH_SEX_F,_T,_T,_T,_T,_Z,_Z,_Z,_Z,_Z,0.32,A,,,,,,
AFW360_HH,SEN,_T,2021,HE_CREDIT_INFORMAL,_Z,_Z,_T,HHH_SEX_M,_T,_T,_T,_T,_Z,_Z,_Z,_Z,_Z,0.23,A,,,,,,
AFW360_HH,SEN,_T,2021,HE_CREDIT_INFORMAL,_Z,_Z,_T,QUINT_Q1,_T,_T,_T,_T,_Z,_Z,_Z,_Z,_Z,0.33,A,,,,,,
AFW360_HH,SEN,_T,2021,HE_CREDIT_INFORMAL,_Z,_Z,_T,QUINT_Q2,_T,_T,_T,_T,_Z,_Z,_Z,_Z,_Z,0.26,A,,,,,,
AFW360_HH,SEN,_T,2021,HE_CREDIT_INFORMAL,_Z,_Z,_T,QUINT_Q3,_T,_T,_T,_T,_Z,_Z,_Z,_Z,_Z,0.2,A,,,,,,
AFW360_HH,SEN,_T,2021,HE_CREDIT_INFORMAL,_Z,_Z,_T,QUINT_Q4,_T,_T,_T,_T,_Z,_Z,_Z,_Z,_Z,0.12,A,,,,,,
AFW360_HH,SEN,_T,2021,HE_CREDIT_INFORMAL,_Z,_Z,_T,QUINT_Q5,_T,_T,_T,_T,_Z,_Z,_Z,_Z,_Z,0.38,A,,,,,,
AFW360_HH,SEN,_T,2021,HE_CREDIT_INFORMAL,_Z,_Z,_T,_T,_T,_T,_T,_T,_Z,_Z,_Z,_Z,_Z,0.25,A,,,,,,
AFW360_HH,SEN,_T,2021,HE_ELEC,_Z,_Z,CAP,_T,_T,_T,_T,_T,_Z,_Z,_Z,_Z,_Z,0.62,A,,,,,,
AFW360_HH,SEN,_T,2021,HE_ELEC,_Z,_Z,OU,_T,_T,_T,_T,_T,_Z,_Z,_Z,_Z,_Z,1,A,,,,,,
AFW360_HH,SEN,_T,2021,HE_ELEC,_Z,_Z,R,_T,_T,_T,_T,_T,_Z,_Z,_Z,_Z,_Z,0.95,A,,,,,,
AFW360_HH,SEN,_T,2021,HE_ELEC,_Z,_Z,_T,HHH_AGE_GE35,_T,_T,_T,_T,_Z,_Z,_Z,_Z,_Z,0.8,A,,,,,,
AFW360_HH,SEN,_T,2021,HE_ELEC,_Z,_Z,_T,HHH_AGE_LT35,_T,_T,_T,_T,_Z,_Z,_Z,_Z,_Z,1,A,,,,,,
AFW360_HH,SEN,_T,2021,HE_ELEC,_Z,_Z,_T,HHH_SEX_F,_T,_T,_T,_T,_Z,_Z,_Z,_Z,_Z,0.98,A,,,,,,
AFW360_HH,SEN,_T,2021,HE_ELEC,_Z,_Z,_T,HHH_SEX_M,_T,_T,_T,_T,_Z,_Z,_Z,_Z,_Z,0.73,A,,,,,,
AFW360_HH,SEN,_T,2021,HE_ELEC,_Z,_Z,_T,QUINT_Q1,_T,_T,_T,_T,_Z,_Z,_Z,_Z,_Z,1,A,,,,,,
AFW360_HH,SEN,_T,2021,HE_ELEC,_Z,_Z,_T,QUINT_Q2,_T,_T,_T,_T,_Z,_Z,_Z,_Z,_Z,0.98,A,,,,,,
AFW360_HH,SEN,_T,2021,HE_ELEC,_Z,_Z,_T,QUINT_Q3,_T,_T,_T,_T,_Z,_Z,_Z,_Z,_Z,1,A,,,,,,
AFW360_HH,SEN,_T,2021,HE_ELEC,_Z,_Z,_T,QUINT_Q4,_T,_T,_T,_T,_Z,_Z,_Z,_Z,_Z,0.62,A,,,,,,
AFW360_HH,SEN,_T,2021,HE_ELEC,_Z,_Z,_T,QUINT_Q5,_T,_T,_T,_T,_Z,_Z,_Z,_Z,_Z,0.91,A,,,,,,
AFW360_HH,SEN,_T,2021,HE_ELEC,_Z,_Z,_T,_T,_T,_T,_T,_T,_Z,_Z,_Z,_Z,_Z,0.8,A,,,,,,
AFW360_HH,SEN,_T,2021,HE_EMP_EXT_ANY,_Z,_Z,CAP,_T,_T,_T,_T,_T,_Z,_Z,_Z,_Z,_Z,0.9,A,,,,,,LEGACY_SUSPECT: Implausible: share 0.96 while mean non-HH employees is 0.54.
AFW360_HH,SEN,_T,2021,HE_EMP_EXT_ANY,_Z,_Z,OU,_T,_T,_T,_T,_T,_Z,_Z,_Z,_Z,_Z,0.98,A,,,,,,LEGACY_SUSPECT: Implausible: share 0.96 while mean non-HH employees is 0.54.
AFW360_HH,SEN,_T,2021,HE_EMP_EXT_ANY,_Z,_Z,R,_T,_T,_T,_T,_T,_Z,_Z,_Z,_Z,_Z,0.97,A,,,,,,LEGACY_SUSPECT: Implausible: share 0.96 while mean non-HH employees is 0.54.
AFW360_HH,SEN,_T,2021,HE_EMP_EXT_ANY,_Z,_Z,_T,HHH_AGE_GE35,_T,_T,_T,_T,_Z,_Z,_Z,_Z,_Z,0.96,A,,,,,,LEGACY_SUSPECT: Implausible: share 0.96 while mean non-HH employees is 0.54.
AFW360_HH,SEN,_T,2021,HE_EMP_EXT_ANY,_Z,_Z,_T,HHH_AGE_LT35,_T,_T,_T,_T,_Z,_Z,_Z,_Z,_Z,0.98,A,,,,,,LEGACY_SUSPECT: Implausible: share 0.96 while mean non-HH employees is 0.54.
AFW360_HH,SEN,_T,2021,HE_EMP_EXT_ANY,_Z,_Z,_T,HHH_SEX_F,_T,_T,_T,_T,_Z,_Z,_Z,_Z,_Z,0.93,A,,,,,,LEGACY_SUSPECT: Implausible: share 0.96 while mean non-HH employees is 0.54.
AFW360_HH,SEN,_T,2021,HE_EMP_EXT_ANY,_Z,_Z,_T,HHH_SEX_M,_T,_T,_T,_T,_Z,_Z,_Z,_Z,_Z,0.97,A,,,,,,LEGACY_SUSPECT: Implausible: share 0.96 while mean non-HH employees is 0.54.
AFW360_HH,SEN,_T,2021,HE_EMP_EXT_ANY,_Z,_Z,_T,QUINT_Q1,_T,_T,_T,_T,_Z,_Z,_Z,_Z,_Z,0.93,A,,,,,,LEGACY_SUSPECT: Implausible: share 0.96 while mean non-HH employees is 0.54.
AFW360_HH,SEN,_T,2021,HE_EMP_EXT_ANY,_Z,_Z,_T,QUINT_Q2,_T,_T,_T,_T,_Z,_Z,_Z,_Z,_Z,0.98,A,,,,,,LEGACY_SUSPECT: Implausible: share 0.96 while mean non-HH employees is 0.54.
AFW360_HH,SEN,_T,2021,HE_EMP_EXT_ANY,_Z,_Z,_T,QUINT_Q3,_T,_T,_T,_T,_Z,_Z,_Z,_Z,_Z,0.97,A,,,,,,LEGACY_SUSPECT: Implausible: share 0.96 while mean non-HH employees is 0.54.
AFW360_HH,SEN,_T,2021,HE_EMP_EXT_ANY,_Z,_Z,_T,QUINT_Q4,_T,_T,_T,_T,_Z,_Z,_Z,_Z,_Z,0.96,A,,,,,,LEGACY_SUSPECT: Implausible: share 0.96 while mean non-HH employees is 0.54.
AFW360_HH,SEN,_T,2021,HE_EMP_EXT_ANY,_Z,_Z,_T,QUINT_Q5,_T,_T,_T,_T,_Z,_Z,_Z,_Z,_Z,0.96,A,,,,,,LEGACY_SUSPECT: Implausible: share 0.96 while mean non-HH employees is 0.54.
AFW360_HH,SEN,_T,2021,HE_EMP_EXT_ANY,_Z,_Z,_T,_T,_T,_T,_T,_T,_Z,_Z,_Z,_Z,_Z,0.96,A,,,,,,LEGACY_SUSPECT: Implausible: share 0.96 while mean non-HH employees is 0.54.
AFW360_HH,SEN,_T,2021,HE_EMP_HH_NUM,_Z,_Z,CAP,_T,_T,_T,_T,_T,_Z,_Z,_Z,_Z,_Z,0.27,A,,,,,,
AFW360_HH,SEN,_T,2021,HE_EMP_HH_NUM,_Z,_Z,OU,_T,_T,_T,_T,_T,_Z,_Z,_Z,_Z,_Z,0.19,A,,,,,,
AFW360_HH,SEN,_T,2021,HE_EMP_HH_NUM,_Z,_Z,R,_T,_T,_T,_T,_T,_Z,_Z,_Z,_Z,_Z,0.15,A,,,,,,
AFW360_HH,SEN,_T,2021,HE_EMP_HH_NUM,_Z,_Z,_T,HHH_AGE_GE35,_T,_T,_T,_T,_Z,_Z,_Z,_Z,_Z,0.19,A,,,,,,
AFW360_HH,SEN,_T,2021,HE_EMP_HH_NUM,_Z,_Z,_T,HHH_AGE_LT35,_T,_T,_T,_T,_Z,_Z,_Z,_Z,_Z,0.05,A,,,,,,
AFW360_HH,SEN,_T,2021,HE_EMP_HH_NUM,_Z,_Z,_T,HHH_SEX_F,_T,_T,_T,_T,_Z,_Z,_Z,_Z,_Z,0.25,A,,,,,,
AFW360_HH,SEN,_T,2021,HE_EMP_HH_NUM,_Z,_Z,_T,HHH_SEX_M,_T,_T,_T,_T,_Z,_Z,_Z,_Z,_Z,0.16,A,,,,,,
AFW360_HH,SEN,_T,2021,HE_EMP_HH_NUM,_Z,_Z,_T,QUINT_Q1,_T,_T,_T,_T,_Z,_Z,_Z,_Z,_Z,0.29,A,,,,,,
AFW360_HH,SEN,_T,2021,HE_EMP_HH_NUM,_Z,_Z,_T,QUINT_Q2,_T,_T,_T,_T,_Z,_Z,_Z,_Z,_Z,0.14,A,,,,,,
AFW360_HH,SEN,_T,2021,HE_EMP_HH_NUM,_Z,_Z,_T,QUINT_Q3,_T,_T,_T,_T,_Z,_Z,_Z,_Z,_Z,0.21,A,,,,,,
AFW360_HH,SEN,_T,2021,HE_EMP_HH_NUM,_Z,_Z,_T,QUINT_Q4,_T,_T,_T,_T,_Z,_Z,_Z,_Z,_Z,0.14,A,,,,,,
AFW360_HH,SEN,_T,2021,HE_EMP_HH_NUM,_Z,_Z,_T,QUINT_Q5,_T,_T,_T,_T,_Z,_Z,_Z,_Z,_Z,0.13,A,,,,,,
AFW360_HH,SEN,_T,2021,HE_EMP_HH_NUM,_Z,_Z,_T,_T,_T,_T,_T,_T,_Z,_Z,_Z,_Z,_Z,0.18,A,,,,,,
AFW360_HH,SEN,_T,2021,HE_EMP_NONHH_NUM,_Z,_Z,CAP,_T,_T,_T,_T,_T,_Z,_Z,_Z,_Z,_Z,1.07,A,,,,,,
AFW360_HH,SEN,_T,2021,HE_EMP_NONHH_NUM,_Z,_Z,OU,_T,_T,_T,_T,_T,_Z,_Z,_Z,_Z,_Z,0.59,A,,,,,,
AFW360_HH,SEN,_T,2021,HE_EMP_NONHH_NUM,_Z,_Z,R,_T,_T,_T,_T,_T,_Z,_Z,_Z,_Z,_Z,0.36,A,,,,,,
AFW360_HH,SEN,_T,2021,HE_EMP_NONHH_NUM,_Z,_Z,_T,HHH_AGE_GE35,_T,_T,_T,_T,_Z,_Z,_Z,_Z,_Z,0.56,A,,,,,,
AFW360_HH,SEN,_T,2021,HE_EMP_NONHH_NUM,_Z,_Z,_T,HHH_AGE_LT35,_T,_T,_T,_T,_Z,_Z,_Z,_Z,_Z,0.39,A,,,,,,
AFW360_HH,SEN,_T,2021,HE_EMP_NONHH_NUM,_Z,_Z,_T,HHH_SEX_F,_T,_T,_T,_T,_Z,_Z,_Z,_Z,_Z,0.98,A,,,,,,
AFW360_HH,SEN,_T,2021,HE_EMP_NONHH_NUM,_Z,_Z,_T,HHH_SEX_M,_T,_T,_T,_T,_Z,_Z,_Z,_Z,_Z,0.4,A,,,,,,
AFW360_HH,SEN,_T,2021,HE_EMP_NONHH_NUM,_Z,_Z,_T,QUINT_Q1,_T,_T,_T,_T,_Z,_Z,_Z,_Z,_Z,0.47,A,,,,,,
AFW360_HH,SEN,_T,2021,HE_EMP_NONHH_NUM,_Z,_Z,_T,QUINT_Q2,_T,_T,_T,_T,_Z,_Z,_Z,_Z,_Z,0.51,A,,,,,,
AFW360_HH,SEN,_T,2021,HE_EMP_NONHH_NUM,_Z,_Z,_T,QUINT_Q3,_T,_T,_T,_T,_Z,_Z,_Z,_Z,_Z,0.45,A,,,,,,
AFW360_HH,SEN,_T,2021,HE_EMP_NONHH_NUM,_Z,_Z,_T,QUINT_Q4,_T,_T,_T,_T,_Z,_Z,_Z,_Z,_Z,0.55,A,,,,,,
AFW360_HH,SEN,_T,2021,HE_EMP_NONHH_NUM,_Z,_Z,_T,QUINT_Q5,_T,_T,_T,_T,_Z,_Z,_Z,_Z,_Z,0.77,A,,,,,,
AFW360_HH,SEN,_T,2021,HE_EMP_NONHH_NUM,_Z,_Z,_T,_T,_T,_T,_T,_T,_Z,_Z,_Z,_Z,_Z,0.54,A,,,,,,
AFW360_HH,SEN,_T,2021,HE_EMP_NUM,_Z,_Z,CAP,_T,_T,_T,_T,_T,_Z,_Z,_Z,_Z,_Z,1.81,A,,,,,,
AFW360_HH,SEN,_T,2021,HE_EMP_NUM,_Z,_Z,OU,_T,_T,_T,_T,_T,_Z,_Z,_Z,_Z,_Z,1.28,A,,,,,,
AFW360_HH,SEN,_T,2021,HE_EMP_NUM,_Z,_Z,R,_T,_T,_T,_T,_T,_Z,_Z,_Z,_Z,_Z,1.08,A,,,,,,
AFW360_HH,SEN,_T,2021,HE_EMP_NUM,_Z,_Z,_T,HHH_AGE_GE35,_T,_T,_T,_T,_Z,_Z,_Z,_Z,_Z,1.31,A,,,,,,
AFW360_HH,SEN,_T,2021,HE_EMP_NUM,_Z,_Z,_T,HHH_AGE_LT35,_T,_T,_T,_T,_Z,_Z,_Z,_Z,_Z,1.41,A,,,,,,
AFW360_HH,SEN,_T,2021,HE_EMP_NUM,_Z,_Z,_T,HHH_SEX_F,_T,_T,_T,_T,_Z,_Z,_Z,_Z,_Z,2.06,A,,,,,,
AFW360_HH,SEN,_T,2021,HE_EMP_NUM,_Z,_Z,_T,HHH_SEX_M,_T,_T,_T,_T,_Z,_Z,_Z,_Z,_Z,1.07,A,,,,,,
AFW360_HH,SEN,_T,2021,HE_EMP_NUM,_Z,_Z,_T,QUINT_Q1,_T,_T,_T,_T,_Z,_Z,_Z,_Z,_Z,1.21,A,,,,,,
AFW360_HH,SEN,_T,2021,HE_EMP_NUM,_Z,_Z,_T,QUINT_Q2,_T,_T,_T,_T,_Z,_Z,_Z,_Z,_Z,0.88,A,,,,,,
AFW360_HH,SEN,_T,2021,HE_EMP_NUM,_Z,_Z,_T,QUINT_Q3,_T,_T,_T,_T,_Z,_Z,_Z,_Z,_Z,1.01,A,,,,,,
AFW360_HH,SEN,_T,2021,HE_EMP_NUM,_Z,_Z,_T,QUINT_Q4,_T,_T,_T,_T,_Z,_Z,_Z,_Z,_Z,1.9,A,,,,,,
AFW360_HH,SEN,_T,2021,HE_EMP_NUM,_Z,_Z,_T,QUINT_Q5,_T,_T,_T,_T,_Z,_Z,_Z,_Z,_Z,1.55,A,,,,,,
AFW360_HH,SEN,_T,2021,HE_EMP_NUM,_Z,_Z,_T,_T,_T,_T,_T,_T,_Z,_Z,_Z,_Z,_Z,1.31,A,,,,,,
AFW360_HH,SEN,_T,2021,HE_HH_OWNER,_Z,_Z,CAP,_T,_T,_T,_T,_T,_Z,_Z,_Z,_Z,_Z,0.7,A,,,,,,
AFW360_HH,SEN,_T,2021,HE_HH_OWNER,_Z,_Z,OU,_T,_T,_T,_T,_T,_Z,_Z,_Z,_Z,_Z,0.75,A,,,,,,
AFW360_HH,SEN,_T,2021,HE_HH_OWNER,_Z,_Z,R,_T,_T,_T,_T,_T,_Z,_Z,_Z,_Z,_Z,0.51,A,,,,,,
AFW360_HH,SEN,_T,2021,HE_HH_OWNER,_Z,_Z,_T,HHH_AGE_GE35,_T,_T,_T,_T,_Z,_Z,_Z,_Z,_Z,0.62,A,,,,,,
AFW360_HH,SEN,_T,2021,HE_HH_OWNER,_Z,_Z,_T,HHH_AGE_LT35,_T,_T,_T,_T,_Z,_Z,_Z,_Z,_Z,0.56,A,,,,,,
AFW360_HH,SEN,_T,2021,HE_HH_OWNER,_Z,_Z,_T,HHH_SEX_F,_T,_T,_T,_T,_Z,_Z,_Z,_Z,_Z,0.68,A,,,,,,
AFW360_HH,SEN,_T,2021,HE_HH_OWNER,_Z,_Z,_T,HHH_SEX_M,_T,_T,_T,_T,_Z,_Z,_Z,_Z,_Z,0.59,A,,,,,,
AFW360_HH,SEN,_T,2021,HE_HH_OWNER,_Z,_Z,_T,QUINT_Q1,_T,_T,_T,_T,_Z,_Z,_Z,_Z,_Z,0.41,A,,,,,,
AFW360_HH,SEN,_T,2021,HE_HH_OWNER,_Z,_Z,_T,QUINT_Q2,_T,_T,_T,_T,_Z,_Z,_Z,_Z,_Z,0.6,A,,,,,,
AFW360_HH,SEN,_T,2021,HE_HH_OWNER,_Z,_Z,_T,QUINT_Q3,_T,_T,_T,_T,_Z,_Z,_Z,_Z,_Z,0.7,A,,,,,,
AFW360_HH,SEN,_T,2021,HE_HH_OWNER,_Z,_Z,_T,QUINT_Q4,_T,_T,_T,_T,_Z,_Z,_Z,_Z,_Z,0.72,A,,,,,,
AFW360_HH,SEN,_T,2021,HE_HH_OWNER,_Z,_Z,_T,QUINT_Q5,_T,_T,_T,_T,_Z,_Z,_Z,_Z,_Z,0.66,A,,,,,,
AFW360_HH,SEN,_T,2021,HE_HH_OWNER,_Z,_Z,_T,_T,_T,_T,_T,_T,_Z,_Z,_Z,_Z,_Z,0.62,A,,,,,,
AFW360_HH,SEN,_T,2021,HE_HOME_BASED,_Z,_Z,CAP,_T,_T,_T,_T,_T,_Z,_Z,_Z,_Z,_Z,0.18,A,,,,,,
AFW360_HH,SEN,_T,2021,HE_HOME_BASED,_Z,_Z,OU,_T,_T,_T,_T,_T,_Z,_Z,_Z,_Z,_Z,0.41,A,,,,,,
AFW360_HH,SEN,_T,2021,HE_HOME_BASED,_Z,_Z,R,_T,_T,_T,_T,_T,_Z,_Z,_Z,_Z,_Z,0.41,A,,,,,,
AFW360_HH,SEN,_T,2021,HE_HOME_BASED,_Z,_Z,_T,HHH_AGE_GE35,_T,_T,_T,_T,_Z,_Z,_Z,_Z,_Z,0.35,A,,,,,,
AFW360_HH,SEN,_T,2021,HE_HOME_BASED,_Z,_Z,_T,HHH_AGE_LT35,_T,_T,_T,_T,_Z,_Z,_Z,_Z,_Z,0.5,A,,,,,,
AFW360_HH,SEN,_T,2021,HE_HOME_BASED,_Z,_Z,_T,HHH_SEX_F,_T,_T,_T,_T,_Z,_Z,_Z,_Z,_Z,0.28,A,,,,,,
AFW360_HH,SEN,_T,2021,HE_HOME_BASED,_Z,_Z,_T,HHH_SEX_M,_T,_T,_T,_T,_Z,_Z,_Z,_Z,_Z,0.39,A,,,,,,
AFW360_HH,SEN,_T,2021,HE_HOME_BASED,_Z,_Z,_T,QUINT_Q1,_T,_T,_T,_T,_Z,_Z,_Z,_Z,_Z,0.34,A,,,,,,
AFW360_HH,SEN,_T,2021,HE_HOME_BASED,_Z,_Z,_T,QUINT_Q2,_T,_T,_T,_T,_Z,_Z,_Z,_Z,_Z,0.37,A,,,,,,
AFW360_HH,SEN,_T,2021,HE_HOME_BASED,_Z,_Z,_T,QUINT_Q3,_T,_T,_T,_T,_Z,_Z,_Z,_Z,_Z,0.52,A,,,,,,
AFW360_HH,SEN,_T,2021,HE_HOME_BASED,_Z,_Z,_T,QUINT_Q4,_T,_T,_T,_T,_Z,_Z,_Z,_Z,_Z,0.32,A,,,,,,
AFW360_HH,SEN,_T,2021,HE_HOME_BASED,_Z,_Z,_T,QUINT_Q5,_T,_T,_T,_T,_Z,_Z,_Z,_Z,_Z,0.33,A,,,,,,
AFW360_HH,SEN,_T,2021,HE_HOME_BASED,_Z,_Z,_T,_T,_T,_T,_T,_T,_Z,_Z,_Z,_Z,_Z,0.36,A,,,,,,
AFW360_HH,SEN,_T,2021,HE_PHONE,_Z,_Z,CAP,_T,_T,_T,_T,_T,_Z,_Z,_Z,_Z,_Z,1,A,,,,,,
AFW360_HH,SEN,_T,2021,HE_PHONE,_Z,_Z,OU,_T,_T,_T,_T,_T,_Z,_Z,_Z,_Z,_Z,1,A,,,,,,
AFW360_HH,SEN,_T,2021,HE_PHONE,_Z,_Z,R,_T,_T,_T,_T,_T,_Z,_Z,_Z,_Z,_Z,0.99,A,,,,,,
AFW360_HH,SEN,_T,2021,HE_PHONE,_Z,_Z,_T,HHH_AGE_GE35,_T,_T,_T,_T,_Z,_Z,_Z,_Z,_Z,1,A,,,,,,
AFW360_HH,SEN,_T,2021,HE_PHONE,_Z,_Z,_T,HHH_AGE_LT35,_T,_T,_T,_T,_Z,_Z,_Z,_Z,_Z,0.97,A,,,,,,
AFW360_HH,SEN,_T,2021,HE_PHONE,_Z,_Z,_T,HHH_SEX_F,_T,_T,_T,_T,_Z,_Z,_Z,_Z,_Z,1,A,,,,,,
AFW360_HH,SEN,_T,2021,HE_PHONE,_Z,_Z,_T,HHH_SEX_M,_T,_T,_T,_T,_Z,_Z,_Z,_Z,_Z,0.99,A,,,,,,
AFW360_HH,SEN,_T,2021,HE_PHONE,_Z,_Z,_T,QUINT_Q1,_T,_T,_T,_T,_Z,_Z,_Z,_Z,_Z,1,A,,,,,,
AFW360_HH,SEN,_T,2021,HE_PHONE,_Z,_Z,_T,QUINT_Q2,_T,_T,_T,_T,_Z,_Z,_Z,_Z,_Z,1,A,,,,,,
AFW360_HH,SEN,_T,2021,HE_PHONE,_Z,_Z,_T,QUINT_Q3,_T,_T,_T,_T,_Z,_Z,_Z,_Z,_Z,0.96,A,,,,,,
AFW360_HH,SEN,_T,2021,HE_PHONE,_Z,_Z,_T,QUINT_Q4,_T,_T,_T,_T,_Z,_Z,_Z,_Z,_Z,1,A,,,,,,
AFW360_HH,SEN,_T,2021,HE_PHONE,_Z,_Z,_T,QUINT_Q5,_T,_T,_T,_T,_Z,_Z,_Z,_Z,_Z,1,A,,,,,,
AFW360_HH,SEN,_T,2021,HE_PHONE,_Z,_Z,_T,_T,_T,_T,_T,_T,_Z,_Z,_Z,_Z,_Z,0.99,A,,,,,,
AFW360_HH,SEN,_T,2021,HE_PREMISES_FORMAL,_Z,_Z,CAP,_T,_T,_T,_T,_T,_Z,_Z,_Z,_Z,_Z,0.62,A,,,,,,
AFW360_HH,SEN,_T,2021,HE_PREMISES_FORMAL,_Z,_Z,OU,_T,_T,_T,_T,_T,_Z,_Z,_Z,_Z,_Z,0.23,A,,,,,,
AFW360_HH,SEN,_T,2021,HE_PREMISES_FORMAL,_Z,_Z,R,_T,_T,_T,_T,_T,_Z,_Z,_Z,_Z,_Z,0.17,A,,,,,,
AFW360_HH,SEN,_T,2021,HE_PREMISES_FORMAL,_Z,_Z,_T,HHH_AGE_GE35,_T,_T,_T,_T,_Z,_Z,_Z,_Z,_Z,0.29,A,,,,,,
AFW360_HH,SEN,_T,2021,HE_PREMISES_FORMAL,_Z,_Z,_T,HHH_AGE_LT35,_T,_T,_T,_T,_Z,_Z,_Z,_Z,_Z,0.04,A,,,,,,
AFW360_HH,SEN,_T,2021,HE_PREMISES_FORMAL,_Z,_Z,_T,HHH_SEX_F,_T,_T,_T,_T,_Z,_Z,_Z,_Z,_Z,0.3,A,,,,,,
AFW360_HH,SEN,_T,2021,HE_PREMISES_FORMAL,_Z,_Z,_T,HHH_SEX_M,_T,_T,_T,_T,_Z,_Z,_Z,_Z,_Z,0.26,A,,,,,,
AFW360_HH,SEN,_T,2021,HE_PREMISES_FORMAL,_Z,_Z,_T,QUINT_Q1,_T,_T,_T,_T,_Z,_Z,_Z,_Z,_Z,0.18,A,,,,,,
AFW360_HH,SEN,_T,2021,HE_PREMISES_FORMAL,_Z,_Z,_T,QUINT_Q2,_T,_T,_T,_T,_Z,_Z,_Z,_Z,_Z,0.12,A,,,,,,
AFW360_HH,SEN,_T,2021,HE_PREMISES_FORMAL,_Z,_Z,_T,QUINT_Q3,_T,_T,_T,_T,_Z,_Z,_Z,_Z,_Z,0.2,A,,,,,,
AFW360_HH,SEN,_T,2021,HE_PREMISES_FORMAL,_Z,_Z,_T,QUINT_Q4,_T,_T,_T,_T,_Z,_Z,_Z,_Z,_Z,0.52,A,,,,,,
AFW360_HH,SEN,_T,2021,HE_PREMISES_FORMAL,_Z,_Z,_T,QUINT_Q5,_T,_T,_T,_T,_Z,_Z,_Z,_Z,_Z,0.27,A,,,,,,
AFW360_HH,SEN,_T,2021,HE_PREMISES_FORMAL,_Z,_Z,_T,_T,_T,_T,_T,_T,_Z,_Z,_Z,_Z,_Z,0.27,A,,,,,,
AFW360_HH,SEN,_T,2021,HE_PROFIT,_Z,_Z,CAP,_T,_T,_T,_T,_T,_Z,_Z,_Z,_Z,_Z,128498.37,A,,,,,,
AFW360_HH,SEN,_T,2021,HE_PROFIT,_Z,_Z,OU,_T,_T,_T,_T,_T,_Z,_Z,_Z,_Z,_Z,56299.24,A,,,,,,
AFW360_HH,SEN,_T,2021,HE_PROFIT,_Z,_Z,R,_T,_T,_T,_T,_T,_Z,_Z,_Z,_Z,_Z,24910.34,A,,,,,,
AFW360_HH,SEN,_T,2021,HE_PROFIT,_Z,_Z,_T,HHH_AGE_GE35,_T,_T,_T,_T,_Z,_Z,_Z,_Z,_Z,52895.72,A,,,,,,
AFW360_HH,SEN,_T,2021,HE_PROFIT,_Z,_Z,_T,HHH_AGE_LT35,_T,_T,_T,_T,_Z,_Z,_Z,_Z,_Z,31990.02,A,,,,,,
AFW360_HH,SEN,_T,2021,HE_PROFIT,_Z,_Z,_T,HHH_SEX_F,_T,_T,_T,_T,_Z,_Z,_Z,_Z,_Z,102115.08,A,,,,,,
AFW360_HH,SEN,_T,2021,HE_PROFIT,_Z,_Z,_T,HHH_SEX_M,_T,_T,_T,_T,_Z,_Z,_Z,_Z,_Z,34246.86,A,,,,,,
AFW360_HH,SEN,_T,2021,HE_PROFIT,_Z,_Z,_T,QUINT_Q1,_T,_T,_T,_T,_Z,_Z,_Z,_Z,_Z,22519.31,A,,,,,,
AFW360_HH,SEN,_T,2021,HE_PROFIT,_Z,_Z,_T,QUINT_Q2,_T,_T,_T,_T,_Z,_Z,_Z,_Z,_Z,40606.2,A,,,,,,
AFW360_HH,SEN,_T,2021,HE_PROFIT,_Z,_Z,_T,QUINT_Q3,_T,_T,_T,_T,_Z,_Z,_Z,_Z,_Z,31842.69,A,,,,,,
AFW360_HH,SEN,_T,2021,HE_PROFIT,_Z,_Z,_T,QUINT_Q4,_T,_T,_T,_T,_Z,_Z,_Z,_Z,_Z,39418.06,A,,,,,,
AFW360_HH,SEN,_T,2021,HE_PROFIT,_Z,_Z,_T,QUINT_Q5,_T,_T,_T,_T,_Z,_Z,_Z,_Z,_Z,131278.53,A,,,,,,
AFW360_HH,SEN,_T,2021,HE_PROFIT,_Z,_Z,_T,_T,_T,_T,_T,_T,_Z,_Z,_Z,_Z,_Z,51763.78,A,,,,,,
AFW360_HH,SEN,_T,2021,HE_RENT,_Z,_Z,CAP,_T,_T,_T,_T,_T,_Z,_Z,_Z,_Z,_Z,0.73,A,,,,,,
AFW360_HH,SEN,_T,2021,HE_RENT,_Z,_Z,OU,_T,_T,_T,_T,_T,_Z,_Z,_Z,_Z,_Z,0.92,A,,,,,,
AFW360_HH,SEN,_T,2021,HE_RENT,_Z,_Z,R,_T,_T,_T,_T,_T,_Z,_Z,_Z,_Z,_Z,0.82,A,,,,,,
AFW360_HH,SEN,_T,2021,HE_RENT,_Z,_Z,_T,HHH_AGE_GE35,_T,_T,_T,_T,_Z,_Z,_Z,_Z,_Z,0.8,A,,,,,,
AFW360_HH,SEN,_T,2021,HE_RENT,_Z,_Z,_T,HHH_AGE_LT35,_T,_T,_T,_T,_Z,_Z,_Z,_Z,_Z,0.66,A,,,,,,
AFW360_HH,SEN,_T,2021,HE_RENT,_Z,_Z,_T,HHH_SEX_F,_T,_T,_T,_T,_Z,_Z,_Z,_Z,_Z,1,A,,,,,,
AFW360_HH,SEN,_T,2021,HE_RENT,_Z,_Z,_T,HHH_SEX_M,_T,_T,_T,_T,_Z,_Z,_Z,_Z,_Z,0.72,A,,,,,,
AFW360_HH,SEN,_T,2021,HE_RENT,_Z,_Z,_T,QUINT_Q1,_T,_T,_T,_T,_Z,_Z,_Z,_Z,_Z,0.87,A,,,,,,
AFW360_HH,SEN,_T,2021,HE_RENT,_Z,_Z,_T,QUINT_Q2,_T,_T,_T,_T,_Z,_Z,_Z,_Z,_Z,0.68,A,,,,,,
AFW360_HH,SEN,_T,2021,HE_RENT,_Z,_Z,_T,QUINT_Q3,_T,_T,_T,_T,_Z,_Z,_Z,_Z,_Z,0.86,A,,,,,,
AFW360_HH,SEN,_T,2021,HE_RENT,_Z,_Z,_T,QUINT_Q4,_T,_T,_T,_T,_Z,_Z,_Z,_Z,_Z,0.74,A,,,,,,
AFW360_HH,SEN,_T,2021,HE_RENT,_Z,_Z,_T,QUINT_Q5,_T,_T,_T,_T,_Z,_Z,_Z,_Z,_Z,0.96,A,,,,,,
AFW360_HH,SEN,_T,2021,HE_RENT,_Z,_Z,_T,_T,_T,_T,_T,_T,_Z,_Z,_Z,_Z,_Z,0.8,A,,,,,,
AFW360_HH,SEN,_T,2021,HE_REV_PER_WORKER,_Z,_Z,CAP,_T,_T,_T,_T,_T,_Z,_Z,_Z,_Z,_Z,313096.07,A,,,,,,
AFW360_HH,SEN,_T,2021,HE_REV_PER_WORKER,_Z,_Z,OU,_T,_T,_T,_T,_T,_Z,_Z,_Z,_Z,_Z,347804.8,A,,,,,,
AFW360_HH,SEN,_T,2021,HE_REV_PER_WORKER,_Z,_Z,R,_T,_T,_T,_T,_T,_Z,_Z,_Z,_Z,_Z,746170.91,A,,,,,,
AFW360_HH,SEN,_T,2021,HE_REV_PER_WORKER,_Z,_Z,_T,HHH_AGE_GE35,_T,_T,_T,_T,_Z,_Z,_Z,_Z,_Z,493854.83,A,,,,,,
AFW360_HH,SEN,_T,2021,HE_REV_PER_WORKER,_Z,_Z,_T,HHH_AGE_LT35,_T,_T,_T,_T,_Z,_Z,_Z,_Z,_Z,2323211.3100000001,A,,,,,,
AFW360_HH,SEN,_T,2021,HE_REV_PER_WORKER,_Z,_Z,_T,HHH_SEX_F,_T,_T,_T,_T,_Z,_Z,_Z,_Z,_Z,445852.25,A,,,,,,
AFW360_HH,SEN,_T,2021,HE_REV_PER_WORKER,_Z,_Z,_T,HHH_SEX_M,_T,_T,_T,_T,_Z,_Z,_Z,_Z,_Z,609458.85,A,,,,,,
AFW360_HH,SEN,_T,2021,HE_REV_PER_WORKER,_Z,_Z,_T,QUINT_Q1,_T,_T,_T,_T,_Z,_Z,_Z,_Z,_Z,127812.85,A,,,,,,
AFW360_HH,SEN,_T,2021,HE_REV_PER_WORKER,_Z,_Z,_T,QUINT_Q2,_T,_T,_T,_T,_Z,_Z,_Z,_Z,_Z,744991.42,A,,,,,,
AFW360_HH,SEN,_T,2021,HE_REV_PER_WORKER,_Z,_Z,_T,QUINT_Q3,_T,_T,_T,_T,_Z,_Z,_Z,_Z,_Z,1043320.66,A,,,,,,
AFW360_HH,SEN,_T,2021,HE_REV_PER_WORKER,_Z,_Z,_T,QUINT_Q4,_T,_T,_T,_T,_Z,_Z,_Z,_Z,_Z,285362.37,A,,,,,,
AFW360_HH,SEN,_T,2021,HE_REV_PER_WORKER,_Z,_Z,_T,QUINT_Q5,_T,_T,_T,_T,_Z,_Z,_Z,_Z,_Z,1022089.35,A,,,,,,
AFW360_HH,SEN,_T,2021,HE_REV_PER_WORKER,_Z,_Z,_T,_T,_T,_T,_T,_T,_Z,_Z,_Z,_Z,_Z,552889.91,A,,,,,,
AFW360_HH,SEN,_T,2021,HE_SELL_FIRMS,_Z,_Z,CAP,_T,_T,_T,_T,_T,_Z,_Z,_Z,_Z,_Z,0,A,,,,,,
AFW360_HH,SEN,_T,2021,HE_SELL_FIRMS,_Z,_Z,OU,_T,_T,_T,_T,_T,_Z,_Z,_Z,_Z,_Z,0.06,A,,,,,,
AFW360_HH,SEN,_T,2021,HE_SELL_FIRMS,_Z,_Z,R,_T,_T,_T,_T,_T,_Z,_Z,_Z,_Z,_Z,0.08,A,,,,,,
AFW360_HH,SEN,_T,2021,HE_SELL_FIRMS,_Z,_Z,_T,HHH_AGE_GE35,_T,_T,_T,_T,_Z,_Z,_Z,_Z,_Z,0.06,A,,,,,,
AFW360_HH,SEN,_T,2021,HE_SELL_FIRMS,_Z,_Z,_T,HHH_AGE_LT35,_T,_T,_T,_T,_Z,_Z,_Z,_Z,_Z,0.03,A,,,,,,
AFW360_HH,SEN,_T,2021,HE_SELL_FIRMS,_Z,_Z,_T,HHH_SEX_F,_T,_T,_T,_T,_Z,_Z,_Z,_Z,_Z,0.09,A,,,,,,
AFW360_HH,SEN,_T,2021,HE_SELL_FIRMS,_Z,_Z,_T,HHH_SEX_M,_T,_T,_T,_T,_Z,_Z,_Z,_Z,_Z,0.05,A,,,,,,
AFW360_HH,SEN,_T,2021,HE_SELL_FIRMS,_Z,_Z,_T,QUINT_Q1,_T,_T,_T,_T,_Z,_Z,_Z,_Z,_Z,0.02,A,,,,,,
AFW360_HH,SEN,_T,2021,HE_SELL_FIRMS,_Z,_Z,_T,QUINT_Q2,_T,_T,_T,_T,_Z,_Z,_Z,_Z,_Z,0.1,A,,,,,,
AFW360_HH,SEN,_T,2021,HE_SELL_FIRMS,_Z,_Z,_T,QUINT_Q3,_T,_T,_T,_T,_Z,_Z,_Z,_Z,_Z,0.1,A,,,,,,
AFW360_HH,SEN,_T,2021,HE_SELL_FIRMS,_Z,_Z,_T,QUINT_Q4,_T,_T,_T,_T,_Z,_Z,_Z,_Z,_Z,0.07,A,,,,,,
AFW360_HH,SEN,_T,2021,HE_SELL_FIRMS,_Z,_Z,_T,QUINT_Q5,_T,_T,_T,_T,_Z,_Z,_Z,_Z,_Z,0.01,A,,,,,,
AFW360_HH,SEN,_T,2021,HE_SELL_FIRMS,_Z,_Z,_T,_T,_T,_T,_T,_T,_Z,_Z,_Z,_Z,_Z,0.06,A,,,,,,
AFW360_HH,SEN,_T,2021,HE_TAX_ID,_Z,_Z,CAP,_T,_T,_T,_T,_T,_Z,_Z,_Z,_Z,_Z,0.02,A,,,,,,
AFW360_HH,SEN,_T,2021,HE_TAX_ID,_Z,_Z,OU,_T,_T,_T,_T,_T,_Z,_Z,_Z,_Z,_Z,0.14,A,,,,,,
AFW360_HH,SEN,_T,2021,HE_TAX_ID,_Z,_Z,R,_T,_T,_T,_T,_T,_Z,_Z,_Z,_Z,_Z,0.08,A,,,,,,
AFW360_HH,SEN,_T,2021,HE_TAX_ID,_Z,_Z,_T,HHH_AGE_GE35,_T,_T,_T,_T,_Z,_Z,_Z,_Z,_Z,0.07,A,,,,,,
AFW360_HH,SEN,_T,2021,HE_TAX_ID,_Z,_Z,_T,HHH_AGE_LT35,_T,_T,_T,_T,_Z,_Z,_Z,_Z,_Z,0.19,A,,,,,,
AFW360_HH,SEN,_T,2021,HE_TAX_ID,_Z,_Z,_T,HHH_SEX_F,_T,_T,_T,_T,_Z,_Z,_Z,_Z,_Z,0.14,A,,,,,,
AFW360_HH,SEN,_T,2021,HE_TAX_ID,_Z,_Z,_T,HHH_SEX_M,_T,_T,_T,_T,_Z,_Z,_Z,_Z,_Z,0.05,A,,,,,,
AFW360_HH,SEN,_T,2021,HE_TAX_ID,_Z,_Z,_T,QUINT_Q1,_T,_T,_T,_T,_Z,_Z,_Z,_Z,_Z,0.08,A,,,,,,
AFW360_HH,SEN,_T,2021,HE_TAX_ID,_Z,_Z,_T,QUINT_Q2,_T,_T,_T,_T,_Z,_Z,_Z,_Z,_Z,0.02,A,,,,,,
AFW360_HH,SEN,_T,2021,HE_TAX_ID,_Z,_Z,_T,QUINT_Q3,_T,_T,_T,_T,_Z,_Z,_Z,_Z,_Z,0.09,A,,,,,,
AFW360_HH,SEN,_T,2021,HE_TAX_ID,_Z,_Z,_T,QUINT_Q4,_T,_T,_T,_T,_Z,_Z,_Z,_Z,_Z,0.09,A,,,,,,
AFW360_HH,SEN,_T,2021,HE_TAX_ID,_Z,_Z,_T,QUINT_Q5,_T,_T,_T,_T,_Z,_Z,_Z,_Z,_Z,0.1,A,,,,,,
AFW360_HH,SEN,_T,2021,HE_TAX_ID,_Z,_Z,_T,_T,_T,_T,_T,_T,_Z,_Z,_Z,_Z,_Z,0.07,A,,,,,,
AFW360_HH,SEN,_T,2021,HE_WATER,_Z,_Z,CAP,_T,_T,_T,_T,_T,_Z,_Z,_Z,_Z,_Z,0.33,A,,,,,,
AFW360_HH,SEN,_T,2021,HE_WATER,_Z,_Z,OU,_T,_T,_T,_T,_T,_Z,_Z,_Z,_Z,_Z,0.41,A,,,,,,
AFW360_HH,SEN,_T,2021,HE_WATER,_Z,_Z,R,_T,_T,_T,_T,_T,_Z,_Z,_Z,_Z,_Z,0.11,A,,,,,,
AFW360_HH,SEN,_T,2021,HE_WATER,_Z,_Z,_T,HHH_AGE_GE35,_T,_T,_T,_T,_Z,_Z,_Z,_Z,_Z,0.26,A,,,,,,
AFW360_HH,SEN,_T,2021,HE_WATER,_Z,_Z,_T,HHH_AGE_LT35,_T,_T,_T,_T,_Z,_Z,_Z,_Z,_Z,0,A,,,,,,
AFW360_HH,SEN,_T,2021,HE_WATER,_Z,_Z,_T,HHH_SEX_F,_T,_T,_T,_T,_Z,_Z,_Z,_Z,_Z,0.41,A,,,,,,
AFW360_HH,SEN,_T,2021,HE_WATER,_Z,_Z,_T,HHH_SEX_M,_T,_T,_T,_T,_Z,_Z,_Z,_Z,_Z,0.2,A,,,,,,
AFW360_HH,SEN,_T,2021,HE_WATER,_Z,_Z,_T,QUINT_Q1,_T,_T,_T,_T,_Z,_Z,_Z,_Z,_Z,0.09,A,,,,,,
AFW360_HH,SEN,_T,2021,HE_WATER,_Z,_Z,_T,QUINT_Q2,_T,_T,_T,_T,_Z,_Z,_Z,_Z,_Z,0.17,A,,,,,,
AFW360_HH,SEN,_T,2021,HE_WATER,_Z,_Z,_T,QUINT_Q3,_T,_T,_T,_T,_Z,_Z,_Z,_Z,_Z,0.29,A,,,,,,
AFW360_HH,SEN,_T,2021,HE_WATER,_Z,_Z,_T,QUINT_Q4,_T,_T,_T,_T,_Z,_Z,_Z,_Z,_Z,0.17,A,,,,,,
AFW360_HH,SEN,_T,2021,HE_WATER,_Z,_Z,_T,QUINT_Q5,_T,_T,_T,_T,_Z,_Z,_Z,_Z,_Z,0.71,A,,,,,,
AFW360_HH,SEN,_T,2021,HE_WATER,_Z,_Z,_T,_T,_T,_T,_T,_T,_Z,_Z,_Z,_Z,_Z,0.26,A,,,,,,
AFW360_HH,SEN,_T,2021,HOUS_FLOOR_DURABLE,_Z,_Z,CAP,_T,_T,_T,_T,_T,_Z,_Z,_Z,_Z,_Z,0.96,A,,,,,,
AFW360_HH,SEN,_T,2021,HOUS_FLOOR_DURABLE,_Z,_Z,OU,_T,_T,_T,_T,_T,_Z,_Z,_Z,_Z,_Z,0.89,A,,,,,,
AFW360_HH,SEN,_T,2021,HOUS_FLOOR_DURABLE,_Z,_Z,R,_T,_T,_T,_T,_T,_Z,_Z,_Z,_Z,_Z,0.7,A,,,,,,
AFW360_HH,SEN,_T,2021,HOUS_FLOOR_DURABLE,_Z,_Z,_T,HHH_AGE_GE35,_T,_T,_T,_T,_Z,_Z,_Z,_Z,_Z,0.81,A,,,,,,
AFW360_HH,SEN,_T,2021,HOUS_FLOOR_DURABLE,_Z,_Z,_T,HHH_AGE_LT35,_T,_T,_T,_T,_Z,_Z,_Z,_Z,_Z,0.77,A,,,,,,
AFW360_HH,SEN,_T,2021,HOUS_FLOOR_DURABLE,_Z,_Z,_T,HHH_SEX_F,_T,_T,_T,_T,_Z,_Z,_Z,_Z,_Z,0.89,A,,,,,,
AFW360_HH,SEN,_T,2021,HOUS_FLOOR_DURABLE,_Z,_Z,_T,HHH_SEX_M,_T,_T,_T,_T,_Z,_Z,_Z,_Z,_Z,0.77,A,,,,,,
AFW360_HH,SEN,_T,2021,HOUS_FLOOR_DURABLE,_Z,_Z,_T,QUINT_Q1,_T,_T,_T,_T,_Z,_Z,_Z,_Z,_Z,0.58,A,,,,,,
AFW360_HH,SEN,_T,2021,HOUS_FLOOR_DURABLE,_Z,_Z,_T,QUINT_Q2,_T,_T,_T,_T,_Z,_Z,_Z,_Z,_Z,0.75,A,,,,,,
AFW360_HH,SEN,_T,2021,HOUS_FLOOR_DURABLE,_Z,_Z,_T,QUINT_Q3,_T,_T,_T,_T,_Z,_Z,_Z,_Z,_Z,0.84,A,,,,,,
AFW360_HH,SEN,_T,2021,HOUS_FLOOR_DURABLE,_Z,_Z,_T,QUINT_Q4,_T,_T,_T,_T,_Z,_Z,_Z,_Z,_Z,0.9,A,,,,,,
AFW360_HH,SEN,_T,2021,HOUS_FLOOR_DURABLE,_Z,_Z,_T,QUINT_Q5,_T,_T,_T,_T,_Z,_Z,_Z,_Z,_Z,0.95,A,,,,,,
AFW360_HH,SEN,_T,2021,HOUS_FLOOR_DURABLE,_Z,_Z,_T,_T,_T,_T,_T,_T,_Z,_Z,_Z,_Z,_Z,0.8,A,,,,,,
AFW360_HH,SEN,_T,2021,HOUS_ROOF_DURABLE,_Z,_Z,CAP,_T,_T,_T,_T,_T,_Z,_Z,_Z,_Z,_Z,0.99,A,,,,,,
AFW360_HH,SEN,_T,2021,HOUS_ROOF_DURABLE,_Z,_Z,OU,_T,_T,_T,_T,_T,_Z,_Z,_Z,_Z,_Z,0.98,A,,,,,,
AFW360_HH,SEN,_T,2021,HOUS_ROOF_DURABLE,_Z,_Z,R,_T,_T,_T,_T,_T,_Z,_Z,_Z,_Z,_Z,0.8,A,,,,,,
AFW360_HH,SEN,_T,2021,HOUS_ROOF_DURABLE,_Z,_Z,_T,HHH_AGE_GE35,_T,_T,_T,_T,_Z,_Z,_Z,_Z,_Z,0.89,A,,,,,,
AFW360_HH,SEN,_T,2021,HOUS_ROOF_DURABLE,_Z,_Z,_T,HHH_AGE_LT35,_T,_T,_T,_T,_Z,_Z,_Z,_Z,_Z,0.85,A,,,,,,
AFW360_HH,SEN,_T,2021,HOUS_ROOF_DURABLE,_Z,_Z,_T,HHH_SEX_F,_T,_T,_T,_T,_Z,_Z,_Z,_Z,_Z,0.97,A,,,,,,
AFW360_HH,SEN,_T,2021,HOUS_ROOF_DURABLE,_Z,_Z,_T,HHH_SEX_M,_T,_T,_T,_T,_Z,_Z,_Z,_Z,_Z,0.86,A,,,,,,
AFW360_HH,SEN,_T,2021,HOUS_ROOF_DURABLE,_Z,_Z,_T,QUINT_Q1,_T,_T,_T,_T,_Z,_Z,_Z,_Z,_Z,0.7,A,,,,,,
AFW360_HH,SEN,_T,2021,HOUS_ROOF_DURABLE,_Z,_Z,_T,QUINT_Q2,_T,_T,_T,_T,_Z,_Z,_Z,_Z,_Z,0.87,A,,,,,,
AFW360_HH,SEN,_T,2021,HOUS_ROOF_DURABLE,_Z,_Z,_T,QUINT_Q3,_T,_T,_T,_T,_Z,_Z,_Z,_Z,_Z,0.93,A,,,,,,
AFW360_HH,SEN,_T,2021,HOUS_ROOF_DURABLE,_Z,_Z,_T,QUINT_Q4,_T,_T,_T,_T,_Z,_Z,_Z,_Z,_Z,0.95,A,,,,,,
AFW360_HH,SEN,_T,2021,HOUS_ROOF_DURABLE,_Z,_Z,_T,QUINT_Q5,_T,_T,_T,_T,_Z,_Z,_Z,_Z,_Z,0.98,A,,,,,,
AFW360_HH,SEN,_T,2021,HOUS_ROOF_DURABLE,_Z,_Z,_T,_T,_T,_T,_T,_T,_Z,_Z,_Z,_Z,_Z,0.89,A,,,,,,
AFW360_HH,SEN,_T,2021,HOUS_SANIT_IMPROVED,_Z,_Z,CAP,_T,_T,_T,_T,_T,_Z,_Z,_Z,_Z,_Z,0.95,A,,,,,,
AFW360_HH,SEN,_T,2021,HOUS_SANIT_IMPROVED,_Z,_Z,OU,_T,_T,_T,_T,_T,_Z,_Z,_Z,_Z,_Z,0.66,A,,,,,,
AFW360_HH,SEN,_T,2021,HOUS_SANIT_IMPROVED,_Z,_Z,R,_T,_T,_T,_T,_T,_Z,_Z,_Z,_Z,_Z,0.46,A,,,,,,
AFW360_HH,SEN,_T,2021,HOUS_SANIT_IMPROVED,_Z,_Z,_T,HHH_AGE_GE35,_T,_T,_T,_T,_Z,_Z,_Z,_Z,_Z,0.63,A,,,,,,
AFW360_HH,SEN,_T,2021,HOUS_SANIT_IMPROVED,_Z,_Z,_T,HHH_AGE_LT35,_T,_T,_T,_T,_Z,_Z,_Z,_Z,_Z,0.56,A,,,,,,
AFW360_HH,SEN,_T,2021,HOUS_SANIT_IMPROVED,_Z,_Z,_T,HHH_SEX_F,_T,_T,_T,_T,_Z,_Z,_Z,_Z,_Z,0.73,A,,,,,,
AFW360_HH,SEN,_T,2021,HOUS_SANIT_IMPROVED,_Z,_Z,_T,HHH_SEX_M,_T,_T,_T,_T,_Z,_Z,_Z,_Z,_Z,0.58,A,,,,,,
AFW360_HH,SEN,_T,2021,HOUS_SANIT_IMPROVED,_Z,_Z,_T,QUINT_Q1,_T,_T,_T,_T,_Z,_Z,_Z,_Z,_Z,0.31,A,,,,,,
AFW360_HH,SEN,_T,2021,HOUS_SANIT_IMPROVED,_Z,_Z,_T,QUINT_Q2,_T,_T,_T,_T,_Z,_Z,_Z,_Z,_Z,0.54,A,,,,,,
AFW360_HH,SEN,_T,2021,HOUS_SANIT_IMPROVED,_Z,_Z,_T,QUINT_Q3,_T,_T,_T,_T,_Z,_Z,_Z,_Z,_Z,0.64,A,,,,,,
AFW360_HH,SEN,_T,2021,HOUS_SANIT_IMPROVED,_Z,_Z,_T,QUINT_Q4,_T,_T,_T,_T,_Z,_Z,_Z,_Z,_Z,0.76,A,,,,,,
AFW360_HH,SEN,_T,2021,HOUS_SANIT_IMPROVED,_Z,_Z,_T,QUINT_Q5,_T,_T,_T,_T,_Z,_Z,_Z,_Z,_Z,0.86,A,,,,,,
AFW360_HH,SEN,_T,2021,HOUS_SANIT_IMPROVED,_Z,_Z,_T,_T,_T,_T,_T,_T,_Z,_Z,_Z,_Z,_Z,0.62,A,,,,,,
AFW360_HH,SEN,_T,2021,HOUS_WALL_DURABLE,_Z,_Z,CAP,_T,_T,_T,_T,_T,_Z,_Z,_Z,_Z,_Z,0.99,A,,,,,,
AFW360_HH,SEN,_T,2021,HOUS_WALL_DURABLE,_Z,_Z,OU,_T,_T,_T,_T,_T,_Z,_Z,_Z,_Z,_Z,0.96,A,,,,,,
AFW360_HH,SEN,_T,2021,HOUS_WALL_DURABLE,_Z,_Z,R,_T,_T,_T,_T,_T,_Z,_Z,_Z,_Z,_Z,0.85,A,,,,,,
AFW360_HH,SEN,_T,2021,HOUS_WALL_DURABLE,_Z,_Z,_T,HHH_AGE_GE35,_T,_T,_T,_T,_Z,_Z,_Z,_Z,_Z,0.91,A,,,,,,
AFW360_HH,SEN,_T,2021,HOUS_WALL_DURABLE,_Z,_Z,_T,HHH_AGE_LT35,_T,_T,_T,_T,_Z,_Z,_Z,_Z,_Z,0.89,A,,,,,,
AFW360_HH,SEN,_T,2021,HOUS_WALL_DURABLE,_Z,_Z,_T,HHH_SEX_F,_T,_T,_T,_T,_Z,_Z,_Z,_Z,_Z,0.96,A,,,,,,
AFW360_HH,SEN,_T,2021,HOUS_WALL_DURABLE,_Z,_Z,_T,HHH_SEX_M,_T,_T,_T,_T,_Z,_Z,_Z,_Z,_Z,0.89,A,,,,,,
AFW360_HH,SEN,_T,2021,HOUS_WALL_DURABLE,_Z,_Z,_T,QUINT_Q1,_T,_T,_T,_T,_Z,_Z,_Z,_Z,_Z,0.8,A,,,,,,
AFW360_HH,SEN,_T,2021,HOUS_WALL_DURABLE,_Z,_Z,_T,QUINT_Q2,_T,_T,_T,_T,_Z,_Z,_Z,_Z,_Z,0.88,A,,,,,,
AFW360_HH,SEN,_T,2021,HOUS_WALL_DURABLE,_Z,_Z,_T,QUINT_Q3,_T,_T,_T,_T,_Z,_Z,_Z,_Z,_Z,0.92,A,,,,,,
AFW360_HH,SEN,_T,2021,HOUS_WALL_DURABLE,_Z,_Z,_T,QUINT_Q4,_T,_T,_T,_T,_Z,_Z,_Z,_Z,_Z,0.96,A,,,,,,
AFW360_HH,SEN,_T,2021,HOUS_WALL_DURABLE,_Z,_Z,_T,QUINT_Q5,_T,_T,_T,_T,_Z,_Z,_Z,_Z,_Z,0.98,A,,,,,,
AFW360_HH,SEN,_T,2021,HOUS_WALL_DURABLE,_Z,_Z,_T,_T,_T,_T,_T,_T,_Z,_Z,_Z,_Z,_Z,0.91,A,,,,,,
AFW360_HH,SEN,_T,2021,HOUS_WATER_SAFE_DRY,_Z,_Z,CAP,_T,_T,_T,_T,_T,_Z,_Z,_Z,_Z,_Z,0.98,A,,,,,,
AFW360_HH,SEN,_T,2021,HOUS_WATER_SAFE_DRY,_Z,_Z,OU,_T,_T,_T,_T,_T,_Z,_Z,_Z,_Z,_Z,0.83,A,,,,,,
AFW360_HH,SEN,_T,2021,HOUS_WATER_SAFE_DRY,_Z,_Z,R,_T,_T,_T,_T,_T,_Z,_Z,_Z,_Z,_Z,0.7,A,,,,,,
AFW360_HH,SEN,_T,2021,HOUS_WATER_SAFE_DRY,_Z,_Z,_T,HHH_AGE_GE35,_T,_T,_T,_T,_Z,_Z,_Z,_Z,_Z,0.8,A,,,,,,
AFW360_HH,SEN,_T,2021,HOUS_WATER_SAFE_DRY,_Z,_Z,_T,HHH_AGE_LT35,_T,_T,_T,_T,_Z,_Z,_Z,_Z,_Z,0.71,A,,,,,,
AFW360_HH,SEN,_T,2021,HOUS_WATER_SAFE_DRY,_Z,_Z,_T,HHH_SEX_F,_T,_T,_T,_T,_Z,_Z,_Z,_Z,_Z,0.84,A,,,,,,
AFW360_HH,SEN,_T,2021,HOUS_WATER_SAFE_DRY,_Z,_Z,_T,HHH_SEX_M,_T,_T,_T,_T,_Z,_Z,_Z,_Z,_Z,0.78,A,,,,,,
AFW360_HH,SEN,_T,2021,HOUS_WATER_SAFE_DRY,_Z,_Z,_T,QUINT_Q1,_T,_T,_T,_T,_Z,_Z,_Z,_Z,_Z,0.68,A,,,,,,
AFW360_HH,SEN,_T,2021,HOUS_WATER_SAFE_DRY,_Z,_Z,_T,QUINT_Q2,_T,_T,_T,_T,_Z,_Z,_Z,_Z,_Z,0.77,A,,,,,,
AFW360_HH,SEN,_T,2021,HOUS_WATER_SAFE_DRY,_Z,_Z,_T,QUINT_Q3,_T,_T,_T,_T,_Z,_Z,_Z,_Z,_Z,0.79,A,,,,,,
AFW360_HH,SEN,_T,2021,HOUS_WATER_SAFE_DRY,_Z,_Z,_T,QUINT_Q4,_T,_T,_T,_T,_Z,_Z,_Z,_Z,_Z,0.86,A,,,,,,
AFW360_HH,SEN,_T,2021,HOUS_WATER_SAFE_DRY,_Z,_Z,_T,QUINT_Q5,_T,_T,_T,_T,_Z,_Z,_Z,_Z,_Z,0.9,A,,,,,,
AFW360_HH,SEN,_T,2021,HOUS_WATER_SAFE_DRY,_Z,_Z,_T,_T,_T,_T,_T,_T,_Z,_Z,_Z,_Z,_Z,0.8,A,,,,,,
AFW360_HH,SEN,_T,2021,POP_HE_SH,_Z,_Z,CAP,HEO_MSTAT_MARRIED,_T,_T,_T,_T,_Z,_Z,_Z,_Z,_Z,0.92,A,,,,,,
AFW360_HH,SEN,_T,2021,POP_HE_SH,_Z,_Z,CAP,HEO_SEX_F,_T,_T,_T,_T,_Z,_Z,_Z,_Z,_Z,0.36,A,,,,,,
AFW360_HH,SEN,_T,2021,POP_HE_SH,_Z,_Z,OU,HEO_MSTAT_MARRIED,_T,_T,_T,_T,_Z,_Z,_Z,_Z,_Z,0.71,A,,,,,,
AFW360_HH,SEN,_T,2021,POP_HE_SH,_Z,_Z,OU,HEO_SEX_F,_T,_T,_T,_T,_Z,_Z,_Z,_Z,_Z,0.69,A,,,,,,
AFW360_HH,SEN,_T,2021,POP_HE_SH,_Z,_Z,R,HEO_MSTAT_MARRIED,_T,_T,_T,_T,_Z,_Z,_Z,_Z,_Z,0.73,A,,,,,,
AFW360_HH,SEN,_T,2021,POP_HE_SH,_Z,_Z,R,HEO_SEX_F,_T,_T,_T,_T,_Z,_Z,_Z,_Z,_Z,0.7,A,,,,,,
AFW360_HH,SEN,_T,2021,POP_HE_SH,_Z,_Z,_T,HEO_MSTAT_MARRIED,_T,_T,_T,_T,_Z,_Z,_Z,_Z,_Z,0.77,A,,,,,,
AFW360_HH,SEN,_T,2021,POP_HE_SH,_Z,_Z,_T,HEO_SEX_F,_T,_T,_T,_T,_Z,_Z,_Z,_Z,_Z,0.63,A,,,,,,
AFW360_HH,SEN,_T,2021,POP_HE_SH,_Z,_Z,_T,HHH_AGE_GE35,HEO_MSTAT_MARRIED,_T,_T,_T,_Z,_Z,_Z,_Z,_Z,0.77,A,,,,,,
AFW360_HH,SEN,_T,2021,POP_HE_SH,_Z,_Z,_T,HHH_AGE_GE35,HEO_SEX_F,_T,_T,_T,_Z,_Z,_Z,_Z,_Z,0.64,A,,,,,,
AFW360_HH,SEN,_T,2021,POP_HE_SH,_Z,_Z,_T,HHH_AGE_LT35,HEO_MSTAT_MARRIED,_T,_T,_T,_Z,_Z,_Z,_Z,_Z,0.71,A,,,,,,
AFW360_HH,SEN,_T,2021,POP_HE_SH,_Z,_Z,_T,HHH_AGE_LT35,HEO_SEX_F,_T,_T,_T,_Z,_Z,_Z,_Z,_Z,0.52,A,,,,,,
AFW360_HH,SEN,_T,2021,POP_HE_SH,_Z,_Z,_T,HHH_SEX_F,HEO_MSTAT_MARRIED,_T,_T,_T,_Z,_Z,_Z,_Z,_Z,0.69,A,,,,,,
AFW360_HH,SEN,_T,2021,POP_HE_SH,_Z,_Z,_T,HHH_SEX_F,HEO_SEX_F,_T,_T,_T,_Z,_Z,_Z,_Z,_Z,0.42,A,,,,,,
AFW360_HH,SEN,_T,2021,POP_HE_SH,_Z,_Z,_T,HHH_SEX_M,HEO_MSTAT_MARRIED,_T,_T,_T,_Z,_Z,_Z,_Z,_Z,0.79,A,,,,,,
AFW360_HH,SEN,_T,2021,POP_HE_SH,_Z,_Z,_T,HHH_SEX_M,HEO_SEX_F,_T,_T,_T,_Z,_Z,_Z,_Z,_Z,0.7,A,,,,,,
AFW360_HH,SEN,_T,2021,POP_HE_SH,_Z,_Z,_T,QUINT_Q1,HEO_MSTAT_MARRIED,_T,_T,_T,_Z,_Z,_Z,_Z,_Z,0.63,A,,,,,,
AFW360_HH,SEN,_T,2021,POP_HE_SH,_Z,_Z,_T,QUINT_Q1,HEO_SEX_F,_T,_T,_T,_Z,_Z,_Z,_Z,_Z,0.65,A,,,,,,
AFW360_HH,SEN,_T,2021,POP_HE_SH,_Z,_Z,_T,QUINT_Q2,HEO_MSTAT_MARRIED,_T,_T,_T,_Z,_Z,_Z,_Z,_Z,0.81,A,,,,,,
AFW360_HH,SEN,_T,2021,POP_HE_SH,_Z,_Z,_T,QUINT_Q2,HEO_SEX_F,_T,_T,_T,_Z,_Z,_Z,_Z,_Z,0.75,A,,,,,,
AFW360_HH,SEN,_T,2021,POP_HE_SH,_Z,_Z,_T,QUINT_Q3,HEO_MSTAT_MARRIED,_T,_T,_T,_Z,_Z,_Z,_Z,_Z,0.78,A,,,,,,
AFW360_HH,SEN,_T,2021,POP_HE_SH,_Z,_Z,_T,QUINT_Q3,HEO_SEX_F,_T,_T,_T,_Z,_Z,_Z,_Z,_Z,0.55,A,,,,,,
AFW360_HH,SEN,_T,2021,POP_HE_SH,_Z,_Z,_T,QUINT_Q4,HEO_MSTAT_MARRIED,_T,_T,_T,_Z,_Z,_Z,_Z,_Z,0.82,A,,,,,,
AFW360_HH,SEN,_T,2021,POP_HE_SH,_Z,_Z,_T,QUINT_Q4,HEO_SEX_F,_T,_T,_T,_Z,_Z,_Z,_Z,_Z,0.63,A,,,,,,
AFW360_HH,SEN,_T,2021,POP_HE_SH,_Z,_Z,_T,QUINT_Q5,HEO_MSTAT_MARRIED,_T,_T,_T,_Z,_Z,_Z,_Z,_Z,0.81,A,,,,,,
AFW360_HH,SEN,_T,2021,POP_HE_SH,_Z,_Z,_T,QUINT_Q5,HEO_SEX_F,_T,_T,_T,_Z,_Z,_Z,_Z,_Z,0.53,A,,,,,,
AFW360_HH,SEN,_T,2021,POP_HH_SH,_Z,_Z,CAP,HE_COUNT_0,_T,_T,_T,_T,_Z,_Z,_Z,_Z,_Z,0.41,A,,,,,,
AFW360_HH,SEN,_T,2021,POP_HH_SH,_Z,_Z,CAP,HE_COUNT_1,_T,_T,_T,_T,_Z,_Z,_Z,_Z,_Z,0.57,A,,,,,,
AFW360_HH,SEN,_T,2021,POP_HH_SH,_Z,_Z,CAP,HE_COUNT_2,_T,_T,_T,_T,_Z,_Z,_Z,_Z,_Z,0,A,,,,,,
AFW360_HH,SEN,_T,2021,POP_HH_SH,_Z,_Z,CAP,HE_COUNT_3,_T,_T,_T,_T,_Z,_Z,_Z,_Z,_Z,0.01,A,,,,,,
AFW360_HH,SEN,_T,2021,POP_HH_SH,_Z,_Z,CAP,HE_COUNT_4P,_T,_T,_T,_T,_Z,_Z,_Z,_Z,_Z,0,A,,,,,,
AFW360_HH,SEN,_T,2021,POP_HH_SH,_Z,_Z,OU,HE_COUNT_0,_T,_T,_T,_T,_Z,_Z,_Z,_Z,_Z,0.41,A,,,,,,
AFW360_HH,SEN,_T,2021,POP_HH_SH,_Z,_Z,OU,HE_COUNT_1,_T,_T,_T,_T,_Z,_Z,_Z,_Z,_Z,0.51,A,,,,,,
AFW360_HH,SEN,_T,2021,POP_HH_SH,_Z,_Z,OU,HE_COUNT_2,_T,_T,_T,_T,_Z,_Z,_Z,_Z,_Z,0.07,A,,,,,,
AFW360_HH,SEN,_T,2021,POP_HH_SH,_Z,_Z,OU,HE_COUNT_3,_T,_T,_T,_T,_Z,_Z,_Z,_Z,_Z,0.01,A,,,,,,
AFW360_HH,SEN,_T,2021,POP_HH_SH,_Z,_Z,OU,HE_COUNT_4P,_T,_T,_T,_T,_Z,_Z,_Z,_Z,_Z,0.01,A,,,,,,
AFW360_HH,SEN,_T,2021,POP_HH_SH,_Z,_Z,R,HE_COUNT_0,_T,_T,_T,_T,_Z,_Z,_Z,_Z,_Z,0.39,A,,,,,,
AFW360_HH,SEN,_T,2021,POP_HH_SH,_Z,_Z,R,HE_COUNT_1,_T,_T,_T,_T,_Z,_Z,_Z,_Z,_Z,0.51,A,,,,,,
AFW360_HH,SEN,_T,2021,POP_HH_SH,_Z,_Z,R,HE_COUNT_2,_T,_T,_T,_T,_Z,_Z,_Z,_Z,_Z,0.07,A,,,,,,
AFW360_HH,SEN,_T,2021,POP_HH_SH,_Z,_Z,R,HE_COUNT_3,_T,_T,_T,_T,_Z,_Z,_Z,_Z,_Z,0.03,A,,,,,,
AFW360_HH,SEN,_T,2021,POP_HH_SH,_Z,_Z,R,HE_COUNT_4P,_T,_T,_T,_T,_Z,_Z,_Z,_Z,_Z,0,A,,,,,,
AFW360_HH,SEN,_T,2021,POP_HH_SH,_Z,_Z,_T,HE_COUNT_0,_T,_T,_T,_T,_Z,_Z,_Z,_Z,_Z,0.4,A,,,,,,
AFW360_HH,SEN,_T,2021,POP_HH_SH,_Z,_Z,_T,HE_COUNT_1,_T,_T,_T,_T,_Z,_Z,_Z,_Z,_Z,0.52,A,,,,,,
AFW360_HH,SEN,_T,2021,POP_HH_SH,_Z,_Z,_T,HE_COUNT_2,_T,_T,_T,_T,_Z,_Z,_Z,_Z,_Z,0.05,A,,,,,,
AFW360_HH,SEN,_T,2021,POP_HH_SH,_Z,_Z,_T,HE_COUNT_3,_T,_T,_T,_T,_Z,_Z,_Z,_Z,_Z,0.03,A,,,,,,
AFW360_HH,SEN,_T,2021,POP_HH_SH,_Z,_Z,_T,HE_COUNT_4P,_T,_T,_T,_T,_Z,_Z,_Z,_Z,_Z,0,A,,,,,,
AFW360_HH,SEN,_T,2021,POP_HH_SH,_Z,_Z,_T,HHH_AGE_GE35,HE_COUNT_0,_T,_T,_T,_Z,_Z,_Z,_Z,_Z,0.41,A,,,,,,
AFW360_HH,SEN,_T,2021,POP_HH_SH,_Z,_Z,_T,HHH_AGE_GE35,HE_COUNT_1,_T,_T,_T,_Z,_Z,_Z,_Z,_Z,0.51,A,,,,,,
AFW360_HH,SEN,_T,2021,POP_HH_SH,_Z,_Z,_T,HHH_AGE_GE35,HE_COUNT_2,_T,_T,_T,_Z,_Z,_Z,_Z,_Z,0.05,A,,,,,,
AFW360_HH,SEN,_T,2021,POP_HH_SH,_Z,_Z,_T,HHH_AGE_GE35,HE_COUNT_3,_T,_T,_T,_Z,_Z,_Z,_Z,_Z,0.03,A,,,,,,
AFW360_HH,SEN,_T,2021,POP_HH_SH,_Z,_Z,_T,HHH_AGE_GE35,HE_COUNT_4P,_T,_T,_T,_Z,_Z,_Z,_Z,_Z,0,A,,,,,,
AFW360_HH,SEN,_T,2021,POP_HH_SH,_Z,_Z,_T,HHH_AGE_LT35,HE_COUNT_0,_T,_T,_T,_Z,_Z,_Z,_Z,_Z,0.17,A,,,,,,
AFW360_HH,SEN,_T,2021,POP_HH_SH,_Z,_Z,_T,HHH_AGE_LT35,HE_COUNT_1,_T,_T,_T,_Z,_Z,_Z,_Z,_Z,0.74,A,,,,,,
AFW360_HH,SEN,_T,2021,POP_HH_SH,_Z,_Z,_T,HHH_AGE_LT35,HE_COUNT_2,_T,_T,_T,_Z,_Z,_Z,_Z,_Z,0.05,A,,,,,,
AFW360_HH,SEN,_T,2021,POP_HH_SH,_Z,_Z,_T,HHH_AGE_LT35,HE_COUNT_3,_T,_T,_T,_Z,_Z,_Z,_Z,_Z,0.02,A,,,,,,
AFW360_HH,SEN,_T,2021,POP_HH_SH,_Z,_Z,_T,HHH_AGE_LT35,HE_COUNT_4P,_T,_T,_T,_Z,_Z,_Z,_Z,_Z,0.03,A,,,,,,
AFW360_HH,SEN,_T,2021,POP_HH_SH,_Z,_Z,_T,HHH_SEX_F,HE_COUNT_0,_T,_T,_T,_Z,_Z,_Z,_Z,_Z,0.41,A,,,,,,
AFW360_HH,SEN,_T,2021,POP_HH_SH,_Z,_Z,_T,HHH_SEX_F,HE_COUNT_1,_T,_T,_T,_Z,_Z,_Z,_Z,_Z,0.55,A,,,,,,
AFW360_HH,SEN,_T,2021,POP_HH_SH,_Z,_Z,_T,HHH_SEX_F,HE_COUNT_2,_T,_T,_T,_Z,_Z,_Z,_Z,_Z,0.02,A,,,,,,
AFW360_HH,SEN,_T,2021,POP_HH_SH,_Z,_Z,_T,HHH_SEX_F,HE_COUNT_3,_T,_T,_T,_Z,_Z,_Z,_Z,_Z,0.02,A,,,,,,
AFW360_HH,SEN,_T,2021,POP_HH_SH,_Z,_Z,_T,HHH_SEX_F,HE_COUNT_4P,_T,_T,_T,_Z,_Z,_Z,_Z,_Z,0,A,,,,,,
AFW360_HH,SEN,_T,2021,POP_HH_SH,_Z,_Z,_T,HHH_SEX_M,HE_COUNT_0,_T,_T,_T,_Z,_Z,_Z,_Z,_Z,0.39,A,,,,,,
AFW360_HH,SEN,_T,2021,POP_HH_SH,_Z,_Z,_T,HHH_SEX_M,HE_COUNT_1,_T,_T,_T,_Z,_Z,_Z,_Z,_Z,0.51,A,,,,,,
AFW360_HH,SEN,_T,2021,POP_HH_SH,_Z,_Z,_T,HHH_SEX_M,HE_COUNT_2,_T,_T,_T,_Z,_Z,_Z,_Z,_Z,0.07,A,,,,,,
AFW360_HH,SEN,_T,2021,POP_HH_SH,_Z,_Z,_T,HHH_SEX_M,HE_COUNT_3,_T,_T,_T,_Z,_Z,_Z,_Z,_Z,0.03,A,,,,,,
AFW360_HH,SEN,_T,2021,POP_HH_SH,_Z,_Z,_T,HHH_SEX_M,HE_COUNT_4P,_T,_T,_T,_Z,_Z,_Z,_Z,_Z,0,A,,,,,,
AFW360_HH,SEN,_T,2021,POP_HH_SH,_Z,_Z,_T,QUINT_Q1,HE_COUNT_0,_T,_T,_T,_Z,_Z,_Z,_Z,_Z,0.37,A,,,,,,
AFW360_HH,SEN,_T,2021,POP_HH_SH,_Z,_Z,_T,QUINT_Q1,HE_COUNT_1,_T,_T,_T,_Z,_Z,_Z,_Z,_Z,0.54,A,,,,,,
AFW360_HH,SEN,_T,2021,POP_HH_SH,_Z,_Z,_T,QUINT_Q1,HE_COUNT_2,_T,_T,_T,_Z,_Z,_Z,_Z,_Z,0.03,A,,,,,,
AFW360_HH,SEN,_T,2021,POP_HH_SH,_Z,_Z,_T,QUINT_Q1,HE_COUNT_3,_T,_T,_T,_Z,_Z,_Z,_Z,_Z,0.05,A,,,,,,
AFW360_HH,SEN,_T,2021,POP_HH_SH,_Z,_Z,_T,QUINT_Q1,HE_COUNT_4P,_T,_T,_T,_Z,_Z,_Z,_Z,_Z,0,A,,,,,,
AFW360_HH,SEN,_T,2021,POP_HH_SH,_Z,_Z,_T,QUINT_Q2,HE_COUNT_0,_T,_T,_T,_Z,_Z,_Z,_Z,_Z,0.34,A,,,,,,
AFW360_HH,SEN,_T,2021,POP_HH_SH,_Z,_Z,_T,QUINT_Q2,HE_COUNT_1,_T,_T,_T,_Z,_Z,_Z,_Z,_Z,0.59,A,,,,,,
AFW360_HH,SEN,_T,2021,POP_HH_SH,_Z,_Z,_T,QUINT_Q2,HE_COUNT_2,_T,_T,_T,_Z,_Z,_Z,_Z,_Z,0.06,A,,,,,,
AFW360_HH,SEN,_T,2021,POP_HH_SH,_Z,_Z,_T,QUINT_Q2,HE_COUNT_3,_T,_T,_T,_Z,_Z,_Z,_Z,_Z,0.01,A,,,,,,
AFW360_HH,SEN,_T,2021,POP_HH_SH,_Z,_Z,_T,QUINT_Q2,HE_COUNT_4P,_T,_T,_T,_Z,_Z,_Z,_Z,_Z,0,A,,,,,,
AFW360_HH,SEN,_T,2021,POP_HH_SH,_Z,_Z,_T,QUINT_Q3,HE_COUNT_0,_T,_T,_T,_Z,_Z,_Z,_Z,_Z,0.44,A,,,,,,
AFW360_HH,SEN,_T,2021,POP_HH_SH,_Z,_Z,_T,QUINT_Q3,HE_COUNT_1,_T,_T,_T,_Z,_Z,_Z,_Z,_Z,0.46,A,,,,,,
AFW360_HH,SEN,_T,2021,POP_HH_SH,_Z,_Z,_T,QUINT_Q3,HE_COUNT_2,_T,_T,_T,_Z,_Z,_Z,_Z,_Z,0.07,A,,,,,,
AFW360_HH,SEN,_T,2021,POP_HH_SH,_Z,_Z,_T,QUINT_Q3,HE_COUNT_3,_T,_T,_T,_Z,_Z,_Z,_Z,_Z,0.02,A,,,,,,
AFW360_HH,SEN,_T,2021,POP_HH_SH,_Z,_Z,_T,QUINT_Q3,HE_COUNT_4P,_T,_T,_T,_Z,_Z,_Z,_Z,_Z,0.01,A,,,,,,
AFW360_HH,SEN,_T,2021,POP_HH_SH,_Z,_Z,_T,QUINT_Q4,HE_COUNT_0,_T,_T,_T,_Z,_Z,_Z,_Z,_Z,0.37,A,,,,,,
AFW360_HH,SEN,_T,2021,POP_HH_SH,_Z,_Z,_T,QUINT_Q4,HE_COUNT_1,_T,_T,_T,_Z,_Z,_Z,_Z,_Z,0.51,A,,,,,,
AFW360_HH,SEN,_T,2021,POP_HH_SH,_Z,_Z,_T,QUINT_Q4,HE_COUNT_2,_T,_T,_T,_Z,_Z,_Z,_Z,_Z,0.09,A,,,,,,
AFW360_HH,SEN,_T,2021,POP_HH_SH,_Z,_Z,_T,QUINT_Q4,HE_COUNT_3,_T,_T,_T,_Z,_Z,_Z,_Z,_Z,0.02,A,,,,,,
AFW360_HH,SEN,_T,2021,POP_HH_SH,_Z,_Z,_T,QUINT_Q4,HE_COUNT_4P,_T,_T,_T,_Z,_Z,_Z,_Z,_Z,0,A,,,,,,
AFW360_HH,SEN,_T,2021,POP_HH_SH,_Z,_Z,_T,QUINT_Q5,HE_COUNT_0,_T,_T,_T,_Z,_Z,_Z,_Z,_Z,0.47,A,,,,,,
AFW360_HH,SEN,_T,2021,POP_HH_SH,_Z,_Z,_T,QUINT_Q5,HE_COUNT_1,_T,_T,_T,_Z,_Z,_Z,_Z,_Z,0.49,A,,,,,,
AFW360_HH,SEN,_T,2021,POP_HH_SH,_Z,_Z,_T,QUINT_Q5,HE_COUNT_2,_T,_T,_T,_Z,_Z,_Z,_Z,_Z,0.02,A,,,,,,
AFW360_HH,SEN,_T,2021,POP_HH_SH,_Z,_Z,_T,QUINT_Q5,HE_COUNT_3,_T,_T,_T,_Z,_Z,_Z,_Z,_Z,0.02,A,,,,,,
AFW360_HH,SEN,_T,2021,POP_HH_SH,_Z,_Z,_T,QUINT_Q5,HE_COUNT_4P,_T,_T,_T,_Z,_Z,_Z,_Z,_Z,0,A,,,,,,
AFW360_HH,SEN,_T,2021,POP_SH,_T,_T,CAP,EMP_FORMAL_N,_T,_T,_T,_T,_Z,_Z,_Z,_Z,_Z,0.48,A,,,,,,
AFW360_HH,SEN,_T,2021,POP_SH,_T,_T,CAP,EMP_ISIC_G,_T,_T,_T,_T,_Z,_Z,_Z,_Z,_Z,0.22,A,,,,,,
AFW360_HH,SEN,_T,2021,POP_SH,_T,_T,CAP,EMP_ISIC_H,_T,_T,_T,_T,_Z,_Z,_Z,_Z,_Z,0.07,A,,,,,,
AFW360_HH,SEN,_T,2021,POP_SH,_T,_T,CAP,EMP_SECTOR_AGR,_T,_T,_T,_T,_Z,_Z,_Z,_Z,_Z,0.03,A,,,,,,
AFW360_HH,SEN,_T,2021,POP_SH,_T,_T,CAP,EMP_SECTOR_IND,_T,_T,_T,_T,_Z,_Z,_Z,_Z,_Z,0.32,A,,,,,,
AFW360_HH,SEN,_T,2021,POP_SH,_T,_T,CAP,EMP_SECTOR_SER,_T,_T,_T,_T,_Z,_Z,_Z,_Z,_Z,0.65,A,,,,,,
AFW360_HH,SEN,_T,2021,POP_SH,_T,_T,CAP,EMP_STATUS_EMPLOYED,_T,_T,_T,_T,_Z,_Z,_Z,_Z,_Z,0.56,A,,,,,,
AFW360_HH,SEN,_T,2021,POP_SH,_T,_T,CAP,EMP_TYPE_NONWAGE,_T,_T,_T,_T,_Z,_Z,_Z,_Z,_Z,0.5,A,,,,,,
AFW360_HH,SEN,_T,2021,POP_SH,_T,_T,CAP,EMP_TYPE_WAGE,_T,_T,_T,_T,_Z,_Z,_Z,_Z,_Z,0.5,A,,,,,,
AFW360_HH,SEN,_T,2021,POP_SH,_T,_T,OU,EMP_FORMAL_N,_T,_T,_T,_T,_Z,_Z,_Z,_Z,_Z,0.63,A,,,,,,
AFW360_HH,SEN,_T,2021,POP_SH,_T,_T,OU,EMP_ISIC_G,_T,_T,_T,_T,_Z,_Z,_Z,_Z,_Z,0.23,A,,,,,,
AFW360_HH,SEN,_T,2021,POP_SH,_T,_T,OU,EMP_ISIC_H,_T,_T,_T,_T,_Z,_Z,_Z,_Z,_Z,0.08,A,,,,,,
AFW360_HH,SEN,_T,2021,POP_SH,_T,_T,OU,EMP_SECTOR_AGR,_T,_T,_T,_T,_Z,_Z,_Z,_Z,_Z,0.15,A,,,,,,
AFW360_HH,SEN,_T,2021,POP_SH,_T,_T,OU,EMP_SECTOR_IND,_T,_T,_T,_T,_Z,_Z,_Z,_Z,_Z,0.31,A,,,,,,
AFW360_HH,SEN,_T,2021,POP_SH,_T,_T,OU,EMP_SECTOR_SER,_T,_T,_T,_T,_Z,_Z,_Z,_Z,_Z,0.54,A,,,,,,
AFW360_HH,SEN,_T,2021,POP_SH,_T,_T,OU,EMP_STATUS_EMPLOYED,_T,_T,_T,_T,_Z,_Z,_Z,_Z,_Z,0.52,A,,,,,,
AFW360_HH,SEN,_T,2021,POP_SH,_T,_T,OU,EMP_TYPE_NONWAGE,_T,_T,_T,_T,_Z,_Z,_Z,_Z,_Z,0.64,A,,,,,,
AFW360_HH,SEN,_T,2021,POP_SH,_T,_T,OU,EMP_TYPE_WAGE,_T,_T,_T,_T,_Z,_Z,_Z,_Z,_Z,0.36,A,,,,,,
AFW360_HH,SEN,_T,2021,POP_SH,_T,_T,R,EMP_FORMAL_N,_T,_T,_T,_T,_Z,_Z,_Z,_Z,_Z,0.83,A,,,,,,
AFW360_HH,SEN,_T,2021,POP_SH,_T,_T,R,EMP_ISIC_G,_T,_T,_T,_T,_Z,_Z,_Z,_Z,_Z,0.15,A,,,,,,
AFW360_HH,SEN,_T,2021,POP_SH,_T,_T,R,EMP_ISIC_H,_T,_T,_T,_T,_Z,_Z,_Z,_Z,_Z,0.04,A,,,,,,
AFW360_HH,SEN,_T,2021,POP_SH,_T,_T,R,EMP_SECTOR_AGR,_T,_T,_T,_T,_Z,_Z,_Z,_Z,_Z,0.53,A,,,,,,
AFW360_HH,SEN,_T,2021,POP_SH,_T,_T,R,EMP_SECTOR_IND,_T,_T,_T,_T,_Z,_Z,_Z,_Z,_Z,0.18,A,,,,,,
AFW360_HH,SEN,_T,2021,POP_SH,_T,_T,R,EMP_SECTOR_SER,_T,_T,_T,_T,_Z,_Z,_Z,_Z,_Z,0.29,A,,,,,,
AFW360_HH,SEN,_T,2021,POP_SH,_T,_T,R,EMP_STATUS_EMPLOYED,_T,_T,_T,_T,_Z,_Z,_Z,_Z,_Z,0.61,A,,,,,,
AFW360_HH,SEN,_T,2021,POP_SH,_T,_T,R,EMP_TYPE_NONWAGE,_T,_T,_T,_T,_Z,_Z,_Z,_Z,_Z,0.83,A,,,,,,
AFW360_HH,SEN,_T,2021,POP_SH,_T,_T,R,EMP_TYPE_WAGE,_T,_T,_T,_T,_Z,_Z,_Z,_Z,_Z,0.17,A,,,,,,
AFW360_HH,SEN,_T,2021,POP_SH,_T,_T,_T,EMP_FORMAL_N,_T,_T,_T,_T,_Z,_Z,_Z,_Z,_Z,0.7,A,,,,,,
AFW360_HH,SEN,_T,2021,POP_SH,_T,_T,_T,EMP_ISIC_G,_T,_T,_T,_T,_Z,_Z,_Z,_Z,_Z,0.19,A,,,,,,
AFW360_HH,SEN,_T,2021,POP_SH,_T,_T,_T,EMP_ISIC_H,_T,_T,_T,_T,_Z,_Z,_Z,_Z,_Z,0.06,A,,,,,,
AFW360_HH,SEN,_T,2021,POP_SH,_T,_T,_T,EMP_SECTOR_AGR,_T,_T,_T,_T,_Z,_Z,_Z,_Z,_Z,0.3,A,,,,,,
AFW360_HH,SEN,_T,2021,POP_SH,_T,_T,_T,EMP_SECTOR_IND,_T,_T,_T,_T,_Z,_Z,_Z,_Z,_Z,0.25,A,,,,,,
AFW360_HH,SEN,_T,2021,POP_SH,_T,_T,_T,EMP_SECTOR_SER,_T,_T,_T,_T,_Z,_Z,_Z,_Z,_Z,0.45,A,,,,,,
AFW360_HH,SEN,_T,2021,POP_SH,_T,_T,_T,EMP_STATUS_EMPLOYED,_T,_T,_T,_T,_Z,_Z,_Z,_Z,_Z,0.57,A,,,,,,
AFW360_HH,SEN,_T,2021,POP_SH,_T,_T,_T,EMP_TYPE_NONWAGE,_T,_T,_T,_T,_Z,_Z,_Z,_Z,_Z,0.7,A,,,,,,
AFW360_HH,SEN,_T,2021,POP_SH,_T,_T,_T,EMP_TYPE_WAGE,_T,_T,_T,_T,_Z,_Z,_Z,_Z,_Z,0.3,A,,,,,,
AFW360_HH,SEN,_T,2021,POP_SH,_T,_T,_T,HHH_AGE_GE35,EMP_FORMAL_N,_T,_T,_T,_Z,_Z,_Z,_Z,_Z,0.7,A,,,,,,
AFW360_HH,SEN,_T,2021,POP_SH,_T,_T,_T,HHH_AGE_GE35,EMP_ISIC_G,_T,_T,_T,_Z,_Z,_Z,_Z,_Z,0.18,A,,,,,,
AFW360_HH,SEN,_T,2021,POP_SH,_T,_T,_T,HHH_AGE_GE35,EMP_ISIC_H,_T,_T,_T,_Z,_Z,_Z,_Z,_Z,0.06,A,,,,,,
AFW360_HH,SEN,_T,2021,POP_SH,_T,_T,_T,HHH_AGE_GE35,EMP_SECTOR_AGR,_T,_T,_T,_Z,_Z,_Z,_Z,_Z,0.26,A,,,,,,
AFW360_HH,SEN,_T,2021,POP_SH,_T,_T,_T,HHH_AGE_GE35,EMP_SECTOR_IND,_T,_T,_T,_Z,_Z,_Z,_Z,_Z,0.23,A,,,,,,
AFW360_HH,SEN,_T,2021,POP_SH,_T,_T,_T,HHH_AGE_GE35,EMP_SECTOR_SER,_T,_T,_T,_Z,_Z,_Z,_Z,_Z,0.51,A,,,,,,
AFW360_HH,SEN,_T,2021,POP_SH,_T,_T,_T,HHH_AGE_GE35,EMP_STATUS_EMPLOYED,_T,_T,_T,_Z,_Z,_Z,_Z,_Z,0.75,A,,,,,,
AFW360_HH,SEN,_T,2021,POP_SH,_T,_T,_T,HHH_AGE_GE35,EMP_TYPE_NONWAGE,_T,_T,_T,_Z,_Z,_Z,_Z,_Z,0.72,A,,,,,,
AFW360_HH,SEN,_T,2021,POP_SH,_T,_T,_T,HHH_AGE_GE35,EMP_TYPE_WAGE,_T,_T,_T,_Z,_Z,_Z,_Z,_Z,0.28,A,,,,,,
AFW360_HH,SEN,_T,2021,POP_SH,_T,_T,_T,HHH_AGE_LT35,EMP_FORMAL_N,_T,_T,_T,_Z,_Z,_Z,_Z,_Z,0.76,A,,,,,,
AFW360_HH,SEN,_T,2021,POP_SH,_T,_T,_T,HHH_AGE_LT35,EMP_ISIC_G,_T,_T,_T,_Z,_Z,_Z,_Z,_Z,0.22,A,,,,,,
AFW360_HH,SEN,_T,2021,POP_SH,_T,_T,_T,HHH_AGE_LT35,EMP_ISIC_H,_T,_T,_T,_Z,_Z,_Z,_Z,_Z,0.05,A,,,,,,
AFW360_HH,SEN,_T,2021,POP_SH,_T,_T,_T,HHH_AGE_LT35,EMP_SECTOR_AGR,_T,_T,_T,_Z,_Z,_Z,_Z,_Z,0.34,A,,,,,,
AFW360_HH,SEN,_T,2021,POP_SH,_T,_T,_T,HHH_AGE_LT35,EMP_SECTOR_IND,_T,_T,_T,_Z,_Z,_Z,_Z,_Z,0.28,A,,,,,,
AFW360_HH,SEN,_T,2021,POP_SH,_T,_T,_T,HHH_AGE_LT35,EMP_SECTOR_SER,_T,_T,_T,_Z,_Z,_Z,_Z,_Z,0.39,A,,,,,,
AFW360_HH,SEN,_T,2021,POP_SH,_T,_T,_T,HHH_AGE_LT35,EMP_STATUS_EMPLOYED,_T,_T,_T,_Z,_Z,_Z,_Z,_Z,0.46,A,,,,,,
AFW360_HH,SEN,_T,2021,POP_SH,_T,_T,_T,HHH_AGE_LT35,EMP_TYPE_NONWAGE,_T,_T,_T,_Z,_Z,_Z,_Z,_Z,0.67,A,,,,,,
AFW360_HH,SEN,_T,2021,POP_SH,_T,_T,_T,HHH_AGE_LT35,EMP_TYPE_WAGE,_T,_T,_T,_Z,_Z,_Z,_Z,_Z,0.33,A,,,,,,
AFW360_HH,SEN,_T,2021,POP_SH,_T,_T,_T,HHH_SEX_F,EMP_FORMAL_N,_T,_T,_T,_Z,_Z,_Z,_Z,_Z,0.65,A,,,,,,
AFW360_HH,SEN,_T,2021,POP_SH,_T,_T,_T,HHH_SEX_F,EMP_ISIC_G,_T,_T,_T,_Z,_Z,_Z,_Z,_Z,0.24,A,,,,,,
AFW360_HH,SEN,_T,2021,POP_SH,_T,_T,_T,HHH_SEX_F,EMP_ISIC_H,_T,_T,_T,_Z,_Z,_Z,_Z,_Z,0.06,A,,,,,,
AFW360_HH,SEN,_T,2021,POP_SH,_T,_T,_T,HHH_SEX_F,EMP_SECTOR_AGR,_T,_T,_T,_Z,_Z,_Z,_Z,_Z,0.26,A,,,,,,
AFW360_HH,SEN,_T,2021,POP_SH,_T,_T,_T,HHH_SEX_F,EMP_SECTOR_IND,_T,_T,_T,_Z,_Z,_Z,_Z,_Z,0.18,A,,,,,,
AFW360_HH,SEN,_T,2021,POP_SH,_T,_T,_T,HHH_SEX_F,EMP_SECTOR_SER,_T,_T,_T,_Z,_Z,_Z,_Z,_Z,0.57,A,,,,,,
AFW360_HH,SEN,_T,2021,POP_SH,_T,_T,_T,HHH_SEX_F,EMP_STATUS_EMPLOYED,_T,_T,_T,_Z,_Z,_Z,_Z,_Z,0.45,A,,,,,,
AFW360_HH,SEN,_T,2021,POP_SH,_T,_T,_T,HHH_SEX_F,EMP_TYPE_NONWAGE,_T,_T,_T,_Z,_Z,_Z,_Z,_Z,0.78,A,,,,,,
AFW360_HH,SEN,_T,2021,POP_SH,_T,_T,_T,HHH_SEX_F,EMP_TYPE_WAGE,_T,_T,_T,_Z,_Z,_Z,_Z,_Z,0.22,A,,,,,,
AFW360_HH,SEN,_T,2021,POP_SH,_T,_T,_T,HHH_SEX_M,EMP_FORMAL_N,_T,_T,_T,_Z,_Z,_Z,_Z,_Z,0.72,A,,,,,,
AFW360_HH,SEN,_T,2021,POP_SH,_T,_T,_T,HHH_SEX_M,EMP_ISIC_G,_T,_T,_T,_Z,_Z,_Z,_Z,_Z,0.17,A,,,,,,
AFW360_HH,SEN,_T,2021,POP_SH,_T,_T,_T,HHH_SEX_M,EMP_ISIC_H,_T,_T,_T,_Z,_Z,_Z,_Z,_Z,0.05,A,,,,,,
AFW360_HH,SEN,_T,2021,POP_SH,_T,_T,_T,HHH_SEX_M,EMP_SECTOR_AGR,_T,_T,_T,_Z,_Z,_Z,_Z,_Z,0.33,A,,,,,,
AFW360_HH,SEN,_T,2021,POP_SH,_T,_T,_T,HHH_SEX_M,EMP_SECTOR_IND,_T,_T,_T,_Z,_Z,_Z,_Z,_Z,0.31,A,,,,,,
AFW360_HH,SEN,_T,2021,POP_SH,_T,_T,_T,HHH_SEX_M,EMP_SECTOR_SER,_T,_T,_T,_Z,_Z,_Z,_Z,_Z,0.36,A,,,,,,
AFW360_HH,SEN,_T,2021,POP_SH,_T,_T,_T,HHH_SEX_M,EMP_STATUS_EMPLOYED,_T,_T,_T,_Z,_Z,_Z,_Z,_Z,0.74,A,,,,,,
AFW360_HH,SEN,_T,2021,POP_SH,_T,_T,_T,HHH_SEX_M,EMP_TYPE_NONWAGE,_T,_T,_T,_Z,_Z,_Z,_Z,_Z,0.63,A,,,,,,
AFW360_HH,SEN,_T,2021,POP_SH,_T,_T,_T,HHH_SEX_M,EMP_TYPE_WAGE,_T,_T,_T,_Z,_Z,_Z,_Z,_Z,0.37,A,,,,,,
AFW360_HH,SEN,_T,2021,POP_SH,_T,_T,_T,QUINT_Q1,EMP_FORMAL_N,_T,_T,_T,_Z,_Z,_Z,_Z,_Z,0.83,A,,,,,,
AFW360_HH,SEN,_T,2021,POP_SH,_T,_T,_T,QUINT_Q1,EMP_ISIC_G,_T,_T,_T,_Z,_Z,_Z,_Z,_Z,0.1,A,,,,,,
AFW360_HH,SEN,_T,2021,POP_SH,_T,_T,_T,QUINT_Q1,EMP_ISIC_H,_T,_T,_T,_Z,_Z,_Z,_Z,_Z,0.04,A,,,,,,
AFW360_HH,SEN,_T,2021,POP_SH,_T,_T,_T,QUINT_Q1,EMP_SECTOR_AGR,_T,_T,_T,_Z,_Z,_Z,_Z,_Z,0.64,A,,,,,,
AFW360_HH,SEN,_T,2021,POP_SH,_T,_T,_T,QUINT_Q1,EMP_SECTOR_IND,_T,_T,_T,_Z,_Z,_Z,_Z,_Z,0.15,A,,,,,,
AFW360_HH,SEN,_T,2021,POP_SH,_T,_T,_T,QUINT_Q1,EMP_SECTOR_SER,_T,_T,_T,_Z,_Z,_Z,_Z,_Z,0.21,A,,,,,,
AFW360_HH,SEN,_T,2021,POP_SH,_T,_T,_T,QUINT_Q1,EMP_STATUS_EMPLOYED,_T,_T,_T,_Z,_Z,_Z,_Z,_Z,0.59,A,,,,,,
AFW360_HH,SEN,_T,2021,POP_SH,_T,_T,_T,QUINT_Q1,EMP_TYPE_NONWAGE,_T,_T,_T,_Z,_Z,_Z,_Z,_Z,0.84,A,,,,,,
AFW360_HH,SEN,_T,2021,POP_SH,_T,_T,_T,QUINT_Q1,EMP_TYPE_WAGE,_T,_T,_T,_Z,_Z,_Z,_Z,_Z,0.16,A,,,,,,
AFW360_HH,SEN,_T,2021,POP_SH,_T,_T,_T,QUINT_Q2,EMP_FORMAL_N,_T,_T,_T,_Z,_Z,_Z,_Z,_Z,0.76,A,,,,,,
AFW360_HH,SEN,_T,2021,POP_SH,_T,_T,_T,QUINT_Q2,EMP_ISIC_G,_T,_T,_T,_Z,_Z,_Z,_Z,_Z,0.16,A,,,,,,
AFW360_HH,SEN,_T,2021,POP_SH,_T,_T,_T,QUINT_Q2,EMP_ISIC_H,_T,_T,_T,_Z,_Z,_Z,_Z,_Z,0.05,A,,,,,,
AFW360_HH,SEN,_T,2021,POP_SH,_T,_T,_T,QUINT_Q2,EMP_SECTOR_AGR,_T,_T,_T,_Z,_Z,_Z,_Z,_Z,0.43,A,,,,,,
AFW360_HH,SEN,_T,2021,POP_SH,_T,_T,_T,QUINT_Q2,EMP_SECTOR_IND,_T,_T,_T,_Z,_Z,_Z,_Z,_Z,0.23,A,,,,,,
AFW360_HH,SEN,_T,2021,POP_SH,_T,_T,_T,QUINT_Q2,EMP_SECTOR_SER,_T,_T,_T,_Z,_Z,_Z,_Z,_Z,0.34,A,,,,,,
AFW360_HH,SEN,_T,2021,POP_SH,_T,_T,_T,QUINT_Q2,EMP_STATUS_EMPLOYED,_T,_T,_T,_Z,_Z,_Z,_Z,_Z,0.58,A,,,,,,
AFW360_HH,SEN,_T,2021,POP_SH,_T,_T,_T,QUINT_Q2,EMP_TYPE_NONWAGE,_T,_T,_T,_Z,_Z,_Z,_Z,_Z,0.77,A,,,,,,
AFW360_HH,SEN,_T,2021,POP_SH,_T,_T,_T,QUINT_Q2,EMP_TYPE_WAGE,_T,_T,_T,_Z,_Z,_Z,_Z,_Z,0.23,A,,,,,,
AFW360_HH,SEN,_T,2021,POP_SH,_T,_T,_T,QUINT_Q3,EMP_FORMAL_N,_T,_T,_T,_Z,_Z,_Z,_Z,_Z,0.72,A,,,,,,
AFW360_HH,SEN,_T,2021,POP_SH,_T,_T,_T,QUINT_Q3,EMP_ISIC_G,_T,_T,_T,_Z,_Z,_Z,_Z,_Z,0.2,A,,,,,,
AFW360_HH,SEN,_T,2021,POP_SH,_T,_T,_T,QUINT_Q3,EMP_ISIC_H,_T,_T,_T,_Z,_Z,_Z,_Z,_Z,0.06,A,,,,,,
AFW360_HH,SEN,_T,2021,POP_SH,_T,_T,_T,QUINT_Q3,EMP_SECTOR_AGR,_T,_T,_T,_Z,_Z,_Z,_Z,_Z,0.28,A,,,,,,
AFW360_HH,SEN,_T,2021,POP_SH,_T,_T,_T,QUINT_Q3,EMP_SECTOR_IND,_T,_T,_T,_Z,_Z,_Z,_Z,_Z,0.29,A,,,,,,
AFW360_HH,SEN,_T,2021,POP_SH,_T,_T,_T,QUINT_Q3,EMP_SECTOR_SER,_T,_T,_T,_Z,_Z,_Z,_Z,_Z,0.42,A,,,,,,
AFW360_HH,SEN,_T,2021,POP_SH,_T,_T,_T,QUINT_Q3,EMP_STATUS_EMPLOYED,_T,_T,_T,_Z,_Z,_Z,_Z,_Z,0.57,A,,,,,,
AFW360_HH,SEN,_T,2021,POP_SH,_T,_T,_T,QUINT_Q3,EMP_TYPE_NONWAGE,_T,_T,_T,_Z,_Z,_Z,_Z,_Z,0.73,A,,,,,,
AFW360_HH,SEN,_T,2021,POP_SH,_T,_T,_T,QUINT_Q3,EMP_TYPE_WAGE,_T,_T,_T,_Z,_Z,_Z,_Z,_Z,0.27,A,,,,,,
AFW360_HH,SEN,_T,2021,POP_SH,_T,_T,_T,QUINT_Q4,EMP_FORMAL_N,_T,_T,_T,_Z,_Z,_Z,_Z,_Z,0.65,A,,,,,,
AFW360_HH,SEN,_T,2021,POP_SH,_T,_T,_T,QUINT_Q4,EMP_ISIC_G,_T,_T,_T,_Z,_Z,_Z,_Z,_Z,0.22,A,,,,,,
AFW360_HH,SEN,_T,2021,POP_SH,_T,_T,_T,QUINT_Q4,EMP_ISIC_H,_T,_T,_T,_Z,_Z,_Z,_Z,_Z,0.06,A,,,,,,
AFW360_HH,SEN,_T,2021,POP_SH,_T,_T,_T,QUINT_Q4,EMP_SECTOR_AGR,_T,_T,_T,_Z,_Z,_Z,_Z,_Z,0.19,A,,,,,,
AFW360_HH,SEN,_T,2021,POP_SH,_T,_T,_T,QUINT_Q4,EMP_SECTOR_IND,_T,_T,_T,_Z,_Z,_Z,_Z,_Z,0.3,A,,,,,,
AFW360_HH,SEN,_T,2021,POP_SH,_T,_T,_T,QUINT_Q4,EMP_SECTOR_SER,_T,_T,_T,_Z,_Z,_Z,_Z,_Z,0.52,A,,,,,,
AFW360_HH,SEN,_T,2021,POP_SH,_T,_T,_T,QUINT_Q4,EMP_STATUS_EMPLOYED,_T,_T,_T,_Z,_Z,_Z,_Z,_Z,0.55,A,,,,,,
AFW360_HH,SEN,_T,2021,POP_SH,_T,_T,_T,QUINT_Q4,EMP_TYPE_NONWAGE,_T,_T,_T,_Z,_Z,_Z,_Z,_Z,0.66,A,,,,,,
AFW360_HH,SEN,_T,2021,POP_SH,_T,_T,_T,QUINT_Q4,EMP_TYPE_WAGE,_T,_T,_T,_Z,_Z,_Z,_Z,_Z,0.34,A,,,,,,
AFW360_HH,SEN,_T,2021,POP_SH,_T,_T,_T,QUINT_Q5,EMP_FORMAL_N,_T,_T,_T,_Z,_Z,_Z,_Z,_Z,0.53,A,,,,,,
AFW360_HH,SEN,_T,2021,POP_SH,_T,_T,_T,QUINT_Q5,EMP_ISIC_G,_T,_T,_T,_Z,_Z,_Z,_Z,_Z,0.25,A,,,,,,
AFW360_HH,SEN,_T,2021,POP_SH,_T,_T,_T,QUINT_Q5,EMP_ISIC_H,_T,_T,_T,_Z,_Z,_Z,_Z,_Z,0.07,A,,,,,,
AFW360_HH,SEN,_T,2021,POP_SH,_T,_T,_T,QUINT_Q5,EMP_SECTOR_AGR,_T,_T,_T,_Z,_Z,_Z,_Z,_Z,0.09,A,,,,,,
AFW360_HH,SEN,_T,2021,POP_SH,_T,_T,_T,QUINT_Q5,EMP_SECTOR_IND,_T,_T,_T,_Z,_Z,_Z,_Z,_Z,0.26,A,,,,,,
AFW360_HH,SEN,_T,2021,POP_SH,_T,_T,_T,QUINT_Q5,EMP_SECTOR_SER,_T,_T,_T,_Z,_Z,_Z,_Z,_Z,0.65,A,,,,,,
AFW360_HH,SEN,_T,2021,POP_SH,_T,_T,_T,QUINT_Q5,EMP_STATUS_EMPLOYED,_T,_T,_T,_Z,_Z,_Z,_Z,_Z,0.57,A,,,,,,
AFW360_HH,SEN,_T,2021,POP_SH,_T,_T,_T,QUINT_Q5,EMP_TYPE_NONWAGE,_T,_T,_T,_Z,_Z,_Z,_Z,_Z,0.55,A,,,,,,
AFW360_HH,SEN,_T,2021,POP_SH,_T,_T,_T,QUINT_Q5,EMP_TYPE_WAGE,_T,_T,_T,_Z,_Z,_Z,_Z,_Z,0.45,A,,,,,,
AFW360_HH,SEN,_T,2021,POV_HC,_T,_T,CAP,_T,_T,_T,_T,_T,POVLINE_PL300,PPP_2021,_Z,_Z,_Z,0,A,,,,,,
AFW360_HH,SEN,_T,2021,POV_HC,_T,_T,CAP,_T,_T,_T,_T,_T,POVLINE_PL420,PPP_2021,_Z,_Z,_Z,0.03,A,,,,,,
AFW360_HH,SEN,_T,2021,POV_HC,_T,_T,OU,_T,_T,_T,_T,_T,POVLINE_PL300,PPP_2021,_Z,_Z,_Z,0.08,A,,,,,,
AFW360_HH,SEN,_T,2021,POV_HC,_T,_T,OU,_T,_T,_T,_T,_T,POVLINE_PL420,PPP_2021,_Z,_Z,_Z,0.27,A,,,,,,
AFW360_HH,SEN,_T,2021,POV_HC,_T,_T,R,_T,_T,_T,_T,_T,POVLINE_PL300,PPP_2021,_Z,_Z,_Z,0.3,A,,,,,,
AFW360_HH,SEN,_T,2021,POV_HC,_T,_T,R,_T,_T,_T,_T,_T,POVLINE_PL420,PPP_2021,_Z,_Z,_Z,0.57,A,,,,,,
AFW360_HH,SEN,_T,2021,POV_HC,_T,_T,_T,HHH_AGE_GE35,_T,_T,_T,_T,POVLINE_PL300,PPP_2021,_Z,_Z,_Z,0.18,A,,,,,,
AFW360_HH,SEN,_T,2021,POV_HC,_T,_T,_T,HHH_AGE_GE35,_T,_T,_T,_T,POVLINE_PL420,PPP_2021,_Z,_Z,_Z,0.37,A,,,,,,
AFW360_HH,SEN,_T,2021,POV_HC,_T,_T,_T,HHH_AGE_LT35,_T,_T,_T,_T,POVLINE_PL300,PPP_2021,_Z,_Z,_Z,0.21,A,,,,,,
AFW360_HH,SEN,_T,2021,POV_HC,_T,_T,_T,HHH_AGE_LT35,_T,_T,_T,_T,POVLINE_PL420,PPP_2021,_Z,_Z,_Z,0.36,A,,,,,,
AFW360_HH,SEN,_T,2021,POV_HC,_T,_T,_T,HHH_SEX_F,_T,_T,_T,_T,POVLINE_PL300,PPP_2021,_Z,_Z,_Z,0.09,A,,,,,,
AFW360_HH,SEN,_T,2021,POV_HC,_T,_T,_T,HHH_SEX_F,_T,_T,_T,_T,POVLINE_PL420,PPP_2021,_Z,_Z,_Z,0.23,A,,,,,,
AFW360_HH,SEN,_T,2021,POV_HC,_T,_T,_T,HHH_SEX_M,_T,_T,_T,_T,POVLINE_PL300,PPP_2021,_Z,_Z,_Z,0.21,A,,,,,,
AFW360_HH,SEN,_T,2021,POV_HC,_T,_T,_T,HHH_SEX_M,_T,_T,_T,_T,POVLINE_PL420,PPP_2021,_Z,_Z,_Z,0.42,A,,,,,,
AFW360_HH,SEN,_T,2021,POV_HC,_T,_T,_T,QUINT_Q1,_T,_T,_T,_T,POVLINE_PL300,PPP_2021,_Z,_Z,_Z,0.87,A,,,,,,
AFW360_HH,SEN,_T,2021,POV_HC,_T,_T,_T,QUINT_Q1,_T,_T,_T,_T,POVLINE_PL420,PPP_2021,_Z,_Z,_Z,1,A,,,,,,
AFW360_HH,SEN,_T,2021,POV_HC,_T,_T,_T,QUINT_Q2,_T,_T,_T,_T,POVLINE_PL300,PPP_2021,_Z,_Z,_Z,0.02,A,,,,,,
AFW360_HH,SEN,_T,2021,POV_HC,_T,_T,_T,QUINT_Q2,_T,_T,_T,_T,POVLINE_PL420,PPP_2021,_Z,_Z,_Z,0.8,A,,,,,,
AFW360_HH,SEN,_T,2021,POV_HC,_T,_T,_T,QUINT_Q3,_T,_T,_T,_T,POVLINE_PL300,PPP_2021,_Z,_Z,_Z,0,A,,,,,,
AFW360_HH,SEN,_T,2021,POV_HC,_T,_T,_T,QUINT_Q3,_T,_T,_T,_T,POVLINE_PL420,PPP_2021,_Z,_Z,_Z,0.06,A,,,,,,
AFW360_HH,SEN,_T,2021,POV_HC,_T,_T,_T,QUINT_Q4,_T,_T,_T,_T,POVLINE_PL300,PPP_2021,_Z,_Z,_Z,0,A,,,,,,
AFW360_HH,SEN,_T,2021,POV_HC,_T,_T,_T,QUINT_Q4,_T,_T,_T,_T,POVLINE_PL420,PPP_2021,_Z,_Z,_Z,0,A,,,,,,
AFW360_HH,SEN,_T,2021,POV_HC,_T,_T,_T,QUINT_Q5,_T,_T,_T,_T,POVLINE_PL300,PPP_2021,_Z,_Z,_Z,0,A,,,,,,
AFW360_HH,SEN,_T,2021,POV_HC,_T,_T,_T,QUINT_Q5,_T,_T,_T,_T,POVLINE_PL420,PPP_2021,_Z,_Z,_Z,0,A,,,,,,
AFW360_HH,SEN,_T,2021,POV_HC,_T,_T,_T,_T,_T,_T,_T,_T,POVLINE_PL300,PPP_2021,_Z,_Z,_Z,0.18,A,,,,,,
AFW360_HH,SEN,_T,2021,POV_HC,_T,_T,_T,_T,_T,_T,_T,_T,POVLINE_PL420,PPP_2021,_Z,_Z,_Z,0.37,A,,,,,,
AFW360_HH,SEN,_T,2021,POV_NUM,_T,_T,CAP,_T,_T,_T,_T,_T,POVLINE_PL300,PPP_2021,_Z,_Z,_Z,20000,A,,,,,,
AFW360_HH,SEN,_T,2021,POV_NUM,_T,_T,CAP,_T,_T,_T,_T,_T,POVLINE_PL420,PPP_2021,_Z,_Z,_Z,130000,A,,,,,,
AFW360_HH,SEN,_T,2021,POV_NUM,_T,_T,OU,_T,_T,_T,_T,_T,POVLINE_PL300,PPP_2021,_Z,_Z,_Z,380000,A,,,,,,
AFW360_HH,SEN,_T,2021,POV_NUM,_T,_T,OU,_T,_T,_T,_T,_T,POVLINE_PL420,PPP_2021,_Z,_Z,_Z,1190000,A,,,,,,
AFW360_HH,SEN,_T,2021,POV_NUM,_T,_T,R,_T,_T,_T,_T,_T,POVLINE_PL300,PPP_2021,_Z,_Z,_Z,2730000,A,,,,,,
AFW360_HH,SEN,_T,2021,POV_NUM,_T,_T,R,_T,_T,_T,_T,_T,POVLINE_PL420,PPP_2021,_Z,_Z,_Z,5200000,A,,,,,,
AFW360_HH,SEN,_T,2021,POV_NUM,_T,_T,_T,HHH_AGE_GE35,_T,_T,_T,_T,POVLINE_PL300,PPP_2021,_Z,_Z,_Z,2880000,A,,,,,,
AFW360_HH,SEN,_T,2021,POV_NUM,_T,_T,_T,HHH_AGE_GE35,_T,_T,_T,_T,POVLINE_PL420,PPP_2021,_Z,_Z,_Z,6090000,A,,,,,,
AFW360_HH,SEN,_T,2021,POV_NUM,_T,_T,_T,HHH_AGE_LT35,_T,_T,_T,_T,POVLINE_PL300,PPP_2021,_Z,_Z,_Z,250000,A,,,,,,
AFW360_HH,SEN,_T,2021,POV_NUM,_T,_T,_T,HHH_AGE_LT35,_T,_T,_T,_T,POVLINE_PL420,PPP_2021,_Z,_Z,_Z,430000,A,,,,,,
AFW360_HH,SEN,_T,2021,POV_NUM,_T,_T,_T,HHH_SEX_F,_T,_T,_T,_T,POVLINE_PL300,PPP_2021,_Z,_Z,_Z,400000,A,,,,,,
AFW360_HH,SEN,_T,2021,POV_NUM,_T,_T,_T,HHH_SEX_F,_T,_T,_T,_T,POVLINE_PL420,PPP_2021,_Z,_Z,_Z,1030000,A,,,,,,
AFW360_HH,SEN,_T,2021,POV_NUM,_T,_T,_T,HHH_SEX_M,_T,_T,_T,_T,POVLINE_PL300,PPP_2021,_Z,_Z,_Z,2730000,A,,,,,,
AFW360_HH,SEN,_T,2021,POV_NUM,_T,_T,_T,HHH_SEX_M,_T,_T,_T,_T,POVLINE_PL420,PPP_2021,_Z,_Z,_Z,5490000,A,,,,,,
AFW360_HH,SEN,_T,2021,POV_NUM,_T,_T,_T,QUINT_Q1,_T,_T,_T,_T,POVLINE_PL300,PPP_2021,_Z,_Z,_Z,3040000,A,,,,,,
AFW360_HH,SEN,_T,2021,POV_NUM,_T,_T,_T,QUINT_Q1,_T,_T,_T,_T,POVLINE_PL420,PPP_2021,_Z,_Z,_Z,3500000,A,,,,,,
AFW360_HH,SEN,_T,2021,POV_NUM,_T,_T,_T,QUINT_Q2,_T,_T,_T,_T,POVLINE_PL300,PPP_2021,_Z,_Z,_Z,90000,A,,,,,,
AFW360_HH,SEN,_T,2021,POV_NUM,_T,_T,_T,QUINT_Q2,_T,_T,_T,_T,POVLINE_PL420,PPP_2021,_Z,_Z,_Z,2800000.0000000005,A,,,,,,
AFW360_HH,SEN,_T,2021,POV_NUM,_T,_T,_T,QUINT_Q3,_T,_T,_T,_T,POVLINE_PL300,PPP_2021,_Z,_Z,_Z,0,A,,,,,,
AFW360_HH,SEN,_T,2021,POV_NUM,_T,_T,_T,QUINT_Q3,_T,_T,_T,_T,POVLINE_PL420,PPP_2021,_Z,_Z,_Z,230000,A,,,,,,
AFW360_HH,SEN,_T,2021,POV_NUM,_T,_T,_T,QUINT_Q4,_T,_T,_T,_T,POVLINE_PL300,PPP_2021,_Z,_Z,_Z,0,A,,,,,,
AFW360_HH,SEN,_T,2021,POV_NUM,_T,_T,_T,QUINT_Q4,_T,_T,_T,_T,POVLINE_PL420,PPP_2021,_Z,_Z,_Z,0,A,,,,,,
AFW360_HH,SEN,_T,2021,POV_NUM,_T,_T,_T,QUINT_Q5,_T,_T,_T,_T,POVLINE_PL300,PPP_2021,_Z,_Z,_Z,0,A,,,,,,
AFW360_HH,SEN,_T,2021,POV_NUM,_T,_T,_T,QUINT_Q5,_T,_T,_T,_T,POVLINE_PL420,PPP_2021,_Z,_Z,_Z,0,A,,,,,,
AFW360_HH,SEN,_T,2021,POV_NUM,_T,_T,_T,_T,_T,_T,_T,_T,POVLINE_PL300,PPP_2021,_Z,_Z,_Z,3130000,A,,,,,,
AFW360_HH,SEN,_T,2021,POV_NUM,_T,_T,_T,_T,_T,_T,_T,_T,POVLINE_PL420,PPP_2021,_Z,_Z,_Z,6520000,A,,,,,,
AFW360_HH,SEN,_T,2021,SHK_ANY,_Z,_Z,CAP,_T,_T,_T,_T,_T,_Z,_Z,_Z,_Z,_Z,0.54,A,,,,,,
AFW360_HH,SEN,_T,2021,SHK_ANY,_Z,_Z,OU,_T,_T,_T,_T,_T,_Z,_Z,_Z,_Z,_Z,0.67,A,,,,,,
AFW360_HH,SEN,_T,2021,SHK_ANY,_Z,_Z,R,_T,_T,_T,_T,_T,_Z,_Z,_Z,_Z,_Z,0.71,A,,,,,,
AFW360_HH,SEN,_T,2021,SHK_ANY,_Z,_Z,_T,HHH_AGE_GE35,_T,_T,_T,_T,_Z,_Z,_Z,_Z,_Z,0.66,A,,,,,,
AFW360_HH,SEN,_T,2021,SHK_ANY,_Z,_Z,_T,HHH_AGE_LT35,_T,_T,_T,_T,_Z,_Z,_Z,_Z,_Z,0.66,A,,,,,,
AFW360_HH,SEN,_T,2021,SHK_ANY,_Z,_Z,_T,HHH_SEX_F,_T,_T,_T,_T,_Z,_Z,_Z,_Z,_Z,0.67,A,,,,,,
AFW360_HH,SEN,_T,2021,SHK_ANY,_Z,_Z,_T,HHH_SEX_M,_T,_T,_T,_T,_Z,_Z,_Z,_Z,_Z,0.66,A,,,,,,
AFW360_HH,SEN,_T,2021,SHK_ANY,_Z,_Z,_T,QUINT_Q1,_T,_T,_T,_T,_Z,_Z,_Z,_Z,_Z,0.68,A,,,,,,
AFW360_HH,SEN,_T,2021,SHK_ANY,_Z,_Z,_T,QUINT_Q2,_T,_T,_T,_T,_Z,_Z,_Z,_Z,_Z,0.7,A,,,,,,
AFW360_HH,SEN,_T,2021,SHK_ANY,_Z,_Z,_T,QUINT_Q3,_T,_T,_T,_T,_Z,_Z,_Z,_Z,_Z,0.7,A,,,,,,
AFW360_HH,SEN,_T,2021,SHK_ANY,_Z,_Z,_T,QUINT_Q4,_T,_T,_T,_T,_Z,_Z,_Z,_Z,_Z,0.67,A,,,,,,
AFW360_HH,SEN,_T,2021,SHK_ANY,_Z,_Z,_T,QUINT_Q5,_T,_T,_T,_T,_Z,_Z,_Z,_Z,_Z,0.57,A,,,,,,
AFW360_HH,SEN,_T,2021,SHK_ANY,_Z,_Z,_T,_T,_T,_T,_T,_T,_Z,_Z,_Z,_Z,_Z,0.66,A,,,,,,
AFW360_HH,SEN,_T,2021,SHK_COV_CONFLICT,_Z,_Z,CAP,_T,_T,_T,_T,_T,_Z,_Z,_Z,_Z,_Z,0,A,,,,,,
AFW360_HH,SEN,_T,2021,SHK_COV_CONFLICT,_Z,_Z,OU,_T,_T,_T,_T,_T,_Z,_Z,_Z,_Z,_Z,0.01,A,,,,,,
AFW360_HH,SEN,_T,2021,SHK_COV_CONFLICT,_Z,_Z,R,_T,_T,_T,_T,_T,_Z,_Z,_Z,_Z,_Z,0.02,A,,,,,,
AFW360_HH,SEN,_T,2021,SHK_COV_CONFLICT,_Z,_Z,_T,HHH_AGE_GE35,_T,_T,_T,_T,_Z,_Z,_Z,_Z,_Z,0.01,A,,,,,,
AFW360_HH,SEN,_T,2021,SHK_COV_CONFLICT,_Z,_Z,_T,HHH_AGE_LT35,_T,_T,_T,_T,_Z,_Z,_Z,_Z,_Z,0.02,A,,,,,,
AFW360_HH,SEN,_T,2021,SHK_COV_CONFLICT,_Z,_Z,_T,HHH_SEX_F,_T,_T,_T,_T,_Z,_Z,_Z,_Z,_Z,0.01,A,,,,,,
AFW360_HH,SEN,_T,2021,SHK_COV_CONFLICT,_Z,_Z,_T,HHH_SEX_M,_T,_T,_T,_T,_Z,_Z,_Z,_Z,_Z,0.01,A,,,,,,
AFW360_HH,SEN,_T,2021,SHK_COV_CONFLICT,_Z,_Z,_T,QUINT_Q1,_T,_T,_T,_T,_Z,_Z,_Z,_Z,_Z,0.02,A,,,,,,
AFW360_HH,SEN,_T,2021,SHK_COV_CONFLICT,_Z,_Z,_T,QUINT_Q2,_T,_T,_T,_T,_Z,_Z,_Z,_Z,_Z,0.01,A,,,,,,
AFW360_HH,SEN,_T,2021,SHK_COV_CONFLICT,_Z,_Z,_T,QUINT_Q3,_T,_T,_T,_T,_Z,_Z,_Z,_Z,_Z,0.01,A,,,,,,
AFW360_HH,SEN,_T,2021,SHK_COV_CONFLICT,_Z,_Z,_T,QUINT_Q4,_T,_T,_T,_T,_Z,_Z,_Z,_Z,_Z,0.01,A,,,,,,
AFW360_HH,SEN,_T,2021,SHK_COV_CONFLICT,_Z,_Z,_T,QUINT_Q5,_T,_T,_T,_T,_Z,_Z,_Z,_Z,_Z,0,A,,,,,,
AFW360_HH,SEN,_T,2021,SHK_COV_CONFLICT,_Z,_Z,_T,_T,_T,_T,_T,_T,_Z,_Z,_Z,_Z,_Z,0.01,A,,,,,,
AFW360_HH,SEN,_T,2021,SHK_COV_ECON,_Z,_Z,CAP,_T,_T,_T,_T,_T,_Z,_Z,_Z,_Z,_Z,0.28,A,,,,,,
AFW360_HH,SEN,_T,2021,SHK_COV_ECON,_Z,_Z,OU,_T,_T,_T,_T,_T,_Z,_Z,_Z,_Z,_Z,0.42,A,,,,,,
AFW360_HH,SEN,_T,2021,SHK_COV_ECON,_Z,_Z,R,_T,_T,_T,_T,_T,_Z,_Z,_Z,_Z,_Z,0.47,A,,,,,,
AFW360_HH,SEN,_T,2021,SHK_COV_ECON,_Z,_Z,_T,HHH_AGE_GE35,_T,_T,_T,_T,_Z,_Z,_Z,_Z,_Z,0.42,A,,,,,,
AFW360_HH,SEN,_T,2021,SHK_COV_ECON,_Z,_Z,_T,HHH_AGE_LT35,_T,_T,_T,_T,_Z,_Z,_Z,_Z,_Z,0.4,A,,,,,,
AFW360_HH,SEN,_T,2021,SHK_COV_ECON,_Z,_Z,_T,HHH_SEX_F,_T,_T,_T,_T,_Z,_Z,_Z,_Z,_Z,0.4,A,,,,,,
AFW360_HH,SEN,_T,2021,SHK_COV_ECON,_Z,_Z,_T,HHH_SEX_M,_T,_T,_T,_T,_Z,_Z,_Z,_Z,_Z,0.42,A,,,,,,
AFW360_HH,SEN,_T,2021,SHK_COV_ECON,_Z,_Z,_T,QUINT_Q1,_T,_T,_T,_T,_Z,_Z,_Z,_Z,_Z,0.43,A,,,,,,
AFW360_HH,SEN,_T,2021,SHK_COV_ECON,_Z,_Z,_T,QUINT_Q2,_T,_T,_T,_T,_Z,_Z,_Z,_Z,_Z,0.43,A,,,,,,
AFW360_HH,SEN,_T,2021,SHK_COV_ECON,_Z,_Z,_T,QUINT_Q3,_T,_T,_T,_T,_Z,_Z,_Z,_Z,_Z,0.46,A,,,,,,
AFW360_HH,SEN,_T,2021,SHK_COV_ECON,_Z,_Z,_T,QUINT_Q4,_T,_T,_T,_T,_Z,_Z,_Z,_Z,_Z,0.43,A,,,,,,
AFW360_HH,SEN,_T,2021,SHK_COV_ECON,_Z,_Z,_T,QUINT_Q5,_T,_T,_T,_T,_Z,_Z,_Z,_Z,_Z,0.32,A,,,,,,
AFW360_HH,SEN,_T,2021,SHK_COV_ECON,_Z,_Z,_T,_T,_T,_T,_T,_T,_Z,_Z,_Z,_Z,_Z,0.41,A,,,,,,
AFW360_HH,SEN,_T,2021,SHK_COV_NATURAL,_Z,_Z,CAP,_T,_T,_T,_T,_T,_Z,_Z,_Z,_Z,_Z,0.1,A,,,,,,
AFW360_HH,SEN,_T,2021,SHK_COV_NATURAL,_Z,_Z,OU,_T,_T,_T,_T,_T,_Z,_Z,_Z,_Z,_Z,0.17,A,,,,,,
AFW360_HH,SEN,_T,2021,SHK_COV_NATURAL,_Z,_Z,R,_T,_T,_T,_T,_T,_Z,_Z,_Z,_Z,_Z,0.29,A,,,,,,
AFW360_HH,SEN,_T,2021,SHK_COV_NATURAL,_Z,_Z,_T,HHH_AGE_GE35,_T,_T,_T,_T,_Z,_Z,_Z,_Z,_Z,0.22,A,,,,,,
AFW360_HH,SEN,_T,2021,SHK_COV_NATURAL,_Z,_Z,_T,HHH_AGE_LT35,_T,_T,_T,_T,_Z,_Z,_Z,_Z,_Z,0.22,A,,,,,,
AFW360_HH,SEN,_T,2021,SHK_COV_NATURAL,_Z,_Z,_T,HHH_SEX_F,_T,_T,_T,_T,_Z,_Z,_Z,_Z,_Z,0.17,A,,,,,,
AFW360_HH,SEN,_T,2021,SHK_COV_NATURAL,_Z,_Z,_T,HHH_SEX_M,_T,_T,_T,_T,_Z,_Z,_Z,_Z,_Z,0.24,A,,,,,,
AFW360_HH,SEN,_T,2021,SHK_COV_NATURAL,_Z,_Z,_T,QUINT_Q1,_T,_T,_T,_T,_Z,_Z,_Z,_Z,_Z,0.29,A,,,,,,
AFW360_HH,SEN,_T,2021,SHK_COV_NATURAL,_Z,_Z,_T,QUINT_Q2,_T,_T,_T,_T,_Z,_Z,_Z,_Z,_Z,0.27,A,,,,,,
AFW360_HH,SEN,_T,2021,SHK_COV_NATURAL,_Z,_Z,_T,QUINT_Q3,_T,_T,_T,_T,_Z,_Z,_Z,_Z,_Z,0.23,A,,,,,,
AFW360_HH,SEN,_T,2021,SHK_COV_NATURAL,_Z,_Z,_T,QUINT_Q4,_T,_T,_T,_T,_Z,_Z,_Z,_Z,_Z,0.19,A,,,,,,
AFW360_HH,SEN,_T,2021,SHK_COV_NATURAL,_Z,_Z,_T,QUINT_Q5,_T,_T,_T,_T,_Z,_Z,_Z,_Z,_Z,0.1,A,,,,,,
AFW360_HH,SEN,_T,2021,SHK_COV_NATURAL,_Z,_Z,_T,_T,_T,_T,_T,_T,_Z,_Z,_Z,_Z,_Z,0.22,A,,,,,,
AFW360_HH,SEN,_T,2021,SHK_IDIO_ECON,_Z,_Z,CAP,_T,_T,_T,_T,_T,_Z,_Z,_Z,_Z,_Z,0.11,A,,,,,,
AFW360_HH,SEN,_T,2021,SHK_IDIO_ECON,_Z,_Z,OU,_T,_T,_T,_T,_T,_Z,_Z,_Z,_Z,_Z,0.16,A,,,,,,
AFW360_HH,SEN,_T,2021,SHK_IDIO_ECON,_Z,_Z,R,_T,_T,_T,_T,_T,_Z,_Z,_Z,_Z,_Z,0.18,A,,,,,,
AFW360_HH,SEN,_T,2021,SHK_IDIO_ECON,_Z,_Z,_T,HHH_AGE_GE35,_T,_T,_T,_T,_Z,_Z,_Z,_Z,_Z,0.16,A,,,,,,
AFW360_HH,SEN,_T,2021,SHK_IDIO_ECON,_Z,_Z,_T,HHH_AGE_LT35,_T,_T,_T,_T,_Z,_Z,_Z,_Z,_Z,0.15,A,,,,,,
AFW360_HH,SEN,_T,2021,SHK_IDIO_ECON,_Z,_Z,_T,HHH_SEX_F,_T,_T,_T,_T,_Z,_Z,_Z,_Z,_Z,0.18,A,,,,,,
AFW360_HH,SEN,_T,2021,SHK_IDIO_ECON,_Z,_Z,_T,HHH_SEX_M,_T,_T,_T,_T,_Z,_Z,_Z,_Z,_Z,0.15,A,,,,,,
AFW360_HH,SEN,_T,2021,SHK_IDIO_ECON,_Z,_Z,_T,QUINT_Q1,_T,_T,_T,_T,_Z,_Z,_Z,_Z,_Z,0.12,A,,,,,,
AFW360_HH,SEN,_T,2021,SHK_IDIO_ECON,_Z,_Z,_T,QUINT_Q2,_T,_T,_T,_T,_Z,_Z,_Z,_Z,_Z,0.19,A,,,,,,
AFW360_HH,SEN,_T,2021,SHK_IDIO_ECON,_Z,_Z,_T,QUINT_Q3,_T,_T,_T,_T,_Z,_Z,_Z,_Z,_Z,0.21,A,,,,,,
AFW360_HH,SEN,_T,2021,SHK_IDIO_ECON,_Z,_Z,_T,QUINT_Q4,_T,_T,_T,_T,_Z,_Z,_Z,_Z,_Z,0.16,A,,,,,,
AFW360_HH,SEN,_T,2021,SHK_IDIO_ECON,_Z,_Z,_T,QUINT_Q5,_T,_T,_T,_T,_Z,_Z,_Z,_Z,_Z,0.12,A,,,,,,
AFW360_HH,SEN,_T,2021,SHK_IDIO_ECON,_Z,_Z,_T,_T,_T,_T,_T,_T,_Z,_Z,_Z,_Z,_Z,0.16,A,,,,,,
AFW360_HH,SEN,_T,2021,SP_HEALTH_COV,_T,_T,CAP,_T,_T,_T,_T,_T,_Z,_Z,_Z,_Z,_Z,0.05,A,,,,,,
AFW360_HH,SEN,_T,2021,SP_HEALTH_COV,_T,_T,OU,_T,_T,_T,_T,_T,_Z,_Z,_Z,_Z,_Z,0.01,A,,,,,,
AFW360_HH,SEN,_T,2021,SP_HEALTH_COV,_T,_T,R,_T,_T,_T,_T,_T,_Z,_Z,_Z,_Z,_Z,0.01,A,,,,,,
AFW360_HH,SEN,_T,2021,SP_HEALTH_COV,_T,_T,_T,HHH_AGE_GE35,_T,_T,_T,_T,_Z,_Z,_Z,_Z,_Z,0.03,A,,,,,,
AFW360_HH,SEN,_T,2021,SP_HEALTH_COV,_T,_T,_T,HHH_AGE_LT35,_T,_T,_T,_T,_Z,_Z,_Z,_Z,_Z,0.01,A,,,,,,
AFW360_HH,SEN,_T,2021,SP_HEALTH_COV,_T,_T,_T,HHH_SEX_F,_T,_T,_T,_T,_Z,_Z,_Z,_Z,_Z,0.02,A,,,,,,
AFW360_HH,SEN,_T,2021,SP_HEALTH_COV,_T,_T,_T,HHH_SEX_M,_T,_T,_T,_T,_Z,_Z,_Z,_Z,_Z,0.02,A,,,,,,
AFW360_HH,SEN,_T,2021,SP_HEALTH_COV,_T,_T,_T,QUINT_Q1,_T,_T,_T,_T,_Z,_Z,_Z,_Z,_Z,0,A,,,,,,
AFW360_HH,SEN,_T,2021,SP_HEALTH_COV,_T,_T,_T,QUINT_Q2,_T,_T,_T,_T,_Z,_Z,_Z,_Z,_Z,0,A,,,,,,
AFW360_HH,SEN,_T,2021,SP_HEALTH_COV,_T,_T,_T,QUINT_Q3,_T,_T,_T,_T,_Z,_Z,_Z,_Z,_Z,0.01,A,,,,,,
AFW360_HH,SEN,_T,2021,SP_HEALTH_COV,_T,_T,_T,QUINT_Q4,_T,_T,_T,_T,_Z,_Z,_Z,_Z,_Z,0.02,A,,,,,,
AFW360_HH,SEN,_T,2021,SP_HEALTH_COV,_T,_T,_T,QUINT_Q5,_T,_T,_T,_T,_Z,_Z,_Z,_Z,_Z,0.06,A,,,,,,
AFW360_HH,SEN,_T,2021,SP_HEALTH_COV,_T,_T,_T,_T,_T,_T,_T,_T,_Z,_Z,_Z,_Z,_Z,0.02,A,,,,,,
AFW360_HH,SEN,_T,2021,SP_HEALTH_COV_HH,_Z,_Z,CAP,_T,_T,_T,_T,_T,_Z,_Z,_Z,_Z,_Z,0.13,A,,,,,,
AFW360_HH,SEN,_T,2021,SP_HEALTH_COV_HH,_Z,_Z,OU,_T,_T,_T,_T,_T,_Z,_Z,_Z,_Z,_Z,0.05,A,,,,,,
AFW360_HH,SEN,_T,2021,SP_HEALTH_COV_HH,_Z,_Z,R,_T,_T,_T,_T,_T,_Z,_Z,_Z,_Z,_Z,0.02,A,,,,,,
AFW360_HH,SEN,_T,2021,SP_HEALTH_COV_HH,_Z,_Z,_T,HHH_AGE_GE35,_T,_T,_T,_T,_Z,_Z,_Z,_Z,_Z,0.05,A,,,,,,
AFW360_HH,SEN,_T,2021,SP_HEALTH_COV_HH,_Z,_Z,_T,HHH_AGE_LT35,_T,_T,_T,_T,_Z,_Z,_Z,_Z,_Z,0.03,A,,,,,,
AFW360_HH,SEN,_T,2021,SP_HEALTH_COV_HH,_Z,_Z,_T,HHH_SEX_F,_T,_T,_T,_T,_Z,_Z,_Z,_Z,_Z,0.04,A,,,,,,
AFW360_HH,SEN,_T,2021,SP_HEALTH_COV_HH,_Z,_Z,_T,HHH_SEX_M,_T,_T,_T,_T,_Z,_Z,_Z,_Z,_Z,0.05,A,,,,,,
AFW360_HH,SEN,_T,2021,SP_HEALTH_COV_HH,_Z,_Z,_T,QUINT_Q1,_T,_T,_T,_T,_Z,_Z,_Z,_Z,_Z,0.01,A,,,,,,
AFW360_HH,SEN,_T,2021,SP_HEALTH_COV_HH,_Z,_Z,_T,QUINT_Q2,_T,_T,_T,_T,_Z,_Z,_Z,_Z,_Z,0.02,A,,,,,,
AFW360_HH,SEN,_T,2021,SP_HEALTH_COV_HH,_Z,_Z,_T,QUINT_Q3,_T,_T,_T,_T,_Z,_Z,_Z,_Z,_Z,0.03,A,,,,,,
AFW360_HH,SEN,_T,2021,SP_HEALTH_COV_HH,_Z,_Z,_T,QUINT_Q4,_T,_T,_T,_T,_Z,_Z,_Z,_Z,_Z,0.07,A,,,,,,
AFW360_HH,SEN,_T,2021,SP_HEALTH_COV_HH,_Z,_Z,_T,QUINT_Q5,_T,_T,_T,_T,_Z,_Z,_Z,_Z,_Z,0.12,A,,,,,,
AFW360_HH,SEN,_T,2021,SP_HEALTH_COV_HH,_Z,_Z,_T,_T,_T,_T,_T,_T,_Z,_Z,_Z,_Z,_Z,0.05,A,,,,,,
