DATAFLOW,REF_AREA,GEO,TIME_PERIOD,INDICATOR,SEX,AGE,URBANISATION,COMP_BREAKDOWN_1,COMP_BREAKDOWN_2,COMP_BREAKDOWN_3,COMP_BREAKDOWN_4,COMP_BREAKDOWN_5,MEASURE_QUAL_1,MEASURE_QUAL_2,MEASURE_QUAL_3,MEASURE_QUAL_4,MEASURE_QUAL_5,OBS_VALUE,OBS_STATUS,STD_ERR,CI_LOWER,CI_UPPER,N_OBS,N_POP,OBS_COMMENT
AFW360_HH,GNB,GW01,2021,AGR_CULTIVATES,_Z,_Z,_T,_T,_T,_T,_T,_T,_Z,_Z,_Z,_Z,_Z,0.87,A,,,,,,
AFW360_HH,GNB,GW01,2021,AGR_CULT_AREA,_Z,_Z,_T,_T,_T,_T,_T,_T,_Z,_Z,_Z,_Z,_Z,3.61,A,,,,,,
AFW360_HH,GNB,GW01,2021,AGR_LIVESTOCK_ANY,_Z,_Z,_T,_T,_T,_T,_T,_T,_Z,_Z,_Z,_Z,_Z,0.8,A,,,,,,
AFW360_HH,GNB,GW01,2021,AGR_TLU,_Z,_Z,_T,_T,_T,_T,_T,_T,_Z,_Z,_Z,_Z,_Z,5.09,A,,,,,,
AFW360_HH,GNB,GW01,2021,CONS_SH,_Z,_Z,_T,_T,_T,_T,_T,_T,COICOP_CP01,ACQ_OWNPROD,_Z,_Z,_Z,0.15,A,,,,,,
AFW360_HH,GNB,GW01,2021,CONS_SH,_Z,_Z,_T,_T,_T,_T,_T,_T,COICOP_CP01,ACQ_PURCH,_Z,_Z,_Z,0.29,A,,,,,,
AFW360_HH,GNB,GW01,2021,CONS_SH,_Z,_Z,_T,_T,_T,_T,_T,_T,COICOP_CP01,_Z,_Z,_Z,_Z,0.48,A,,,,,,
AFW360_HH,GNB,GW01,2021,CONS_SH,_Z,_Z,_T,_T,_T,_T,_T,_T,COICOP_CP02,_Z,_Z,_Z,_Z,0.01,A,,,,,,
AFW360_HH,GNB,GW01,2021,CONS_SH,_Z,_Z,_T,_T,_T,_T,_T,_T,COICOP_CP03,_Z,_Z,_Z,_Z,0.07,A,,,,,,
AFW360_HH,GNB,GW01,2021,CONS_SH,_Z,_Z,_T,_T,_T,_T,_T,_T,COICOP_CP04,_Z,_Z,_Z,_Z,0.12,A,,,,,,
AFW360_HH,GNB,GW01,2021,CONS_SH,_Z,_Z,_T,_T,_T,_T,_T,_T,COICOP_CP05,_Z,_Z,_Z,_Z,0.05,A,,,,,,
AFW360_HH,GNB,GW01,2021,CONS_SH,_Z,_Z,_T,_T,_T,_T,_T,_T,COICOP_CP06,_Z,_Z,_Z,_Z,0.04,A,,,,,,
AFW360_HH,GNB,GW01,2021,CONS_SH,_Z,_Z,_T,_T,_T,_T,_T,_T,COICOP_CP07,_Z,_Z,_Z,_Z,0.05,A,,,,,,
AFW360_HH,GNB,GW01,2021,CONS_SH,_Z,_Z,_T,_T,_T,_T,_T,_T,COICOP_CP08,_Z,_Z,_Z,_Z,0.07,A,,,,,,
AFW360_HH,GNB,GW01,2021,CONS_SH,_Z,_Z,_T,_T,_T,_T,_T,_T,COICOP_CP09,_Z,_Z,_Z,_Z,0,A,,,,,,
AFW360_HH,GNB,GW01,2021,CONS_SH,_Z,_Z,_T,_T,_T,_T,_T,_T,COICOP_CP10,_Z,_Z,_Z,_Z,0.02,A,,,,,,
AFW360_HH,GNB,GW01,2021,CONS_SH,_Z,_Z,_T,_T,_T,_T,_T,_T,COICOP_CP11,_Z,_Z,_Z,_Z,0.1,A,,,,,,
AFW360_HH,GNB,GW01,2021,CONS_SH,_Z,_Z,_T,_T,_T,_T,_T,_T,COICOP_CP12,_Z,_Z,_Z,_Z,0,A,,,,,,
AFW360_HH,GNB,GW01,2021,CONS_SH,_Z,_Z,_T,_T,_T,_T,_T,_T,COICOP_CP13,_Z,_Z,_Z,_Z,0.01,A,,,,,,
AFW360_HH,GNB,GW01,2021,EN_ASSET_AC,_Z,_Z,_T,_T,_T,_T,_T,_T,_Z,_Z,_Z,_Z,_Z,0,A,,,,,,
AFW360_HH,GNB,GW01,2021,EN_ASSET_COOKER,_Z,_Z,_T,_T,_T,_T,_T,_T,_Z,_Z,_Z,_Z,_Z,0.01,A,,,,,,
AFW360_HH,GNB,GW01,2021,EN_ASSET_FAN,_Z,_Z,_T,_T,_T,_T,_T,_T,_Z,_Z,_Z,_Z,_Z,0,A,,,,,,
AFW360_HH,GNB,GW01,2021,EN_ASSET_WATER_HEATER,_Z,_Z,_T,_T,_T,_T,_T,_T,_Z,_Z,_Z,_Z,_Z,0,A,,,,,,
AFW360_HH,GNB,GW01,2021,EN_COOK_BIOMASS,_Z,_Z,_T,_T,_T,_T,_T,_T,_Z,_Z,_Z,_Z,_Z,0.99,A,,,,,,
AFW360_HH,GNB,GW01,2021,EN_COOK_CLEAN,_Z,_Z,_T,_T,_T,_T,_T,_T,_Z,_Z,_Z,_Z,_Z,0.01,A,,,,,,
AFW360_HH,GNB,GW01,2021,EN_ELEC_ACCESS,_Z,_Z,_T,_T,_T,_T,_T,_T,_Z,_Z,_Z,_Z,_Z,0.05,A,,,,,,
AFW360_HH,GNB,GW01,2021,EN_ELEC_INFORMAL,_Z,_Z,_T,_T,_T,_T,_T,_T,_Z,_Z,_Z,_Z,_Z,0.01,A,,,,,,
AFW360_HH,GNB,GW01,2021,EN_ELEC_SPEND,_Z,_Z,_T,_T,_T,_T,_T,_T,_Z,_Z,_Z,_Z,_Z,17207.35,A,,,,,,
AFW360_HH,GNB,GW01,2021,EN_GRID_CONN,_Z,_Z,_T,_T,_T,_T,_T,_T,_Z,_Z,_Z,_Z,_Z,0.05,A,,,,,,
AFW360_HH,GNB,GW01,2021,EN_GRID_USE,_Z,_Z,_T,_T,_T,_T,_T,_T,_Z,_Z,_Z,_Z,_Z,0.06,A,,,,,,
AFW360_HH,GNB,GW01,2021,EN_LIGHT_IMPROVED,_Z,_Z,_T,_T,_T,_T,_T,_T,_Z,_Z,_Z,_Z,_Z,0.07,A,,,,,,
AFW360_HH,GNB,GW01,2021,EN_OFFGRID_USE,_Z,_Z,_T,_T,_T,_T,_T,_T,_Z,_Z,_Z,_Z,_Z,0.71,A,,,,,,
AFW360_HH,GNB,GW01,2021,EN_OUTAGE_ANY,_Z,_Z,_T,_T,_T,_T,_T,_T,_Z,_Z,_Z,_Z,_Z,0.25,A,,,,,,
AFW360_HH,GNB,GW01,2021,EN_OUTAGE_DAYS,_Z,_Z,_T,_T,_T,_T,_T,_T,_Z,_Z,_Z,_Z,_Z,5.96,A,,,,,,
AFW360_HH,GNB,GW01,2021,EN_OUTAGE_DUR_CODE,_Z,_Z,_T,_T,_T,_T,_T,_T,_Z,_Z,_Z,_Z,_Z,,O,,,,,,"LEGACY_EMPTY: empty cell in sheet 'ADM 1', column 'estimateBafatá'"
AFW360_HH,GNB,GW01,2021,EN_PREPAID_METER,_Z,_Z,_T,_T,_T,_T,_T,_T,_Z,_Z,_Z,_Z,_Z,0.5,A,,,,,,
AFW360_HH,GNB,GW01,2021,HE_ACCOUNTS,_Z,_Z,_T,_T,_T,_T,_T,_T,_Z,_Z,_Z,_Z,_Z,0.1,A,,,,,,
AFW360_HH,GNB,GW01,2021,HE_AGE,_Z,_Z,_T,_T,_T,_T,_T,_T,_Z,_Z,_Z,_Z,_Z,5.75,A,,,,,,
AFW360_HH,GNB,GW01,2021,HE_BUY_FIRMS,_Z,_Z,_T,_T,_T,_T,_T,_T,_Z,_Z,_Z,_Z,_Z,0.1,A,,,,,,
AFW360_HH,GNB,GW01,2021,HE_CAPITAL,_Z,_Z,_T,_T,_T,_T,_T,_T,_Z,_Z,_Z,_Z,_Z,20159.68,A,,,,,,
AFW360_HH,GNB,GW01,2021,HE_COSTS,_Z,_Z,_T,_T,_T,_T,_T,_T,_Z,_Z,_Z,_Z,_Z,3000.29,A,,,,,,
AFW360_HH,GNB,GW01,2021,HE_CREDIT_ANY,_Z,_Z,_T,_T,_T,_T,_T,_T,_Z,_Z,_Z,_Z,_Z,0.3,A,,,,,,
AFW360_HH,GNB,GW01,2021,HE_CREDIT_FORMAL,_Z,_Z,_T,_T,_T,_T,_T,_T,_Z,_Z,_Z,_Z,_Z,0,A,,,,,,
AFW360_HH,GNB,GW01,2021,HE_CREDIT_INFORMAL,_Z,_Z,_T,_T,_T,_T,_T,_T,_Z,_Z,_Z,_Z,_Z,0.3,A,,,,,,
AFW360_HH,GNB,GW01,2021,HE_ELEC,_Z,_Z,_T,_T,_T,_T,_T,_T,_Z,_Z,_Z,_Z,_Z,,O,,,,,,"LEGACY_EMPTY: empty cell in sheet 'ADM 1', column 'estimateBafatá'"
AFW360_HH,GNB,GW01,2021,HE_EMP_EXT_ANY,_Z,_Z,_T,_T,_T,_T,_T,_T,_Z,_Z,_Z,_Z,_Z,1,A,,,,,,LEGACY_SUSPECT: Implausible: share 1.00 while mean non-HH employees is 0.48.
AFW360_HH,GNB,GW01,2021,HE_EMP_HH_NUM,_Z,_Z,_T,_T,_T,_T,_T,_T,_Z,_Z,_Z,_Z,_Z,0,A,,,,,,
AFW360_HH,GNB,GW01,2021,HE_EMP_NONHH_NUM,_Z,_Z,_T,_T,_T,_T,_T,_T,_Z,_Z,_Z,_Z,_Z,0.52,A,,,,,,
AFW360_HH,GNB,GW01,2021,HE_EMP_NUM,_Z,_Z,_T,_T,_T,_T,_T,_T,_Z,_Z,_Z,_Z,_Z,0,A,,,,,,
AFW360_HH,GNB,GW01,2021,HE_HH_OWNER,_Z,_Z,_T,_T,_T,_T,_T,_T,_Z,_Z,_Z,_Z,_Z,0.37,A,,,,,,
AFW360_HH,GNB,GW01,2021,HE_HOME_BASED,_Z,_Z,_T,_T,_T,_T,_T,_T,_Z,_Z,_Z,_Z,_Z,0.68,A,,,,,,
AFW360_HH,GNB,GW01,2021,HE_PHONE,_Z,_Z,_T,_T,_T,_T,_T,_T,_Z,_Z,_Z,_Z,_Z,1,A,,,,,,
AFW360_HH,GNB,GW01,2021,HE_PREMISES_FORMAL,_Z,_Z,_T,_T,_T,_T,_T,_T,_Z,_Z,_Z,_Z,_Z,0,A,,,,,,
AFW360_HH,GNB,GW01,2021,HE_PROFIT,_Z,_Z,_T,_T,_T,_T,_T,_T,_Z,_Z,_Z,_Z,_Z,2888.06,A,,,,,,
AFW360_HH,GNB,GW01,2021,HE_RENT,_Z,_Z,_T,_T,_T,_T,_T,_T,_Z,_Z,_Z,_Z,_Z,,O,,,,,,"LEGACY_EMPTY: empty cell in sheet 'ADM 1', column 'estimateBafatá'"
AFW360_HH,GNB,GW01,2021,HE_REV_PER_WORKER,_Z,_Z,_T,_T,_T,_T,_T,_T,_Z,_Z,_Z,_Z,_Z,,O,,,,,,"LEGACY_EMPTY: empty cell in sheet 'ADM 1', column 'estimateBafatá'"
AFW360_HH,GNB,GW01,2021,HE_SELL_FIRMS,_Z,_Z,_T,_T,_T,_T,_T,_T,_Z,_Z,_Z,_Z,_Z,0.06,A,,,,,,
AFW360_HH,GNB,GW01,2021,HE_TAX_ID,_Z,_Z,_T,_T,_T,_T,_T,_T,_Z,_Z,_Z,_Z,_Z,0.06,A,,,,,,
AFW360_HH,GNB,GW01,2021,HE_WATER,_Z,_Z,_T,_T,_T,_T,_T,_T,_Z,_Z,_Z,_Z,_Z,,O,,,,,,"LEGACY_EMPTY: empty cell in sheet 'ADM 1', column 'estimateBafatá'"
AFW360_HH,GNB,GW01,2021,HOUS_FLOOR_DURABLE,_Z,_Z,_T,_T,_T,_T,_T,_T,_Z,_Z,_Z,_Z,_Z,0.54,A,,,,,,
AFW360_HH,GNB,GW01,2021,HOUS_ROOF_DURABLE,_Z,_Z,_T,_T,_T,_T,_T,_T,_Z,_Z,_Z,_Z,_Z,0.96,A,,,,,,
AFW360_HH,GNB,GW01,2021,HOUS_SANIT_IMPROVED,_Z,_Z,_T,_T,_T,_T,_T,_T,_Z,_Z,_Z,_Z,_Z,0.16,A,,,,,,
AFW360_HH,GNB,GW01,2021,HOUS_WALL_DURABLE,_Z,_Z,_T,_T,_T,_T,_T,_T,_Z,_Z,_Z,_Z,_Z,0.23,A,,,,,,
AFW360_HH,GNB,GW01,2021,HOUS_WATER_SAFE_DRY,_Z,_Z,_T,_T,_T,_T,_T,_T,_Z,_Z,_Z,_Z,_Z,0.7,A,,,,,,
AFW360_HH,GNB,GW01,2021,POP_HE_SH,_Z,_Z,_T,HEO_MSTAT_MARRIED,_T,_T,_T,_T,_Z,_Z,_Z,_Z,_Z,0.51,A,,,,,,
AFW360_HH,GNB,GW01,2021,POP_HE_SH,_Z,_Z,_T,HEO_SEX_F,_T,_T,_T,_T,_Z,_Z,_Z,_Z,_Z,0.58,A,,,,,,
AFW360_HH,GNB,GW01,2021,POP_HH_SH,_Z,_Z,_T,HE_COUNT_0,_T,_T,_T,_T,_Z,_Z,_Z,_Z,_Z,0.42,A,,,,,,
AFW360_HH,GNB,GW01,2021,POP_HH_SH,_Z,_Z,_T,HE_COUNT_1,_T,_T,_T,_T,_Z,_Z,_Z,_Z,_Z,0.43,A,,,,,,
AFW360_HH,GNB,GW01,2021,POP_HH_SH,_Z,_Z,_T,HE_COUNT_2,_T,_T,_T,_T,_Z,_Z,_Z,_Z,_Z,0.13,A,,,,,,
AFW360_HH,GNB,GW01,2021,POP_HH_SH,_Z,_Z,_T,HE_COUNT_3,_T,_T,_T,_T,_Z,_Z,_Z,_Z,_Z,0.02,A,,,,,,
AFW360_HH,GNB,GW01,2021,POP_HH_SH,_Z,_Z,_T,HE_COUNT_4P,_T,_T,_T,_T,_Z,_Z,_Z,_Z,_Z,0,A,,,,,,
AFW360_HH,GNB,GW01,2021,POP_SH,_T,_T,_T,EMP_FORMAL_N,_T,_T,_T,_T,_Z,_Z,_Z,_Z,_Z,0.9,A,,,,,,
AFW360_HH,GNB,GW01,2021,POP_SH,_T,_T,_T,EMP_ISIC_G,_T,_T,_T,_T,_Z,_Z,_Z,_Z,_Z,0.08,A,,,,,,
AFW360_HH,GNB,GW01,2021,POP_SH,_T,_T,_T,EMP_ISIC_H,_T,_T,_T,_T,_Z,_Z,_Z,_Z,_Z,0.02,A,,,,,,
AFW360_HH,GNB,GW01,2021,POP_SH,_T,_T,_T,EMP_SECTOR_AGR,_T,_T,_T,_T,_Z,_Z,_Z,_Z,_Z,0.79,A,,,,,,
AFW360_HH,GNB,GW01,2021,POP_SH,_T,_T,_T,EMP_SECTOR_IND,_T,_T,_T,_T,_Z,_Z,_Z,_Z,_Z,0.07,A,,,,,,
AFW360_HH,GNB,GW01,2021,POP_SH,_T,_T,_T,EMP_SECTOR_SER,_T,_T,_T,_T,_Z,_Z,_Z,_Z,_Z,0.13,A,,,,,,
AFW360_HH,GNB,GW01,2021,POP_SH,_T,_T,_T,EMP_STATUS_EMPLOYED,_T,_T,_T,_T,_Z,_Z,_Z,_Z,_Z,0.8,A,,,,,,
AFW360_HH,GNB,GW01,2021,POP_SH,_T,_T,_T,EMP_TYPE_NONWAGE,_T,_T,_T,_T,_Z,_Z,_Z,_Z,_Z,0.91,A,,,,,,
AFW360_HH,GNB,GW01,2021,POP_SH,_T,_T,_T,EMP_TYPE_WAGE,_T,_T,_T,_T,_Z,_Z,_Z,_Z,_Z,0.09,A,,,,,,
AFW360_HH,GNB,GW01,2021,POV_HC,_T,_T,_T,_T,_T,_T,_T,_T,POVLINE_PL300,PPP_2021,_Z,_Z,_Z,0.5,A,,,,,,
AFW360_HH,GNB,GW01,2021,POV_HC,_T,_T,_T,_T,_T,_T,_T,_T,POVLINE_PL420,PPP_2021,_Z,_Z,_Z,0.75,A,,,,,,
AFW360_HH,GNB,GW01,2021,POV_NUM,_T,_T,_T,_T,_T,_T,_T,_T,POVLINE_PL300,PPP_2021,_Z,_Z,_Z,110000,A,,,,,,
AFW360_HH,GNB,GW01,2021,POV_NUM,_T,_T,_T,_T,_T,_T,_T,_T,POVLINE_PL420,PPP_2021,_Z,_Z,_Z,160000,A,,,,,,
AFW360_HH,GNB,GW01,2021,SHK_ANY,_Z,_Z,_T,_T,_T,_T,_T,_T,_Z,_Z,_Z,_Z,_Z,0.88,A,,,,,,
AFW360_HH,GNB,GW01,2021,SHK_COV_CONFLICT,_Z,_Z,_T,_T,_T,_T,_T,_T,_Z,_Z,_Z,_Z,_Z,0.07,A,,,,,,
AFW360_HH,GNB,GW01,2021,SHK_COV_ECON,_Z,_Z,_T,_T,_T,_T,_T,_T,_Z,_Z,_Z,_Z,_Z,0.61,A,,,,,,
AFW360_HH,GNB,GW01,2021,SHK_COV_NATURAL,_Z,_Z,_T,_T,_T,_T,_T,_T,_Z,_Z,_Z,_Z,_Z,0.42,A,,,,,,
AFW360_HH,GNB,GW01,2021,SHK_IDIO_ECON,_Z,_Z,_T,_T,_T,_T,_T,_T,_Z,_Z,_Z,_Z,_Z,0.25,A,,,,,,
AFW360_HH,GNB,GW01,2021,SP_HEALTH_COV,_T,_T,_T,_T,_T,_T,_T,_T,_Z,_Z,_Z,_Z,_Z,0,A,,,,,,
AFW360_HH,GNB,GW01,2021,SP_HEALTH_COV_HH,_Z,_Z,_T,_T,_T,_T,_T,_T,_Z,_Z,_Z,_Z,_Z,0,A,,,,,,
AFW360_HH,GNB,GW02,2021,AGR_CULTIVATES,_Z,_Z,_T,_T,_T,_T,_T,_T,_Z,_Z,_Z,_Z,_Z,0.75,A,,,,,,
AFW360_HH,GNB,GW02,2021,AGR_CULT_AREA,_Z,_Z,_T,_T,_T,_T,_T,_T,_Z,_Z,_Z,_Z,_Z,2.16,A,,,,,,
AFW360_HH,GNB,GW02,2021,AGR_LIVESTOCK_ANY,_Z,_Z,_T,_T,_T,_T,_T,_T,_Z,_Z,_Z,_Z,_Z,0.72,A,,,,,,
AFW360_HH,GNB,GW02,2021,AGR_TLU,_Z,_Z,_T,_T,_T,_T,_T,_T,_Z,_Z,_Z,_Z,_Z,1.08,A,,,,,,
AFW360_HH,GNB,GW02,2021,CONS_SH,_Z,_Z,_T,_T,_T,_T,_T,_T,COICOP_CP01,ACQ_OWNPROD,_Z,_Z,_Z,0.09,A,,,,,,
AFW360_HH,GNB,GW02,2021,CONS_SH,_Z,_Z,_T,_T,_T,_T,_T,_T,COICOP_CP01,ACQ_PURCH,_Z,_Z,_Z,0.29,A,,,,,,
AFW360_HH,GNB,GW02,2021,CONS_SH,_Z,_Z,_T,_T,_T,_T,_T,_T,COICOP_CP01,_Z,_Z,_Z,_Z,0.44,A,,,,,,
AFW360_HH,GNB,GW02,2021,CONS_SH,_Z,_Z,_T,_T,_T,_T,_T,_T,COICOP_CP02,_Z,_Z,_Z,_Z,0.01,A,,,,,,
AFW360_HH,GNB,GW02,2021,CONS_SH,_Z,_Z,_T,_T,_T,_T,_T,_T,COICOP_CP03,_Z,_Z,_Z,_Z,0.05,A,,,,,,
AFW360_HH,GNB,GW02,2021,CONS_SH,_Z,_Z,_T,_T,_T,_T,_T,_T,COICOP_CP04,_Z,_Z,_Z,_Z,0.14,A,,,,,,
AFW360_HH,GNB,GW02,2021,CONS_SH,_Z,_Z,_T,_T,_T,_T,_T,_T,COICOP_CP05,_Z,_Z,_Z,_Z,0.04,A,,,,,,
AFW360_HH,GNB,GW02,2021,CONS_SH,_Z,_Z,_T,_T,_T,_T,_T,_T,COICOP_CP06,_Z,_Z,_Z,_Z,0.03,A,,,,,,
AFW360_HH,GNB,GW02,2021,CONS_SH,_Z,_Z,_T,_T,_T,_T,_T,_T,COICOP_CP07,_Z,_Z,_Z,_Z,0.04,A,,,,,,
AFW360_HH,GNB,GW02,2021,CONS_SH,_Z,_Z,_T,_T,_T,_T,_T,_T,COICOP_CP08,_Z,_Z,_Z,_Z,0.08,A,,,,,,
AFW360_HH,GNB,GW02,2021,CONS_SH,_Z,_Z,_T,_T,_T,_T,_T,_T,COICOP_CP09,_Z,_Z,_Z,_Z,0,A,,,,,,
AFW360_HH,GNB,GW02,2021,CONS_SH,_Z,_Z,_T,_T,_T,_T,_T,_T,COICOP_CP10,_Z,_Z,_Z,_Z,0.04,A,,,,,,
AFW360_HH,GNB,GW02,2021,CONS_SH,_Z,_Z,_T,_T,_T,_T,_T,_T,COICOP_CP11,_Z,_Z,_Z,_Z,0.12,A,,,,,,
AFW360_HH,GNB,GW02,2021,CONS_SH,_Z,_Z,_T,_T,_T,_T,_T,_T,COICOP_CP12,_Z,_Z,_Z,_Z,0,A,,,,,,
AFW360_HH,GNB,GW02,2021,CONS_SH,_Z,_Z,_T,_T,_T,_T,_T,_T,COICOP_CP13,_Z,_Z,_Z,_Z,0.01,A,,,,,,
AFW360_HH,GNB,GW02,2021,EN_ASSET_AC,_Z,_Z,_T,_T,_T,_T,_T,_T,_Z,_Z,_Z,_Z,_Z,0,A,,,,,,
AFW360_HH,GNB,GW02,2021,EN_ASSET_COOKER,_Z,_Z,_T,_T,_T,_T,_T,_T,_Z,_Z,_Z,_Z,_Z,0.03,A,,,,,,
AFW360_HH,GNB,GW02,2021,EN_ASSET_FAN,_Z,_Z,_T,_T,_T,_T,_T,_T,_Z,_Z,_Z,_Z,_Z,0,A,,,,,,
AFW360_HH,GNB,GW02,2021,EN_ASSET_WATER_HEATER,_Z,_Z,_T,_T,_T,_T,_T,_T,_Z,_Z,_Z,_Z,_Z,0.02,A,,,,,,
AFW360_HH,GNB,GW02,2021,EN_COOK_BIOMASS,_Z,_Z,_T,_T,_T,_T,_T,_T,_Z,_Z,_Z,_Z,_Z,0.98,A,,,,,,
AFW360_HH,GNB,GW02,2021,EN_COOK_CLEAN,_Z,_Z,_T,_T,_T,_T,_T,_T,_Z,_Z,_Z,_Z,_Z,0.01,A,,,,,,
AFW360_HH,GNB,GW02,2021,EN_ELEC_ACCESS,_Z,_Z,_T,_T,_T,_T,_T,_T,_Z,_Z,_Z,_Z,_Z,0.1,A,,,,,,
AFW360_HH,GNB,GW02,2021,EN_ELEC_INFORMAL,_Z,_Z,_T,_T,_T,_T,_T,_T,_Z,_Z,_Z,_Z,_Z,0,A,,,,,,
AFW360_HH,GNB,GW02,2021,EN_ELEC_SPEND,_Z,_Z,_T,_T,_T,_T,_T,_T,_Z,_Z,_Z,_Z,_Z,10268.8,A,,,,,,
AFW360_HH,GNB,GW02,2021,EN_GRID_CONN,_Z,_Z,_T,_T,_T,_T,_T,_T,_Z,_Z,_Z,_Z,_Z,0.11,A,,,,,,
AFW360_HH,GNB,GW02,2021,EN_GRID_USE,_Z,_Z,_T,_T,_T,_T,_T,_T,_Z,_Z,_Z,_Z,_Z,0.13,A,,,,,,
AFW360_HH,GNB,GW02,2021,EN_LIGHT_IMPROVED,_Z,_Z,_T,_T,_T,_T,_T,_T,_Z,_Z,_Z,_Z,_Z,0.12,A,,,,,,
AFW360_HH,GNB,GW02,2021,EN_OFFGRID_USE,_Z,_Z,_T,_T,_T,_T,_T,_T,_Z,_Z,_Z,_Z,_Z,0.37,A,,,,,,
AFW360_HH,GNB,GW02,2021,EN_OUTAGE_ANY,_Z,_Z,_T,_T,_T,_T,_T,_T,_Z,_Z,_Z,_Z,_Z,0.15,A,,,,,,
AFW360_HH,GNB,GW02,2021,EN_OUTAGE_DAYS,_Z,_Z,_T,_T,_T,_T,_T,_T,_Z,_Z,_Z,_Z,_Z,1.18,A,,,,,,
AFW360_HH,GNB,GW02,2021,EN_OUTAGE_DUR_CODE,_Z,_Z,_T,_T,_T,_T,_T,_T,_Z,_Z,_Z,_Z,_Z,5,A,,,,,,
AFW360_HH,GNB,GW02,2021,EN_PREPAID_METER,_Z,_Z,_T,_T,_T,_T,_T,_T,_Z,_Z,_Z,_Z,_Z,0.61,A,,,,,,
AFW360_HH,GNB,GW02,2021,HE_ACCOUNTS,_Z,_Z,_T,_T,_T,_T,_T,_T,_Z,_Z,_Z,_Z,_Z,0,A,,,,,,
AFW360_HH,GNB,GW02,2021,HE_AGE,_Z,_Z,_T,_T,_T,_T,_T,_T,_Z,_Z,_Z,_Z,_Z,8.86,A,,,,,,
AFW360_HH,GNB,GW02,2021,HE_BUY_FIRMS,_Z,_Z,_T,_T,_T,_T,_T,_T,_Z,_Z,_Z,_Z,_Z,0.09,A,,,,,,
AFW360_HH,GNB,GW02,2021,HE_CAPITAL,_Z,_Z,_T,_T,_T,_T,_T,_T,_Z,_Z,_Z,_Z,_Z,16861.24,A,,,,,,
AFW360_HH,GNB,GW02,2021,HE_COSTS,_Z,_Z,_T,_T,_T,_T,_T,_T,_Z,_Z,_Z,_Z,_Z,3049.18,A,,,,,,
AFW360_HH,GNB,GW02,2021,HE_CREDIT_ANY,_Z,_Z,_T,_T,_T,_T,_T,_T,_Z,_Z,_Z,_Z,_Z,0.37,A,,,,,,
AFW360_HH,GNB,GW02,2021,HE_CREDIT_FORMAL,_Z,_Z,_T,_T,_T,_T,_T,_T,_Z,_Z,_Z,_Z,_Z,0.17,A,,,,,,
AFW360_HH,GNB,GW02,2021,HE_CREDIT_INFORMAL,_Z,_Z,_T,_T,_T,_T,_T,_T,_Z,_Z,_Z,_Z,_Z,0.2,A,,,,,,
AFW360_HH,GNB,GW02,2021,HE_ELEC,_Z,_Z,_T,_T,_T,_T,_T,_T,_Z,_Z,_Z,_Z,_Z,,O,,,,,,"LEGACY_EMPTY: empty cell in sheet 'ADM 1', column 'estimateBiombo'"
AFW360_HH,GNB,GW02,2021,HE_EMP_EXT_ANY,_Z,_Z,_T,_T,_T,_T,_T,_T,_Z,_Z,_Z,_Z,_Z,1,A,,,,,,LEGACY_SUSPECT: Implausible: share 1.00 while mean non-HH employees is 0.48.
AFW360_HH,GNB,GW02,2021,HE_EMP_HH_NUM,_Z,_Z,_T,_T,_T,_T,_T,_T,_Z,_Z,_Z,_Z,_Z,0,A,,,,,,
AFW360_HH,GNB,GW02,2021,HE_EMP_NONHH_NUM,_Z,_Z,_T,_T,_T,_T,_T,_T,_Z,_Z,_Z,_Z,_Z,0.41,A,,,,,,
AFW360_HH,GNB,GW02,2021,HE_EMP_NUM,_Z,_Z,_T,_T,_T,_T,_T,_T,_Z,_Z,_Z,_Z,_Z,0,A,,,,,,
AFW360_HH,GNB,GW02,2021,HE_HH_OWNER,_Z,_Z,_T,_T,_T,_T,_T,_T,_Z,_Z,_Z,_Z,_Z,0.38,A,,,,,,
AFW360_HH,GNB,GW02,2021,HE_HOME_BASED,_Z,_Z,_T,_T,_T,_T,_T,_T,_Z,_Z,_Z,_Z,_Z,0.48,A,,,,,,
AFW360_HH,GNB,GW02,2021,HE_PHONE,_Z,_Z,_T,_T,_T,_T,_T,_T,_Z,_Z,_Z,_Z,_Z,1,A,,,,,,
AFW360_HH,GNB,GW02,2021,HE_PREMISES_FORMAL,_Z,_Z,_T,_T,_T,_T,_T,_T,_Z,_Z,_Z,_Z,_Z,0,A,,,,,,
AFW360_HH,GNB,GW02,2021,HE_PROFIT,_Z,_Z,_T,_T,_T,_T,_T,_T,_Z,_Z,_Z,_Z,_Z,2053.97,A,,,,,,
AFW360_HH,GNB,GW02,2021,HE_RENT,_Z,_Z,_T,_T,_T,_T,_T,_T,_Z,_Z,_Z,_Z,_Z,,O,,,,,,"LEGACY_EMPTY: empty cell in sheet 'ADM 1', column 'estimateBiombo'"
AFW360_HH,GNB,GW02,2021,HE_REV_PER_WORKER,_Z,_Z,_T,_T,_T,_T,_T,_T,_Z,_Z,_Z,_Z,_Z,,O,,,,,,"LEGACY_EMPTY: empty cell in sheet 'ADM 1', column 'estimateBiombo'"
AFW360_HH,GNB,GW02,2021,HE_SELL_FIRMS,_Z,_Z,_T,_T,_T,_T,_T,_T,_Z,_Z,_Z,_Z,_Z,0.14,A,,,,,,
AFW360_HH,GNB,GW02,2021,HE_TAX_ID,_Z,_Z,_T,_T,_T,_T,_T,_T,_Z,_Z,_Z,_Z,_Z,0.1,A,,,,,,
AFW360_HH,GNB,GW02,2021,HE_WATER,_Z,_Z,_T,_T,_T,_T,_T,_T,_Z,_Z,_Z,_Z,_Z,,O,,,,,,"LEGACY_EMPTY: empty cell in sheet 'ADM 1', column 'estimateBiombo'"
AFW360_HH,GNB,GW02,2021,HOUS_FLOOR_DURABLE,_Z,_Z,_T,_T,_T,_T,_T,_T,_Z,_Z,_Z,_Z,_Z,0.46,A,,,,,,
AFW360_HH,GNB,GW02,2021,HOUS_ROOF_DURABLE,_Z,_Z,_T,_T,_T,_T,_T,_T,_Z,_Z,_Z,_Z,_Z,0.94,A,,,,,,
AFW360_HH,GNB,GW02,2021,HOUS_SANIT_IMPROVED,_Z,_Z,_T,_T,_T,_T,_T,_T,_Z,_Z,_Z,_Z,_Z,0.16,A,,,,,,
AFW360_HH,GNB,GW02,2021,HOUS_WALL_DURABLE,_Z,_Z,_T,_T,_T,_T,_T,_T,_Z,_Z,_Z,_Z,_Z,0.18,A,,,,,,
AFW360_HH,GNB,GW02,2021,HOUS_WATER_SAFE_DRY,_Z,_Z,_T,_T,_T,_T,_T,_T,_Z,_Z,_Z,_Z,_Z,0.59,A,,,,,,
AFW360_HH,GNB,GW02,2021,POP_HE_SH,_Z,_Z,_T,HEO_MSTAT_MARRIED,_T,_T,_T,_T,_Z,_Z,_Z,_Z,_Z,0.32,A,,,,,,
AFW360_HH,GNB,GW02,2021,POP_HE_SH,_Z,_Z,_T,HEO_SEX_F,_T,_T,_T,_T,_Z,_Z,_Z,_Z,_Z,0.48,A,,,,,,
AFW360_HH,GNB,GW02,2021,POP_HH_SH,_Z,_Z,_T,HE_COUNT_0,_T,_T,_T,_T,_Z,_Z,_Z,_Z,_Z,0.43,A,,,,,,
AFW360_HH,GNB,GW02,2021,POP_HH_SH,_Z,_Z,_T,HE_COUNT_1,_T,_T,_T,_T,_Z,_Z,_Z,_Z,_Z,0.47,A,,,,,,
AFW360_HH,GNB,GW02,2021,POP_HH_SH,_Z,_Z,_T,HE_COUNT_2,_T,_T,_T,_T,_Z,_Z,_Z,_Z,_Z,0.1,A,,,,,,
AFW360_HH,GNB,GW02,2021,POP_HH_SH,_Z,_Z,_T,HE_COUNT_3,_T,_T,_T,_T,_Z,_Z,_Z,_Z,_Z,0,A,,,,,,
AFW360_HH,GNB,GW02,2021,POP_HH_SH,_Z,_Z,_T,HE_COUNT_4P,_T,_T,_T,_T,_Z,_Z,_Z,_Z,_Z,0,A,,,,,,
AFW360_HH,GNB,GW02,2021,POP_SH,_T,_T,_T,EMP_FORMAL_N,_T,_T,_T,_T,_Z,_Z,_Z,_Z,_Z,0.75,A,,,,,,
AFW360_HH,GNB,GW02,2021,POP_SH,_T,_T,_T,EMP_ISIC_G,_T,_T,_T,_T,_Z,_Z,_Z,_Z,_Z,0.12,A,,,,,,
AFW360_HH,GNB,GW02,2021,POP_SH,_T,_T,_T,EMP_ISIC_H,_T,_T,_T,_T,_Z,_Z,_Z,_Z,_Z,0.03,A,,,,,,
AFW360_HH,GNB,GW02,2021,POP_SH,_T,_T,_T,EMP_SECTOR_AGR,_T,_T,_T,_T,_Z,_Z,_Z,_Z,_Z,0.67,A,,,,,,
AFW360_HH,GNB,GW02,2021,POP_SH,_T,_T,_T,EMP_SECTOR_IND,_T,_T,_T,_T,_Z,_Z,_Z,_Z,_Z,0.12,A,,,,,,
AFW360_HH,GNB,GW02,2021,POP_SH,_T,_T,_T,EMP_SECTOR_SER,_T,_T,_T,_T,_Z,_Z,_Z,_Z,_Z,0.21,A,,,,,,
AFW360_HH,GNB,GW02,2021,POP_SH,_T,_T,_T,EMP_STATUS_EMPLOYED,_T,_T,_T,_T,_Z,_Z,_Z,_Z,_Z,0.67,A,,,,,,
AFW360_HH,GNB,GW02,2021,POP_SH,_T,_T,_T,EMP_TYPE_NONWAGE,_T,_T,_T,_T,_Z,_Z,_Z,_Z,_Z,0.78,A,,,,,,
AFW360_HH,GNB,GW02,2021,POP_SH,_T,_T,_T,EMP_TYPE_WAGE,_T,_T,_T,_T,_Z,_Z,_Z,_Z,_Z,0.22,A,,,,,,
AFW360_HH,GNB,GW02,2021,POV_HC,_T,_T,_T,_T,_T,_T,_T,_T,POVLINE_PL300,PPP_2021,_Z,_Z,_Z,0.43,A,,,,,,
AFW360_HH,GNB,GW02,2021,POV_HC,_T,_T,_T,_T,_T,_T,_T,_T,POVLINE_PL420,PPP_2021,_Z,_Z,_Z,0.75,A,,,,,,
AFW360_HH,GNB,GW02,2021,POV_NUM,_T,_T,_T,_T,_T,_T,_T,_T,POVLINE_PL300,PPP_2021,_Z,_Z,_Z,40000,A,,,,,,
AFW360_HH,GNB,GW02,2021,POV_NUM,_T,_T,_T,_T,_T,_T,_T,_T,POVLINE_PL420,PPP_2021,_Z,_Z,_Z,70000,A,,,,,,
AFW360_HH,GNB,GW02,2021,SHK_ANY,_Z,_Z,_T,_T,_T,_T,_T,_T,_Z,_Z,_Z,_Z,_Z,0.81,A,,,,,,
AFW360_HH,GNB,GW02,2021,SHK_COV_CONFLICT,_Z,_Z,_T,_T,_T,_T,_T,_T,_Z,_Z,_Z,_Z,_Z,0.08,A,,,,,,
AFW360_HH,GNB,GW02,2021,SHK_COV_ECON,_Z,_Z,_T,_T,_T,_T,_T,_T,_Z,_Z,_Z,_Z,_Z,0.54,A,,,,,,
AFW360_HH,GNB,GW02,2021,SHK_COV_NATURAL,_Z,_Z,_T,_T,_T,_T,_T,_T,_Z,_Z,_Z,_Z,_Z,0.31,A,,,,,,
AFW360_HH,GNB,GW02,2021,SHK_IDIO_ECON,_Z,_Z,_T,_T,_T,_T,_T,_T,_Z,_Z,_Z,_Z,_Z,0.23,A,,,,,,
AFW360_HH,GNB,GW02,2021,SP_HEALTH_COV,_T,_T,_T,_T,_T,_T,_T,_T,_Z,_Z,_Z,_Z,_Z,0,A,,,,,,
AFW360_HH,GNB,GW02,2021,SP_HEALTH_COV_HH,_Z,_Z,_T,_T,_T,_T,_T,_T,_Z,_Z,_Z,_Z,_Z,0,A,,,,,,
AFW360_HH,GNB,GW03,2021,AGR_CULTIVATES,_Z,_Z,_T,_T,_T,_T,_T,_T,_Z,_Z,_Z,_Z,_Z,0.76,A,,,,,,
AFW360_HH,GNB,GW03,2021,AGR_CULT_AREA,_Z,_Z,_T,_T,_T,_T,_T,_T,_Z,_Z,_Z,_Z,_Z,2.01,A,,,,,,
AFW360_HH,GNB,GW03,2021,AGR_LIVESTOCK_ANY,_Z,_Z,_T,_T,_T,_T,_T,_T,_Z,_Z,_Z,_Z,_Z,0.79,A,,,,,,
AFW360_HH,GNB,GW03,2021,AGR_TLU,_Z,_Z,_T,_T,_T,_T,_T,_T,_Z,_Z,_Z,_Z,_Z,1.24,A,,,,,,
AFW360_HH,GNB,GW03,2021,CONS_SH,_Z,_Z,_T,_T,_T,_T,_T,_T,COICOP_CP01,ACQ_OWNPROD,_Z,_Z,_Z,0.17,A,,,,,,
AFW360_HH,GNB,GW03,2021,CONS_SH,_Z,_Z,_T,_T,_T,_T,_T,_T,COICOP_CP01,ACQ_PURCH,_Z,_Z,_Z,0.24,A,,,,,,
AFW360_HH,GNB,GW03,2021,CONS_SH,_Z,_Z,_T,_T,_T,_T,_T,_T,COICOP_CP01,_Z,_Z,_Z,_Z,0.49,A,,,,,,
AFW360_HH,GNB,GW03,2021,CONS_SH,_Z,_Z,_T,_T,_T,_T,_T,_T,COICOP_CP02,_Z,_Z,_Z,_Z,0.01,A,,,,,,
AFW360_HH,GNB,GW03,2021,CONS_SH,_Z,_Z,_T,_T,_T,_T,_T,_T,COICOP_CP03,_Z,_Z,_Z,_Z,0.05,A,,,,,,
AFW360_HH,GNB,GW03,2021,CONS_SH,_Z,_Z,_T,_T,_T,_T,_T,_T,COICOP_CP04,_Z,_Z,_Z,_Z,0.16,A,,,,,,
AFW360_HH,GNB,GW03,2021,CONS_SH,_Z,_Z,_T,_T,_T,_T,_T,_T,COICOP_CP05,_Z,_Z,_Z,_Z,0.04,A,,,,,,
AFW360_HH,GNB,GW03,2021,CONS_SH,_Z,_Z,_T,_T,_T,_T,_T,_T,COICOP_CP06,_Z,_Z,_Z,_Z,0.02,A,,,,,,
AFW360_HH,GNB,GW03,2021,CONS_SH,_Z,_Z,_T,_T,_T,_T,_T,_T,COICOP_CP07,_Z,_Z,_Z,_Z,0.03,A,,,,,,
AFW360_HH,GNB,GW03,2021,CONS_SH,_Z,_Z,_T,_T,_T,_T,_T,_T,COICOP_CP08,_Z,_Z,_Z,_Z,0.08,A,,,,,,
AFW360_HH,GNB,GW03,2021,CONS_SH,_Z,_Z,_T,_T,_T,_T,_T,_T,COICOP_CP09,_Z,_Z,_Z,_Z,0,A,,,,,,
AFW360_HH,GNB,GW03,2021,CONS_SH,_Z,_Z,_T,_T,_T,_T,_T,_T,COICOP_CP10,_Z,_Z,_Z,_Z,0.03,A,,,,,,
AFW360_HH,GNB,GW03,2021,CONS_SH,_Z,_Z,_T,_T,_T,_T,_T,_T,COICOP_CP11,_Z,_Z,_Z,_Z,0.07,A,,,,,,
AFW360_HH,GNB,GW03,2021,CONS_SH,_Z,_Z,_T,_T,_T,_T,_T,_T,COICOP_CP12,_Z,_Z,_Z,_Z,0,A,,,,,,
AFW360_HH,GNB,GW03,2021,CONS_SH,_Z,_Z,_T,_T,_T,_T,_T,_T,COICOP_CP13,_Z,_Z,_Z,_Z,0.01,A,,,,,,
AFW360_HH,GNB,GW03,2021,EN_ASSET_AC,_Z,_Z,_T,_T,_T,_T,_T,_T,_Z,_Z,_Z,_Z,_Z,0,A,,,,,,
AFW360_HH,GNB,GW03,2021,EN_ASSET_COOKER,_Z,_Z,_T,_T,_T,_T,_T,_T,_Z,_Z,_Z,_Z,_Z,0.01,A,,,,,,
AFW360_HH,GNB,GW03,2021,EN_ASSET_FAN,_Z,_Z,_T,_T,_T,_T,_T,_T,_Z,_Z,_Z,_Z,_Z,0,A,,,,,,
AFW360_HH,GNB,GW03,2021,EN_ASSET_WATER_HEATER,_Z,_Z,_T,_T,_T,_T,_T,_T,_Z,_Z,_Z,_Z,_Z,0.01,A,,,,,,
AFW360_HH,GNB,GW03,2021,EN_COOK_BIOMASS,_Z,_Z,_T,_T,_T,_T,_T,_T,_Z,_Z,_Z,_Z,_Z,1,A,,,,,,
AFW360_HH,GNB,GW03,2021,EN_COOK_CLEAN,_Z,_Z,_T,_T,_T,_T,_T,_T,_Z,_Z,_Z,_Z,_Z,0,A,,,,,,
AFW360_HH,GNB,GW03,2021,EN_ELEC_ACCESS,_Z,_Z,_T,_T,_T,_T,_T,_T,_Z,_Z,_Z,_Z,_Z,0.04,A,,,,,,
AFW360_HH,GNB,GW03,2021,EN_ELEC_INFORMAL,_Z,_Z,_T,_T,_T,_T,_T,_T,_Z,_Z,_Z,_Z,_Z,0,A,,,,,,
AFW360_HH,GNB,GW03,2021,EN_ELEC_SPEND,_Z,_Z,_T,_T,_T,_T,_T,_T,_Z,_Z,_Z,_Z,_Z,13767.11,A,,,,,,
AFW360_HH,GNB,GW03,2021,EN_GRID_CONN,_Z,_Z,_T,_T,_T,_T,_T,_T,_Z,_Z,_Z,_Z,_Z,0.06,A,,,,,,
AFW360_HH,GNB,GW03,2021,EN_GRID_USE,_Z,_Z,_T,_T,_T,_T,_T,_T,_Z,_Z,_Z,_Z,_Z,0.04,A,,,,,,
AFW360_HH,GNB,GW03,2021,EN_LIGHT_IMPROVED,_Z,_Z,_T,_T,_T,_T,_T,_T,_Z,_Z,_Z,_Z,_Z,0.05,A,,,,,,
AFW360_HH,GNB,GW03,2021,EN_OFFGRID_USE,_Z,_Z,_T,_T,_T,_T,_T,_T,_Z,_Z,_Z,_Z,_Z,0.44,A,,,,,,
AFW360_HH,GNB,GW03,2021,EN_OUTAGE_ANY,_Z,_Z,_T,_T,_T,_T,_T,_T,_Z,_Z,_Z,_Z,_Z,0.03,A,,,,,,
AFW360_HH,GNB,GW03,2021,EN_OUTAGE_DAYS,_Z,_Z,_T,_T,_T,_T,_T,_T,_Z,_Z,_Z,_Z,_Z,3,A,,,,,,
AFW360_HH,GNB,GW03,2021,EN_OUTAGE_DUR_CODE,_Z,_Z,_T,_T,_T,_T,_T,_T,_Z,_Z,_Z,_Z,_Z,2,A,,,,,,
AFW360_HH,GNB,GW03,2021,EN_PREPAID_METER,_Z,_Z,_T,_T,_T,_T,_T,_T,_Z,_Z,_Z,_Z,_Z,0,A,,,,,,
AFW360_HH,GNB,GW03,2021,HE_ACCOUNTS,_Z,_Z,_T,_T,_T,_T,_T,_T,_Z,_Z,_Z,_Z,_Z,0,A,,,,,,
AFW360_HH,GNB,GW03,2021,HE_AGE,_Z,_Z,_T,_T,_T,_T,_T,_T,_Z,_Z,_Z,_Z,_Z,5.79,A,,,,,,
AFW360_HH,GNB,GW03,2021,HE_BUY_FIRMS,_Z,_Z,_T,_T,_T,_T,_T,_T,_Z,_Z,_Z,_Z,_Z,0,A,,,,,,
AFW360_HH,GNB,GW03,2021,HE_CAPITAL,_Z,_Z,_T,_T,_T,_T,_T,_T,_Z,_Z,_Z,_Z,_Z,714.78,A,,,,,,
AFW360_HH,GNB,GW03,2021,HE_COSTS,_Z,_Z,_T,_T,_T,_T,_T,_T,_Z,_Z,_Z,_Z,_Z,1380.24,A,,,,,,
AFW360_HH,GNB,GW03,2021,HE_CREDIT_ANY,_Z,_Z,_T,_T,_T,_T,_T,_T,_Z,_Z,_Z,_Z,_Z,0.13,A,,,,,,
AFW360_HH,GNB,GW03,2021,HE_CREDIT_FORMAL,_Z,_Z,_T,_T,_T,_T,_T,_T,_Z,_Z,_Z,_Z,_Z,0,A,,,,,,
AFW360_HH,GNB,GW03,2021,HE_CREDIT_INFORMAL,_Z,_Z,_T,_T,_T,_T,_T,_T,_Z,_Z,_Z,_Z,_Z,0.13,A,,,,,,
AFW360_HH,GNB,GW03,2021,HE_ELEC,_Z,_Z,_T,_T,_T,_T,_T,_T,_Z,_Z,_Z,_Z,_Z,,O,,,,,,"LEGACY_EMPTY: empty cell in sheet 'ADM 1', column 'estimateBolama_Bijagós'"
AFW360_HH,GNB,GW03,2021,HE_EMP_EXT_ANY,_Z,_Z,_T,_T,_T,_T,_T,_T,_Z,_Z,_Z,_Z,_Z,1,A,,,,,,LEGACY_SUSPECT: Implausible: share 1.00 while mean non-HH employees is 0.48.
AFW360_HH,GNB,GW03,2021,HE_EMP_HH_NUM,_Z,_Z,_T,_T,_T,_T,_T,_T,_Z,_Z,_Z,_Z,_Z,0,A,,,,,,
AFW360_HH,GNB,GW03,2021,HE_EMP_NONHH_NUM,_Z,_Z,_T,_T,_T,_T,_T,_T,_Z,_Z,_Z,_Z,_Z,0.47,A,,,,,,
AFW360_HH,GNB,GW03,2021,HE_EMP_NUM,_Z,_Z,_T,_T,_T,_T,_T,_T,_Z,_Z,_Z,_Z,_Z,0,A,,,,,,
AFW360_HH,GNB,GW03,2021,HE_HH_OWNER,_Z,_Z,_T,_T,_T,_T,_T,_T,_Z,_Z,_Z,_Z,_Z,0.24,A,,,,,,
AFW360_HH,GNB,GW03,2021,HE_HOME_BASED,_Z,_Z,_T,_T,_T,_T,_T,_T,_Z,_Z,_Z,_Z,_Z,0.36,A,,,,,,
AFW360_HH,GNB,GW03,2021,HE_PHONE,_Z,_Z,_T,_T,_T,_T,_T,_T,_Z,_Z,_Z,_Z,_Z,1,A,,,,,,
AFW360_HH,GNB,GW03,2021,HE_PREMISES_FORMAL,_Z,_Z,_T,_T,_T,_T,_T,_T,_Z,_Z,_Z,_Z,_Z,0,A,,,,,,
AFW360_HH,GNB,GW03,2021,HE_PROFIT,_Z,_Z,_T,_T,_T,_T,_T,_T,_Z,_Z,_Z,_Z,_Z,1217.03,A,,,,,,
AFW360_HH,GNB,GW03,2021,HE_RENT,_Z,_Z,_T,_T,_T,_T,_T,_T,_Z,_Z,_Z,_Z,_Z,,O,,,,,,"LEGACY_EMPTY: empty cell in sheet 'ADM 1', column 'estimateBolama_Bijagós'"
AFW360_HH,GNB,GW03,2021,HE_REV_PER_WORKER,_Z,_Z,_T,_T,_T,_T,_T,_T,_Z,_Z,_Z,_Z,_Z,,O,,,,,,"LEGACY_EMPTY: empty cell in sheet 'ADM 1', column 'estimateBolama_Bijagós'"
AFW360_HH,GNB,GW03,2021,HE_SELL_FIRMS,_Z,_Z,_T,_T,_T,_T,_T,_T,_Z,_Z,_Z,_Z,_Z,0.06,A,,,,,,
AFW360_HH,GNB,GW03,2021,HE_TAX_ID,_Z,_Z,_T,_T,_T,_T,_T,_T,_Z,_Z,_Z,_Z,_Z,0,A,,,,,,
AFW360_HH,GNB,GW03,2021,HE_WATER,_Z,_Z,_T,_T,_T,_T,_T,_T,_Z,_Z,_Z,_Z,_Z,,O,,,,,,"LEGACY_EMPTY: empty cell in sheet 'ADM 1', column 'estimateBolama_Bijagós'"
AFW360_HH,GNB,GW03,2021,HOUS_FLOOR_DURABLE,_Z,_Z,_T,_T,_T,_T,_T,_T,_Z,_Z,_Z,_Z,_Z,0.31,A,,,,,,
AFW360_HH,GNB,GW03,2021,HOUS_ROOF_DURABLE,_Z,_Z,_T,_T,_T,_T,_T,_T,_Z,_Z,_Z,_Z,_Z,0.56,A,,,,,,
AFW360_HH,GNB,GW03,2021,HOUS_SANIT_IMPROVED,_Z,_Z,_T,_T,_T,_T,_T,_T,_Z,_Z,_Z,_Z,_Z,0.1,A,,,,,,
AFW360_HH,GNB,GW03,2021,HOUS_WALL_DURABLE,_Z,_Z,_T,_T,_T,_T,_T,_T,_Z,_Z,_Z,_Z,_Z,0.23,A,,,,,,
AFW360_HH,GNB,GW03,2021,HOUS_WATER_SAFE_DRY,_Z,_Z,_T,_T,_T,_T,_T,_T,_Z,_Z,_Z,_Z,_Z,0.58,A,,,,,,
AFW360_HH,GNB,GW03,2021,POP_HE_SH,_Z,_Z,_T,HEO_MSTAT_MARRIED,_T,_T,_T,_T,_Z,_Z,_Z,_Z,_Z,0.28,A,,,,,,
AFW360_HH,GNB,GW03,2021,POP_HE_SH,_Z,_Z,_T,HEO_SEX_F,_T,_T,_T,_T,_Z,_Z,_Z,_Z,_Z,0.61,A,,,,,,
AFW360_HH,GNB,GW03,2021,POP_HH_SH,_Z,_Z,_T,HE_COUNT_0,_T,_T,_T,_T,_Z,_Z,_Z,_Z,_Z,0.55,A,,,,,,
AFW360_HH,GNB,GW03,2021,POP_HH_SH,_Z,_Z,_T,HE_COUNT_1,_T,_T,_T,_T,_Z,_Z,_Z,_Z,_Z,0.39,A,,,,,,
AFW360_HH,GNB,GW03,2021,POP_HH_SH,_Z,_Z,_T,HE_COUNT_2,_T,_T,_T,_T,_Z,_Z,_Z,_Z,_Z,0.06,A,,,,,,
AFW360_HH,GNB,GW03,2021,POP_HH_SH,_Z,_Z,_T,HE_COUNT_3,_T,_T,_T,_T,_Z,_Z,_Z,_Z,_Z,0,A,,,,,,
AFW360_HH,GNB,GW03,2021,POP_HH_SH,_Z,_Z,_T,HE_COUNT_4P,_T,_T,_T,_T,_Z,_Z,_Z,_Z,_Z,0,A,,,,,,
AFW360_HH,GNB,GW03,2021,POP_SH,_T,_T,_T,EMP_FORMAL_N,_T,_T,_T,_T,_Z,_Z,_Z,_Z,_Z,0.78,A,,,,,,
AFW360_HH,GNB,GW03,2021,POP_SH,_T,_T,_T,EMP_ISIC_G,_T,_T,_T,_T,_Z,_Z,_Z,_Z,_Z,0.08,A,,,,,,
AFW360_HH,GNB,GW03,2021,POP_SH,_T,_T,_T,EMP_ISIC_H,_T,_T,_T,_T,_Z,_Z,_Z,_Z,_Z,0.01,A,,,,,,
AFW360_HH,GNB,GW03,2021,POP_SH,_T,_T,_T,EMP_SECTOR_AGR,_T,_T,_T,_T,_Z,_Z,_Z,_Z,_Z,0.77,A,,,,,,
AFW360_HH,GNB,GW03,2021,POP_SH,_T,_T,_T,EMP_SECTOR_IND,_T,_T,_T,_T,_Z,_Z,_Z,_Z,_Z,0.06,A,,,,,,
AFW360_HH,GNB,GW03,2021,POP_SH,_T,_T,_T,EMP_SECTOR_SER,_T,_T,_T,_T,_Z,_Z,_Z,_Z,_Z,0.17,A,,,,,,
AFW360_HH,GNB,GW03,2021,POP_SH,_T,_T,_T,EMP_STATUS_EMPLOYED,_T,_T,_T,_T,_Z,_Z,_Z,_Z,_Z,0.69,A,,,,,,
AFW360_HH,GNB,GW03,2021,POP_SH,_T,_T,_T,EMP_TYPE_NONWAGE,_T,_T,_T,_T,_Z,_Z,_Z,_Z,_Z,0.8,A,,,,,,
AFW360_HH,GNB,GW03,2021,POP_SH,_T,_T,_T,EMP_TYPE_WAGE,_T,_T,_T,_T,_Z,_Z,_Z,_Z,_Z,0.2,A,,,,,,
AFW360_HH,GNB,GW03,2021,POV_HC,_T,_T,_T,_T,_T,_T,_T,_T,POVLINE_PL300,PPP_2021,_Z,_Z,_Z,0.5,A,,,,,,
AFW360_HH,GNB,GW03,2021,POV_HC,_T,_T,_T,_T,_T,_T,_T,_T,POVLINE_PL420,PPP_2021,_Z,_Z,_Z,0.72,A,,,,,,
AFW360_HH,GNB,GW03,2021,POV_NUM,_T,_T,_T,_T,_T,_T,_T,_T,POVLINE_PL300,PPP_2021,_Z,_Z,_Z,20000,A,,,,,,
AFW360_HH,GNB,GW03,2021,POV_NUM,_T,_T,_T,_T,_T,_T,_T,_T,POVLINE_PL420,PPP_2021,_Z,_Z,_Z,30000,A,,,,,,
AFW360_HH,GNB,GW03,2021,SHK_ANY,_Z,_Z,_T,_T,_T,_T,_T,_T,_Z,_Z,_Z,_Z,_Z,0.79,A,,,,,,
AFW360_HH,GNB,GW03,2021,SHK_COV_CONFLICT,_Z,_Z,_T,_T,_T,_T,_T,_T,_Z,_Z,_Z,_Z,_Z,0.02,A,,,,,,
AFW360_HH,GNB,GW03,2021,SHK_COV_ECON,_Z,_Z,_T,_T,_T,_T,_T,_T,_Z,_Z,_Z,_Z,_Z,0.44,A,,,,,,
AFW360_HH,GNB,GW03,2021,SHK_COV_NATURAL,_Z,_Z,_T,_T,_T,_T,_T,_T,_Z,_Z,_Z,_Z,_Z,0.22,A,,,,,,
AFW360_HH,GNB,GW03,2021,SHK_IDIO_ECON,_Z,_Z,_T,_T,_T,_T,_T,_T,_Z,_Z,_Z,_Z,_Z,0.24,A,,,,,,
AFW360_HH,GNB,GW03,2021,SP_HEALTH_COV,_T,_T,_T,_T,_T,_T,_T,_T,_Z,_Z,_Z,_Z,_Z,0,A,,,,,,
AFW360_HH,GNB,GW03,2021,SP_HEALTH_COV_HH,_Z,_Z,_T,_T,_T,_T,_T,_T,_Z,_Z,_Z,_Z,_Z,0,A,,,,,,
AFW360_HH,GNB,GW04,2021,AGR_CULTIVATES,_Z,_Z,_T,_T,_T,_T,_T,_T,_Z,_Z,_Z,_Z,_Z,0.86,A,,,,,,
AFW360_HH,GNB,GW04,2021,AGR_CULT_AREA,_Z,_Z,_T,_T,_T,_T,_T,_T,_Z,_Z,_Z,_Z,_Z,14.88,A,,,,,,
AFW360_HH,GNB,GW04,2021,AGR_LIVESTOCK_ANY,_Z,_Z,_T,_T,_T,_T,_T,_T,_Z,_Z,_Z,_Z,_Z,0.84,A,,,,,,
AFW360_HH,GNB,GW04,2021,AGR_TLU,_Z,_Z,_T,_T,_T,_T,_T,_T,_Z,_Z,_Z,_Z,_Z,1.82,A,,,,,,
AFW360_HH,GNB,GW04,2021,CONS_SH,_Z,_Z,_T,_T,_T,_T,_T,_T,COICOP_CP01,ACQ_OWNPROD,_Z,_Z,_Z,0.1,A,,,,,,
AFW360_HH,GNB,GW04,2021,CONS_SH,_Z,_Z,_T,_T,_T,_T,_T,_T,COICOP_CP01,ACQ_PURCH,_Z,_Z,_Z,0.27,A,,,,,,
AFW360_HH,GNB,GW04,2021,CONS_SH,_Z,_Z,_T,_T,_T,_T,_T,_T,COICOP_CP01,_Z,_Z,_Z,_Z,0.41,A,,,,,,
AFW360_HH,GNB,GW04,2021,CONS_SH,_Z,_Z,_T,_T,_T,_T,_T,_T,COICOP_CP02,_Z,_Z,_Z,_Z,0.01,A,,,,,,
AFW360_HH,GNB,GW04,2021,CONS_SH,_Z,_Z,_T,_T,_T,_T,_T,_T,COICOP_CP03,_Z,_Z,_Z,_Z,0.06,A,,,,,,
AFW360_HH,GNB,GW04,2021,CONS_SH,_Z,_Z,_T,_T,_T,_T,_T,_T,COICOP_CP04,_Z,_Z,_Z,_Z,0.14,A,,,,,,
AFW360_HH,GNB,GW04,2021,CONS_SH,_Z,_Z,_T,_T,_T,_T,_T,_T,COICOP_CP05,_Z,_Z,_Z,_Z,0.04,A,,,,,,
AFW360_HH,GNB,GW04,2021,CONS_SH,_Z,_Z,_T,_T,_T,_T,_T,_T,COICOP_CP06,_Z,_Z,_Z,_Z,0.03,A,,,,,,
AFW360_HH,GNB,GW04,2021,CONS_SH,_Z,_Z,_T,_T,_T,_T,_T,_T,COICOP_CP07,_Z,_Z,_Z,_Z,0.04,A,,,,,,
AFW360_HH,GNB,GW04,2021,CONS_SH,_Z,_Z,_T,_T,_T,_T,_T,_T,COICOP_CP08,_Z,_Z,_Z,_Z,0.08,A,,,,,,
AFW360_HH,GNB,GW04,2021,CONS_SH,_Z,_Z,_T,_T,_T,_T,_T,_T,COICOP_CP09,_Z,_Z,_Z,_Z,0,A,,,,,,
AFW360_HH,GNB,GW04,2021,CONS_SH,_Z,_Z,_T,_T,_T,_T,_T,_T,COICOP_CP10,_Z,_Z,_Z,_Z,0.03,A,,,,,,
AFW360_HH,GNB,GW04,2021,CONS_SH,_Z,_Z,_T,_T,_T,_T,_T,_T,COICOP_CP11,_Z,_Z,_Z,_Z,0.13,A,,,,,,
AFW360_HH,GNB,GW04,2021,CONS_SH,_Z,_Z,_T,_T,_T,_T,_T,_T,COICOP_CP12,_Z,_Z,_Z,_Z,0,A,,,,,,
AFW360_HH,GNB,GW04,2021,CONS_SH,_Z,_Z,_T,_T,_T,_T,_T,_T,COICOP_CP13,_Z,_Z,_Z,_Z,0.02,A,,,,,,
AFW360_HH,GNB,GW04,2021,EN_ASSET_AC,_Z,_Z,_T,_T,_T,_T,_T,_T,_Z,_Z,_Z,_Z,_Z,0,A,,,,,,
AFW360_HH,GNB,GW04,2021,EN_ASSET_COOKER,_Z,_Z,_T,_T,_T,_T,_T,_T,_Z,_Z,_Z,_Z,_Z,0.01,A,,,,,,
AFW360_HH,GNB,GW04,2021,EN_ASSET_FAN,_Z,_Z,_T,_T,_T,_T,_T,_T,_Z,_Z,_Z,_Z,_Z,0.01,A,,,,,,
AFW360_HH,GNB,GW04,2021,EN_ASSET_WATER_HEATER,_Z,_Z,_T,_T,_T,_T,_T,_T,_Z,_Z,_Z,_Z,_Z,0,A,,,,,,
AFW360_HH,GNB,GW04,2021,EN_COOK_BIOMASS,_Z,_Z,_T,_T,_T,_T,_T,_T,_Z,_Z,_Z,_Z,_Z,0.99,A,,,,,,
AFW360_HH,GNB,GW04,2021,EN_COOK_CLEAN,_Z,_Z,_T,_T,_T,_T,_T,_T,_Z,_Z,_Z,_Z,_Z,0.01,A,,,,,,
AFW360_HH,GNB,GW04,2021,EN_ELEC_ACCESS,_Z,_Z,_T,_T,_T,_T,_T,_T,_Z,_Z,_Z,_Z,_Z,0.06,A,,,,,,
AFW360_HH,GNB,GW04,2021,EN_ELEC_INFORMAL,_Z,_Z,_T,_T,_T,_T,_T,_T,_Z,_Z,_Z,_Z,_Z,0,A,,,,,,
AFW360_HH,GNB,GW04,2021,EN_ELEC_SPEND,_Z,_Z,_T,_T,_T,_T,_T,_T,_Z,_Z,_Z,_Z,_Z,24717.16,A,,,,,,
AFW360_HH,GNB,GW04,2021,EN_GRID_CONN,_Z,_Z,_T,_T,_T,_T,_T,_T,_Z,_Z,_Z,_Z,_Z,0.09,A,,,,,,
AFW360_HH,GNB,GW04,2021,EN_GRID_USE,_Z,_Z,_T,_T,_T,_T,_T,_T,_Z,_Z,_Z,_Z,_Z,0.05,A,,,,,,
AFW360_HH,GNB,GW04,2021,EN_LIGHT_IMPROVED,_Z,_Z,_T,_T,_T,_T,_T,_T,_Z,_Z,_Z,_Z,_Z,0.08,A,,,,,,
AFW360_HH,GNB,GW04,2021,EN_OFFGRID_USE,_Z,_Z,_T,_T,_T,_T,_T,_T,_Z,_Z,_Z,_Z,_Z,0.54,A,,,,,,
AFW360_HH,GNB,GW04,2021,EN_OUTAGE_ANY,_Z,_Z,_T,_T,_T,_T,_T,_T,_Z,_Z,_Z,_Z,_Z,0.57,A,,,,,,
AFW360_HH,GNB,GW04,2021,EN_OUTAGE_DAYS,_Z,_Z,_T,_T,_T,_T,_T,_T,_Z,_Z,_Z,_Z,_Z,3.83,A,,,,,,
AFW360_HH,GNB,GW04,2021,EN_OUTAGE_DUR_CODE,_Z,_Z,_T,_T,_T,_T,_T,_T,_Z,_Z,_Z,_Z,_Z,3.6,A,,,,,,
AFW360_HH,GNB,GW04,2021,EN_PREPAID_METER,_Z,_Z,_T,_T,_T,_T,_T,_T,_Z,_Z,_Z,_Z,_Z,0.19,A,,,,,,
AFW360_HH,GNB,GW04,2021,HE_ACCOUNTS,_Z,_Z,_T,_T,_T,_T,_T,_T,_Z,_Z,_Z,_Z,_Z,0,A,,,,,,
AFW360_HH,GNB,GW04,2021,HE_AGE,_Z,_Z,_T,_T,_T,_T,_T,_T,_Z,_Z,_Z,_Z,_Z,7.7,A,,,,,,
AFW360_HH,GNB,GW04,2021,HE_BUY_FIRMS,_Z,_Z,_T,_T,_T,_T,_T,_T,_Z,_Z,_Z,_Z,_Z,0.22,A,,,,,,
AFW360_HH,GNB,GW04,2021,HE_CAPITAL,_Z,_Z,_T,_T,_T,_T,_T,_T,_Z,_Z,_Z,_Z,_Z,20916.58,A,,,,,,
AFW360_HH,GNB,GW04,2021,HE_COSTS,_Z,_Z,_T,_T,_T,_T,_T,_T,_Z,_Z,_Z,_Z,_Z,2723,A,,,,,,
AFW360_HH,GNB,GW04,2021,HE_CREDIT_ANY,_Z,_Z,_T,_T,_T,_T,_T,_T,_Z,_Z,_Z,_Z,_Z,0.36,A,,,,,,
AFW360_HH,GNB,GW04,2021,HE_CREDIT_FORMAL,_Z,_Z,_T,_T,_T,_T,_T,_T,_Z,_Z,_Z,_Z,_Z,0.03,A,,,,,,
AFW360_HH,GNB,GW04,2021,HE_CREDIT_INFORMAL,_Z,_Z,_T,_T,_T,_T,_T,_T,_Z,_Z,_Z,_Z,_Z,0.33,A,,,,,,
AFW360_HH,GNB,GW04,2021,HE_ELEC,_Z,_Z,_T,_T,_T,_T,_T,_T,_Z,_Z,_Z,_Z,_Z,0,A,,,,,,
AFW360_HH,GNB,GW04,2021,HE_EMP_EXT_ANY,_Z,_Z,_T,_T,_T,_T,_T,_T,_Z,_Z,_Z,_Z,_Z,1,A,,,,,,LEGACY_SUSPECT: Implausible: share 1.00 while mean non-HH employees is 0.48.
AFW360_HH,GNB,GW04,2021,HE_EMP_HH_NUM,_Z,_Z,_T,_T,_T,_T,_T,_T,_Z,_Z,_Z,_Z,_Z,0,A,,,,,,
AFW360_HH,GNB,GW04,2021,HE_EMP_NONHH_NUM,_Z,_Z,_T,_T,_T,_T,_T,_T,_Z,_Z,_Z,_Z,_Z,0.32,A,,,,,,
AFW360_HH,GNB,GW04,2021,HE_EMP_NUM,_Z,_Z,_T,_T,_T,_T,_T,_T,_Z,_Z,_Z,_Z,_Z,0.05,A,,,,,,
AFW360_HH,GNB,GW04,2021,HE_HH_OWNER,_Z,_Z,_T,_T,_T,_T,_T,_T,_Z,_Z,_Z,_Z,_Z,0.32,A,,,,,,
AFW360_HH,GNB,GW04,2021,HE_HOME_BASED,_Z,_Z,_T,_T,_T,_T,_T,_T,_Z,_Z,_Z,_Z,_Z,0.54,A,,,,,,
AFW360_HH,GNB,GW04,2021,HE_PHONE,_Z,_Z,_T,_T,_T,_T,_T,_T,_Z,_Z,_Z,_Z,_Z,1,A,,,,,,
AFW360_HH,GNB,GW04,2021,HE_PREMISES_FORMAL,_Z,_Z,_T,_T,_T,_T,_T,_T,_Z,_Z,_Z,_Z,_Z,0.05,A,,,,,,
AFW360_HH,GNB,GW04,2021,HE_PROFIT,_Z,_Z,_T,_T,_T,_T,_T,_T,_Z,_Z,_Z,_Z,_Z,2674.39,A,,,,,,
AFW360_HH,GNB,GW04,2021,HE_RENT,_Z,_Z,_T,_T,_T,_T,_T,_T,_Z,_Z,_Z,_Z,_Z,1,A,,,,,,
AFW360_HH,GNB,GW04,2021,HE_REV_PER_WORKER,_Z,_Z,_T,_T,_T,_T,_T,_T,_Z,_Z,_Z,_Z,_Z,650000,A,,,,,,
AFW360_HH,GNB,GW04,2021,HE_SELL_FIRMS,_Z,_Z,_T,_T,_T,_T,_T,_T,_Z,_Z,_Z,_Z,_Z,0.16,A,,,,,,
AFW360_HH,GNB,GW04,2021,HE_TAX_ID,_Z,_Z,_T,_T,_T,_T,_T,_T,_Z,_Z,_Z,_Z,_Z,0.08,A,,,,,,
AFW360_HH,GNB,GW04,2021,HE_WATER,_Z,_Z,_T,_T,_T,_T,_T,_T,_Z,_Z,_Z,_Z,_Z,0,A,,,,,,
AFW360_HH,GNB,GW04,2021,HOUS_FLOOR_DURABLE,_Z,_Z,_T,_T,_T,_T,_T,_T,_Z,_Z,_Z,_Z,_Z,0.47,A,,,,,,
AFW360_HH,GNB,GW04,2021,HOUS_ROOF_DURABLE,_Z,_Z,_T,_T,_T,_T,_T,_T,_Z,_Z,_Z,_Z,_Z,0.94,A,,,,,,
AFW360_HH,GNB,GW04,2021,HOUS_SANIT_IMPROVED,_Z,_Z,_T,_T,_T,_T,_T,_T,_Z,_Z,_Z,_Z,_Z,0.2,A,,,,,,
AFW360_HH,GNB,GW04,2021,HOUS_WALL_DURABLE,_Z,_Z,_T,_T,_T,_T,_T,_T,_Z,_Z,_Z,_Z,_Z,0.26,A,,,,,,
AFW360_HH,GNB,GW04,2021,HOUS_WATER_SAFE_DRY,_Z,_Z,_T,_T,_T,_T,_T,_T,_Z,_Z,_Z,_Z,_Z,0.75,A,,,,,,
AFW360_HH,GNB,GW04,2021,POP_HE_SH,_Z,_Z,_T,HEO_MSTAT_MARRIED,_T,_T,_T,_T,_Z,_Z,_Z,_Z,_Z,0.24,A,,,,,,
AFW360_HH,GNB,GW04,2021,POP_HE_SH,_Z,_Z,_T,HEO_SEX_F,_T,_T,_T,_T,_Z,_Z,_Z,_Z,_Z,0.71,A,,,,,,
AFW360_HH,GNB,GW04,2021,POP_HH_SH,_Z,_Z,_T,HE_COUNT_0,_T,_T,_T,_T,_Z,_Z,_Z,_Z,_Z,0.46,A,,,,,,
AFW360_HH,GNB,GW04,2021,POP_HH_SH,_Z,_Z,_T,HE_COUNT_1,_T,_T,_T,_T,_Z,_Z,_Z,_Z,_Z,0.46,A,,,,,,
AFW360_HH,GNB,GW04,2021,POP_HH_SH,_Z,_Z,_T,HE_COUNT_2,_T,_T,_T,_T,_Z,_Z,_Z,_Z,_Z,0.09,A,,,,,,
AFW360_HH,GNB,GW04,2021,POP_HH_SH,_Z,_Z,_T,HE_COUNT_3,_T,_T,_T,_T,_Z,_Z,_Z,_Z,_Z,0,A,,,,,,
AFW360_HH,GNB,GW04,2021,POP_HH_SH,_Z,_Z,_T,HE_COUNT_4P,_T,_T,_T,_T,_Z,_Z,_Z,_Z,_Z,0,A,,,,,,
AFW360_HH,GNB,GW04,2021,POP_SH,_T,_T,_T,EMP_FORMAL_N,_T,_T,_T,_T,_Z,_Z,_Z,_Z,_Z,0.8,A,,,,,,
AFW360_HH,GNB,GW04,2021,POP_SH,_T,_T,_T,EMP_ISIC_G,_T,_T,_T,_T,_Z,_Z,_Z,_Z,_Z,0.09,A,,,,,,
AFW360_HH,GNB,GW04,2021,POP_SH,_T,_T,_T,EMP_ISIC_H,_T,_T,_T,_T,_Z,_Z,_Z,_Z,_Z,0.03,A,,,,,,
AFW360_HH,GNB,GW04,2021,POP_SH,_T,_T,_T,EMP_SECTOR_AGR,_T,_T,_T,_T,_Z,_Z,_Z,_Z,_Z,0.74,A,,,,,,
AFW360_HH,GNB,GW04,2021,POP_SH,_T,_T,_T,EMP_SECTOR_IND,_T,_T,_T,_T,_Z,_Z,_Z,_Z,_Z,0.08,A,,,,,,
AFW360_HH,GNB,GW04,2021,POP_SH,_T,_T,_T,EMP_SECTOR_SER,_T,_T,_T,_T,_Z,_Z,_Z,_Z,_Z,0.18,A,,,,,,
AFW360_HH,GNB,GW04,2021,POP_SH,_T,_T,_T,EMP_STATUS_EMPLOYED,_T,_T,_T,_T,_Z,_Z,_Z,_Z,_Z,0.72,A,,,,,,
AFW360_HH,GNB,GW04,2021,POP_SH,_T,_T,_T,EMP_TYPE_NONWAGE,_T,_T,_T,_T,_Z,_Z,_Z,_Z,_Z,0.83,A,,,,,,
AFW360_HH,GNB,GW04,2021,POP_SH,_T,_T,_T,EMP_TYPE_WAGE,_T,_T,_T,_T,_Z,_Z,_Z,_Z,_Z,0.17,A,,,,,,
AFW360_HH,GNB,GW04,2021,POV_HC,_T,_T,_T,_T,_T,_T,_T,_T,POVLINE_PL300,PPP_2021,_Z,_Z,_Z,0.41,A,,,,,,
AFW360_HH,GNB,GW04,2021,POV_HC,_T,_T,_T,_T,_T,_T,_T,_T,POVLINE_PL420,PPP_2021,_Z,_Z,_Z,0.69,A,,,,,,
AFW360_HH,GNB,GW04,2021,POV_NUM,_T,_T,_T,_T,_T,_T,_T,_T,POVLINE_PL300,PPP_2021,_Z,_Z,_Z,90000,A,,,,,,
AFW360_HH,GNB,GW04,2021,POV_NUM,_T,_T,_T,_T,_T,_T,_T,_T,POVLINE_PL420,PPP_2021,_Z,_Z,_Z,150000,A,,,,,,
AFW360_HH,GNB,GW04,2021,SHK_ANY,_Z,_Z,_T,_T,_T,_T,_T,_T,_Z,_Z,_Z,_Z,_Z,0.87,A,,,,,,
AFW360_HH,GNB,GW04,2021,SHK_COV_CONFLICT,_Z,_Z,_T,_T,_T,_T,_T,_T,_Z,_Z,_Z,_Z,_Z,0.06,A,,,,,,
AFW360_HH,GNB,GW04,2021,SHK_COV_ECON,_Z,_Z,_T,_T,_T,_T,_T,_T,_Z,_Z,_Z,_Z,_Z,0.66,A,,,,,,
AFW360_HH,GNB,GW04,2021,SHK_COV_NATURAL,_Z,_Z,_T,_T,_T,_T,_T,_T,_Z,_Z,_Z,_Z,_Z,0.47,A,,,,,,
AFW360_HH,GNB,GW04,2021,SHK_IDIO_ECON,_Z,_Z,_T,_T,_T,_T,_T,_T,_Z,_Z,_Z,_Z,_Z,0.28,A,,,,,,
AFW360_HH,GNB,GW04,2021,SP_HEALTH_COV,_T,_T,_T,_T,_T,_T,_T,_T,_Z,_Z,_Z,_Z,_Z,0,A,,,,,,
AFW360_HH,GNB,GW04,2021,SP_HEALTH_COV_HH,_Z,_Z,_T,_T,_T,_T,_T,_T,_Z,_Z,_Z,_Z,_Z,0,A,,,,,,
AFW360_HH,GNB,GW05,2021,AGR_CULTIVATES,_Z,_Z,_T,_T,_T,_T,_T,_T,_Z,_Z,_Z,_Z,_Z,0.85,A,,,,,,
AFW360_HH,GNB,GW05,2021,AGR_CULT_AREA,_Z,_Z,_T,_T,_T,_T,_T,_T,_Z,_Z,_Z,_Z,_Z,2.19,A,,,,,,
AFW360_HH,GNB,GW05,2021,AGR_LIVESTOCK_ANY,_Z,_Z,_T,_T,_T,_T,_T,_T,_Z,_Z,_Z,_Z,_Z,0.8,A,,,,,,
AFW360_HH,GNB,GW05,2021,AGR_TLU,_Z,_Z,_T,_T,_T,_T,_T,_T,_Z,_Z,_Z,_Z,_Z,4.63,A,,,,,,
AFW360_HH,GNB,GW05,2021,CONS_SH,_Z,_Z,_T,_T,_T,_T,_T,_T,COICOP_CP01,ACQ_OWNPROD,_Z,_Z,_Z,0.13,A,,,,,,
AFW360_HH,GNB,GW05,2021,CONS_SH,_Z,_Z,_T,_T,_T,_T,_T,_T,COICOP_CP01,ACQ_PURCH,_Z,_Z,_Z,0.29,A,,,,,,
AFW360_HH,GNB,GW05,2021,CONS_SH,_Z,_Z,_T,_T,_T,_T,_T,_T,COICOP_CP01,_Z,_Z,_Z,_Z,0.45,A,,,,,,
AFW360_HH,GNB,GW05,2021,CONS_SH,_Z,_Z,_T,_T,_T,_T,_T,_T,COICOP_CP02,_Z,_Z,_Z,_Z,0.01,A,,,,,,
AFW360_HH,GNB,GW05,2021,CONS_SH,_Z,_Z,_T,_T,_T,_T,_T,_T,COICOP_CP03,_Z,_Z,_Z,_Z,0.06,A,,,,,,
AFW360_HH,GNB,GW05,2021,CONS_SH,_Z,_Z,_T,_T,_T,_T,_T,_T,COICOP_CP04,_Z,_Z,_Z,_Z,0.14,A,,,,,,
AFW360_HH,GNB,GW05,2021,CONS_SH,_Z,_Z,_T,_T,_T,_T,_T,_T,COICOP_CP05,_Z,_Z,_Z,_Z,0.04,A,,,,,,
AFW360_HH,GNB,GW05,2021,CONS_SH,_Z,_Z,_T,_T,_T,_T,_T,_T,COICOP_CP06,_Z,_Z,_Z,_Z,0.05,A,,,,,,
AFW360_HH,GNB,GW05,2021,CONS_SH,_Z,_Z,_T,_T,_T,_T,_T,_T,COICOP_CP07,_Z,_Z,_Z,_Z,0.05,A,,,,,,
AFW360_HH,GNB,GW05,2021,CONS_SH,_Z,_Z,_T,_T,_T,_T,_T,_T,COICOP_CP08,_Z,_Z,_Z,_Z,0.06,A,,,,,,
AFW360_HH,GNB,GW05,2021,CONS_SH,_Z,_Z,_T,_T,_T,_T,_T,_T,COICOP_CP09,_Z,_Z,_Z,_Z,0,A,,,,,,
AFW360_HH,GNB,GW05,2021,CONS_SH,_Z,_Z,_T,_T,_T,_T,_T,_T,COICOP_CP10,_Z,_Z,_Z,_Z,0.02,A,,,,,,
AFW360_HH,GNB,GW05,2021,CONS_SH,_Z,_Z,_T,_T,_T,_T,_T,_T,COICOP_CP11,_Z,_Z,_Z,_Z,0.12,A,,,,,,
AFW360_HH,GNB,GW05,2021,CONS_SH,_Z,_Z,_T,_T,_T,_T,_T,_T,COICOP_CP12,_Z,_Z,_Z,_Z,0,A,,,,,,
AFW360_HH,GNB,GW05,2021,CONS_SH,_Z,_Z,_T,_T,_T,_T,_T,_T,COICOP_CP13,_Z,_Z,_Z,_Z,0.02,A,,,,,,
AFW360_HH,GNB,GW05,2021,EN_ASSET_AC,_Z,_Z,_T,_T,_T,_T,_T,_T,_Z,_Z,_Z,_Z,_Z,0,A,,,,,,
AFW360_HH,GNB,GW05,2021,EN_ASSET_COOKER,_Z,_Z,_T,_T,_T,_T,_T,_T,_Z,_Z,_Z,_Z,_Z,0.01,A,,,,,,
AFW360_HH,GNB,GW05,2021,EN_ASSET_FAN,_Z,_Z,_T,_T,_T,_T,_T,_T,_Z,_Z,_Z,_Z,_Z,0,A,,,,,,
AFW360_HH,GNB,GW05,2021,EN_ASSET_WATER_HEATER,_Z,_Z,_T,_T,_T,_T,_T,_T,_Z,_Z,_Z,_Z,_Z,0,A,,,,,,
AFW360_HH,GNB,GW05,2021,EN_COOK_BIOMASS,_Z,_Z,_T,_T,_T,_T,_T,_T,_Z,_Z,_Z,_Z,_Z,0.99,A,,,,,,
AFW360_HH,GNB,GW05,2021,EN_COOK_CLEAN,_Z,_Z,_T,_T,_T,_T,_T,_T,_Z,_Z,_Z,_Z,_Z,0,A,,,,,,
AFW360_HH,GNB,GW05,2021,EN_ELEC_ACCESS,_Z,_Z,_T,_T,_T,_T,_T,_T,_Z,_Z,_Z,_Z,_Z,0.05,A,,,,,,
AFW360_HH,GNB,GW05,2021,EN_ELEC_INFORMAL,_Z,_Z,_T,_T,_T,_T,_T,_T,_Z,_Z,_Z,_Z,_Z,0,A,,,,,,
AFW360_HH,GNB,GW05,2021,EN_ELEC_SPEND,_Z,_Z,_T,_T,_T,_T,_T,_T,_Z,_Z,_Z,_Z,_Z,21387.1,A,,,,,,
AFW360_HH,GNB,GW05,2021,EN_GRID_CONN,_Z,_Z,_T,_T,_T,_T,_T,_T,_Z,_Z,_Z,_Z,_Z,0.05,A,,,,,,
AFW360_HH,GNB,GW05,2021,EN_GRID_USE,_Z,_Z,_T,_T,_T,_T,_T,_T,_Z,_Z,_Z,_Z,_Z,0.05,A,,,,,,
AFW360_HH,GNB,GW05,2021,EN_LIGHT_IMPROVED,_Z,_Z,_T,_T,_T,_T,_T,_T,_Z,_Z,_Z,_Z,_Z,0.07,A,,,,,,
AFW360_HH,GNB,GW05,2021,EN_OFFGRID_USE,_Z,_Z,_T,_T,_T,_T,_T,_T,_Z,_Z,_Z,_Z,_Z,0.7,A,,,,,,
AFW360_HH,GNB,GW05,2021,EN_OUTAGE_ANY,_Z,_Z,_T,_T,_T,_T,_T,_T,_Z,_Z,_Z,_Z,_Z,0.07,A,,,,,,
AFW360_HH,GNB,GW05,2021,EN_OUTAGE_DAYS,_Z,_Z,_T,_T,_T,_T,_T,_T,_Z,_Z,_Z,_Z,_Z,2,A,,,,,,
AFW360_HH,GNB,GW05,2021,EN_OUTAGE_DUR_CODE,_Z,_Z,_T,_T,_T,_T,_T,_T,_Z,_Z,_Z,_Z,_Z,,O,,,,,,"LEGACY_EMPTY: empty cell in sheet 'ADM 1', column 'estimateGabú'"
AFW360_HH,GNB,GW05,2021,EN_PREPAID_METER,_Z,_Z,_T,_T,_T,_T,_T,_T,_Z,_Z,_Z,_Z,_Z,0.19,A,,,,,,
AFW360_HH,GNB,GW05,2021,HE_ACCOUNTS,_Z,_Z,_T,_T,_T,_T,_T,_T,_Z,_Z,_Z,_Z,_Z,0.12,A,,,,,,
AFW360_HH,GNB,GW05,2021,HE_AGE,_Z,_Z,_T,_T,_T,_T,_T,_T,_Z,_Z,_Z,_Z,_Z,4.56,A,,,,,,
AFW360_HH,GNB,GW05,2021,HE_BUY_FIRMS,_Z,_Z,_T,_T,_T,_T,_T,_T,_Z,_Z,_Z,_Z,_Z,0.24,A,,,,,,
AFW360_HH,GNB,GW05,2021,HE_CAPITAL,_Z,_Z,_T,_T,_T,_T,_T,_T,_Z,_Z,_Z,_Z,_Z,29886.95,A,,,,,,
AFW360_HH,GNB,GW05,2021,HE_COSTS,_Z,_Z,_T,_T,_T,_T,_T,_T,_Z,_Z,_Z,_Z,_Z,2952.83,A,,,,,,
AFW360_HH,GNB,GW05,2021,HE_CREDIT_ANY,_Z,_Z,_T,_T,_T,_T,_T,_T,_Z,_Z,_Z,_Z,_Z,0.29,A,,,,,,
AFW360_HH,GNB,GW05,2021,HE_CREDIT_FORMAL,_Z,_Z,_T,_T,_T,_T,_T,_T,_Z,_Z,_Z,_Z,_Z,0,A,,,,,,
AFW360_HH,GNB,GW05,2021,HE_CREDIT_INFORMAL,_Z,_Z,_T,_T,_T,_T,_T,_T,_Z,_Z,_Z,_Z,_Z,0.29,A,,,,,,
AFW360_HH,GNB,GW05,2021,HE_ELEC,_Z,_Z,_T,_T,_T,_T,_T,_T,_Z,_Z,_Z,_Z,_Z,1,A,,,,,,
AFW360_HH,GNB,GW05,2021,HE_EMP_EXT_ANY,_Z,_Z,_T,_T,_T,_T,_T,_T,_Z,_Z,_Z,_Z,_Z,1,A,,,,,,LEGACY_SUSPECT: Implausible: share 1.00 while mean non-HH employees is 0.48.
AFW360_HH,GNB,GW05,2021,HE_EMP_HH_NUM,_Z,_Z,_T,_T,_T,_T,_T,_T,_Z,_Z,_Z,_Z,_Z,0,A,,,,,,
AFW360_HH,GNB,GW05,2021,HE_EMP_NONHH_NUM,_Z,_Z,_T,_T,_T,_T,_T,_T,_Z,_Z,_Z,_Z,_Z,0.57,A,,,,,,
AFW360_HH,GNB,GW05,2021,HE_EMP_NUM,_Z,_Z,_T,_T,_T,_T,_T,_T,_Z,_Z,_Z,_Z,_Z,0,A,,,,,,
AFW360_HH,GNB,GW05,2021,HE_HH_OWNER,_Z,_Z,_T,_T,_T,_T,_T,_T,_Z,_Z,_Z,_Z,_Z,0.34,A,,,,,,
AFW360_HH,GNB,GW05,2021,HE_HOME_BASED,_Z,_Z,_T,_T,_T,_T,_T,_T,_Z,_Z,_Z,_Z,_Z,0.43,A,,,,,,
AFW360_HH,GNB,GW05,2021,HE_PHONE,_Z,_Z,_T,_T,_T,_T,_T,_T,_Z,_Z,_Z,_Z,_Z,1,A,,,,,,
AFW360_HH,GNB,GW05,2021,HE_PREMISES_FORMAL,_Z,_Z,_T,_T,_T,_T,_T,_T,_Z,_Z,_Z,_Z,_Z,0.04,A,,,,,,
AFW360_HH,GNB,GW05,2021,HE_PROFIT,_Z,_Z,_T,_T,_T,_T,_T,_T,_Z,_Z,_Z,_Z,_Z,3714.32,A,,,,,,
AFW360_HH,GNB,GW05,2021,HE_RENT,_Z,_Z,_T,_T,_T,_T,_T,_T,_Z,_Z,_Z,_Z,_Z,1,A,,,,,,
AFW360_HH,GNB,GW05,2021,HE_REV_PER_WORKER,_Z,_Z,_T,_T,_T,_T,_T,_T,_Z,_Z,_Z,_Z,_Z,,O,,,,,,"LEGACY_EMPTY: empty cell in sheet 'ADM 1', column 'estimateGabú'"
AFW360_HH,GNB,GW05,2021,HE_SELL_FIRMS,_Z,_Z,_T,_T,_T,_T,_T,_T,_Z,_Z,_Z,_Z,_Z,0.05,A,,,,,,
AFW360_HH,GNB,GW05,2021,HE_TAX_ID,_Z,_Z,_T,_T,_T,_T,_T,_T,_Z,_Z,_Z,_Z,_Z,0.06,A,,,,,,
AFW360_HH,GNB,GW05,2021,HE_WATER,_Z,_Z,_T,_T,_T,_T,_T,_T,_Z,_Z,_Z,_Z,_Z,0.57,A,,,,,,
AFW360_HH,GNB,GW05,2021,HOUS_FLOOR_DURABLE,_Z,_Z,_T,_T,_T,_T,_T,_T,_Z,_Z,_Z,_Z,_Z,0.5,A,,,,,,
AFW360_HH,GNB,GW05,2021,HOUS_ROOF_DURABLE,_Z,_Z,_T,_T,_T,_T,_T,_T,_Z,_Z,_Z,_Z,_Z,0.93,A,,,,,,
AFW360_HH,GNB,GW05,2021,HOUS_SANIT_IMPROVED,_Z,_Z,_T,_T,_T,_T,_T,_T,_Z,_Z,_Z,_Z,_Z,0.15,A,,,,,,
AFW360_HH,GNB,GW05,2021,HOUS_WALL_DURABLE,_Z,_Z,_T,_T,_T,_T,_T,_T,_Z,_Z,_Z,_Z,_Z,0.42,A,,,,,,
AFW360_HH,GNB,GW05,2021,HOUS_WATER_SAFE_DRY,_Z,_Z,_T,_T,_T,_T,_T,_T,_Z,_Z,_Z,_Z,_Z,0.78,A,,,,,,
AFW360_HH,GNB,GW05,2021,POP_HE_SH,_Z,_Z,_T,HEO_MSTAT_MARRIED,_T,_T,_T,_T,_Z,_Z,_Z,_Z,_Z,0.61,A,,,,,,
AFW360_HH,GNB,GW05,2021,POP_HE_SH,_Z,_Z,_T,HEO_SEX_F,_T,_T,_T,_T,_Z,_Z,_Z,_Z,_Z,0.62,A,,,,,,
AFW360_HH,GNB,GW05,2021,POP_HH_SH,_Z,_Z,_T,HE_COUNT_0,_T,_T,_T,_T,_Z,_Z,_Z,_Z,_Z,0.51,A,,,,,,
AFW360_HH,GNB,GW05,2021,POP_HH_SH,_Z,_Z,_T,HE_COUNT_1,_T,_T,_T,_T,_Z,_Z,_Z,_Z,_Z,0.38,A,,,,,,
AFW360_HH,GNB,GW05,2021,POP_HH_SH,_Z,_Z,_T,HE_COUNT_2,_T,_T,_T,_T,_Z,_Z,_Z,_Z,_Z,0.1,A,,,,,,
AFW360_HH,GNB,GW05,2021,POP_HH_SH,_Z,_Z,_T,HE_COUNT_3,_T,_T,_T,_T,_Z,_Z,_Z,_Z,_Z,0.01,A,,,,,,
AFW360_HH,GNB,GW05,2021,POP_HH_SH,_Z,_Z,_T,HE_COUNT_4P,_T,_T,_T,_T,_Z,_Z,_Z,_Z,_Z,0,A,,,,,,
AFW360_HH,GNB,GW05,2021,POP_SH,_T,_T,_T,EMP_FORMAL_N,_T,_T,_T,_T,_Z,_Z,_Z,_Z,_Z,0.84,A,,,,,,
AFW360_HH,GNB,GW05,2021,POP_SH,_T,_T,_T,EMP_ISIC_G,_T,_T,_T,_T,_Z,_Z,_Z,_Z,_Z,0.1,A,,,,,,
AFW360_HH,GNB,GW05,2021,POP_SH,_T,_T,_T,EMP_ISIC_H,_T,_T,_T,_T,_Z,_Z,_Z,_Z,_Z,0.02,A,,,,,,
AFW360_HH,GNB,GW05,2021,POP_SH,_T,_T,_T,EMP_SECTOR_AGR,_T,_T,_T,_T,_Z,_Z,_Z,_Z,_Z,0.78,A,,,,,,
AFW360_HH,GNB,GW05,2021,POP_SH,_T,_T,_T,EMP_SECTOR_IND,_T,_T,_T,_T,_Z,_Z,_Z,_Z,_Z,0.06,A,,,,,,
AFW360_HH,GNB,GW05,2021,POP_SH,_T,_T,_T,EMP_SECTOR_SER,_T,_T,_T,_T,_Z,_Z,_Z,_Z,_Z,0.16,A,,,,,,
AFW360_HH,GNB,GW05,2021,POP_SH,_T,_T,_T,EMP_STATUS_EMPLOYED,_T,_T,_T,_T,_Z,_Z,_Z,_Z,_Z,0.75,A,,,,,,
AFW360_HH,GNB,GW05,2021,POP_SH,_T,_T,_T,EMP_TYPE_NONWAGE,_T,_T,_T,_T,_Z,_Z,_Z,_Z,_Z,0.86,A,,,,,,
AFW360_HH,GNB,GW05,2021,POP_SH,_T,_T,_T,EMP_TYPE_WAGE,_T,_T,_T,_T,_Z,_Z,_Z,_Z,_Z,0.14,A,,,,,,
AFW360_HH,GNB,GW05,2021,POV_HC,_T,_T,_T,_T,_T,_T,_T,_T,POVLINE_PL300,PPP_2021,_Z,_Z,_Z,0.59,A,,,,,,
AFW360_HH,GNB,GW05,2021,POV_HC,_T,_T,_T,_T,_T,_T,_T,_T,POVLINE_PL420,PPP_2021,_Z,_Z,_Z,0.79,A,,,,,,
AFW360_HH,GNB,GW05,2021,POV_NUM,_T,_T,_T,_T,_T,_T,_T,_T,POVLINE_PL300,PPP_2021,_Z,_Z,_Z,130000,A,,,,,,
AFW360_HH,GNB,GW05,2021,POV_NUM,_T,_T,_T,_T,_T,_T,_T,_T,POVLINE_PL420,PPP_2021,_Z,_Z,_Z,180000,A,,,,,,
AFW360_HH,GNB,GW05,2021,SHK_ANY,_Z,_Z,_T,_T,_T,_T,_T,_T,_Z,_Z,_Z,_Z,_Z,0.92,A,,,,,,
AFW360_HH,GNB,GW05,2021,SHK_COV_CONFLICT,_Z,_Z,_T,_T,_T,_T,_T,_T,_Z,_Z,_Z,_Z,_Z,0.08,A,,,,,,
AFW360_HH,GNB,GW05,2021,SHK_COV_ECON,_Z,_Z,_T,_T,_T,_T,_T,_T,_Z,_Z,_Z,_Z,_Z,0.71,A,,,,,,
AFW360_HH,GNB,GW05,2021,SHK_COV_NATURAL,_Z,_Z,_T,_T,_T,_T,_T,_T,_Z,_Z,_Z,_Z,_Z,0.5,A,,,,,,
AFW360_HH,GNB,GW05,2021,SHK_IDIO_ECON,_Z,_Z,_T,_T,_T,_T,_T,_T,_Z,_Z,_Z,_Z,_Z,0.29,A,,,,,,
AFW360_HH,GNB,GW05,2021,SP_HEALTH_COV,_T,_T,_T,_T,_T,_T,_T,_T,_Z,_Z,_Z,_Z,_Z,0,A,,,,,,
AFW360_HH,GNB,GW05,2021,SP_HEALTH_COV_HH,_Z,_Z,_T,_T,_T,_T,_T,_T,_Z,_Z,_Z,_Z,_Z,0,A,,,,,,
AFW360_HH,GNB,GW06,2021,AGR_CULTIVATES,_Z,_Z,_T,_T,_T,_T,_T,_T,_Z,_Z,_Z,_Z,_Z,0.91,A,,,,,,
AFW360_HH,GNB,GW06,2021,AGR_CULT_AREA,_Z,_Z,_T,_T,_T,_T,_T,_T,_Z,_Z,_Z,_Z,_Z,2.82,A,,,,,,
AFW360_HH,GNB,GW06,2021,AGR_LIVESTOCK_ANY,_Z,_Z,_T,_T,_T,_T,_T,_T,_Z,_Z,_Z,_Z,_Z,0.84,A,,,,,,
AFW360_HH,GNB,GW06,2021,AGR_TLU,_Z,_Z,_T,_T,_T,_T,_T,_T,_Z,_Z,_Z,_Z,_Z,3.55,A,,,,,,
AFW360_HH,GNB,GW06,2021,CONS_SH,_Z,_Z,_T,_T,_T,_T,_T,_T,COICOP_CP01,ACQ_OWNPROD,_Z,_Z,_Z,0.13,A,,,,,,
AFW360_HH,GNB,GW06,2021,CONS_SH,_Z,_Z,_T,_T,_T,_T,_T,_T,COICOP_CP01,ACQ_PURCH,_Z,_Z,_Z,0.26,A,,,,,,
AFW360_HH,GNB,GW06,2021,CONS_SH,_Z,_Z,_T,_T,_T,_T,_T,_T,COICOP_CP01,_Z,_Z,_Z,_Z,0.43,A,,,,,,
AFW360_HH,GNB,GW06,2021,CONS_SH,_Z,_Z,_T,_T,_T,_T,_T,_T,COICOP_CP02,_Z,_Z,_Z,_Z,0.01,A,,,,,,
AFW360_HH,GNB,GW06,2021,CONS_SH,_Z,_Z,_T,_T,_T,_T,_T,_T,COICOP_CP03,_Z,_Z,_Z,_Z,0.06,A,,,,,,
AFW360_HH,GNB,GW06,2021,CONS_SH,_Z,_Z,_T,_T,_T,_T,_T,_T,COICOP_CP04,_Z,_Z,_Z,_Z,0.14,A,,,,,,
AFW360_HH,GNB,GW06,2021,CONS_SH,_Z,_Z,_T,_T,_T,_T,_T,_T,COICOP_CP05,_Z,_Z,_Z,_Z,0.05,A,,,,,,
AFW360_HH,GNB,GW06,2021,CONS_SH,_Z,_Z,_T,_T,_T,_T,_T,_T,COICOP_CP06,_Z,_Z,_Z,_Z,0.04,A,,,,,,
AFW360_HH,GNB,GW06,2021,CONS_SH,_Z,_Z,_T,_T,_T,_T,_T,_T,COICOP_CP07,_Z,_Z,_Z,_Z,0.04,A,,,,,,
AFW360_HH,GNB,GW06,2021,CONS_SH,_Z,_Z,_T,_T,_T,_T,_T,_T,COICOP_CP08,_Z,_Z,_Z,_Z,0.08,A,,,,,,
AFW360_HH,GNB,GW06,2021,CONS_SH,_Z,_Z,_T,_T,_T,_T,_T,_T,COICOP_CP09,_Z,_Z,_Z,_Z,0,A,,,,,,
AFW360_HH,GNB,GW06,2021,CONS_SH,_Z,_Z,_T,_T,_T,_T,_T,_T,COICOP_CP10,_Z,_Z,_Z,_Z,0.02,A,,,,,,
AFW360_HH,GNB,GW06,2021,CONS_SH,_Z,_Z,_T,_T,_T,_T,_T,_T,COICOP_CP11,_Z,_Z,_Z,_Z,0.12,A,,,,,,
AFW360_HH,GNB,GW06,2021,CONS_SH,_Z,_Z,_T,_T,_T,_T,_T,_T,COICOP_CP12,_Z,_Z,_Z,_Z,0,A,,,,,,
AFW360_HH,GNB,GW06,2021,CONS_SH,_Z,_Z,_T,_T,_T,_T,_T,_T,COICOP_CP13,_Z,_Z,_Z,_Z,0.01,A,,,,,,
AFW360_HH,GNB,GW06,2021,EN_ASSET_AC,_Z,_Z,_T,_T,_T,_T,_T,_T,_Z,_Z,_Z,_Z,_Z,0,A,,,,,,
AFW360_HH,GNB,GW06,2021,EN_ASSET_COOKER,_Z,_Z,_T,_T,_T,_T,_T,_T,_Z,_Z,_Z,_Z,_Z,0.01,A,,,,,,
AFW360_HH,GNB,GW06,2021,EN_ASSET_FAN,_Z,_Z,_T,_T,_T,_T,_T,_T,_Z,_Z,_Z,_Z,_Z,0,A,,,,,,
AFW360_HH,GNB,GW06,2021,EN_ASSET_WATER_HEATER,_Z,_Z,_T,_T,_T,_T,_T,_T,_Z,_Z,_Z,_Z,_Z,0,A,,,,,,
AFW360_HH,GNB,GW06,2021,EN_COOK_BIOMASS,_Z,_Z,_T,_T,_T,_T,_T,_T,_Z,_Z,_Z,_Z,_Z,1,A,,,,,,
AFW360_HH,GNB,GW06,2021,EN_COOK_CLEAN,_Z,_Z,_T,_T,_T,_T,_T,_T,_Z,_Z,_Z,_Z,_Z,0,A,,,,,,
AFW360_HH,GNB,GW06,2021,EN_ELEC_ACCESS,_Z,_Z,_T,_T,_T,_T,_T,_T,_Z,_Z,_Z,_Z,_Z,0.03,A,,,,,,
AFW360_HH,GNB,GW06,2021,EN_ELEC_INFORMAL,_Z,_Z,_T,_T,_T,_T,_T,_T,_Z,_Z,_Z,_Z,_Z,0.03,A,,,,,,
AFW360_HH,GNB,GW06,2021,EN_ELEC_SPEND,_Z,_Z,_T,_T,_T,_T,_T,_T,_Z,_Z,_Z,_Z,_Z,4673.13,A,,,,,,
AFW360_HH,GNB,GW06,2021,EN_GRID_CONN,_Z,_Z,_T,_T,_T,_T,_T,_T,_Z,_Z,_Z,_Z,_Z,0.03,A,,,,,,
AFW360_HH,GNB,GW06,2021,EN_GRID_USE,_Z,_Z,_T,_T,_T,_T,_T,_T,_Z,_Z,_Z,_Z,_Z,0.04,A,,,,,,
AFW360_HH,GNB,GW06,2021,EN_LIGHT_IMPROVED,_Z,_Z,_T,_T,_T,_T,_T,_T,_Z,_Z,_Z,_Z,_Z,0.06,A,,,,,,
AFW360_HH,GNB,GW06,2021,EN_OFFGRID_USE,_Z,_Z,_T,_T,_T,_T,_T,_T,_Z,_Z,_Z,_Z,_Z,0.65,A,,,,,,
AFW360_HH,GNB,GW06,2021,EN_OUTAGE_ANY,_Z,_Z,_T,_T,_T,_T,_T,_T,_Z,_Z,_Z,_Z,_Z,1,A,,,,,,
AFW360_HH,GNB,GW06,2021,EN_OUTAGE_DAYS,_Z,_Z,_T,_T,_T,_T,_T,_T,_Z,_Z,_Z,_Z,_Z,3.75,A,,,,,,
AFW360_HH,GNB,GW06,2021,EN_OUTAGE_DUR_CODE,_Z,_Z,_T,_T,_T,_T,_T,_T,_Z,_Z,_Z,_Z,_Z,1.47,A,,,,,,
AFW360_HH,GNB,GW06,2021,EN_PREPAID_METER,_Z,_Z,_T,_T,_T,_T,_T,_T,_Z,_Z,_Z,_Z,_Z,0.19,A,,,,,,
AFW360_HH,GNB,GW06,2021,HE_ACCOUNTS,_Z,_Z,_T,_T,_T,_T,_T,_T,_Z,_Z,_Z,_Z,_Z,0.07,A,,,,,,
AFW360_HH,GNB,GW06,2021,HE_AGE,_Z,_Z,_T,_T,_T,_T,_T,_T,_Z,_Z,_Z,_Z,_Z,5.32,A,,,,,,
AFW360_HH,GNB,GW06,2021,HE_BUY_FIRMS,_Z,_Z,_T,_T,_T,_T,_T,_T,_Z,_Z,_Z,_Z,_Z,0.07,A,,,,,,
AFW360_HH,GNB,GW06,2021,HE_CAPITAL,_Z,_Z,_T,_T,_T,_T,_T,_T,_Z,_Z,_Z,_Z,_Z,42104.62,A,,,,,,
AFW360_HH,GNB,GW06,2021,HE_COSTS,_Z,_Z,_T,_T,_T,_T,_T,_T,_Z,_Z,_Z,_Z,_Z,1240.62,A,,,,,,
AFW360_HH,GNB,GW06,2021,HE_CREDIT_ANY,_Z,_Z,_T,_T,_T,_T,_T,_T,_Z,_Z,_Z,_Z,_Z,0.26,A,,,,,,
AFW360_HH,GNB,GW06,2021,HE_CREDIT_FORMAL,_Z,_Z,_T,_T,_T,_T,_T,_T,_Z,_Z,_Z,_Z,_Z,0.03,A,,,,,,
AFW360_HH,GNB,GW06,2021,HE_CREDIT_INFORMAL,_Z,_Z,_T,_T,_T,_T,_T,_T,_Z,_Z,_Z,_Z,_Z,0.26,A,,,,,,
AFW360_HH,GNB,GW06,2021,HE_ELEC,_Z,_Z,_T,_T,_T,_T,_T,_T,_Z,_Z,_Z,_Z,_Z,1,A,,,,,,
AFW360_HH,GNB,GW06,2021,HE_EMP_EXT_ANY,_Z,_Z,_T,_T,_T,_T,_T,_T,_Z,_Z,_Z,_Z,_Z,1,A,,,,,,LEGACY_SUSPECT: Implausible: share 1.00 while mean non-HH employees is 0.48.
AFW360_HH,GNB,GW06,2021,HE_EMP_HH_NUM,_Z,_Z,_T,_T,_T,_T,_T,_T,_Z,_Z,_Z,_Z,_Z,0,A,,,,,,
AFW360_HH,GNB,GW06,2021,HE_EMP_NONHH_NUM,_Z,_Z,_T,_T,_T,_T,_T,_T,_Z,_Z,_Z,_Z,_Z,0.22,A,,,,,,
AFW360_HH,GNB,GW06,2021,HE_EMP_NUM,_Z,_Z,_T,_T,_T,_T,_T,_T,_Z,_Z,_Z,_Z,_Z,0,A,,,,,,
AFW360_HH,GNB,GW06,2021,HE_HH_OWNER,_Z,_Z,_T,_T,_T,_T,_T,_T,_Z,_Z,_Z,_Z,_Z,0.22,A,,,,,,
AFW360_HH,GNB,GW06,2021,HE_HOME_BASED,_Z,_Z,_T,_T,_T,_T,_T,_T,_Z,_Z,_Z,_Z,_Z,0.62,A,,,,,,
AFW360_HH,GNB,GW06,2021,HE_PHONE,_Z,_Z,_T,_T,_T,_T,_T,_T,_Z,_Z,_Z,_Z,_Z,1,A,,,,,,
AFW360_HH,GNB,GW06,2021,HE_PREMISES_FORMAL,_Z,_Z,_T,_T,_T,_T,_T,_T,_Z,_Z,_Z,_Z,_Z,0.03,A,,,,,,
AFW360_HH,GNB,GW06,2021,HE_PROFIT,_Z,_Z,_T,_T,_T,_T,_T,_T,_Z,_Z,_Z,_Z,_Z,912.53,A,,,,,,
AFW360_HH,GNB,GW06,2021,HE_RENT,_Z,_Z,_T,_T,_T,_T,_T,_T,_Z,_Z,_Z,_Z,_Z,1,A,,,,,,
AFW360_HH,GNB,GW06,2021,HE_REV_PER_WORKER,_Z,_Z,_T,_T,_T,_T,_T,_T,_Z,_Z,_Z,_Z,_Z,,O,,,,,,"LEGACY_EMPTY: empty cell in sheet 'ADM 1', column 'estimateOio'"
AFW360_HH,GNB,GW06,2021,HE_SELL_FIRMS,_Z,_Z,_T,_T,_T,_T,_T,_T,_Z,_Z,_Z,_Z,_Z,0.03,A,,,,,,
AFW360_HH,GNB,GW06,2021,HE_TAX_ID,_Z,_Z,_T,_T,_T,_T,_T,_T,_Z,_Z,_Z,_Z,_Z,0.07,A,,,,,,
AFW360_HH,GNB,GW06,2021,HE_WATER,_Z,_Z,_T,_T,_T,_T,_T,_T,_Z,_Z,_Z,_Z,_Z,1,A,,,,,,
AFW360_HH,GNB,GW06,2021,HOUS_FLOOR_DURABLE,_Z,_Z,_T,_T,_T,_T,_T,_T,_Z,_Z,_Z,_Z,_Z,0.29,A,,,,,,
AFW360_HH,GNB,GW06,2021,HOUS_ROOF_DURABLE,_Z,_Z,_T,_T,_T,_T,_T,_T,_Z,_Z,_Z,_Z,_Z,0.93,A,,,,,,
AFW360_HH,GNB,GW06,2021,HOUS_SANIT_IMPROVED,_Z,_Z,_T,_T,_T,_T,_T,_T,_Z,_Z,_Z,_Z,_Z,0.07,A,,,,,,
AFW360_HH,GNB,GW06,2021,HOUS_WALL_DURABLE,_Z,_Z,_T,_T,_T,_T,_T,_T,_Z,_Z,_Z,_Z,_Z,0.23,A,,,,,,
AFW360_HH,GNB,GW06,2021,HOUS_WATER_SAFE_DRY,_Z,_Z,_T,_T,_T,_T,_T,_T,_Z,_Z,_Z,_Z,_Z,0.57,A,,,,,,
AFW360_HH,GNB,GW06,2021,POP_HE_SH,_Z,_Z,_T,HEO_MSTAT_MARRIED,_T,_T,_T,_T,_Z,_Z,_Z,_Z,_Z,0.66,A,,,,,,
AFW360_HH,GNB,GW06,2021,POP_HE_SH,_Z,_Z,_T,HEO_SEX_F,_T,_T,_T,_T,_Z,_Z,_Z,_Z,_Z,0.72,A,,,,,,
AFW360_HH,GNB,GW06,2021,POP_HH_SH,_Z,_Z,_T,HE_COUNT_0,_T,_T,_T,_T,_Z,_Z,_Z,_Z,_Z,0.52,A,,,,,,
AFW360_HH,GNB,GW06,2021,POP_HH_SH,_Z,_Z,_T,HE_COUNT_1,_T,_T,_T,_T,_Z,_Z,_Z,_Z,_Z,0.36,A,,,,,,
AFW360_HH,GNB,GW06,2021,POP_HH_SH,_Z,_Z,_T,HE_COUNT_2,_T,_T,_T,_T,_Z,_Z,_Z,_Z,_Z,0.11,A,,,,,,
AFW360_HH,GNB,GW06,2021,POP_HH_SH,_Z,_Z,_T,HE_COUNT_3,_T,_T,_T,_T,_Z,_Z,_Z,_Z,_Z,0.01,A,,,,,,
AFW360_HH,GNB,GW06,2021,POP_HH_SH,_Z,_Z,_T,HE_COUNT_4P,_T,_T,_T,_T,_Z,_Z,_Z,_Z,_Z,0,A,,,,,,
AFW360_HH,GNB,GW06,2021,POP_SH,_T,_T,_T,EMP_FORMAL_N,_T,_T,_T,_T,_Z,_Z,_Z,_Z,_Z,0.81,A,,,,,,
AFW360_HH,GNB,GW06,2021,POP_SH,_T,_T,_T,EMP_ISIC_G,_T,_T,_T,_T,_Z,_Z,_Z,_Z,_Z,0.07,A,,,,,,
AFW360_HH,GNB,GW06,2021,POP_SH,_T,_T,_T,EMP_ISIC_H,_T,_T,_T,_T,_Z,_Z,_Z,_Z,_Z,0.02,A,,,,,,
AFW360_HH,GNB,GW06,2021,POP_SH,_T,_T,_T,EMP_SECTOR_AGR,_T,_T,_T,_T,_Z,_Z,_Z,_Z,_Z,0.84,A,,,,,,
AFW360_HH,GNB,GW06,2021,POP_SH,_T,_T,_T,EMP_SECTOR_IND,_T,_T,_T,_T,_Z,_Z,_Z,_Z,_Z,0.06,A,,,,,,
AFW360_HH,GNB,GW06,2021,POP_SH,_T,_T,_T,EMP_SECTOR_SER,_T,_T,_T,_T,_Z,_Z,_Z,_Z,_Z,0.1,A,,,,,,
AFW360_HH,GNB,GW06,2021,POP_SH,_T,_T,_T,EMP_STATUS_EMPLOYED,_T,_T,_T,_T,_Z,_Z,_Z,_Z,_Z,0.82,A,,,,,,
AFW360_HH,GNB,GW06,2021,POP_SH,_T,_T,_T,EMP_TYPE_NONWAGE,_T,_T,_T,_T,_Z,_Z,_Z,_Z,_Z,0.83,A,,,,,,
AFW360_HH,GNB,GW06,2021,POP_SH,_T,_T,_T,EMP_TYPE_WAGE,_T,_T,_T,_T,_Z,_Z,_Z,_Z,_Z,0.17,A,,,,,,
AFW360_HH,GNB,GW06,2021,POV_HC,_T,_T,_T,_T,_T,_T,_T,_T,POVLINE_PL300,PPP_2021,_Z,_Z,_Z,0.66,A,,,,,,
AFW360_HH,GNB,GW06,2021,POV_HC,_T,_T,_T,_T,_T,_T,_T,_T,POVLINE_PL420,PPP_2021,_Z,_Z,_Z,0.86,A,,,,,,
AFW360_HH,GNB,GW06,2021,POV_NUM,_T,_T,_T,_T,_T,_T,_T,_T,POVLINE_PL300,PPP_2021,_Z,_Z,_Z,190000,A,,,,,,
AFW360_HH,GNB,GW06,2021,POV_NUM,_T,_T,_T,_T,_T,_T,_T,_T,POVLINE_PL420,PPP_2021,_Z,_Z,_Z,250000,A,,,,,,
AFW360_HH,GNB,GW06,2021,SHK_ANY,_Z,_Z,_T,_T,_T,_T,_T,_T,_Z,_Z,_Z,_Z,_Z,0.94,A,,,,,,
AFW360_HH,GNB,GW06,2021,SHK_COV_CONFLICT,_Z,_Z,_T,_T,_T,_T,_T,_T,_Z,_Z,_Z,_Z,_Z,0.03,A,,,,,,
AFW360_HH,GNB,GW06,2021,SHK_COV_ECON,_Z,_Z,_T,_T,_T,_T,_T,_T,_Z,_Z,_Z,_Z,_Z,0.55,A,,,,,,
AFW360_HH,GNB,GW06,2021,SHK_COV_NATURAL,_Z,_Z,_T,_T,_T,_T,_T,_T,_Z,_Z,_Z,_Z,_Z,0.39,A,,,,,,
AFW360_HH,GNB,GW06,2021,SHK_IDIO_ECON,_Z,_Z,_T,_T,_T,_T,_T,_T,_Z,_Z,_Z,_Z,_Z,0.36,A,,,,,,
AFW360_HH,GNB,GW06,2021,SP_HEALTH_COV,_T,_T,_T,_T,_T,_T,_T,_T,_Z,_Z,_Z,_Z,_Z,0,A,,,,,,
AFW360_HH,GNB,GW06,2021,SP_HEALTH_COV_HH,_Z,_Z,_T,_T,_T,_T,_T,_T,_Z,_Z,_Z,_Z,_Z,0,A,,,,,,
AFW360_HH,GNB,GW07,2021,AGR_CULTIVATES,_Z,_Z,_T,_T,_T,_T,_T,_T,_Z,_Z,_Z,_Z,_Z,0.87,A,,,,,,
AFW360_HH,GNB,GW07,2021,AGR_LIVESTOCK_ANY,_Z,_Z,_T,_T,_T,_T,_T,_T,_Z,_Z,_Z,_Z,_Z,0.84,A,,,,,,
AFW360_HH,GNB,GW07,2021,AGR_TLU,_Z,_Z,_T,_T,_T,_T,_T,_T,_Z,_Z,_Z,_Z,_Z,2.31,A,,,,,,
AFW360_HH,GNB,GW07,2021,CONS_SH,_Z,_Z,_T,_T,_T,_T,_T,_T,COICOP_CP01,ACQ_OWNPROD,_Z,_Z,_Z,0.2,A,,,,,,
AFW360_HH,GNB,GW07,2021,CONS_SH,_Z,_Z,_T,_T,_T,_T,_T,_T,COICOP_CP01,ACQ_PURCH,_Z,_Z,_Z,0.24,A,,,,,,
AFW360_HH,GNB,GW07,2021,CONS_SH,_Z,_Z,_T,_T,_T,_T,_T,_T,COICOP_CP01,_Z,_Z,_Z,_Z,0.5,A,,,,,,
AFW360_HH,GNB,GW07,2021,CONS_SH,_Z,_Z,_T,_T,_T,_T,_T,_T,COICOP_CP02,_Z,_Z,_Z,_Z,0.01,A,,,,,,
AFW360_HH,GNB,GW07,2021,CONS_SH,_Z,_Z,_T,_T,_T,_T,_T,_T,COICOP_CP03,_Z,_Z,_Z,_Z,0.06,A,,,,,,
AFW360_HH,GNB,GW07,2021,CONS_SH,_Z,_Z,_T,_T,_T,_T,_T,_T,COICOP_CP04,_Z,_Z,_Z,_Z,0.11,A,,,,,,
AFW360_HH,GNB,GW07,2021,CONS_SH,_Z,_Z,_T,_T,_T,_T,_T,_T,COICOP_CP05,_Z,_Z,_Z,_Z,0.05,A,,,,,,
AFW360_HH,GNB,GW07,2021,CONS_SH,_Z,_Z,_T,_T,_T,_T,_T,_T,COICOP_CP06,_Z,_Z,_Z,_Z,0.03,A,,,,,,
AFW360_HH,GNB,GW07,2021,CONS_SH,_Z,_Z,_T,_T,_T,_T,_T,_T,COICOP_CP07,_Z,_Z,_Z,_Z,0.04,A,,,,,,
AFW360_HH,GNB,GW07,2021,CONS_SH,_Z,_Z,_T,_T,_T,_T,_T,_T,COICOP_CP08,_Z,_Z,_Z,_Z,0.07,A,,,,,,
AFW360_HH,GNB,GW07,2021,CONS_SH,_Z,_Z,_T,_T,_T,_T,_T,_T,COICOP_CP09,_Z,_Z,_Z,_Z,0,A,,,,,,
AFW360_HH,GNB,GW07,2021,CONS_SH,_Z,_Z,_T,_T,_T,_T,_T,_T,COICOP_CP10,_Z,_Z,_Z,_Z,0.03,A,,,,,,
AFW360_HH,GNB,GW07,2021,CONS_SH,_Z,_Z,_T,_T,_T,_T,_T,_T,COICOP_CP11,_Z,_Z,_Z,_Z,0.09,A,,,,,,
AFW360_HH,GNB,GW07,2021,CONS_SH,_Z,_Z,_T,_T,_T,_T,_T,_T,COICOP_CP12,_Z,_Z,_Z,_Z,0,A,,,,,,
AFW360_HH,GNB,GW07,2021,CONS_SH,_Z,_Z,_T,_T,_T,_T,_T,_T,COICOP_CP13,_Z,_Z,_Z,_Z,0.01,A,,,,,,
AFW360_HH,GNB,GW07,2021,EN_ASSET_AC,_Z,_Z,_T,_T,_T,_T,_T,_T,_Z,_Z,_Z,_Z,_Z,0,A,,,,,,
AFW360_HH,GNB,GW07,2021,EN_ASSET_COOKER,_Z,_Z,_T,_T,_T,_T,_T,_T,_Z,_Z,_Z,_Z,_Z,0.01,A,,,,,,
AFW360_HH,GNB,GW07,2021,EN_ASSET_FAN,_Z,_Z,_T,_T,_T,_T,_T,_T,_Z,_Z,_Z,_Z,_Z,0,A,,,,,,
AFW360_HH,GNB,GW07,2021,EN_ASSET_WATER_HEATER,_Z,_Z,_T,_T,_T,_T,_T,_T,_Z,_Z,_Z,_Z,_Z,0,A,,,,,,
AFW360_HH,GNB,GW07,2021,EN_COOK_BIOMASS,_Z,_Z,_T,_T,_T,_T,_T,_T,_Z,_Z,_Z,_Z,_Z,0.99,A,,,,,,
AFW360_HH,GNB,GW07,2021,EN_COOK_CLEAN,_Z,_Z,_T,_T,_T,_T,_T,_T,_Z,_Z,_Z,_Z,_Z,0,A,,,,,,
AFW360_HH,GNB,GW07,2021,EN_ELEC_ACCESS,_Z,_Z,_T,_T,_T,_T,_T,_T,_Z,_Z,_Z,_Z,_Z,0,A,,,,,,
AFW360_HH,GNB,GW07,2021,EN_ELEC_INFORMAL,_Z,_Z,_T,_T,_T,_T,_T,_T,_Z,_Z,_Z,_Z,_Z,0,A,,,,,,
AFW360_HH,GNB,GW07,2021,EN_ELEC_SPEND,_Z,_Z,_T,_T,_T,_T,_T,_T,_Z,_Z,_Z,_Z,_Z,12000,A,,,,,,
AFW360_HH,GNB,GW07,2021,EN_GRID_CONN,_Z,_Z,_T,_T,_T,_T,_T,_T,_Z,_Z,_Z,_Z,_Z,0.01,A,,,,,,
AFW360_HH,GNB,GW07,2021,EN_GRID_USE,_Z,_Z,_T,_T,_T,_T,_T,_T,_Z,_Z,_Z,_Z,_Z,0.01,A,,,,,,
AFW360_HH,GNB,GW07,2021,EN_LIGHT_IMPROVED,_Z,_Z,_T,_T,_T,_T,_T,_T,_Z,_Z,_Z,_Z,_Z,0.02,A,,,,,,
AFW360_HH,GNB,GW07,2021,EN_OFFGRID_USE,_Z,_Z,_T,_T,_T,_T,_T,_T,_Z,_Z,_Z,_Z,_Z,0.72,A,,,,,,
AFW360_HH,GNB,GW07,2021,EN_OUTAGE_ANY,_Z,_Z,_T,_T,_T,_T,_T,_T,_Z,_Z,_Z,_Z,_Z,0,A,,,,,,
AFW360_HH,GNB,GW07,2021,EN_OUTAGE_DAYS,_Z,_Z,_T,_T,_T,_T,_T,_T,_Z,_Z,_Z,_Z,_Z,,O,,,,,,"LEGACY_EMPTY: empty cell in sheet 'ADM 1', column 'estimateQuinara'"
AFW360_HH,GNB,GW07,2021,EN_OUTAGE_DUR_CODE,_Z,_Z,_T,_T,_T,_T,_T,_T,_Z,_Z,_Z,_Z,_Z,,O,,,,,,"LEGACY_EMPTY: empty cell in sheet 'ADM 1', column 'estimateQuinara'"
AFW360_HH,GNB,GW07,2021,EN_PREPAID_METER,_Z,_Z,_T,_T,_T,_T,_T,_T,_Z,_Z,_Z,_Z,_Z,0,A,,,,,,
AFW360_HH,GNB,GW07,2021,HE_ACCOUNTS,_Z,_Z,_T,_T,_T,_T,_T,_T,_Z,_Z,_Z,_Z,_Z,0.05,A,,,,,,
AFW360_HH,GNB,GW07,2021,HE_AGE,_Z,_Z,_T,_T,_T,_T,_T,_T,_Z,_Z,_Z,_Z,_Z,5.73,A,,,,,,
AFW360_HH,GNB,GW07,2021,HE_BUY_FIRMS,_Z,_Z,_T,_T,_T,_T,_T,_T,_Z,_Z,_Z,_Z,_Z,0.05,A,,,,,,
AFW360_HH,GNB,GW07,2021,HE_CAPITAL,_Z,_Z,_T,_T,_T,_T,_T,_T,_Z,_Z,_Z,_Z,_Z,8941.88,A,,,,,,
AFW360_HH,GNB,GW07,2021,HE_COSTS,_Z,_Z,_T,_T,_T,_T,_T,_T,_Z,_Z,_Z,_Z,_Z,2652.54,A,,,,,,
AFW360_HH,GNB,GW07,2021,HE_CREDIT_ANY,_Z,_Z,_T,_T,_T,_T,_T,_T,_Z,_Z,_Z,_Z,_Z,0.35,A,,,,,,
AFW360_HH,GNB,GW07,2021,HE_CREDIT_FORMAL,_Z,_Z,_T,_T,_T,_T,_T,_T,_Z,_Z,_Z,_Z,_Z,0.03,A,,,,,,
AFW360_HH,GNB,GW07,2021,HE_CREDIT_INFORMAL,_Z,_Z,_T,_T,_T,_T,_T,_T,_Z,_Z,_Z,_Z,_Z,0.32,A,,,,,,
AFW360_HH,GNB,GW07,2021,HE_ELEC,_Z,_Z,_T,_T,_T,_T,_T,_T,_Z,_Z,_Z,_Z,_Z,0,A,,,,,,
AFW360_HH,GNB,GW07,2021,HE_EMP_EXT_ANY,_Z,_Z,_T,_T,_T,_T,_T,_T,_Z,_Z,_Z,_Z,_Z,1,A,,,,,,LEGACY_SUSPECT: Implausible: share 1.00 while mean non-HH employees is 0.48.
AFW360_HH,GNB,GW07,2021,HE_EMP_HH_NUM,_Z,_Z,_T,_T,_T,_T,_T,_T,_Z,_Z,_Z,_Z,_Z,0,A,,,,,,
AFW360_HH,GNB,GW07,2021,HE_EMP_NONHH_NUM,_Z,_Z,_T,_T,_T,_T,_T,_T,_Z,_Z,_Z,_Z,_Z,0.18,A,,,,,,
AFW360_HH,GNB,GW07,2021,HE_EMP_NUM,_Z,_Z,_T,_T,_T,_T,_T,_T,_Z,_Z,_Z,_Z,_Z,0,A,,,,,,
AFW360_HH,GNB,GW07,2021,HE_HH_OWNER,_Z,_Z,_T,_T,_T,_T,_T,_T,_Z,_Z,_Z,_Z,_Z,0.29,A,,,,,,
AFW360_HH,GNB,GW07,2021,HE_HOME_BASED,_Z,_Z,_T,_T,_T,_T,_T,_T,_Z,_Z,_Z,_Z,_Z,0.6,A,,,,,,
AFW360_HH,GNB,GW07,2021,HE_PHONE,_Z,_Z,_T,_T,_T,_T,_T,_T,_Z,_Z,_Z,_Z,_Z,0.91,A,,,,,,
AFW360_HH,GNB,GW07,2021,HE_PREMISES_FORMAL,_Z,_Z,_T,_T,_T,_T,_T,_T,_Z,_Z,_Z,_Z,_Z,0.1,A,,,,,,
AFW360_HH,GNB,GW07,2021,HE_PROFIT,_Z,_Z,_T,_T,_T,_T,_T,_T,_Z,_Z,_Z,_Z,_Z,2375.69,A,,,,,,
AFW360_HH,GNB,GW07,2021,HE_RENT,_Z,_Z,_T,_T,_T,_T,_T,_T,_Z,_Z,_Z,_Z,_Z,1,A,,,,,,
AFW360_HH,GNB,GW07,2021,HE_REV_PER_WORKER,_Z,_Z,_T,_T,_T,_T,_T,_T,_Z,_Z,_Z,_Z,_Z,,O,,,,,,"LEGACY_EMPTY: empty cell in sheet 'ADM 1', column 'estimateQuinara'"
AFW360_HH,GNB,GW07,2021,HE_SELL_FIRMS,_Z,_Z,_T,_T,_T,_T,_T,_T,_Z,_Z,_Z,_Z,_Z,0,A,,,,,,
AFW360_HH,GNB,GW07,2021,HE_TAX_ID,_Z,_Z,_T,_T,_T,_T,_T,_T,_Z,_Z,_Z,_Z,_Z,0.08,A,,,,,,
AFW360_HH,GNB,GW07,2021,HE_WATER,_Z,_Z,_T,_T,_T,_T,_T,_T,_Z,_Z,_Z,_Z,_Z,0,A,,,,,,
AFW360_HH,GNB,GW07,2021,HOUS_FLOOR_DURABLE,_Z,_Z,_T,_T,_T,_T,_T,_T,_Z,_Z,_Z,_Z,_Z,0.41,A,,,,,,
AFW360_HH,GNB,GW07,2021,HOUS_ROOF_DURABLE,_Z,_Z,_T,_T,_T,_T,_T,_T,_Z,_Z,_Z,_Z,_Z,0.83,A,,,,,,
AFW360_HH,GNB,GW07,2021,HOUS_SANIT_IMPROVED,_Z,_Z,_T,_T,_T,_T,_T,_T,_Z,_Z,_Z,_Z,_Z,0.05,A,,,,,,
AFW360_HH,GNB,GW07,2021,HOUS_WALL_DURABLE,_Z,_Z,_T,_T,_T,_T,_T,_T,_Z,_Z,_Z,_Z,_Z,0.34,A,,,,,,
AFW360_HH,GNB,GW07,2021,HOUS_WATER_SAFE_DRY,_Z,_Z,_T,_T,_T,_T,_T,_T,_Z,_Z,_Z,_Z,_Z,0.67,A,,,,,,
AFW360_HH,GNB,GW07,2021,POP_HE_SH,_Z,_Z,_T,HEO_MSTAT_MARRIED,_T,_T,_T,_T,_Z,_Z,_Z,_Z,_Z,0.3,A,,,,,,
AFW360_HH,GNB,GW07,2021,POP_HE_SH,_Z,_Z,_T,HEO_SEX_F,_T,_T,_T,_T,_Z,_Z,_Z,_Z,_Z,0.53,A,,,,,,
AFW360_HH,GNB,GW07,2021,POP_HH_SH,_Z,_Z,_T,HE_COUNT_0,_T,_T,_T,_T,_Z,_Z,_Z,_Z,_Z,0.34,A,,,,,,
AFW360_HH,GNB,GW07,2021,POP_HH_SH,_Z,_Z,_T,HE_COUNT_1,_T,_T,_T,_T,_Z,_Z,_Z,_Z,_Z,0.49,A,,,,,,
AFW360_HH,GNB,GW07,2021,POP_HH_SH,_Z,_Z,_T,HE_COUNT_2,_T,_T,_T,_T,_Z,_Z,_Z,_Z,_Z,0.17,A,,,,,,
AFW360_HH,GNB,GW07,2021,POP_HH_SH,_Z,_Z,_T,HE_COUNT_3,_T,_T,_T,_T,_Z,_Z,_Z,_Z,_Z,0,A,,,,,,
AFW360_HH,GNB,GW07,2021,POP_HH_SH,_Z,_Z,_T,HE_COUNT_4P,_T,_T,_T,_T,_Z,_Z,_Z,_Z,_Z,0.01,A,,,,,,
AFW360_HH,GNB,GW07,2021,POP_SH,_T,_T,_T,EMP_FORMAL_N,_T,_T,_T,_T,_Z,_Z,_Z,_Z,_Z,0.9,A,,,,,,
AFW360_HH,GNB,GW07,2021,POP_SH,_T,_T,_T,EMP_ISIC_G,_T,_T,_T,_T,_Z,_Z,_Z,_Z,_Z,0.08,A,,,,,,
AFW360_HH,GNB,GW07,2021,POP_SH,_T,_T,_T,EMP_ISIC_H,_T,_T,_T,_T,_Z,_Z,_Z,_Z,_Z,0,A,,,,,,
AFW360_HH,GNB,GW07,2021,POP_SH,_T,_T,_T,EMP_SECTOR_AGR,_T,_T,_T,_T,_Z,_Z,_Z,_Z,_Z,0.84,A,,,,,,
AFW360_HH,GNB,GW07,2021,POP_SH,_T,_T,_T,EMP_SECTOR_IND,_T,_T,_T,_T,_Z,_Z,_Z,_Z,_Z,0.04,A,,,,,,
AFW360_HH,GNB,GW07,2021,POP_SH,_T,_T,_T,EMP_SECTOR_SER,_T,_T,_T,_T,_Z,_Z,_Z,_Z,_Z,0.11,A,,,,,,
AFW360_HH,GNB,GW07,2021,POP_SH,_T,_T,_T,EMP_STATUS_EMPLOYED,_T,_T,_T,_T,_Z,_Z,_Z,_Z,_Z,0.83,A,,,,,,
AFW360_HH,GNB,GW07,2021,POP_SH,_T,_T,_T,EMP_TYPE_NONWAGE,_T,_T,_T,_T,_Z,_Z,_Z,_Z,_Z,0.94,A,,,,,,
AFW360_HH,GNB,GW07,2021,POP_SH,_T,_T,_T,EMP_TYPE_WAGE,_T,_T,_T,_T,_Z,_Z,_Z,_Z,_Z,0.06,A,,,,,,
AFW360_HH,GNB,GW07,2021,POV_HC,_T,_T,_T,_T,_T,_T,_T,_T,POVLINE_PL300,PPP_2021,_Z,_Z,_Z,0.59,A,,,,,,
AFW360_HH,GNB,GW07,2021,POV_HC,_T,_T,_T,_T,_T,_T,_T,_T,POVLINE_PL420,PPP_2021,_Z,_Z,_Z,0.85,A,,,,,,
AFW360_HH,GNB,GW07,2021,POV_NUM,_T,_T,_T,_T,_T,_T,_T,_T,POVLINE_PL300,PPP_2021,_Z,_Z,_Z,50000,A,,,,,,
AFW360_HH,GNB,GW07,2021,POV_NUM,_T,_T,_T,_T,_T,_T,_T,_T,POVLINE_PL420,PPP_2021,_Z,_Z,_Z,70000,A,,,,,,
AFW360_HH,GNB,GW07,2021,SHK_ANY,_Z,_Z,_T,_T,_T,_T,_T,_T,_Z,_Z,_Z,_Z,_Z,0.96,A,,,,,,
AFW360_HH,GNB,GW07,2021,SHK_COV_CONFLICT,_Z,_Z,_T,_T,_T,_T,_T,_T,_Z,_Z,_Z,_Z,_Z,0.07,A,,,,,,
AFW360_HH,GNB,GW07,2021,SHK_COV_ECON,_Z,_Z,_T,_T,_T,_T,_T,_T,_Z,_Z,_Z,_Z,_Z,0.66,A,,,,,,
AFW360_HH,GNB,GW07,2021,SHK_COV_NATURAL,_Z,_Z,_T,_T,_T,_T,_T,_T,_Z,_Z,_Z,_Z,_Z,0.49,A,,,,,,
AFW360_HH,GNB,GW07,2021,SHK_IDIO_ECON,_Z,_Z,_T,_T,_T,_T,_T,_T,_Z,_Z,_Z,_Z,_Z,0.39,A,,,,,,
AFW360_HH,GNB,GW07,2021,SP_HEALTH_COV,_T,_T,_T,_T,_T,_T,_T,_T,_Z,_Z,_Z,_Z,_Z,0,A,,,,,,
AFW360_HH,GNB,GW07,2021,SP_HEALTH_COV_HH,_Z,_Z,_T,_T,_T,_T,_T,_T,_Z,_Z,_Z,_Z,_Z,0,A,,,,,,
AFW360_HH,GNB,GW08,2021,AGR_CULTIVATES,_Z,_Z,_T,_T,_T,_T,_T,_T,_Z,_Z,_Z,_Z,_Z,0.08,A,,,,,,
AFW360_HH,GNB,GW08,2021,AGR_CULT_AREA,_Z,_Z,_T,_T,_T,_T,_T,_T,_Z,_Z,_Z,_Z,_Z,1.3,A,,,,,,
AFW360_HH,GNB,GW08,2021,AGR_LIVESTOCK_ANY,_Z,_Z,_T,_T,_T,_T,_T,_T,_Z,_Z,_Z,_Z,_Z,0.22,A,,,,,,
AFW360_HH,GNB,GW08,2021,AGR_TLU,_Z,_Z,_T,_T,_T,_T,_T,_T,_Z,_Z,_Z,_Z,_Z,0.13,A,,,,,,
AFW360_HH,GNB,GW08,2021,CONS_SH,_Z,_Z,_T,_T,_T,_T,_T,_T,COICOP_CP01,ACQ_OWNPROD,_Z,_Z,_Z,0.01,A,,,,,,
AFW360_HH,GNB,GW08,2021,CONS_SH,_Z,_Z,_T,_T,_T,_T,_T,_T,COICOP_CP01,ACQ_PURCH,_Z,_Z,_Z,0.29,A,,,,,,
AFW360_HH,GNB,GW08,2021,CONS_SH,_Z,_Z,_T,_T,_T,_T,_T,_T,COICOP_CP01,_Z,_Z,_Z,_Z,0.33,A,,,,,,
AFW360_HH,GNB,GW08,2021,CONS_SH,_Z,_Z,_T,_T,_T,_T,_T,_T,COICOP_CP02,_Z,_Z,_Z,_Z,0.01,A,,,,,,
AFW360_HH,GNB,GW08,2021,CONS_SH,_Z,_Z,_T,_T,_T,_T,_T,_T,COICOP_CP03,_Z,_Z,_Z,_Z,0.05,A,,,,,,
AFW360_HH,GNB,GW08,2021,CONS_SH,_Z,_Z,_T,_T,_T,_T,_T,_T,COICOP_CP04,_Z,_Z,_Z,_Z,0.17,A,,,,,,
AFW360_HH,GNB,GW08,2021,CONS_SH,_Z,_Z,_T,_T,_T,_T,_T,_T,COICOP_CP05,_Z,_Z,_Z,_Z,0.05,A,,,,,,
AFW360_HH,GNB,GW08,2021,CONS_SH,_Z,_Z,_T,_T,_T,_T,_T,_T,COICOP_CP06,_Z,_Z,_Z,_Z,0.03,A,,,,,,
AFW360_HH,GNB,GW08,2021,CONS_SH,_Z,_Z,_T,_T,_T,_T,_T,_T,COICOP_CP07,_Z,_Z,_Z,_Z,0.06,A,,,,,,
AFW360_HH,GNB,GW08,2021,CONS_SH,_Z,_Z,_T,_T,_T,_T,_T,_T,COICOP_CP08,_Z,_Z,_Z,_Z,0.09,A,,,,,,
AFW360_HH,GNB,GW08,2021,CONS_SH,_Z,_Z,_T,_T,_T,_T,_T,_T,COICOP_CP09,_Z,_Z,_Z,_Z,0.01,A,,,,,,
AFW360_HH,GNB,GW08,2021,CONS_SH,_Z,_Z,_T,_T,_T,_T,_T,_T,COICOP_CP10,_Z,_Z,_Z,_Z,0.05,A,,,,,,
AFW360_HH,GNB,GW08,2021,CONS_SH,_Z,_Z,_T,_T,_T,_T,_T,_T,COICOP_CP11,_Z,_Z,_Z,_Z,0.14,A,,,,,,
AFW360_HH,GNB,GW08,2021,CONS_SH,_Z,_Z,_T,_T,_T,_T,_T,_T,COICOP_CP12,_Z,_Z,_Z,_Z,0,A,,,,,,
AFW360_HH,GNB,GW08,2021,CONS_SH,_Z,_Z,_T,_T,_T,_T,_T,_T,COICOP_CP13,_Z,_Z,_Z,_Z,0.02,A,,,,,,
AFW360_HH,GNB,GW08,2021,EN_ASSET_AC,_Z,_Z,_T,_T,_T,_T,_T,_T,_Z,_Z,_Z,_Z,_Z,0.03,A,,,,,,
AFW360_HH,GNB,GW08,2021,EN_ASSET_COOKER,_Z,_Z,_T,_T,_T,_T,_T,_T,_Z,_Z,_Z,_Z,_Z,0.13,A,,,,,,
AFW360_HH,GNB,GW08,2021,EN_ASSET_FAN,_Z,_Z,_T,_T,_T,_T,_T,_T,_Z,_Z,_Z,_Z,_Z,0.07,A,,,,,,
AFW360_HH,GNB,GW08,2021,EN_ASSET_WATER_HEATER,_Z,_Z,_T,_T,_T,_T,_T,_T,_Z,_Z,_Z,_Z,_Z,0.07,A,,,,,,
AFW360_HH,GNB,GW08,2021,EN_COOK_BIOMASS,_Z,_Z,_T,_T,_T,_T,_T,_T,_Z,_Z,_Z,_Z,_Z,0.94,A,,,,,,
AFW360_HH,GNB,GW08,2021,EN_COOK_CLEAN,_Z,_Z,_T,_T,_T,_T,_T,_T,_Z,_Z,_Z,_Z,_Z,0.05,A,,,,,,
AFW360_HH,GNB,GW08,2021,EN_ELEC_ACCESS,_Z,_Z,_T,_T,_T,_T,_T,_T,_Z,_Z,_Z,_Z,_Z,0.7,A,,,,,,
AFW360_HH,GNB,GW08,2021,EN_ELEC_INFORMAL,_Z,_Z,_T,_T,_T,_T,_T,_T,_Z,_Z,_Z,_Z,_Z,0.04,A,,,,,,
AFW360_HH,GNB,GW08,2021,EN_ELEC_SPEND,_Z,_Z,_T,_T,_T,_T,_T,_T,_Z,_Z,_Z,_Z,_Z,14097.7,A,,,,,,
AFW360_HH,GNB,GW08,2021,EN_GRID_CONN,_Z,_Z,_T,_T,_T,_T,_T,_T,_Z,_Z,_Z,_Z,_Z,0.71,A,,,,,,
AFW360_HH,GNB,GW08,2021,EN_GRID_USE,_Z,_Z,_T,_T,_T,_T,_T,_T,_Z,_Z,_Z,_Z,_Z,0.8,A,,,,,,
AFW360_HH,GNB,GW08,2021,EN_LIGHT_IMPROVED,_Z,_Z,_T,_T,_T,_T,_T,_T,_Z,_Z,_Z,_Z,_Z,0.8,A,,,,,,
AFW360_HH,GNB,GW08,2021,EN_OFFGRID_USE,_Z,_Z,_T,_T,_T,_T,_T,_T,_Z,_Z,_Z,_Z,_Z,0.04,A,,,,,,
AFW360_HH,GNB,GW08,2021,EN_OUTAGE_ANY,_Z,_Z,_T,_T,_T,_T,_T,_T,_Z,_Z,_Z,_Z,_Z,0.27,A,,,,,,
AFW360_HH,GNB,GW08,2021,EN_OUTAGE_DAYS,_Z,_Z,_T,_T,_T,_T,_T,_T,_Z,_Z,_Z,_Z,_Z,2.02,A,,,,,,
AFW360_HH,GNB,GW08,2021,EN_OUTAGE_DUR_CODE,_Z,_Z,_T,_T,_T,_T,_T,_T,_Z,_Z,_Z,_Z,_Z,2.85,A,,,,,,
AFW360_HH,GNB,GW08,2021,EN_PREPAID_METER,_Z,_Z,_T,_T,_T,_T,_T,_T,_Z,_Z,_Z,_Z,_Z,0.65,A,,,,,,
AFW360_HH,GNB,GW08,2021,HE_ACCOUNTS,_Z,_Z,_T,_T,_T,_T,_T,_T,_Z,_Z,_Z,_Z,_Z,0.04,A,,,,,,
AFW360_HH,GNB,GW08,2021,HE_AGE,_Z,_Z,_T,_T,_T,_T,_T,_T,_Z,_Z,_Z,_Z,_Z,5.88,A,,,,,,
AFW360_HH,GNB,GW08,2021,HE_BUY_FIRMS,_Z,_Z,_T,_T,_T,_T,_T,_T,_Z,_Z,_Z,_Z,_Z,0.19,A,,,,,,
AFW360_HH,GNB,GW08,2021,HE_CAPITAL,_Z,_Z,_T,_T,_T,_T,_T,_T,_Z,_Z,_Z,_Z,_Z,7170.22,A,,,,,,
AFW360_HH,GNB,GW08,2021,HE_COSTS,_Z,_Z,_T,_T,_T,_T,_T,_T,_Z,_Z,_Z,_Z,_Z,5762.63,A,,,,,,
AFW360_HH,GNB,GW08,2021,HE_CREDIT_ANY,_Z,_Z,_T,_T,_T,_T,_T,_T,_Z,_Z,_Z,_Z,_Z,0.26,A,,,,,,
AFW360_HH,GNB,GW08,2021,HE_CREDIT_FORMAL,_Z,_Z,_T,_T,_T,_T,_T,_T,_Z,_Z,_Z,_Z,_Z,0.01,A,,,,,,
AFW360_HH,GNB,GW08,2021,HE_CREDIT_INFORMAL,_Z,_Z,_T,_T,_T,_T,_T,_T,_Z,_Z,_Z,_Z,_Z,0.24,A,,,,,,
AFW360_HH,GNB,GW08,2021,HE_ELEC,_Z,_Z,_T,_T,_T,_T,_T,_T,_Z,_Z,_Z,_Z,_Z,0.83,A,,,,,,
AFW360_HH,GNB,GW08,2021,HE_EMP_EXT_ANY,_Z,_Z,_T,_T,_T,_T,_T,_T,_Z,_Z,_Z,_Z,_Z,1,A,,,,,,LEGACY_SUSPECT: Implausible: share 1.00 while mean non-HH employees is 0.48.
AFW360_HH,GNB,GW08,2021,HE_EMP_HH_NUM,_Z,_Z,_T,_T,_T,_T,_T,_T,_Z,_Z,_Z,_Z,_Z,0,A,,,,,,
AFW360_HH,GNB,GW08,2021,HE_EMP_NONHH_NUM,_Z,_Z,_T,_T,_T,_T,_T,_T,_Z,_Z,_Z,_Z,_Z,0.64,A,,,,,,
AFW360_HH,GNB,GW08,2021,HE_EMP_NUM,_Z,_Z,_T,_T,_T,_T,_T,_T,_Z,_Z,_Z,_Z,_Z,0.46,A,,,,,,
AFW360_HH,GNB,GW08,2021,HE_HH_OWNER,_Z,_Z,_T,_T,_T,_T,_T,_T,_Z,_Z,_Z,_Z,_Z,0.67,A,,,,,,
AFW360_HH,GNB,GW08,2021,HE_HOME_BASED,_Z,_Z,_T,_T,_T,_T,_T,_T,_Z,_Z,_Z,_Z,_Z,0.59,A,,,,,,
AFW360_HH,GNB,GW08,2021,HE_PHONE,_Z,_Z,_T,_T,_T,_T,_T,_T,_Z,_Z,_Z,_Z,_Z,0.98,A,,,,,,
AFW360_HH,GNB,GW08,2021,HE_PREMISES_FORMAL,_Z,_Z,_T,_T,_T,_T,_T,_T,_Z,_Z,_Z,_Z,_Z,0.05,A,,,,,,
AFW360_HH,GNB,GW08,2021,HE_PROFIT,_Z,_Z,_T,_T,_T,_T,_T,_T,_Z,_Z,_Z,_Z,_Z,8735.7,A,,,,,,
AFW360_HH,GNB,GW08,2021,HE_RENT,_Z,_Z,_T,_T,_T,_T,_T,_T,_Z,_Z,_Z,_Z,_Z,1,A,,,,,,
AFW360_HH,GNB,GW08,2021,HE_REV_PER_WORKER,_Z,_Z,_T,_T,_T,_T,_T,_T,_Z,_Z,_Z,_Z,_Z,156896.88,A,,,,,,
AFW360_HH,GNB,GW08,2021,HE_SELL_FIRMS,_Z,_Z,_T,_T,_T,_T,_T,_T,_Z,_Z,_Z,_Z,_Z,0.06,A,,,,,,
AFW360_HH,GNB,GW08,2021,HE_TAX_ID,_Z,_Z,_T,_T,_T,_T,_T,_T,_Z,_Z,_Z,_Z,_Z,0.1,A,,,,,,
AFW360_HH,GNB,GW08,2021,HE_WATER,_Z,_Z,_T,_T,_T,_T,_T,_T,_Z,_Z,_Z,_Z,_Z,0.3,A,,,,,,
AFW360_HH,GNB,GW08,2021,HOUS_FLOOR_DURABLE,_Z,_Z,_T,_T,_T,_T,_T,_T,_Z,_Z,_Z,_Z,_Z,0.97,A,,,,,,
AFW360_HH,GNB,GW08,2021,HOUS_ROOF_DURABLE,_Z,_Z,_T,_T,_T,_T,_T,_T,_Z,_Z,_Z,_Z,_Z,1,A,,,,,,
AFW360_HH,GNB,GW08,2021,HOUS_SANIT_IMPROVED,_Z,_Z,_T,_T,_T,_T,_T,_T,_Z,_Z,_Z,_Z,_Z,0.57,A,,,,,,
AFW360_HH,GNB,GW08,2021,HOUS_WALL_DURABLE,_Z,_Z,_T,_T,_T,_T,_T,_T,_Z,_Z,_Z,_Z,_Z,0.46,A,,,,,,
AFW360_HH,GNB,GW08,2021,HOUS_WATER_SAFE_DRY,_Z,_Z,_T,_T,_T,_T,_T,_T,_Z,_Z,_Z,_Z,_Z,0.96,A,,,,,,
AFW360_HH,GNB,GW08,2021,POP_HE_SH,_Z,_Z,_T,HEO_MSTAT_MARRIED,_T,_T,_T,_T,_Z,_Z,_Z,_Z,_Z,0.25,A,,,,,,
AFW360_HH,GNB,GW08,2021,POP_HE_SH,_Z,_Z,_T,HEO_SEX_F,_T,_T,_T,_T,_Z,_Z,_Z,_Z,_Z,0.62,A,,,,,,
AFW360_HH,GNB,GW08,2021,POP_HH_SH,_Z,_Z,_T,HE_COUNT_0,_T,_T,_T,_T,_Z,_Z,_Z,_Z,_Z,0.3,A,,,,,,
AFW360_HH,GNB,GW08,2021,POP_HH_SH,_Z,_Z,_T,HE_COUNT_1,_T,_T,_T,_T,_Z,_Z,_Z,_Z,_Z,0.54,A,,,,,,
AFW360_HH,GNB,GW08,2021,POP_HH_SH,_Z,_Z,_T,HE_COUNT_2,_T,_T,_T,_T,_Z,_Z,_Z,_Z,_Z,0.13,A,,,,,,
AFW360_HH,GNB,GW08,2021,POP_HH_SH,_Z,_Z,_T,HE_COUNT_3,_T,_T,_T,_T,_Z,_Z,_Z,_Z,_Z,0.02,A,,,,,,
AFW360_HH,GNB,GW08,2021,POP_HH_SH,_Z,_Z,_T,HE_COUNT_4P,_T,_T,_T,_T,_Z,_Z,_Z,_Z,_Z,0,A,,,,,,
AFW360_HH,GNB,GW08,2021,POP_SH,_T,_T,_T,EMP_FORMAL_N,_T,_T,_T,_T,_Z,_Z,_Z,_Z,_Z,0.47,A,,,,,,
AFW360_HH,GNB,GW08,2021,POP_SH,_T,_T,_T,EMP_ISIC_G,_T,_T,_T,_T,_Z,_Z,_Z,_Z,_Z,0.26,A,,,,,,
AFW360_HH,GNB,GW08,2021,POP_SH,_T,_T,_T,EMP_ISIC_H,_T,_T,_T,_T,_Z,_Z,_Z,_Z,_Z,0.06,A,,,,,,
AFW360_HH,GNB,GW08,2021,POP_SH,_T,_T,_T,EMP_SECTOR_AGR,_T,_T,_T,_T,_Z,_Z,_Z,_Z,_Z,0.06,A,,,,,,
AFW360_HH,GNB,GW08,2021,POP_SH,_T,_T,_T,EMP_SECTOR_IND,_T,_T,_T,_T,_Z,_Z,_Z,_Z,_Z,0.26,A,,,,,,
AFW360_HH,GNB,GW08,2021,POP_SH,_T,_T,_T,EMP_SECTOR_SER,_T,_T,_T,_T,_Z,_Z,_Z,_Z,_Z,0.68,A,,,,,,
AFW360_HH,GNB,GW08,2021,POP_SH,_T,_T,_T,EMP_STATUS_EMPLOYED,_T,_T,_T,_T,_Z,_Z,_Z,_Z,_Z,0.48,A,,,,,,
AFW360_HH,GNB,GW08,2021,POP_SH,_T,_T,_T,EMP_TYPE_NONWAGE,_T,_T,_T,_T,_Z,_Z,_Z,_Z,_Z,0.48,A,,,,,,
AFW360_HH,GNB,GW08,2021,POP_SH,_T,_T,_T,EMP_TYPE_WAGE,_T,_T,_T,_T,_Z,_Z,_Z,_Z,_Z,0.52,A,,,,,,
AFW360_HH,GNB,GW08,2021,POV_HC,_T,_T,_T,_T,_T,_T,_T,_T,POVLINE_PL300,PPP_2021,_Z,_Z,_Z,0.04,A,,,,,,
AFW360_HH,GNB,GW08,2021,POV_HC,_T,_T,_T,_T,_T,_T,_T,_T,POVLINE_PL420,PPP_2021,_Z,_Z,_Z,0.21,A,,,,,,
AFW360_HH,GNB,GW08,2021,POV_NUM,_T,_T,_T,_T,_T,_T,_T,_T,POVLINE_PL300,PPP_2021,_Z,_Z,_Z,20000,A,,,,,,
AFW360_HH,GNB,GW08,2021,POV_NUM,_T,_T,_T,_T,_T,_T,_T,_T,POVLINE_PL420,PPP_2021,_Z,_Z,_Z,100000,A,,,,,,
AFW360_HH,GNB,GW08,2021,SHK_ANY,_Z,_Z,_T,_T,_T,_T,_T,_T,_Z,_Z,_Z,_Z,_Z,0.88,A,,,,,,
AFW360_HH,GNB,GW08,2021,SHK_COV_CONFLICT,_Z,_Z,_T,_T,_T,_T,_T,_T,_Z,_Z,_Z,_Z,_Z,0.01,A,,,,,,
AFW360_HH,GNB,GW08,2021,SHK_COV_ECON,_Z,_Z,_T,_T,_T,_T,_T,_T,_Z,_Z,_Z,_Z,_Z,0.69,A,,,,,,
AFW360_HH,GNB,GW08,2021,SHK_COV_NATURAL,_Z,_Z,_T,_T,_T,_T,_T,_T,_Z,_Z,_Z,_Z,_Z,0.11,A,,,,,,
AFW360_HH,GNB,GW08,2021,SHK_IDIO_ECON,_Z,_Z,_T,_T,_T,_T,_T,_T,_Z,_Z,_Z,_Z,_Z,0.31,A,,,,,,
AFW360_HH,GNB,GW08,2021,SP_HEALTH_COV,_T,_T,_T,_T,_T,_T,_T,_T,_Z,_Z,_Z,_Z,_Z,0.01,A,,,,,,
AFW360_HH,GNB,GW08,2021,SP_HEALTH_COV_HH,_Z,_Z,_T,_T,_T,_T,_T,_T,_Z,_Z,_Z,_Z,_Z,0.03,A,,,,,,
AFW360_HH,GNB,GW09,2021,AGR_CULTIVATES,_Z,_Z,_T,_T,_T,_T,_T,_T,_Z,_Z,_Z,_Z,_Z,0.93,A,,,,,,
AFW360_HH,GNB,GW09,2021,AGR_CULT_AREA,_Z,_Z,_T,_T,_T,_T,_T,_T,_Z,_Z,_Z,_Z,_Z,2.08,A,,,,,,
AFW360_HH,GNB,GW09,2021,AGR_LIVESTOCK_ANY,_Z,_Z,_T,_T,_T,_T,_T,_T,_Z,_Z,_Z,_Z,_Z,0.87,A,,,,,,
AFW360_HH,GNB,GW09,2021,AGR_TLU,_Z,_Z,_T,_T,_T,_T,_T,_T,_Z,_Z,_Z,_Z,_Z,2.35,A,,,,,,
AFW360_HH,GNB,GW09,2021,CONS_SH,_Z,_Z,_T,_T,_T,_T,_T,_T,COICOP_CP01,ACQ_OWNPROD,_Z,_Z,_Z,0.26,A,,,,,,
AFW360_HH,GNB,GW09,2021,CONS_SH,_Z,_Z,_T,_T,_T,_T,_T,_T,COICOP_CP01,ACQ_PURCH,_Z,_Z,_Z,0.18,A,,,,,,
AFW360_HH,GNB,GW09,2021,CONS_SH,_Z,_Z,_T,_T,_T,_T,_T,_T,COICOP_CP01,_Z,_Z,_Z,_Z,0.5,A,,,,,,
AFW360_HH,GNB,GW09,2021,CONS_SH,_Z,_Z,_T,_T,_T,_T,_T,_T,COICOP_CP02,_Z,_Z,_Z,_Z,0.01,A,,,,,,
AFW360_HH,GNB,GW09,2021,CONS_SH,_Z,_Z,_T,_T,_T,_T,_T,_T,COICOP_CP03,_Z,_Z,_Z,_Z,0.06,A,,,,,,
AFW360_HH,GNB,GW09,2021,CONS_SH,_Z,_Z,_T,_T,_T,_T,_T,_T,COICOP_CP04,_Z,_Z,_Z,_Z,0.14,A,,,,,,
AFW360_HH,GNB,GW09,2021,CONS_SH,_Z,_Z,_T,_T,_T,_T,_T,_T,COICOP_CP05,_Z,_Z,_Z,_Z,0.03,A,,,,,,
AFW360_HH,GNB,GW09,2021,CONS_SH,_Z,_Z,_T,_T,_T,_T,_T,_T,COICOP_CP06,_Z,_Z,_Z,_Z,0.03,A,,,,,,
AFW360_HH,GNB,GW09,2021,CONS_SH,_Z,_Z,_T,_T,_T,_T,_T,_T,COICOP_CP07,_Z,_Z,_Z,_Z,0.04,A,,,,,,
AFW360_HH,GNB,GW09,2021,CONS_SH,_Z,_Z,_T,_T,_T,_T,_T,_T,COICOP_CP08,_Z,_Z,_Z,_Z,0.05,A,,,,,,
AFW360_HH,GNB,GW09,2021,CONS_SH,_Z,_Z,_T,_T,_T,_T,_T,_T,COICOP_CP09,_Z,_Z,_Z,_Z,0,A,,,,,,
AFW360_HH,GNB,GW09,2021,CONS_SH,_Z,_Z,_T,_T,_T,_T,_T,_T,COICOP_CP10,_Z,_Z,_Z,_Z,0.02,A,,,,,,
AFW360_HH,GNB,GW09,2021,CONS_SH,_Z,_Z,_T,_T,_T,_T,_T,_T,COICOP_CP11,_Z,_Z,_Z,_Z,0.1,A,,,,,,
AFW360_HH,GNB,GW09,2021,CONS_SH,_Z,_Z,_T,_T,_T,_T,_T,_T,COICOP_CP12,_Z,_Z,_Z,_Z,0,A,,,,,,
AFW360_HH,GNB,GW09,2021,CONS_SH,_Z,_Z,_T,_T,_T,_T,_T,_T,COICOP_CP13,_Z,_Z,_Z,_Z,0.01,A,,,,,,
AFW360_HH,GNB,GW09,2021,EN_ASSET_AC,_Z,_Z,_T,_T,_T,_T,_T,_T,_Z,_Z,_Z,_Z,_Z,0,A,,,,,,
AFW360_HH,GNB,GW09,2021,EN_ASSET_COOKER,_Z,_Z,_T,_T,_T,_T,_T,_T,_Z,_Z,_Z,_Z,_Z,0,A,,,,,,
AFW360_HH,GNB,GW09,2021,EN_ASSET_FAN,_Z,_Z,_T,_T,_T,_T,_T,_T,_Z,_Z,_Z,_Z,_Z,0,A,,,,,,
AFW360_HH,GNB,GW09,2021,EN_ASSET_WATER_HEATER,_Z,_Z,_T,_T,_T,_T,_T,_T,_Z,_Z,_Z,_Z,_Z,0,A,,,,,,
AFW360_HH,GNB,GW09,2021,EN_COOK_BIOMASS,_Z,_Z,_T,_T,_T,_T,_T,_T,_Z,_Z,_Z,_Z,_Z,1,A,,,,,,
AFW360_HH,GNB,GW09,2021,EN_COOK_CLEAN,_Z,_Z,_T,_T,_T,_T,_T,_T,_Z,_Z,_Z,_Z,_Z,0,A,,,,,,
AFW360_HH,GNB,GW09,2021,EN_ELEC_ACCESS,_Z,_Z,_T,_T,_T,_T,_T,_T,_Z,_Z,_Z,_Z,_Z,0,A,,,,,,
AFW360_HH,GNB,GW09,2021,EN_ELEC_INFORMAL,_Z,_Z,_T,_T,_T,_T,_T,_T,_Z,_Z,_Z,_Z,_Z,0,A,,,,,,
AFW360_HH,GNB,GW09,2021,EN_ELEC_SPEND,_Z,_Z,_T,_T,_T,_T,_T,_T,_Z,_Z,_Z,_Z,_Z,,O,,,,,,"LEGACY_EMPTY: empty cell in sheet 'ADM 1', column 'estimateTombali'"
AFW360_HH,GNB,GW09,2021,EN_GRID_CONN,_Z,_Z,_T,_T,_T,_T,_T,_T,_Z,_Z,_Z,_Z,_Z,0,A,,,,,,
AFW360_HH,GNB,GW09,2021,EN_GRID_USE,_Z,_Z,_T,_T,_T,_T,_T,_T,_Z,_Z,_Z,_Z,_Z,0,A,,,,,,
AFW360_HH,GNB,GW09,2021,EN_LIGHT_IMPROVED,_Z,_Z,_T,_T,_T,_T,_T,_T,_Z,_Z,_Z,_Z,_Z,0,A,,,,,,
AFW360_HH,GNB,GW09,2021,EN_OFFGRID_USE,_Z,_Z,_T,_T,_T,_T,_T,_T,_Z,_Z,_Z,_Z,_Z,0.69,A,,,,,,
AFW360_HH,GNB,GW09,2021,EN_OUTAGE_ANY,_Z,_Z,_T,_T,_T,_T,_T,_T,_Z,_Z,_Z,_Z,_Z,,O,,,,,,"LEGACY_EMPTY: empty cell in sheet 'ADM 1', column 'estimateTombali'"
AFW360_HH,GNB,GW09,2021,EN_OUTAGE_DAYS,_Z,_Z,_T,_T,_T,_T,_T,_T,_Z,_Z,_Z,_Z,_Z,,O,,,,,,"LEGACY_EMPTY: empty cell in sheet 'ADM 1', column 'estimateTombali'"
AFW360_HH,GNB,GW09,2021,EN_OUTAGE_DUR_CODE,_Z,_Z,_T,_T,_T,_T,_T,_T,_Z,_Z,_Z,_Z,_Z,,O,,,,,,"LEGACY_EMPTY: empty cell in sheet 'ADM 1', column 'estimateTombali'"
AFW360_HH,GNB,GW09,2021,EN_PREPAID_METER,_Z,_Z,_T,_T,_T,_T,_T,_T,_Z,_Z,_Z,_Z,_Z,,O,,,,,,"LEGACY_EMPTY: empty cell in sheet 'ADM 1', column 'estimateTombali'"
AFW360_HH,GNB,GW09,2021,HE_ACCOUNTS,_Z,_Z,_T,_T,_T,_T,_T,_T,_Z,_Z,_Z,_Z,_Z,0,A,,,,,,
AFW360_HH,GNB,GW09,2021,HE_AGE,_Z,_Z,_T,_T,_T,_T,_T,_T,_Z,_Z,_Z,_Z,_Z,5.84,A,,,,,,
AFW360_HH,GNB,GW09,2021,HE_BUY_FIRMS,_Z,_Z,_T,_T,_T,_T,_T,_T,_Z,_Z,_Z,_Z,_Z,0.03,A,,,,,,
AFW360_HH,GNB,GW09,2021,HE_CAPITAL,_Z,_Z,_T,_T,_T,_T,_T,_T,_Z,_Z,_Z,_Z,_Z,146256.84,A,,,,,,
AFW360_HH,GNB,GW09,2021,HE_COSTS,_Z,_Z,_T,_T,_T,_T,_T,_T,_Z,_Z,_Z,_Z,_Z,660.73,A,,,,,,
AFW360_HH,GNB,GW09,2021,HE_CREDIT_ANY,_Z,_Z,_T,_T,_T,_T,_T,_T,_Z,_Z,_Z,_Z,_Z,0.27,A,,,,,,
AFW360_HH,GNB,GW09,2021,HE_CREDIT_FORMAL,_Z,_Z,_T,_T,_T,_T,_T,_T,_Z,_Z,_Z,_Z,_Z,0.1,A,,,,,,
AFW360_HH,GNB,GW09,2021,HE_CREDIT_INFORMAL,_Z,_Z,_T,_T,_T,_T,_T,_T,_Z,_Z,_Z,_Z,_Z,0.17,A,,,,,,
AFW360_HH,GNB,GW09,2021,HE_ELEC,_Z,_Z,_T,_T,_T,_T,_T,_T,_Z,_Z,_Z,_Z,_Z,,O,,,,,,"LEGACY_EMPTY: empty cell in sheet 'ADM 1', column 'estimateTombali'"
AFW360_HH,GNB,GW09,2021,HE_EMP_EXT_ANY,_Z,_Z,_T,_T,_T,_T,_T,_T,_Z,_Z,_Z,_Z,_Z,1,A,,,,,,LEGACY_SUSPECT: Implausible: share 1.00 while mean non-HH employees is 0.48.
AFW360_HH,GNB,GW09,2021,HE_EMP_HH_NUM,_Z,_Z,_T,_T,_T,_T,_T,_T,_Z,_Z,_Z,_Z,_Z,0,A,,,,,,
AFW360_HH,GNB,GW09,2021,HE_EMP_NONHH_NUM,_Z,_Z,_T,_T,_T,_T,_T,_T,_Z,_Z,_Z,_Z,_Z,0.04,A,,,,,,
AFW360_HH,GNB,GW09,2021,HE_EMP_NUM,_Z,_Z,_T,_T,_T,_T,_T,_T,_Z,_Z,_Z,_Z,_Z,0,A,,,,,,
AFW360_HH,GNB,GW09,2021,HE_HH_OWNER,_Z,_Z,_T,_T,_T,_T,_T,_T,_Z,_Z,_Z,_Z,_Z,0.23,A,,,,,,
AFW360_HH,GNB,GW09,2021,HE_HOME_BASED,_Z,_Z,_T,_T,_T,_T,_T,_T,_Z,_Z,_Z,_Z,_Z,0.72,A,,,,,,
AFW360_HH,GNB,GW09,2021,HE_PHONE,_Z,_Z,_T,_T,_T,_T,_T,_T,_Z,_Z,_Z,_Z,_Z,0.97,A,,,,,,
AFW360_HH,GNB,GW09,2021,HE_PREMISES_FORMAL,_Z,_Z,_T,_T,_T,_T,_T,_T,_Z,_Z,_Z,_Z,_Z,0,A,,,,,,
AFW360_HH,GNB,GW09,2021,HE_PROFIT,_Z,_Z,_T,_T,_T,_T,_T,_T,_Z,_Z,_Z,_Z,_Z,1391.61,A,,,,,,
AFW360_HH,GNB,GW09,2021,HE_RENT,_Z,_Z,_T,_T,_T,_T,_T,_T,_Z,_Z,_Z,_Z,_Z,,O,,,,,,"LEGACY_EMPTY: empty cell in sheet 'ADM 1', column 'estimateTombali'"
AFW360_HH,GNB,GW09,2021,HE_REV_PER_WORKER,_Z,_Z,_T,_T,_T,_T,_T,_T,_Z,_Z,_Z,_Z,_Z,,O,,,,,,"LEGACY_EMPTY: empty cell in sheet 'ADM 1', column 'estimateTombali'"
AFW360_HH,GNB,GW09,2021,HE_SELL_FIRMS,_Z,_Z,_T,_T,_T,_T,_T,_T,_Z,_Z,_Z,_Z,_Z,0.13,A,,,,,,
AFW360_HH,GNB,GW09,2021,HE_TAX_ID,_Z,_Z,_T,_T,_T,_T,_T,_T,_Z,_Z,_Z,_Z,_Z,0.03,A,,,,,,
AFW360_HH,GNB,GW09,2021,HE_WATER,_Z,_Z,_T,_T,_T,_T,_T,_T,_Z,_Z,_Z,_Z,_Z,,O,,,,,,"LEGACY_EMPTY: empty cell in sheet 'ADM 1', column 'estimateTombali'"
AFW360_HH,GNB,GW09,2021,HOUS_FLOOR_DURABLE,_Z,_Z,_T,_T,_T,_T,_T,_T,_Z,_Z,_Z,_Z,_Z,0.29,A,,,,,,
AFW360_HH,GNB,GW09,2021,HOUS_ROOF_DURABLE,_Z,_Z,_T,_T,_T,_T,_T,_T,_Z,_Z,_Z,_Z,_Z,0.69,A,,,,,,
AFW360_HH,GNB,GW09,2021,HOUS_SANIT_IMPROVED,_Z,_Z,_T,_T,_T,_T,_T,_T,_Z,_Z,_Z,_Z,_Z,0.11,A,,,,,,
AFW360_HH,GNB,GW09,2021,HOUS_WALL_DURABLE,_Z,_Z,_T,_T,_T,_T,_T,_T,_Z,_Z,_Z,_Z,_Z,0.22,A,,,,,,
AFW360_HH,GNB,GW09,2021,HOUS_WATER_SAFE_DRY,_Z,_Z,_T,_T,_T,_T,_T,_T,_Z,_Z,_Z,_Z,_Z,0.5,A,,,,,,
AFW360_HH,GNB,GW09,2021,POP_HE_SH,_Z,_Z,_T,HEO_MSTAT_MARRIED,_T,_T,_T,_T,_Z,_Z,_Z,_Z,_Z,0.34,A,,,,,,
AFW360_HH,GNB,GW09,2021,POP_HE_SH,_Z,_Z,_T,HEO_SEX_F,_T,_T,_T,_T,_Z,_Z,_Z,_Z,_Z,0.5,A,,,,,,
AFW360_HH,GNB,GW09,2021,POP_HH_SH,_Z,_Z,_T,HE_COUNT_0,_T,_T,_T,_T,_Z,_Z,_Z,_Z,_Z,0.43,A,,,,,,
AFW360_HH,GNB,GW09,2021,POP_HH_SH,_Z,_Z,_T,HE_COUNT_1,_T,_T,_T,_T,_Z,_Z,_Z,_Z,_Z,0.5,A,,,,,,
AFW360_HH,GNB,GW09,2021,POP_HH_SH,_Z,_Z,_T,HE_COUNT_2,_T,_T,_T,_T,_Z,_Z,_Z,_Z,_Z,0.05,A,,,,,,
AFW360_HH,GNB,GW09,2021,POP_HH_SH,_Z,_Z,_T,HE_COUNT_3,_T,_T,_T,_T,_Z,_Z,_Z,_Z,_Z,0.01,A,,,,,,
AFW360_HH,GNB,GW09,2021,POP_HH_SH,_Z,_Z,_T,HE_COUNT_4P,_T,_T,_T,_T,_Z,_Z,_Z,_Z,_Z,0,A,,,,,,
AFW360_HH,GNB,GW09,2021,POP_SH,_T,_T,_T,EMP_FORMAL_N,_T,_T,_T,_T,_Z,_Z,_Z,_Z,_Z,0.92,A,,,,,,
AFW360_HH,GNB,GW09,2021,POP_SH,_T,_T,_T,EMP_ISIC_G,_T,_T,_T,_T,_Z,_Z,_Z,_Z,_Z,0.04,A,,,,,,
AFW360_HH,GNB,GW09,2021,POP_SH,_T,_T,_T,EMP_ISIC_H,_T,_T,_T,_T,_Z,_Z,_Z,_Z,_Z,0,A,,,,,,
AFW360_HH,GNB,GW09,2021,POP_SH,_T,_T,_T,EMP_SECTOR_AGR,_T,_T,_T,_T,_Z,_Z,_Z,_Z,_Z,0.84,A,,,,,,
AFW360_HH,GNB,GW09,2021,POP_SH,_T,_T,_T,EMP_SECTOR_IND,_T,_T,_T,_T,_Z,_Z,_Z,_Z,_Z,0.05,A,,,,,,
AFW360_HH,GNB,GW09,2021,POP_SH,_T,_T,_T,EMP_SECTOR_SER,_T,_T,_T,_T,_Z,_Z,_Z,_Z,_Z,0.11,A,,,,,,
AFW360_HH,GNB,GW09,2021,POP_SH,_T,_T,_T,EMP_STATUS_EMPLOYED,_T,_T,_T,_T,_Z,_Z,_Z,_Z,_Z,0.84,A,,,,,,
AFW360_HH,GNB,GW09,2021,POP_SH,_T,_T,_T,EMP_TYPE_NONWAGE,_T,_T,_T,_T,_Z,_Z,_Z,_Z,_Z,0.93,A,,,,,,
AFW360_HH,GNB,GW09,2021,POP_SH,_T,_T,_T,EMP_TYPE_WAGE,_T,_T,_T,_T,_Z,_Z,_Z,_Z,_Z,0.07,A,,,,,,
AFW360_HH,GNB,GW09,2021,POV_HC,_T,_T,_T,_T,_T,_T,_T,_T,POVLINE_PL300,PPP_2021,_Z,_Z,_Z,0.48,A,,,,,,
AFW360_HH,GNB,GW09,2021,POV_HC,_T,_T,_T,_T,_T,_T,_T,_T,POVLINE_PL420,PPP_2021,_Z,_Z,_Z,0.77,A,,,,,,
AFW360_HH,GNB,GW09,2021,POV_NUM,_T,_T,_T,_T,_T,_T,_T,_T,POVLINE_PL300,PPP_2021,_Z,_Z,_Z,50000,A,,,,,,
AFW360_HH,GNB,GW09,2021,POV_NUM,_T,_T,_T,_T,_T,_T,_T,_T,POVLINE_PL420,PPP_2021,_Z,_Z,_Z,80000,A,,,,,,
AFW360_HH,GNB,GW09,2021,SHK_ANY,_Z,_Z,_T,_T,_T,_T,_T,_T,_Z,_Z,_Z,_Z,_Z,0.91,A,,,,,,
AFW360_HH,GNB,GW09,2021,SHK_COV_CONFLICT,_Z,_Z,_T,_T,_T,_T,_T,_T,_Z,_Z,_Z,_Z,_Z,0.09,A,,,,,,
AFW360_HH,GNB,GW09,2021,SHK_COV_ECON,_Z,_Z,_T,_T,_T,_T,_T,_T,_Z,_Z,_Z,_Z,_Z,0.64,A,,,,,,
AFW360_HH,GNB,GW09,2021,SHK_COV_NATURAL,_Z,_Z,_T,_T,_T,_T,_T,_T,_Z,_Z,_Z,_Z,_Z,0.58,A,,,,,,
AFW360_HH,GNB,GW09,2021,SHK_IDIO_ECON,_Z,_Z,_T,_T,_T,_T,_T,_T,_Z,_Z,_Z,_Z,_Z,0.41,A,,,,,,
AFW360_HH,GNB,GW09,2021,SP_HEALTH_COV,_T,_T,_T,_T,_T,_T,_T,_T,_Z,_Z,_Z,_Z,_Z,0,A,,,,,,
AFW360_HH,GNB,GW09,2021,SP_HEALTH_COV_HH,_Z,_Z,_T,_T,_T,_T,_T,_T,_Z,_Z,_Z,_Z,_Z,0,A,,,,,,
AFW360_HH,GNB,GW_AEZ01,2021,AGR_CULTIVATES,_Z,_Z,_T,_T,_T,_T,_T,_T,_Z,_Z,_Z,_Z,_Z,0.08,A,,,,,,
AFW360_HH,GNB,GW_AEZ01,2021,AGR_CULT_AREA,_Z,_Z,_T,_T,_T,_T,_T,_T,_Z,_Z,_Z,_Z,_Z,1.3,A,,,,,,
AFW360_HH,GNB,GW_AEZ01,2021,AGR_LIVESTOCK_ANY,_Z,_Z,_T,_T,_T,_T,_T,_T,_Z,_Z,_Z,_Z,_Z,0.22,A,,,,,,
AFW360_HH,GNB,GW_AEZ01,2021,AGR_TLU,_Z,_Z,_T,_T,_T,_T,_T,_T,_Z,_Z,_Z,_Z,_Z,0.13,A,,,,,,
AFW360_HH,GNB,GW_AEZ01,2021,CONS_SH,_Z,_Z,_T,_T,_T,_T,_T,_T,COICOP_CP01,ACQ_OWNPROD,_Z,_Z,_Z,0.01,A,,,,,,
AFW360_HH,GNB,GW_AEZ01,2021,CONS_SH,_Z,_Z,_T,_T,_T,_T,_T,_T,COICOP_CP01,ACQ_PURCH,_Z,_Z,_Z,0.29,A,,,,,,
AFW360_HH,GNB,GW_AEZ01,2021,CONS_SH,_Z,_Z,_T,_T,_T,_T,_T,_T,COICOP_CP01,_Z,_Z,_Z,_Z,0.33,A,,,,,,
AFW360_HH,GNB,GW_AEZ01,2021,CONS_SH,_Z,_Z,_T,_T,_T,_T,_T,_T,COICOP_CP02,_Z,_Z,_Z,_Z,0.01,A,,,,,,
AFW360_HH,GNB,GW_AEZ01,2021,CONS_SH,_Z,_Z,_T,_T,_T,_T,_T,_T,COICOP_CP03,_Z,_Z,_Z,_Z,0.05,A,,,,,,
AFW360_HH,GNB,GW_AEZ01,2021,CONS_SH,_Z,_Z,_T,_T,_T,_T,_T,_T,COICOP_CP04,_Z,_Z,_Z,_Z,0.17,A,,,,,,
AFW360_HH,GNB,GW_AEZ01,2021,CONS_SH,_Z,_Z,_T,_T,_T,_T,_T,_T,COICOP_CP05,_Z,_Z,_Z,_Z,0.05,A,,,,,,
AFW360_HH,GNB,GW_AEZ01,2021,CONS_SH,_Z,_Z,_T,_T,_T,_T,_T,_T,COICOP_CP06,_Z,_Z,_Z,_Z,0.03,A,,,,,,
AFW360_HH,GNB,GW_AEZ01,2021,CONS_SH,_Z,_Z,_T,_T,_T,_T,_T,_T,COICOP_CP07,_Z,_Z,_Z,_Z,0.06,A,,,,,,
AFW360_HH,GNB,GW_AEZ01,2021,CONS_SH,_Z,_Z,_T,_T,_T,_T,_T,_T,COICOP_CP08,_Z,_Z,_Z,_Z,0.09,A,,,,,,
AFW360_HH,GNB,GW_AEZ01,2021,CONS_SH,_Z,_Z,_T,_T,_T,_T,_T,_T,COICOP_CP09,_Z,_Z,_Z,_Z,0.01,A,,,,,,
AFW360_HH,GNB,GW_AEZ01,2021,CONS_SH,_Z,_Z,_T,_T,_T,_T,_T,_T,COICOP_CP10,_Z,_Z,_Z,_Z,0.05,A,,,,,,
AFW360_HH,GNB,GW_AEZ01,2021,CONS_SH,_Z,_Z,_T,_T,_T,_T,_T,_T,COICOP_CP11,_Z,_Z,_Z,_Z,0.14,A,,,,,,
AFW360_HH,GNB,GW_AEZ01,2021,CONS_SH,_Z,_Z,_T,_T,_T,_T,_T,_T,COICOP_CP12,_Z,_Z,_Z,_Z,0,A,,,,,,
AFW360_HH,GNB,GW_AEZ01,2021,CONS_SH,_Z,_Z,_T,_T,_T,_T,_T,_T,COICOP_CP13,_Z,_Z,_Z,_Z,0.02,A,,,,,,
AFW360_HH,GNB,GW_AEZ01,2021,EN_ASSET_AC,_Z,_Z,_T,_T,_T,_T,_T,_T,_Z,_Z,_Z,_Z,_Z,0.03,A,,,,,,
AFW360_HH,GNB,GW_AEZ01,2021,EN_ASSET_COOKER,_Z,_Z,_T,_T,_T,_T,_T,_T,_Z,_Z,_Z,_Z,_Z,0.13,A,,,,,,
AFW360_HH,GNB,GW_AEZ01,2021,EN_ASSET_FAN,_Z,_Z,_T,_T,_T,_T,_T,_T,_Z,_Z,_Z,_Z,_Z,0.07,A,,,,,,
AFW360_HH,GNB,GW_AEZ01,2021,EN_ASSET_WATER_HEATER,_Z,_Z,_T,_T,_T,_T,_T,_T,_Z,_Z,_Z,_Z,_Z,0.07,A,,,,,,
AFW360_HH,GNB,GW_AEZ01,2021,EN_COOK_BIOMASS,_Z,_Z,_T,_T,_T,_T,_T,_T,_Z,_Z,_Z,_Z,_Z,0.94,A,,,,,,
AFW360_HH,GNB,GW_AEZ01,2021,EN_COOK_CLEAN,_Z,_Z,_T,_T,_T,_T,_T,_T,_Z,_Z,_Z,_Z,_Z,0.05,A,,,,,,
AFW360_HH,GNB,GW_AEZ01,2021,EN_ELEC_ACCESS,_Z,_Z,_T,_T,_T,_T,_T,_T,_Z,_Z,_Z,_Z,_Z,0.7,A,,,,,,
AFW360_HH,GNB,GW_AEZ01,2021,EN_ELEC_INFORMAL,_Z,_Z,_T,_T,_T,_T,_T,_T,_Z,_Z,_Z,_Z,_Z,0.04,A,,,,,,
AFW360_HH,GNB,GW_AEZ01,2021,EN_ELEC_SPEND,_Z,_Z,_T,_T,_T,_T,_T,_T,_Z,_Z,_Z,_Z,_Z,14097.7,A,,,,,,
AFW360_HH,GNB,GW_AEZ01,2021,EN_GRID_CONN,_Z,_Z,_T,_T,_T,_T,_T,_T,_Z,_Z,_Z,_Z,_Z,0.71,A,,,,,,
AFW360_HH,GNB,GW_AEZ01,2021,EN_GRID_USE,_Z,_Z,_T,_T,_T,_T,_T,_T,_Z,_Z,_Z,_Z,_Z,0.8,A,,,,,,
AFW360_HH,GNB,GW_AEZ01,2021,EN_LIGHT_IMPROVED,_Z,_Z,_T,_T,_T,_T,_T,_T,_Z,_Z,_Z,_Z,_Z,0.8,A,,,,,,
AFW360_HH,GNB,GW_AEZ01,2021,EN_OFFGRID_USE,_Z,_Z,_T,_T,_T,_T,_T,_T,_Z,_Z,_Z,_Z,_Z,0.04,A,,,,,,
AFW360_HH,GNB,GW_AEZ01,2021,EN_OUTAGE_ANY,_Z,_Z,_T,_T,_T,_T,_T,_T,_Z,_Z,_Z,_Z,_Z,0.27,A,,,,,,
AFW360_HH,GNB,GW_AEZ01,2021,EN_OUTAGE_DAYS,_Z,_Z,_T,_T,_T,_T,_T,_T,_Z,_Z,_Z,_Z,_Z,2.02,A,,,,,,
AFW360_HH,GNB,GW_AEZ01,2021,EN_OUTAGE_DUR_CODE,_Z,_Z,_T,_T,_T,_T,_T,_T,_Z,_Z,_Z,_Z,_Z,2.85,A,,,,,,
AFW360_HH,GNB,GW_AEZ01,2021,EN_PREPAID_METER,_Z,_Z,_T,_T,_T,_T,_T,_T,_Z,_Z,_Z,_Z,_Z,0.65,A,,,,,,
AFW360_HH,GNB,GW_AEZ01,2021,HE_ACCOUNTS,_Z,_Z,_T,_T,_T,_T,_T,_T,_Z,_Z,_Z,_Z,_Z,0.04,A,,,,,,
AFW360_HH,GNB,GW_AEZ01,2021,HE_AGE,_Z,_Z,_T,_T,_T,_T,_T,_T,_Z,_Z,_Z,_Z,_Z,5.88,A,,,,,,
AFW360_HH,GNB,GW_AEZ01,2021,HE_BUY_FIRMS,_Z,_Z,_T,_T,_T,_T,_T,_T,_Z,_Z,_Z,_Z,_Z,0.19,A,,,,,,
AFW360_HH,GNB,GW_AEZ01,2021,HE_CAPITAL,_Z,_Z,_T,_T,_T,_T,_T,_T,_Z,_Z,_Z,_Z,_Z,7170.22,A,,,,,,
AFW360_HH,GNB,GW_AEZ01,2021,HE_COSTS,_Z,_Z,_T,_T,_T,_T,_T,_T,_Z,_Z,_Z,_Z,_Z,5762.63,A,,,,,,
AFW360_HH,GNB,GW_AEZ01,2021,HE_CREDIT_ANY,_Z,_Z,_T,_T,_T,_T,_T,_T,_Z,_Z,_Z,_Z,_Z,0.26,A,,,,,,
AFW360_HH,GNB,GW_AEZ01,2021,HE_CREDIT_FORMAL,_Z,_Z,_T,_T,_T,_T,_T,_T,_Z,_Z,_Z,_Z,_Z,0.01,A,,,,,,
AFW360_HH,GNB,GW_AEZ01,2021,HE_CREDIT_INFORMAL,_Z,_Z,_T,_T,_T,_T,_T,_T,_Z,_Z,_Z,_Z,_Z,0.24,A,,,,,,
AFW360_HH,GNB,GW_AEZ01,2021,HE_ELEC,_Z,_Z,_T,_T,_T,_T,_T,_T,_Z,_Z,_Z,_Z,_Z,0.83,A,,,,,,
AFW360_HH,GNB,GW_AEZ01,2021,HE_EMP_EXT_ANY,_Z,_Z,_T,_T,_T,_T,_T,_T,_Z,_Z,_Z,_Z,_Z,1,A,,,,,,LEGACY_SUSPECT: Implausible: share 1.00 while mean non-HH employees is 0.48.
AFW360_HH,GNB,GW_AEZ01,2021,HE_EMP_HH_NUM,_Z,_Z,_T,_T,_T,_T,_T,_T,_Z,_Z,_Z,_Z,_Z,0,A,,,,,,
AFW360_HH,GNB,GW_AEZ01,2021,HE_EMP_NONHH_NUM,_Z,_Z,_T,_T,_T,_T,_T,_T,_Z,_Z,_Z,_Z,_Z,0.64,A,,,,,,
AFW360_HH,GNB,GW_AEZ01,2021,HE_EMP_NUM,_Z,_Z,_T,_T,_T,_T,_T,_T,_Z,_Z,_Z,_Z,_Z,0.46,A,,,,,,
AFW360_HH,GNB,GW_AEZ01,2021,HE_HH_OWNER,_Z,_Z,_T,_T,_T,_T,_T,_T,_Z,_Z,_Z,_Z,_Z,0.67,A,,,,,,
AFW360_HH,GNB,GW_AEZ01,2021,HE_HOME_BASED,_Z,_Z,_T,_T,_T,_T,_T,_T,_Z,_Z,_Z,_Z,_Z,0.59,A,,,,,,
AFW360_HH,GNB,GW_AEZ01,2021,HE_PHONE,_Z,_Z,_T,_T,_T,_T,_T,_T,_Z,_Z,_Z,_Z,_Z,0.98,A,,,,,,
AFW360_HH,GNB,GW_AEZ01,2021,HE_PREMISES_FORMAL,_Z,_Z,_T,_T,_T,_T,_T,_T,_Z,_Z,_Z,_Z,_Z,0.05,A,,,,,,
AFW360_HH,GNB,GW_AEZ01,2021,HE_PROFIT,_Z,_Z,_T,_T,_T,_T,_T,_T,_Z,_Z,_Z,_Z,_Z,8735.7,A,,,,,,
AFW360_HH,GNB,GW_AEZ01,2021,HE_RENT,_Z,_Z,_T,_T,_T,_T,_T,_T,_Z,_Z,_Z,_Z,_Z,1,A,,,,,,
AFW360_HH,GNB,GW_AEZ01,2021,HE_REV_PER_WORKER,_Z,_Z,_T,_T,_T,_T,_T,_T,_Z,_Z,_Z,_Z,_Z,156896.88,A,,,,,,
AFW360_HH,GNB,GW_AEZ01,2021,HE_SELL_FIRMS,_Z,_Z,_T,_T,_T,_T,_T,_T,_Z,_Z,_Z,_Z,_Z,0.06,A,,,,,,
AFW360_HH,GNB,GW_AEZ01,2021,HE_TAX_ID,_Z,_Z,_T,_T,_T,_T,_T,_T,_Z,_Z,_Z,_Z,_Z,0.1,A,,,,,,
AFW360_HH,GNB,GW_AEZ01,2021,HE_WATER,_Z,_Z,_T,_T,_T,_T,_T,_T,_Z,_Z,_Z,_Z,_Z,0.3,A,,,,,,
AFW360_HH,GNB,GW_AEZ01,2021,HOUS_FLOOR_DURABLE,_Z,_Z,_T,_T,_T,_T,_T,_T,_Z,_Z,_Z,_Z,_Z,0.97,A,,,,,,
AFW360_HH,GNB,GW_AEZ01,2021,HOUS_ROOF_DURABLE,_Z,_Z,_T,_T,_T,_T,_T,_T,_Z,_Z,_Z,_Z,_Z,1,A,,,,,,
AFW360_HH,GNB,GW_AEZ01,2021,HOUS_SANIT_IMPROVED,_Z,_Z,_T,_T,_T,_T,_T,_T,_Z,_Z,_Z,_Z,_Z,0.57,A,,,,,,
AFW360_HH,GNB,GW_AEZ01,2021,HOUS_WALL_DURABLE,_Z,_Z,_T,_T,_T,_T,_T,_T,_Z,_Z,_Z,_Z,_Z,0.46,A,,,,,,
AFW360_HH,GNB,GW_AEZ01,2021,HOUS_WATER_SAFE_DRY,_Z,_Z,_T,_T,_T,_T,_T,_T,_Z,_Z,_Z,_Z,_Z,0.96,A,,,,,,
AFW360_HH,GNB,GW_AEZ01,2021,POP_HE_SH,_Z,_Z,_T,HEO_MSTAT_MARRIED,_T,_T,_T,_T,_Z,_Z,_Z,_Z,_Z,0.25,A,,,,,,
AFW360_HH,GNB,GW_AEZ01,2021,POP_HE_SH,_Z,_Z,_T,HEO_SEX_F,_T,_T,_T,_T,_Z,_Z,_Z,_Z,_Z,0.62,A,,,,,,
AFW360_HH,GNB,GW_AEZ01,2021,POP_HH_SH,_Z,_Z,_T,HE_COUNT_0,_T,_T,_T,_T,_Z,_Z,_Z,_Z,_Z,0.3,A,,,,,,
AFW360_HH,GNB,GW_AEZ01,2021,POP_HH_SH,_Z,_Z,_T,HE_COUNT_1,_T,_T,_T,_T,_Z,_Z,_Z,_Z,_Z,0.54,A,,,,,,
AFW360_HH,GNB,GW_AEZ01,2021,POP_HH_SH,_Z,_Z,_T,HE_COUNT_2,_T,_T,_T,_T,_Z,_Z,_Z,_Z,_Z,0.13,A,,,,,,
AFW360_HH,GNB,GW_AEZ01,2021,POP_HH_SH,_Z,_Z,_T,HE_COUNT_3,_T,_T,_T,_T,_Z,_Z,_Z,_Z,_Z,0.02,A,,,,,,
AFW360_HH,GNB,GW_AEZ01,2021,POP_HH_SH,_Z,_Z,_T,HE_COUNT_4P,_T,_T,_T,_T,_Z,_Z,_Z,_Z,_Z,0,A,,,,,,
AFW360_HH,GNB,GW_AEZ01,2021,POP_SH,_T,_T,_T,EMP_FORMAL_N,_T,_T,_T,_T,_Z,_Z,_Z,_Z,_Z,0.47,A,,,,,,
AFW360_HH,GNB,GW_AEZ01,2021,POP_SH,_T,_T,_T,EMP_ISIC_G,_T,_T,_T,_T,_Z,_Z,_Z,_Z,_Z,0.26,A,,,,,,
AFW360_HH,GNB,GW_AEZ01,2021,POP_SH,_T,_T,_T,EMP_ISIC_H,_T,_T,_T,_T,_Z,_Z,_Z,_Z,_Z,0.06,A,,,,,,
AFW360_HH,GNB,GW_AEZ01,2021,POP_SH,_T,_T,_T,EMP_SECTOR_AGR,_T,_T,_T,_T,_Z,_Z,_Z,_Z,_Z,0.06,A,,,,,,
AFW360_HH,GNB,GW_AEZ01,2021,POP_SH,_T,_T,_T,EMP_SECTOR_IND,_T,_T,_T,_T,_Z,_Z,_Z,_Z,_Z,0.26,A,,,,,,
AFW360_HH,GNB,GW_AEZ01,2021,POP_SH,_T,_T,_T,EMP_SECTOR_SER,_T,_T,_T,_T,_Z,_Z,_Z,_Z,_Z,0.68,A,,,,,,
AFW360_HH,GNB,GW_AEZ01,2021,POP_SH,_T,_T,_T,EMP_STATUS_EMPLOYED,_T,_T,_T,_T,_Z,_Z,_Z,_Z,_Z,0.48,A,,,,,,
AFW360_HH,GNB,GW_AEZ01,2021,POP_SH,_T,_T,_T,EMP_TYPE_NONWAGE,_T,_T,_T,_T,_Z,_Z,_Z,_Z,_Z,0.48,A,,,,,,
AFW360_HH,GNB,GW_AEZ01,2021,POP_SH,_T,_T,_T,EMP_TYPE_WAGE,_T,_T,_T,_T,_Z,_Z,_Z,_Z,_Z,0.52,A,,,,,,
AFW360_HH,GNB,GW_AEZ01,2021,POV_HC,_T,_T,_T,_T,_T,_T,_T,_T,POVLINE_PL300,PPP_2021,_Z,_Z,_Z,0.04,A,,,,,,
AFW360_HH,GNB,GW_AEZ01,2021,POV_HC,_T,_T,_T,_T,_T,_T,_T,_T,POVLINE_PL420,PPP_2021,_Z,_Z,_Z,0.21,A,,,,,,
AFW360_HH,GNB,GW_AEZ01,2021,POV_NUM,_T,_T,_T,_T,_T,_T,_T,_T,POVLINE_PL300,PPP_2021,_Z,_Z,_Z,20000,A,,,,,,
AFW360_HH,GNB,GW_AEZ01,2021,POV_NUM,_T,_T,_T,_T,_T,_T,_T,_T,POVLINE_PL420,PPP_2021,_Z,_Z,_Z,100000,A,,,,,,
AFW360_HH,GNB,GW_AEZ01,2021,SHK_ANY,_Z,_Z,_T,_T,_T,_T,_T,_T,_Z,_Z,_Z,_Z,_Z,0.88,A,,,,,,
AFW360_HH,GNB,GW_AEZ01,2021,SHK_COV_CONFLICT,_Z,_Z,_T,_T,_T,_T,_T,_T,_Z,_Z,_Z,_Z,_Z,0.01,A,,,,,,
AFW360_HH,GNB,GW_AEZ01,2021,SHK_COV_ECON,_Z,_Z,_T,_T,_T,_T,_T,_T,_Z,_Z,_Z,_Z,_Z,0.69,A,,,,,,
AFW360_HH,GNB,GW_AEZ01,2021,SHK_COV_NATURAL,_Z,_Z,_T,_T,_T,_T,_T,_T,_Z,_Z,_Z,_Z,_Z,0.11,A,,,,,,
AFW360_HH,GNB,GW_AEZ01,2021,SHK_IDIO_ECON,_Z,_Z,_T,_T,_T,_T,_T,_T,_Z,_Z,_Z,_Z,_Z,0.31,A,,,,,,
AFW360_HH,GNB,GW_AEZ01,2021,SP_HEALTH_COV,_T,_T,_T,_T,_T,_T,_T,_T,_Z,_Z,_Z,_Z,_Z,0.01,A,,,,,,
AFW360_HH,GNB,GW_AEZ01,2021,SP_HEALTH_COV_HH,_Z,_Z,_T,_T,_T,_T,_T,_T,_Z,_Z,_Z,_Z,_Z,0.03,A,,,,,,
AFW360_HH,GNB,GW_AEZ02,2021,AGR_CULTIVATES,_Z,_Z,_T,_T,_T,_T,_T,_T,_Z,_Z,_Z,_Z,_Z,0.88,A,,,,,,
AFW360_HH,GNB,GW_AEZ02,2021,AGR_LIVESTOCK_ANY,_Z,_Z,_T,_T,_T,_T,_T,_T,_Z,_Z,_Z,_Z,_Z,0.84,A,,,,,,
AFW360_HH,GNB,GW_AEZ02,2021,AGR_TLU,_Z,_Z,_T,_T,_T,_T,_T,_T,_Z,_Z,_Z,_Z,_Z,2.16,A,,,,,,
AFW360_HH,GNB,GW_AEZ02,2021,CONS_SH,_Z,_Z,_T,_T,_T,_T,_T,_T,COICOP_CP01,ACQ_OWNPROD,_Z,_Z,_Z,0.22,A,,,,,,
AFW360_HH,GNB,GW_AEZ02,2021,CONS_SH,_Z,_Z,_T,_T,_T,_T,_T,_T,COICOP_CP01,ACQ_PURCH,_Z,_Z,_Z,0.21,A,,,,,,
AFW360_HH,GNB,GW_AEZ02,2021,CONS_SH,_Z,_Z,_T,_T,_T,_T,_T,_T,COICOP_CP01,_Z,_Z,_Z,_Z,0.5,A,,,,,,
AFW360_HH,GNB,GW_AEZ02,2021,CONS_SH,_Z,_Z,_T,_T,_T,_T,_T,_T,COICOP_CP02,_Z,_Z,_Z,_Z,0.01,A,,,,,,
AFW360_HH,GNB,GW_AEZ02,2021,CONS_SH,_Z,_Z,_T,_T,_T,_T,_T,_T,COICOP_CP03,_Z,_Z,_Z,_Z,0.06,A,,,,,,
AFW360_HH,GNB,GW_AEZ02,2021,CONS_SH,_Z,_Z,_T,_T,_T,_T,_T,_T,COICOP_CP04,_Z,_Z,_Z,_Z,0.13,A,,,,,,
AFW360_HH,GNB,GW_AEZ02,2021,CONS_SH,_Z,_Z,_T,_T,_T,_T,_T,_T,COICOP_CP05,_Z,_Z,_Z,_Z,0.04,A,,,,,,
AFW360_HH,GNB,GW_AEZ02,2021,CONS_SH,_Z,_Z,_T,_T,_T,_T,_T,_T,COICOP_CP06,_Z,_Z,_Z,_Z,0.03,A,,,,,,
AFW360_HH,GNB,GW_AEZ02,2021,CONS_SH,_Z,_Z,_T,_T,_T,_T,_T,_T,COICOP_CP07,_Z,_Z,_Z,_Z,0.04,A,,,,,,
AFW360_HH,GNB,GW_AEZ02,2021,CONS_SH,_Z,_Z,_T,_T,_T,_T,_T,_T,COICOP_CP08,_Z,_Z,_Z,_Z,0.06,A,,,,,,
AFW360_HH,GNB,GW_AEZ02,2021,CONS_SH,_Z,_Z,_T,_T,_T,_T,_T,_T,COICOP_CP09,_Z,_Z,_Z,_Z,0,A,,,,,,
AFW360_HH,GNB,GW_AEZ02,2021,CONS_SH,_Z,_Z,_T,_T,_T,_T,_T,_T,COICOP_CP10,_Z,_Z,_Z,_Z,0.03,A,,,,,,
AFW360_HH,GNB,GW_AEZ02,2021,CONS_SH,_Z,_Z,_T,_T,_T,_T,_T,_T,COICOP_CP11,_Z,_Z,_Z,_Z,0.09,A,,,,,,
AFW360_HH,GNB,GW_AEZ02,2021,CONS_SH,_Z,_Z,_T,_T,_T,_T,_T,_T,COICOP_CP12,_Z,_Z,_Z,_Z,0,A,,,,,,
AFW360_HH,GNB,GW_AEZ02,2021,CONS_SH,_Z,_Z,_T,_T,_T,_T,_T,_T,COICOP_CP13,_Z,_Z,_Z,_Z,0.01,A,,,,,,
AFW360_HH,GNB,GW_AEZ02,2021,EN_ASSET_AC,_Z,_Z,_T,_T,_T,_T,_T,_T,_Z,_Z,_Z,_Z,_Z,0,A,,,,,,
AFW360_HH,GNB,GW_AEZ02,2021,EN_ASSET_COOKER,_Z,_Z,_T,_T,_T,_T,_T,_T,_Z,_Z,_Z,_Z,_Z,0.01,A,,,,,,
AFW360_HH,GNB,GW_AEZ02,2021,EN_ASSET_FAN,_Z,_Z,_T,_T,_T,_T,_T,_T,_Z,_Z,_Z,_Z,_Z,0,A,,,,,,
AFW360_HH,GNB,GW_AEZ02,2021,EN_ASSET_WATER_HEATER,_Z,_Z,_T,_T,_T,_T,_T,_T,_Z,_Z,_Z,_Z,_Z,0,A,,,,,,
AFW360_HH,GNB,GW_AEZ02,2021,EN_COOK_BIOMASS,_Z,_Z,_T,_T,_T,_T,_T,_T,_Z,_Z,_Z,_Z,_Z,0.99,A,,,,,,
AFW360_HH,GNB,GW_AEZ02,2021,EN_COOK_CLEAN,_Z,_Z,_T,_T,_T,_T,_T,_T,_Z,_Z,_Z,_Z,_Z,0,A,,,,,,
AFW360_HH,GNB,GW_AEZ02,2021,EN_ELEC_ACCESS,_Z,_Z,_T,_T,_T,_T,_T,_T,_Z,_Z,_Z,_Z,_Z,0.01,A,,,,,,
AFW360_HH,GNB,GW_AEZ02,2021,EN_ELEC_INFORMAL,_Z,_Z,_T,_T,_T,_T,_T,_T,_Z,_Z,_Z,_Z,_Z,0,A,,,,,,
AFW360_HH,GNB,GW_AEZ02,2021,EN_ELEC_SPEND,_Z,_Z,_T,_T,_T,_T,_T,_T,_Z,_Z,_Z,_Z,_Z,13524.08,A,,,,,,
AFW360_HH,GNB,GW_AEZ02,2021,EN_GRID_CONN,_Z,_Z,_T,_T,_T,_T,_T,_T,_Z,_Z,_Z,_Z,_Z,0.01,A,,,,,,
AFW360_HH,GNB,GW_AEZ02,2021,EN_GRID_USE,_Z,_Z,_T,_T,_T,_T,_T,_T,_Z,_Z,_Z,_Z,_Z,0.01,A,,,,,,
AFW360_HH,GNB,GW_AEZ02,2021,EN_LIGHT_IMPROVED,_Z,_Z,_T,_T,_T,_T,_T,_T,_Z,_Z,_Z,_Z,_Z,0.02,A,,,,,,
AFW360_HH,GNB,GW_AEZ02,2021,EN_OFFGRID_USE,_Z,_Z,_T,_T,_T,_T,_T,_T,_Z,_Z,_Z,_Z,_Z,0.66,A,,,,,,
AFW360_HH,GNB,GW_AEZ02,2021,EN_OUTAGE_ANY,_Z,_Z,_T,_T,_T,_T,_T,_T,_Z,_Z,_Z,_Z,_Z,0.02,A,,,,,,
AFW360_HH,GNB,GW_AEZ02,2021,EN_OUTAGE_DAYS,_Z,_Z,_T,_T,_T,_T,_T,_T,_Z,_Z,_Z,_Z,_Z,3,A,,,,,,
AFW360_HH,GNB,GW_AEZ02,2021,EN_OUTAGE_DUR_CODE,_Z,_Z,_T,_T,_T,_T,_T,_T,_Z,_Z,_Z,_Z,_Z,2,A,,,,,,
AFW360_HH,GNB,GW_AEZ02,2021,EN_PREPAID_METER,_Z,_Z,_T,_T,_T,_T,_T,_T,_Z,_Z,_Z,_Z,_Z,0,A,,,,,,
AFW360_HH,GNB,GW_AEZ02,2021,HE_ACCOUNTS,_Z,_Z,_T,_T,_T,_T,_T,_T,_Z,_Z,_Z,_Z,_Z,0.02,A,,,,,,
AFW360_HH,GNB,GW_AEZ02,2021,HE_AGE,_Z,_Z,_T,_T,_T,_T,_T,_T,_Z,_Z,_Z,_Z,_Z,5.78,A,,,,,,
AFW360_HH,GNB,GW_AEZ02,2021,HE_BUY_FIRMS,_Z,_Z,_T,_T,_T,_T,_T,_T,_Z,_Z,_Z,_Z,_Z,0.04,A,,,,,,
AFW360_HH,GNB,GW_AEZ02,2021,HE_CAPITAL,_Z,_Z,_T,_T,_T,_T,_T,_T,_Z,_Z,_Z,_Z,_Z,60437.86,A,,,,,,
AFW360_HH,GNB,GW_AEZ02,2021,HE_COSTS,_Z,_Z,_T,_T,_T,_T,_T,_T,_Z,_Z,_Z,_Z,_Z,1456.68,A,,,,,,
AFW360_HH,GNB,GW_AEZ02,2021,HE_CREDIT_ANY,_Z,_Z,_T,_T,_T,_T,_T,_T,_Z,_Z,_Z,_Z,_Z,0.28,A,,,,,,
AFW360_HH,GNB,GW_AEZ02,2021,HE_CREDIT_FORMAL,_Z,_Z,_T,_T,_T,_T,_T,_T,_Z,_Z,_Z,_Z,_Z,0.05,A,,,,,,
AFW360_HH,GNB,GW_AEZ02,2021,HE_CREDIT_INFORMAL,_Z,_Z,_T,_T,_T,_T,_T,_T,_Z,_Z,_Z,_Z,_Z,0.23,A,,,,,,
AFW360_HH,GNB,GW_AEZ02,2021,HE_ELEC,_Z,_Z,_T,_T,_T,_T,_T,_T,_Z,_Z,_Z,_Z,_Z,0,A,,,,,,
AFW360_HH,GNB,GW_AEZ02,2021,HE_EMP_EXT_ANY,_Z,_Z,_T,_T,_T,_T,_T,_T,_Z,_Z,_Z,_Z,_Z,1,A,,,,,,LEGACY_SUSPECT: Implausible: share 1.00 while mean non-HH employees is 0.48.
AFW360_HH,GNB,GW_AEZ02,2021,HE_EMP_HH_NUM,_Z,_Z,_T,_T,_T,_T,_T,_T,_Z,_Z,_Z,_Z,_Z,0,A,,,,,,
AFW360_HH,GNB,GW_AEZ02,2021,HE_EMP_NONHH_NUM,_Z,_Z,_T,_T,_T,_T,_T,_T,_Z,_Z,_Z,_Z,_Z,0.18,A,,,,,,
AFW360_HH,GNB,GW_AEZ02,2021,HE_EMP_NUM,_Z,_Z,_T,_T,_T,_T,_T,_T,_Z,_Z,_Z,_Z,_Z,0,A,,,,,,
AFW360_HH,GNB,GW_AEZ02,2021,HE_HH_OWNER,_Z,_Z,_T,_T,_T,_T,_T,_T,_Z,_Z,_Z,_Z,_Z,0.25,A,,,,,,
AFW360_HH,GNB,GW_AEZ02,2021,HE_HOME_BASED,_Z,_Z,_T,_T,_T,_T,_T,_T,_Z,_Z,_Z,_Z,_Z,0.6,A,,,,,,
AFW360_HH,GNB,GW_AEZ02,2021,HE_PHONE,_Z,_Z,_T,_T,_T,_T,_T,_T,_Z,_Z,_Z,_Z,_Z,0.95,A,,,,,,
AFW360_HH,GNB,GW_AEZ02,2021,HE_PREMISES_FORMAL,_Z,_Z,_T,_T,_T,_T,_T,_T,_Z,_Z,_Z,_Z,_Z,0.04,A,,,,,,
AFW360_HH,GNB,GW_AEZ02,2021,HE_PROFIT,_Z,_Z,_T,_T,_T,_T,_T,_T,_Z,_Z,_Z,_Z,_Z,1684.51,A,,,,,,
AFW360_HH,GNB,GW_AEZ02,2021,HE_RENT,_Z,_Z,_T,_T,_T,_T,_T,_T,_Z,_Z,_Z,_Z,_Z,1,A,,,,,,
AFW360_HH,GNB,GW_AEZ02,2021,HE_REV_PER_WORKER,_Z,_Z,_T,_T,_T,_T,_T,_T,_Z,_Z,_Z,_Z,_Z,,O,,,,,,"LEGACY_EMPTY: empty cell in sheet 'ZAE', column 'estimateZonas_Costeiras_do_Sul'"
AFW360_HH,GNB,GW_AEZ02,2021,HE_SELL_FIRMS,_Z,_Z,_T,_T,_T,_T,_T,_T,_Z,_Z,_Z,_Z,_Z,0.06,A,,,,,,
AFW360_HH,GNB,GW_AEZ02,2021,HE_TAX_ID,_Z,_Z,_T,_T,_T,_T,_T,_T,_Z,_Z,_Z,_Z,_Z,0.05,A,,,,,,
AFW360_HH,GNB,GW_AEZ02,2021,HE_WATER,_Z,_Z,_T,_T,_T,_T,_T,_T,_Z,_Z,_Z,_Z,_Z,0,A,,,,,,
AFW360_HH,GNB,GW_AEZ02,2021,HOUS_FLOOR_DURABLE,_Z,_Z,_T,_T,_T,_T,_T,_T,_Z,_Z,_Z,_Z,_Z,0.33,A,,,,,,
AFW360_HH,GNB,GW_AEZ02,2021,HOUS_ROOF_DURABLE,_Z,_Z,_T,_T,_T,_T,_T,_T,_Z,_Z,_Z,_Z,_Z,0.72,A,,,,,,
AFW360_HH,GNB,GW_AEZ02,2021,HOUS_SANIT_IMPROVED,_Z,_Z,_T,_T,_T,_T,_T,_T,_Z,_Z,_Z,_Z,_Z,0.09,A,,,,,,
AFW360_HH,GNB,GW_AEZ02,2021,HOUS_WALL_DURABLE,_Z,_Z,_T,_T,_T,_T,_T,_T,_Z,_Z,_Z,_Z,_Z,0.26,A,,,,,,
AFW360_HH,GNB,GW_AEZ02,2021,HOUS_WATER_SAFE_DRY,_Z,_Z,_T,_T,_T,_T,_T,_T,_Z,_Z,_Z,_Z,_Z,0.58,A,,,,,,
AFW360_HH,GNB,GW_AEZ02,2021,POP_HE_SH,_Z,_Z,_T,HEO_MSTAT_MARRIED,_T,_T,_T,_T,_Z,_Z,_Z,_Z,_Z,0.31,A,,,,,,
AFW360_HH,GNB,GW_AEZ02,2021,POP_HE_SH,_Z,_Z,_T,HEO_SEX_F,_T,_T,_T,_T,_Z,_Z,_Z,_Z,_Z,0.53,A,,,,,,
AFW360_HH,GNB,GW_AEZ02,2021,POP_HH_SH,_Z,_Z,_T,HE_COUNT_0,_T,_T,_T,_T,_Z,_Z,_Z,_Z,_Z,0.42,A,,,,,,
AFW360_HH,GNB,GW_AEZ02,2021,POP_HH_SH,_Z,_Z,_T,HE_COUNT_1,_T,_T,_T,_T,_Z,_Z,_Z,_Z,_Z,0.48,A,,,,,,
AFW360_HH,GNB,GW_AEZ02,2021,POP_HH_SH,_Z,_Z,_T,HE_COUNT_2,_T,_T,_T,_T,_Z,_Z,_Z,_Z,_Z,0.09,A,,,,,,
AFW360_HH,GNB,GW_AEZ02,2021,POP_HH_SH,_Z,_Z,_T,HE_COUNT_3,_T,_T,_T,_T,_Z,_Z,_Z,_Z,_Z,0,A,,,,,,
AFW360_HH,GNB,GW_AEZ02,2021,POP_HH_SH,_Z,_Z,_T,HE_COUNT_4P,_T,_T,_T,_T,_Z,_Z,_Z,_Z,_Z,0,A,,,,,,
AFW360_HH,GNB,GW_AEZ02,2021,POP_SH,_T,_T,_T,EMP_FORMAL_N,_T,_T,_T,_T,_Z,_Z,_Z,_Z,_Z,0.89,A,,,,,,
AFW360_HH,GNB,GW_AEZ02,2021,POP_SH,_T,_T,_T,EMP_ISIC_G,_T,_T,_T,_T,_Z,_Z,_Z,_Z,_Z,0.06,A,,,,,,
AFW360_HH,GNB,GW_AEZ02,2021,POP_SH,_T,_T,_T,EMP_ISIC_H,_T,_T,_T,_T,_Z,_Z,_Z,_Z,_Z,0.01,A,,,,,,
AFW360_HH,GNB,GW_AEZ02,2021,POP_SH,_T,_T,_T,EMP_SECTOR_AGR,_T,_T,_T,_T,_Z,_Z,_Z,_Z,_Z,0.83,A,,,,,,
AFW360_HH,GNB,GW_AEZ02,2021,POP_SH,_T,_T,_T,EMP_SECTOR_IND,_T,_T,_T,_T,_Z,_Z,_Z,_Z,_Z,0.05,A,,,,,,
AFW360_HH,GNB,GW_AEZ02,2021,POP_SH,_T,_T,_T,EMP_SECTOR_SER,_T,_T,_T,_T,_Z,_Z,_Z,_Z,_Z,0.12,A,,,,,,
AFW360_HH,GNB,GW_AEZ02,2021,POP_SH,_T,_T,_T,EMP_STATUS_EMPLOYED,_T,_T,_T,_T,_Z,_Z,_Z,_Z,_Z,0.81,A,,,,,,
AFW360_HH,GNB,GW_AEZ02,2021,POP_SH,_T,_T,_T,EMP_TYPE_NONWAGE,_T,_T,_T,_T,_Z,_Z,_Z,_Z,_Z,0.91,A,,,,,,
AFW360_HH,GNB,GW_AEZ02,2021,POP_SH,_T,_T,_T,EMP_TYPE_WAGE,_T,_T,_T,_T,_Z,_Z,_Z,_Z,_Z,0.09,A,,,,,,
AFW360_HH,GNB,GW_AEZ02,2021,POV_HC,_T,_T,_T,_T,_T,_T,_T,_T,POVLINE_PL300,PPP_2021,_Z,_Z,_Z,0.52,A,,,,,,
AFW360_HH,GNB,GW_AEZ02,2021,POV_HC,_T,_T,_T,_T,_T,_T,_T,_T,POVLINE_PL420,PPP_2021,_Z,_Z,_Z,0.79,A,,,,,,
AFW360_HH,GNB,GW_AEZ02,2021,POV_NUM,_T,_T,_T,_T,_T,_T,_T,_T,POVLINE_PL300,PPP_2021,_Z,_Z,_Z,110000,A,,,,,,
AFW360_HH,GNB,GW_AEZ02,2021,POV_NUM,_T,_T,_T,_T,_T,_T,_T,_T,POVLINE_PL420,PPP_2021,_Z,_Z,_Z,170000,A,,,,,,
AFW360_HH,GNB,GW_AEZ02,2021,SHK_ANY,_Z,_Z,_T,_T,_T,_T,_T,_T,_Z,_Z,_Z,_Z,_Z,0.91,A,,,,,,
AFW360_HH,GNB,GW_AEZ02,2021,SHK_COV_CONFLICT,_Z,_Z,_T,_T,_T,_T,_T,_T,_Z,_Z,_Z,_Z,_Z,0.07,A,,,,,,
AFW360_HH,GNB,GW_AEZ02,2021,SHK_COV_ECON,_Z,_Z,_T,_T,_T,_T,_T,_T,_Z,_Z,_Z,_Z,_Z,0.61,A,,,,,,
AFW360_HH,GNB,GW_AEZ02,2021,SHK_COV_NATURAL,_Z,_Z,_T,_T,_T,_T,_T,_T,_Z,_Z,_Z,_Z,_Z,0.49,A,,,,,,
AFW360_HH,GNB,GW_AEZ02,2021,SHK_IDIO_ECON,_Z,_Z,_T,_T,_T,_T,_T,_T,_Z,_Z,_Z,_Z,_Z,0.38,A,,,,,,
AFW360_HH,GNB,GW_AEZ02,2021,SP_HEALTH_COV,_T,_T,_T,_T,_T,_T,_T,_T,_Z,_Z,_Z,_Z,_Z,0,A,,,,,,
AFW360_HH,GNB,GW_AEZ02,2021,SP_HEALTH_COV_HH,_Z,_Z,_T,_T,_T,_T,_T,_T,_Z,_Z,_Z,_Z,_Z,0,A,,,,,,
AFW360_HH,GNB,GW_AEZ03,2021,AGR_CULTIVATES,_Z,_Z,_T,_T,_T,_T,_T,_T,_Z,_Z,_Z,_Z,_Z,0.86,A,,,,,,
AFW360_HH,GNB,GW_AEZ03,2021,AGR_CULT_AREA,_Z,_Z,_T,_T,_T,_T,_T,_T,_Z,_Z,_Z,_Z,_Z,2.9,A,,,,,,
AFW360_HH,GNB,GW_AEZ03,2021,AGR_LIVESTOCK_ANY,_Z,_Z,_T,_T,_T,_T,_T,_T,_Z,_Z,_Z,_Z,_Z,0.8,A,,,,,,
AFW360_HH,GNB,GW_AEZ03,2021,AGR_TLU,_Z,_Z,_T,_T,_T,_T,_T,_T,_Z,_Z,_Z,_Z,_Z,4.86,A,,,,,,
AFW360_HH,GNB,GW_AEZ03,2021,CONS_SH,_Z,_Z,_T,_T,_T,_T,_T,_T,COICOP_CP01,ACQ_OWNPROD,_Z,_Z,_Z,0.14,A,,,,,,
AFW360_HH,GNB,GW_AEZ03,2021,CONS_SH,_Z,_Z,_T,_T,_T,_T,_T,_T,COICOP_CP01,ACQ_PURCH,_Z,_Z,_Z,0.29,A,,,,,,
AFW360_HH,GNB,GW_AEZ03,2021,CONS_SH,_Z,_Z,_T,_T,_T,_T,_T,_T,COICOP_CP01,_Z,_Z,_Z,_Z,0.46,A,,,,,,
AFW360_HH,GNB,GW_AEZ03,2021,CONS_SH,_Z,_Z,_T,_T,_T,_T,_T,_T,COICOP_CP02,_Z,_Z,_Z,_Z,0.01,A,,,,,,
AFW360_HH,GNB,GW_AEZ03,2021,CONS_SH,_Z,_Z,_T,_T,_T,_T,_T,_T,COICOP_CP03,_Z,_Z,_Z,_Z,0.06,A,,,,,,
AFW360_HH,GNB,GW_AEZ03,2021,CONS_SH,_Z,_Z,_T,_T,_T,_T,_T,_T,COICOP_CP04,_Z,_Z,_Z,_Z,0.13,A,,,,,,
AFW360_HH,GNB,GW_AEZ03,2021,CONS_SH,_Z,_Z,_T,_T,_T,_T,_T,_T,COICOP_CP05,_Z,_Z,_Z,_Z,0.04,A,,,,,,
AFW360_HH,GNB,GW_AEZ03,2021,CONS_SH,_Z,_Z,_T,_T,_T,_T,_T,_T,COICOP_CP06,_Z,_Z,_Z,_Z,0.04,A,,,,,,
AFW360_HH,GNB,GW_AEZ03,2021,CONS_SH,_Z,_Z,_T,_T,_T,_T,_T,_T,COICOP_CP07,_Z,_Z,_Z,_Z,0.05,A,,,,,,
AFW360_HH,GNB,GW_AEZ03,2021,CONS_SH,_Z,_Z,_T,_T,_T,_T,_T,_T,COICOP_CP08,_Z,_Z,_Z,_Z,0.06,A,,,,,,
AFW360_HH,GNB,GW_AEZ03,2021,CONS_SH,_Z,_Z,_T,_T,_T,_T,_T,_T,COICOP_CP09,_Z,_Z,_Z,_Z,0,A,,,,,,
AFW360_HH,GNB,GW_AEZ03,2021,CONS_SH,_Z,_Z,_T,_T,_T,_T,_T,_T,COICOP_CP10,_Z,_Z,_Z,_Z,0.02,A,,,,,,
AFW360_HH,GNB,GW_AEZ03,2021,CONS_SH,_Z,_Z,_T,_T,_T,_T,_T,_T,COICOP_CP11,_Z,_Z,_Z,_Z,0.11,A,,,,,,
AFW360_HH,GNB,GW_AEZ03,2021,CONS_SH,_Z,_Z,_T,_T,_T,_T,_T,_T,COICOP_CP12,_Z,_Z,_Z,_Z,0,A,,,,,,
AFW360_HH,GNB,GW_AEZ03,2021,CONS_SH,_Z,_Z,_T,_T,_T,_T,_T,_T,COICOP_CP13,_Z,_Z,_Z,_Z,0.01,A,,,,,,
AFW360_HH,GNB,GW_AEZ03,2021,EN_ASSET_AC,_Z,_Z,_T,_T,_T,_T,_T,_T,_Z,_Z,_Z,_Z,_Z,0,A,,,,,,
AFW360_HH,GNB,GW_AEZ03,2021,EN_ASSET_COOKER,_Z,_Z,_T,_T,_T,_T,_T,_T,_Z,_Z,_Z,_Z,_Z,0.01,A,,,,,,
AFW360_HH,GNB,GW_AEZ03,2021,EN_ASSET_FAN,_Z,_Z,_T,_T,_T,_T,_T,_T,_Z,_Z,_Z,_Z,_Z,0,A,,,,,,
AFW360_HH,GNB,GW_AEZ03,2021,EN_ASSET_WATER_HEATER,_Z,_Z,_T,_T,_T,_T,_T,_T,_Z,_Z,_Z,_Z,_Z,0,A,,,,,,
AFW360_HH,GNB,GW_AEZ03,2021,EN_COOK_BIOMASS,_Z,_Z,_T,_T,_T,_T,_T,_T,_Z,_Z,_Z,_Z,_Z,0.99,A,,,,,,
AFW360_HH,GNB,GW_AEZ03,2021,EN_COOK_CLEAN,_Z,_Z,_T,_T,_T,_T,_T,_T,_Z,_Z,_Z,_Z,_Z,0,A,,,,,,
AFW360_HH,GNB,GW_AEZ03,2021,EN_ELEC_ACCESS,_Z,_Z,_T,_T,_T,_T,_T,_T,_Z,_Z,_Z,_Z,_Z,0.05,A,,,,,,
AFW360_HH,GNB,GW_AEZ03,2021,EN_ELEC_INFORMAL,_Z,_Z,_T,_T,_T,_T,_T,_T,_Z,_Z,_Z,_Z,_Z,0.01,A,,,,,,
AFW360_HH,GNB,GW_AEZ03,2021,EN_ELEC_SPEND,_Z,_Z,_T,_T,_T,_T,_T,_T,_Z,_Z,_Z,_Z,_Z,19409.33,A,,,,,,
AFW360_HH,GNB,GW_AEZ03,2021,EN_GRID_CONN,_Z,_Z,_T,_T,_T,_T,_T,_T,_Z,_Z,_Z,_Z,_Z,0.05,A,,,,,,
AFW360_HH,GNB,GW_AEZ03,2021,EN_GRID_USE,_Z,_Z,_T,_T,_T,_T,_T,_T,_Z,_Z,_Z,_Z,_Z,0.06,A,,,,,,
AFW360_HH,GNB,GW_AEZ03,2021,EN_LIGHT_IMPROVED,_Z,_Z,_T,_T,_T,_T,_T,_T,_Z,_Z,_Z,_Z,_Z,0.07,A,,,,,,
AFW360_HH,GNB,GW_AEZ03,2021,EN_OFFGRID_USE,_Z,_Z,_T,_T,_T,_T,_T,_T,_Z,_Z,_Z,_Z,_Z,0.71,A,,,,,,
AFW360_HH,GNB,GW_AEZ03,2021,EN_OUTAGE_ANY,_Z,_Z,_T,_T,_T,_T,_T,_T,_Z,_Z,_Z,_Z,_Z,0.15,A,,,,,,
AFW360_HH,GNB,GW_AEZ03,2021,EN_OUTAGE_DAYS,_Z,_Z,_T,_T,_T,_T,_T,_T,_Z,_Z,_Z,_Z,_Z,5.03,A,,,,,,
AFW360_HH,GNB,GW_AEZ03,2021,EN_OUTAGE_DUR_CODE,_Z,_Z,_T,_T,_T,_T,_T,_T,_Z,_Z,_Z,_Z,_Z,,O,,,,,,"LEGACY_EMPTY: empty cell in sheet 'ZAE', column 'estimateZonas_Montanhosas_de_Les'"
AFW360_HH,GNB,GW_AEZ03,2021,EN_PREPAID_METER,_Z,_Z,_T,_T,_T,_T,_T,_T,_Z,_Z,_Z,_Z,_Z,0.33,A,,,,,,
AFW360_HH,GNB,GW_AEZ03,2021,HE_ACCOUNTS,_Z,_Z,_T,_T,_T,_T,_T,_T,_Z,_Z,_Z,_Z,_Z,0.11,A,,,,,,
AFW360_HH,GNB,GW_AEZ03,2021,HE_AGE,_Z,_Z,_T,_T,_T,_T,_T,_T,_Z,_Z,_Z,_Z,_Z,5.18,A,,,,,,
AFW360_HH,GNB,GW_AEZ03,2021,HE_BUY_FIRMS,_Z,_Z,_T,_T,_T,_T,_T,_T,_Z,_Z,_Z,_Z,_Z,0.17,A,,,,,,
AFW360_HH,GNB,GW_AEZ03,2021,HE_CAPITAL,_Z,_Z,_T,_T,_T,_T,_T,_T,_Z,_Z,_Z,_Z,_Z,24812.29,A,,,,,,
AFW360_HH,GNB,GW_AEZ03,2021,HE_COSTS,_Z,_Z,_T,_T,_T,_T,_T,_T,_Z,_Z,_Z,_Z,_Z,2975.68,A,,,,,,
AFW360_HH,GNB,GW_AEZ03,2021,HE_CREDIT_ANY,_Z,_Z,_T,_T,_T,_T,_T,_T,_Z,_Z,_Z,_Z,_Z,0.3,A,,,,,,
AFW360_HH,GNB,GW_AEZ03,2021,HE_CREDIT_FORMAL,_Z,_Z,_T,_T,_T,_T,_T,_T,_Z,_Z,_Z,_Z,_Z,0,A,,,,,,
AFW360_HH,GNB,GW_AEZ03,2021,HE_CREDIT_INFORMAL,_Z,_Z,_T,_T,_T,_T,_T,_T,_Z,_Z,_Z,_Z,_Z,0.3,A,,,,,,
AFW360_HH,GNB,GW_AEZ03,2021,HE_ELEC,_Z,_Z,_T,_T,_T,_T,_T,_T,_Z,_Z,_Z,_Z,_Z,1,A,,,,,,
AFW360_HH,GNB,GW_AEZ03,2021,HE_EMP_EXT_ANY,_Z,_Z,_T,_T,_T,_T,_T,_T,_Z,_Z,_Z,_Z,_Z,1,A,,,,,,LEGACY_SUSPECT: Implausible: share 1.00 while mean non-HH employees is 0.48.
AFW360_HH,GNB,GW_AEZ03,2021,HE_EMP_HH_NUM,_Z,_Z,_T,_T,_T,_T,_T,_T,_Z,_Z,_Z,_Z,_Z,0,A,,,,,,
AFW360_HH,GNB,GW_AEZ03,2021,HE_EMP_NONHH_NUM,_Z,_Z,_T,_T,_T,_T,_T,_T,_Z,_Z,_Z,_Z,_Z,0.54,A,,,,,,
AFW360_HH,GNB,GW_AEZ03,2021,HE_EMP_NUM,_Z,_Z,_T,_T,_T,_T,_T,_T,_Z,_Z,_Z,_Z,_Z,0,A,,,,,,
AFW360_HH,GNB,GW_AEZ03,2021,HE_HH_OWNER,_Z,_Z,_T,_T,_T,_T,_T,_T,_Z,_Z,_Z,_Z,_Z,0.36,A,,,,,,
AFW360_HH,GNB,GW_AEZ03,2021,HE_HOME_BASED,_Z,_Z,_T,_T,_T,_T,_T,_T,_Z,_Z,_Z,_Z,_Z,0.56,A,,,,,,
AFW360_HH,GNB,GW_AEZ03,2021,HE_PHONE,_Z,_Z,_T,_T,_T,_T,_T,_T,_Z,_Z,_Z,_Z,_Z,1,A,,,,,,
AFW360_HH,GNB,GW_AEZ03,2021,HE_PREMISES_FORMAL,_Z,_Z,_T,_T,_T,_T,_T,_T,_Z,_Z,_Z,_Z,_Z,0.02,A,,,,,,
AFW360_HH,GNB,GW_AEZ03,2021,HE_PROFIT,_Z,_Z,_T,_T,_T,_T,_T,_T,_Z,_Z,_Z,_Z,_Z,3316.5,A,,,,,,
AFW360_HH,GNB,GW_AEZ03,2021,HE_RENT,_Z,_Z,_T,_T,_T,_T,_T,_T,_Z,_Z,_Z,_Z,_Z,1,A,,,,,,
AFW360_HH,GNB,GW_AEZ03,2021,HE_REV_PER_WORKER,_Z,_Z,_T,_T,_T,_T,_T,_T,_Z,_Z,_Z,_Z,_Z,,O,,,,,,"LEGACY_EMPTY: empty cell in sheet 'ZAE', column 'estimateZonas_Montanhosas_de_Les'"
AFW360_HH,GNB,GW_AEZ03,2021,HE_SELL_FIRMS,_Z,_Z,_T,_T,_T,_T,_T,_T,_Z,_Z,_Z,_Z,_Z,0.06,A,,,,,,
AFW360_HH,GNB,GW_AEZ03,2021,HE_TAX_ID,_Z,_Z,_T,_T,_T,_T,_T,_T,_Z,_Z,_Z,_Z,_Z,0.06,A,,,,,,
AFW360_HH,GNB,GW_AEZ03,2021,HE_WATER,_Z,_Z,_T,_T,_T,_T,_T,_T,_Z,_Z,_Z,_Z,_Z,0.57,A,,,,,,
AFW360_HH,GNB,GW_AEZ03,2021,HOUS_FLOOR_DURABLE,_Z,_Z,_T,_T,_T,_T,_T,_T,_Z,_Z,_Z,_Z,_Z,0.52,A,,,,,,
AFW360_HH,GNB,GW_AEZ03,2021,HOUS_ROOF_DURABLE,_Z,_Z,_T,_T,_T,_T,_T,_T,_Z,_Z,_Z,_Z,_Z,0.95,A,,,,,,
AFW360_HH,GNB,GW_AEZ03,2021,HOUS_SANIT_IMPROVED,_Z,_Z,_T,_T,_T,_T,_T,_T,_Z,_Z,_Z,_Z,_Z,0.15,A,,,,,,
AFW360_HH,GNB,GW_AEZ03,2021,HOUS_WALL_DURABLE,_Z,_Z,_T,_T,_T,_T,_T,_T,_Z,_Z,_Z,_Z,_Z,0.33,A,,,,,,
AFW360_HH,GNB,GW_AEZ03,2021,HOUS_WATER_SAFE_DRY,_Z,_Z,_T,_T,_T,_T,_T,_T,_Z,_Z,_Z,_Z,_Z,0.74,A,,,,,,
AFW360_HH,GNB,GW_AEZ03,2021,POP_HE_SH,_Z,_Z,_T,HEO_MSTAT_MARRIED,_T,_T,_T,_T,_Z,_Z,_Z,_Z,_Z,0.56,A,,,,,,
AFW360_HH,GNB,GW_AEZ03,2021,POP_HE_SH,_Z,_Z,_T,HEO_SEX_F,_T,_T,_T,_T,_Z,_Z,_Z,_Z,_Z,0.6,A,,,,,,
AFW360_HH,GNB,GW_AEZ03,2021,POP_HH_SH,_Z,_Z,_T,HE_COUNT_0,_T,_T,_T,_T,_Z,_Z,_Z,_Z,_Z,0.47,A,,,,,,
AFW360_HH,GNB,GW_AEZ03,2021,POP_HH_SH,_Z,_Z,_T,HE_COUNT_1,_T,_T,_T,_T,_Z,_Z,_Z,_Z,_Z,0.4,A,,,,,,
AFW360_HH,GNB,GW_AEZ03,2021,POP_HH_SH,_Z,_Z,_T,HE_COUNT_2,_T,_T,_T,_T,_Z,_Z,_Z,_Z,_Z,0.12,A,,,,,,
AFW360_HH,GNB,GW_AEZ03,2021,POP_HH_SH,_Z,_Z,_T,HE_COUNT_3,_T,_T,_T,_T,_Z,_Z,_Z,_Z,_Z,0.01,A,,,,,,
AFW360_HH,GNB,GW_AEZ03,2021,POP_HH_SH,_Z,_Z,_T,HE_COUNT_4P,_T,_T,_T,_T,_Z,_Z,_Z,_Z,_Z,0,A,,,,,,
AFW360_HH,GNB,GW_AEZ03,2021,POP_SH,_T,_T,_T,EMP_FORMAL_N,_T,_T,_T,_T,_Z,_Z,_Z,_Z,_Z,0.87,A,,,,,,
AFW360_HH,GNB,GW_AEZ03,2021,POP_SH,_T,_T,_T,EMP_ISIC_G,_T,_T,_T,_T,_Z,_Z,_Z,_Z,_Z,0.09,A,,,,,,
AFW360_HH,GNB,GW_AEZ03,2021,POP_SH,_T,_T,_T,EMP_ISIC_H,_T,_T,_T,_T,_Z,_Z,_Z,_Z,_Z,0.02,A,,,,,,
AFW360_HH,GNB,GW_AEZ03,2021,POP_SH,_T,_T,_T,EMP_SECTOR_AGR,_T,_T,_T,_T,_Z,_Z,_Z,_Z,_Z,0.79,A,,,,,,
AFW360_HH,GNB,GW_AEZ03,2021,POP_SH,_T,_T,_T,EMP_SECTOR_IND,_T,_T,_T,_T,_Z,_Z,_Z,_Z,_Z,0.07,A,,,,,,
AFW360_HH,GNB,GW_AEZ03,2021,POP_SH,_T,_T,_T,EMP_SECTOR_SER,_T,_T,_T,_T,_Z,_Z,_Z,_Z,_Z,0.14,A,,,,,,
AFW360_HH,GNB,GW_AEZ03,2021,POP_SH,_T,_T,_T,EMP_STATUS_EMPLOYED,_T,_T,_T,_T,_Z,_Z,_Z,_Z,_Z,0.78,A,,,,,,
AFW360_HH,GNB,GW_AEZ03,2021,POP_SH,_T,_T,_T,EMP_TYPE_NONWAGE,_T,_T,_T,_T,_Z,_Z,_Z,_Z,_Z,0.89,A,,,,,,
AFW360_HH,GNB,GW_AEZ03,2021,POP_SH,_T,_T,_T,EMP_TYPE_WAGE,_T,_T,_T,_T,_Z,_Z,_Z,_Z,_Z,0.11,A,,,,,,
AFW360_HH,GNB,GW_AEZ03,2021,POV_HC,_T,_T,_T,_T,_T,_T,_T,_T,POVLINE_PL300,PPP_2021,_Z,_Z,_Z,0.55,A,,,,,,
AFW360_HH,GNB,GW_AEZ03,2021,POV_HC,_T,_T,_T,_T,_T,_T,_T,_T,POVLINE_PL420,PPP_2021,_Z,_Z,_Z,0.77,A,,,,,,
AFW360_HH,GNB,GW_AEZ03,2021,POV_NUM,_T,_T,_T,_T,_T,_T,_T,_T,POVLINE_PL300,PPP_2021,_Z,_Z,_Z,240000,A,,,,,,
AFW360_HH,GNB,GW_AEZ03,2021,POV_NUM,_T,_T,_T,_T,_T,_T,_T,_T,POVLINE_PL420,PPP_2021,_Z,_Z,_Z,340000,A,,,,,,
AFW360_HH,GNB,GW_AEZ03,2021,SHK_ANY,_Z,_Z,_T,_T,_T,_T,_T,_T,_Z,_Z,_Z,_Z,_Z,0.9,A,,,,,,
AFW360_HH,GNB,GW_AEZ03,2021,SHK_COV_CONFLICT,_Z,_Z,_T,_T,_T,_T,_T,_T,_Z,_Z,_Z,_Z,_Z,0.08,A,,,,,,
AFW360_HH,GNB,GW_AEZ03,2021,SHK_COV_ECON,_Z,_Z,_T,_T,_T,_T,_T,_T,_Z,_Z,_Z,_Z,_Z,0.66,A,,,,,,
AFW360_HH,GNB,GW_AEZ03,2021,SHK_COV_NATURAL,_Z,_Z,_T,_T,_T,_T,_T,_T,_Z,_Z,_Z,_Z,_Z,0.46,A,,,,,,
AFW360_HH,GNB,GW_AEZ03,2021,SHK_IDIO_ECON,_Z,_Z,_T,_T,_T,_T,_T,_T,_Z,_Z,_Z,_Z,_Z,0.27,A,,,,,,
AFW360_HH,GNB,GW_AEZ03,2021,SP_HEALTH_COV,_T,_T,_T,_T,_T,_T,_T,_T,_Z,_Z,_Z,_Z,_Z,0,A,,,,,,
AFW360_HH,GNB,GW_AEZ03,2021,SP_HEALTH_COV_HH,_Z,_Z,_T,_T,_T,_T,_T,_T,_Z,_Z,_Z,_Z,_Z,0,A,,,,,,
AFW360_HH,GNB,GW_AEZ04,2021,AGR_CULTIVATES,_Z,_Z,_T,_T,_T,_T,_T,_T,_Z,_Z,_Z,_Z,_Z,0.87,A,,,,,,
AFW360_HH,GNB,GW_AEZ04,2021,AGR_CULT_AREA,_Z,_Z,_T,_T,_T,_T,_T,_T,_Z,_Z,_Z,_Z,_Z,7.08,A,,,,,,
AFW360_HH,GNB,GW_AEZ04,2021,AGR_LIVESTOCK_ANY,_Z,_Z,_T,_T,_T,_T,_T,_T,_Z,_Z,_Z,_Z,_Z,0.82,A,,,,,,
AFW360_HH,GNB,GW_AEZ04,2021,AGR_TLU,_Z,_Z,_T,_T,_T,_T,_T,_T,_Z,_Z,_Z,_Z,_Z,2.54,A,,,,,,
AFW360_HH,GNB,GW_AEZ04,2021,CONS_SH,_Z,_Z,_T,_T,_T,_T,_T,_T,COICOP_CP01,ACQ_OWNPROD,_Z,_Z,_Z,0.11,A,,,,,,
AFW360_HH,GNB,GW_AEZ04,2021,CONS_SH,_Z,_Z,_T,_T,_T,_T,_T,_T,COICOP_CP01,ACQ_PURCH,_Z,_Z,_Z,0.27,A,,,,,,
AFW360_HH,GNB,GW_AEZ04,2021,CONS_SH,_Z,_Z,_T,_T,_T,_T,_T,_T,COICOP_CP01,_Z,_Z,_Z,_Z,0.43,A,,,,,,
AFW360_HH,GNB,GW_AEZ04,2021,CONS_SH,_Z,_Z,_T,_T,_T,_T,_T,_T,COICOP_CP02,_Z,_Z,_Z,_Z,0.01,A,,,,,,
AFW360_HH,GNB,GW_AEZ04,2021,CONS_SH,_Z,_Z,_T,_T,_T,_T,_T,_T,COICOP_CP03,_Z,_Z,_Z,_Z,0.06,A,,,,,,
AFW360_HH,GNB,GW_AEZ04,2021,CONS_SH,_Z,_Z,_T,_T,_T,_T,_T,_T,COICOP_CP04,_Z,_Z,_Z,_Z,0.14,A,,,,,,
AFW360_HH,GNB,GW_AEZ04,2021,CONS_SH,_Z,_Z,_T,_T,_T,_T,_T,_T,COICOP_CP05,_Z,_Z,_Z,_Z,0.05,A,,,,,,
AFW360_HH,GNB,GW_AEZ04,2021,CONS_SH,_Z,_Z,_T,_T,_T,_T,_T,_T,COICOP_CP06,_Z,_Z,_Z,_Z,0.03,A,,,,,,
AFW360_HH,GNB,GW_AEZ04,2021,CONS_SH,_Z,_Z,_T,_T,_T,_T,_T,_T,COICOP_CP07,_Z,_Z,_Z,_Z,0.04,A,,,,,,
AFW360_HH,GNB,GW_AEZ04,2021,CONS_SH,_Z,_Z,_T,_T,_T,_T,_T,_T,COICOP_CP08,_Z,_Z,_Z,_Z,0.08,A,,,,,,
AFW360_HH,GNB,GW_AEZ04,2021,CONS_SH,_Z,_Z,_T,_T,_T,_T,_T,_T,COICOP_CP09,_Z,_Z,_Z,_Z,0,A,,,,,,
AFW360_HH,GNB,GW_AEZ04,2021,CONS_SH,_Z,_Z,_T,_T,_T,_T,_T,_T,COICOP_CP10,_Z,_Z,_Z,_Z,0.03,A,,,,,,
AFW360_HH,GNB,GW_AEZ04,2021,CONS_SH,_Z,_Z,_T,_T,_T,_T,_T,_T,COICOP_CP11,_Z,_Z,_Z,_Z,0.12,A,,,,,,
AFW360_HH,GNB,GW_AEZ04,2021,CONS_SH,_Z,_Z,_T,_T,_T,_T,_T,_T,COICOP_CP12,_Z,_Z,_Z,_Z,0,A,,,,,,
AFW360_HH,GNB,GW_AEZ04,2021,CONS_SH,_Z,_Z,_T,_T,_T,_T,_T,_T,COICOP_CP13,_Z,_Z,_Z,_Z,0.02,A,,,,,,
AFW360_HH,GNB,GW_AEZ04,2021,EN_ASSET_AC,_Z,_Z,_T,_T,_T,_T,_T,_T,_Z,_Z,_Z,_Z,_Z,0,A,,,,,,
AFW360_HH,GNB,GW_AEZ04,2021,EN_ASSET_COOKER,_Z,_Z,_T,_T,_T,_T,_T,_T,_Z,_Z,_Z,_Z,_Z,0.01,A,,,,,,
AFW360_HH,GNB,GW_AEZ04,2021,EN_ASSET_FAN,_Z,_Z,_T,_T,_T,_T,_T,_T,_Z,_Z,_Z,_Z,_Z,0.01,A,,,,,,
AFW360_HH,GNB,GW_AEZ04,2021,EN_ASSET_WATER_HEATER,_Z,_Z,_T,_T,_T,_T,_T,_T,_Z,_Z,_Z,_Z,_Z,0,A,,,,,,
AFW360_HH,GNB,GW_AEZ04,2021,EN_COOK_BIOMASS,_Z,_Z,_T,_T,_T,_T,_T,_T,_Z,_Z,_Z,_Z,_Z,0.99,A,,,,,,
AFW360_HH,GNB,GW_AEZ04,2021,EN_COOK_CLEAN,_Z,_Z,_T,_T,_T,_T,_T,_T,_Z,_Z,_Z,_Z,_Z,0,A,,,,,,
AFW360_HH,GNB,GW_AEZ04,2021,EN_ELEC_ACCESS,_Z,_Z,_T,_T,_T,_T,_T,_T,_Z,_Z,_Z,_Z,_Z,0.05,A,,,,,,
AFW360_HH,GNB,GW_AEZ04,2021,EN_ELEC_INFORMAL,_Z,_Z,_T,_T,_T,_T,_T,_T,_Z,_Z,_Z,_Z,_Z,0.01,A,,,,,,
AFW360_HH,GNB,GW_AEZ04,2021,EN_ELEC_SPEND,_Z,_Z,_T,_T,_T,_T,_T,_T,_Z,_Z,_Z,_Z,_Z,18152.77,A,,,,,,
AFW360_HH,GNB,GW_AEZ04,2021,EN_GRID_CONN,_Z,_Z,_T,_T,_T,_T,_T,_T,_Z,_Z,_Z,_Z,_Z,0.06,A,,,,,,
AFW360_HH,GNB,GW_AEZ04,2021,EN_GRID_USE,_Z,_Z,_T,_T,_T,_T,_T,_T,_Z,_Z,_Z,_Z,_Z,0.06,A,,,,,,
AFW360_HH,GNB,GW_AEZ04,2021,EN_LIGHT_IMPROVED,_Z,_Z,_T,_T,_T,_T,_T,_T,_Z,_Z,_Z,_Z,_Z,0.08,A,,,,,,
AFW360_HH,GNB,GW_AEZ04,2021,EN_OFFGRID_USE,_Z,_Z,_T,_T,_T,_T,_T,_T,_Z,_Z,_Z,_Z,_Z,0.57,A,,,,,,
AFW360_HH,GNB,GW_AEZ04,2021,EN_OUTAGE_ANY,_Z,_Z,_T,_T,_T,_T,_T,_T,_Z,_Z,_Z,_Z,_Z,0.61,A,,,,,,
AFW360_HH,GNB,GW_AEZ04,2021,EN_OUTAGE_DAYS,_Z,_Z,_T,_T,_T,_T,_T,_T,_Z,_Z,_Z,_Z,_Z,3.63,A,,,,,,
AFW360_HH,GNB,GW_AEZ04,2021,EN_OUTAGE_DUR_CODE,_Z,_Z,_T,_T,_T,_T,_T,_T,_Z,_Z,_Z,_Z,_Z,2.37,A,,,,,,
AFW360_HH,GNB,GW_AEZ04,2021,EN_PREPAID_METER,_Z,_Z,_T,_T,_T,_T,_T,_T,_Z,_Z,_Z,_Z,_Z,0.27,A,,,,,,
AFW360_HH,GNB,GW_AEZ04,2021,HE_ACCOUNTS,_Z,_Z,_T,_T,_T,_T,_T,_T,_Z,_Z,_Z,_Z,_Z,0.03,A,,,,,,
AFW360_HH,GNB,GW_AEZ04,2021,HE_AGE,_Z,_Z,_T,_T,_T,_T,_T,_T,_Z,_Z,_Z,_Z,_Z,6.92,A,,,,,,
AFW360_HH,GNB,GW_AEZ04,2021,HE_BUY_FIRMS,_Z,_Z,_T,_T,_T,_T,_T,_T,_Z,_Z,_Z,_Z,_Z,0.14,A,,,,,,
AFW360_HH,GNB,GW_AEZ04,2021,HE_CAPITAL,_Z,_Z,_T,_T,_T,_T,_T,_T,_Z,_Z,_Z,_Z,_Z,28849.33,A,,,,,,
AFW360_HH,GNB,GW_AEZ04,2021,HE_COSTS,_Z,_Z,_T,_T,_T,_T,_T,_T,_Z,_Z,_Z,_Z,_Z,2112.96,A,,,,,,
AFW360_HH,GNB,GW_AEZ04,2021,HE_CREDIT_ANY,_Z,_Z,_T,_T,_T,_T,_T,_T,_Z,_Z,_Z,_Z,_Z,0.32,A,,,,,,
AFW360_HH,GNB,GW_AEZ04,2021,HE_CREDIT_FORMAL,_Z,_Z,_T,_T,_T,_T,_T,_T,_Z,_Z,_Z,_Z,_Z,0.05,A,,,,,,
AFW360_HH,GNB,GW_AEZ04,2021,HE_CREDIT_INFORMAL,_Z,_Z,_T,_T,_T,_T,_T,_T,_Z,_Z,_Z,_Z,_Z,0.28,A,,,,,,
AFW360_HH,GNB,GW_AEZ04,2021,HE_ELEC,_Z,_Z,_T,_T,_T,_T,_T,_T,_Z,_Z,_Z,_Z,_Z,0.51,A,,,,,,
AFW360_HH,GNB,GW_AEZ04,2021,HE_EMP_EXT_ANY,_Z,_Z,_T,_T,_T,_T,_T,_T,_Z,_Z,_Z,_Z,_Z,1,A,,,,,,LEGACY_SUSPECT: Implausible: share 1.00 while mean non-HH employees is 0.48.
AFW360_HH,GNB,GW_AEZ04,2021,HE_EMP_HH_NUM,_Z,_Z,_T,_T,_T,_T,_T,_T,_Z,_Z,_Z,_Z,_Z,0,A,,,,,,
AFW360_HH,GNB,GW_AEZ04,2021,HE_EMP_NONHH_NUM,_Z,_Z,_T,_T,_T,_T,_T,_T,_Z,_Z,_Z,_Z,_Z,0.3,A,,,,,,
AFW360_HH,GNB,GW_AEZ04,2021,HE_EMP_NUM,_Z,_Z,_T,_T,_T,_T,_T,_T,_Z,_Z,_Z,_Z,_Z,0.03,A,,,,,,
AFW360_HH,GNB,GW_AEZ04,2021,HE_HH_OWNER,_Z,_Z,_T,_T,_T,_T,_T,_T,_Z,_Z,_Z,_Z,_Z,0.28,A,,,,,,
AFW360_HH,GNB,GW_AEZ04,2021,HE_HOME_BASED,_Z,_Z,_T,_T,_T,_T,_T,_T,_Z,_Z,_Z,_Z,_Z,0.56,A,,,,,,
AFW360_HH,GNB,GW_AEZ04,2021,HE_PHONE,_Z,_Z,_T,_T,_T,_T,_T,_T,_Z,_Z,_Z,_Z,_Z,1,A,,,,,,
AFW360_HH,GNB,GW_AEZ04,2021,HE_PREMISES_FORMAL,_Z,_Z,_T,_T,_T,_T,_T,_T,_Z,_Z,_Z,_Z,_Z,0.04,A,,,,,,
AFW360_HH,GNB,GW_AEZ04,2021,HE_PROFIT,_Z,_Z,_T,_T,_T,_T,_T,_T,_Z,_Z,_Z,_Z,_Z,1796.12,A,,,,,,
AFW360_HH,GNB,GW_AEZ04,2021,HE_RENT,_Z,_Z,_T,_T,_T,_T,_T,_T,_Z,_Z,_Z,_Z,_Z,1,A,,,,,,
AFW360_HH,GNB,GW_AEZ04,2021,HE_REV_PER_WORKER,_Z,_Z,_T,_T,_T,_T,_T,_T,_Z,_Z,_Z,_Z,_Z,650000,A,,,,,,
AFW360_HH,GNB,GW_AEZ04,2021,HE_SELL_FIRMS,_Z,_Z,_T,_T,_T,_T,_T,_T,_Z,_Z,_Z,_Z,_Z,0.11,A,,,,,,
AFW360_HH,GNB,GW_AEZ04,2021,HE_TAX_ID,_Z,_Z,_T,_T,_T,_T,_T,_T,_Z,_Z,_Z,_Z,_Z,0.08,A,,,,,,
AFW360_HH,GNB,GW_AEZ04,2021,HE_WATER,_Z,_Z,_T,_T,_T,_T,_T,_T,_Z,_Z,_Z,_Z,_Z,0.51,A,,,,,,
AFW360_HH,GNB,GW_AEZ04,2021,HOUS_FLOOR_DURABLE,_Z,_Z,_T,_T,_T,_T,_T,_T,_Z,_Z,_Z,_Z,_Z,0.38,A,,,,,,
AFW360_HH,GNB,GW_AEZ04,2021,HOUS_ROOF_DURABLE,_Z,_Z,_T,_T,_T,_T,_T,_T,_Z,_Z,_Z,_Z,_Z,0.94,A,,,,,,
AFW360_HH,GNB,GW_AEZ04,2021,HOUS_SANIT_IMPROVED,_Z,_Z,_T,_T,_T,_T,_T,_T,_Z,_Z,_Z,_Z,_Z,0.13,A,,,,,,
AFW360_HH,GNB,GW_AEZ04,2021,HOUS_WALL_DURABLE,_Z,_Z,_T,_T,_T,_T,_T,_T,_Z,_Z,_Z,_Z,_Z,0.23,A,,,,,,
AFW360_HH,GNB,GW_AEZ04,2021,HOUS_WATER_SAFE_DRY,_Z,_Z,_T,_T,_T,_T,_T,_T,_Z,_Z,_Z,_Z,_Z,0.64,A,,,,,,
AFW360_HH,GNB,GW_AEZ04,2021,POP_HE_SH,_Z,_Z,_T,HEO_MSTAT_MARRIED,_T,_T,_T,_T,_Z,_Z,_Z,_Z,_Z,0.42,A,,,,,,
AFW360_HH,GNB,GW_AEZ04,2021,POP_HE_SH,_Z,_Z,_T,HEO_SEX_F,_T,_T,_T,_T,_Z,_Z,_Z,_Z,_Z,0.68,A,,,,,,
AFW360_HH,GNB,GW_AEZ04,2021,POP_HH_SH,_Z,_Z,_T,HE_COUNT_0,_T,_T,_T,_T,_Z,_Z,_Z,_Z,_Z,0.48,A,,,,,,
AFW360_HH,GNB,GW_AEZ04,2021,POP_HH_SH,_Z,_Z,_T,HE_COUNT_1,_T,_T,_T,_T,_Z,_Z,_Z,_Z,_Z,0.42,A,,,,,,
AFW360_HH,GNB,GW_AEZ04,2021,POP_HH_SH,_Z,_Z,_T,HE_COUNT_2,_T,_T,_T,_T,_Z,_Z,_Z,_Z,_Z,0.1,A,,,,,,
AFW360_HH,GNB,GW_AEZ04,2021,POP_HH_SH,_Z,_Z,_T,HE_COUNT_3,_T,_T,_T,_T,_Z,_Z,_Z,_Z,_Z,0.01,A,,,,,,
AFW360_HH,GNB,GW_AEZ04,2021,POP_HH_SH,_Z,_Z,_T,HE_COUNT_4P,_T,_T,_T,_T,_Z,_Z,_Z,_Z,_Z,0,A,,,,,,
AFW360_HH,GNB,GW_AEZ04,2021,POP_SH,_T,_T,_T,EMP_FORMAL_N,_T,_T,_T,_T,_Z,_Z,_Z,_Z,_Z,0.8,A,,,,,,
AFW360_HH,GNB,GW_AEZ04,2021,POP_SH,_T,_T,_T,EMP_ISIC_G,_T,_T,_T,_T,_Z,_Z,_Z,_Z,_Z,0.08,A,,,,,,
AFW360_HH,GNB,GW_AEZ04,2021,POP_SH,_T,_T,_T,EMP_ISIC_H,_T,_T,_T,_T,_Z,_Z,_Z,_Z,_Z,0.02,A,,,,,,
AFW360_HH,GNB,GW_AEZ04,2021,POP_SH,_T,_T,_T,EMP_SECTOR_AGR,_T,_T,_T,_T,_Z,_Z,_Z,_Z,_Z,0.78,A,,,,,,
AFW360_HH,GNB,GW_AEZ04,2021,POP_SH,_T,_T,_T,EMP_SECTOR_IND,_T,_T,_T,_T,_Z,_Z,_Z,_Z,_Z,0.08,A,,,,,,
AFW360_HH,GNB,GW_AEZ04,2021,POP_SH,_T,_T,_T,EMP_SECTOR_SER,_T,_T,_T,_T,_Z,_Z,_Z,_Z,_Z,0.14,A,,,,,,
AFW360_HH,GNB,GW_AEZ04,2021,POP_SH,_T,_T,_T,EMP_STATUS_EMPLOYED,_T,_T,_T,_T,_Z,_Z,_Z,_Z,_Z,0.76,A,,,,,,
AFW360_HH,GNB,GW_AEZ04,2021,POP_SH,_T,_T,_T,EMP_TYPE_NONWAGE,_T,_T,_T,_T,_Z,_Z,_Z,_Z,_Z,0.82,A,,,,,,
AFW360_HH,GNB,GW_AEZ04,2021,POP_SH,_T,_T,_T,EMP_TYPE_WAGE,_T,_T,_T,_T,_Z,_Z,_Z,_Z,_Z,0.18,A,,,,,,
AFW360_HH,GNB,GW_AEZ04,2021,POV_HC,_T,_T,_T,_T,_T,_T,_T,_T,POVLINE_PL300,PPP_2021,_Z,_Z,_Z,0.53,A,,,,,,
AFW360_HH,GNB,GW_AEZ04,2021,POV_HC,_T,_T,_T,_T,_T,_T,_T,_T,POVLINE_PL420,PPP_2021,_Z,_Z,_Z,0.78,A,,,,,,
AFW360_HH,GNB,GW_AEZ04,2021,POV_NUM,_T,_T,_T,_T,_T,_T,_T,_T,POVLINE_PL300,PPP_2021,_Z,_Z,_Z,320000,A,,,,,,
AFW360_HH,GNB,GW_AEZ04,2021,POV_NUM,_T,_T,_T,_T,_T,_T,_T,_T,POVLINE_PL420,PPP_2021,_Z,_Z,_Z,470000,A,,,,,,
AFW360_HH,GNB,GW_AEZ04,2021,SHK_ANY,_Z,_Z,_T,_T,_T,_T,_T,_T,_Z,_Z,_Z,_Z,_Z,0.9,A,,,,,,
AFW360_HH,GNB,GW_AEZ04,2021,SHK_COV_CONFLICT,_Z,_Z,_T,_T,_T,_T,_T,_T,_Z,_Z,_Z,_Z,_Z,0.05,A,,,,,,
AFW360_HH,GNB,GW_AEZ04,2021,SHK_COV_ECON,_Z,_Z,_T,_T,_T,_T,_T,_T,_Z,_Z,_Z,_Z,_Z,0.59,A,,,,,,
AFW360_HH,GNB,GW_AEZ04,2021,SHK_COV_NATURAL,_Z,_Z,_T,_T,_T,_T,_T,_T,_Z,_Z,_Z,_Z,_Z,0.41,A,,,,,,
AFW360_HH,GNB,GW_AEZ04,2021,SHK_IDIO_ECON,_Z,_Z,_T,_T,_T,_T,_T,_T,_Z,_Z,_Z,_Z,_Z,0.31,A,,,,,,
AFW360_HH,GNB,GW_AEZ04,2021,SP_HEALTH_COV,_T,_T,_T,_T,_T,_T,_T,_T,_Z,_Z,_Z,_Z,_Z,0,A,,,,,,
AFW360_HH,GNB,GW_AEZ04,2021,SP_HEALTH_COV_HH,_Z,_Z,_T,_T,_T,_T,_T,_T,_Z,_Z,_Z,_Z,_Z,0,A,,,,,,
AFW360_HH,GNB,_T,2021,AGR_CULTIVATES,_Z,_Z,OU,_T,_T,_T,_T,_T,_Z,_Z,_Z,_Z,_Z,0.22,A,,,,,,
AFW360_HH,GNB,_T,2021,AGR_CULTIVATES,_Z,_Z,R,_T,_T,_T,_T,_T,_Z,_Z,_Z,_Z,_Z,0.95,A,,,,,,
AFW360_HH,GNB,_T,2021,AGR_CULTIVATES,_Z,_Z,_T,HHH_AGE_GE35,_T,_T,_T,_T,_Z,_Z,_Z,_Z,_Z,0.65,A,,,,,,
AFW360_HH,GNB,_T,2021,AGR_CULTIVATES,_Z,_Z,_T,HHH_AGE_LT35,_T,_T,_T,_T,_Z,_Z,_Z,_Z,_Z,0.63,A,,,,,,
AFW360_HH,GNB,_T,2021,AGR_CULTIVATES,_Z,_Z,_T,HHH_SEX_F,_T,_T,_T,_T,_Z,_Z,_Z,_Z,_Z,0.41,A,,,,,,
AFW360_HH,GNB,_T,2021,AGR_CULTIVATES,_Z,_Z,_T,HHH_SEX_M,_T,_T,_T,_T,_Z,_Z,_Z,_Z,_Z,0.7,A,,,,,,
AFW360_HH,GNB,_T,2021,AGR_CULTIVATES,_Z,_Z,_T,QUINT_Q1,_T,_T,_T,_T,_Z,_Z,_Z,_Z,_Z,0.91,A,,,,,,
AFW360_HH,GNB,_T,2021,AGR_CULTIVATES,_Z,_Z,_T,QUINT_Q2,_T,_T,_T,_T,_Z,_Z,_Z,_Z,_Z,0.81,A,,,,,,
AFW360_HH,GNB,_T,2021,AGR_CULTIVATES,_Z,_Z,_T,QUINT_Q3,_T,_T,_T,_T,_Z,_Z,_Z,_Z,_Z,0.68,A,,,,,,
AFW360_HH,GNB,_T,2021,AGR_CULTIVATES,_Z,_Z,_T,QUINT_Q4,_T,_T,_T,_T,_Z,_Z,_Z,_Z,_Z,0.51,A,,,,,,
AFW360_HH,GNB,_T,2021,AGR_CULTIVATES,_Z,_Z,_T,QUINT_Q5,_T,_T,_T,_T,_Z,_Z,_Z,_Z,_Z,0.33,A,,,,,,
AFW360_HH,GNB,_T,2021,AGR_CULTIVATES,_Z,_Z,_T,_T,_T,_T,_T,_T,_Z,_Z,_Z,_Z,_Z,0.65,A,,,,,,
AFW360_HH,GNB,_T,2021,AGR_CULT_AREA,_Z,_Z,OU,_T,_T,_T,_T,_T,_Z,_Z,_Z,_Z,_Z,1.51,A,,,,,,
AFW360_HH,GNB,_T,2021,AGR_CULT_AREA,_Z,_Z,_T,HHH_AGE_LT35,_T,_T,_T,_T,_Z,_Z,_Z,_Z,_Z,2.1,A,,,,,,
AFW360_HH,GNB,_T,2021,AGR_CULT_AREA,_Z,_Z,_T,HHH_SEX_F,_T,_T,_T,_T,_Z,_Z,_Z,_Z,_Z,2.02,A,,,,,,
AFW360_HH,GNB,_T,2021,AGR_CULT_AREA,_Z,_Z,_T,QUINT_Q1,_T,_T,_T,_T,_Z,_Z,_Z,_Z,_Z,3.1,A,,,,,,
AFW360_HH,GNB,_T,2021,AGR_CULT_AREA,_Z,_Z,_T,QUINT_Q2,_T,_T,_T,_T,_Z,_Z,_Z,_Z,_Z,11.23,A,,,,,,
AFW360_HH,GNB,_T,2021,AGR_CULT_AREA,_Z,_Z,_T,QUINT_Q3,_T,_T,_T,_T,_Z,_Z,_Z,_Z,_Z,2.69,A,,,,,,
AFW360_HH,GNB,_T,2021,AGR_CULT_AREA,_Z,_Z,_T,QUINT_Q5,_T,_T,_T,_T,_Z,_Z,_Z,_Z,_Z,1.94,A,,,,,,
AFW360_HH,GNB,_T,2021,AGR_LIVESTOCK_ANY,_Z,_Z,OU,_T,_T,_T,_T,_T,_Z,_Z,_Z,_Z,_Z,0.34,A,,,,,,
AFW360_HH,GNB,_T,2021,AGR_LIVESTOCK_ANY,_Z,_Z,R,_T,_T,_T,_T,_T,_Z,_Z,_Z,_Z,_Z,0.87,A,,,,,,
AFW360_HH,GNB,_T,2021,AGR_LIVESTOCK_ANY,_Z,_Z,_T,HHH_AGE_GE35,_T,_T,_T,_T,_Z,_Z,_Z,_Z,_Z,0.66,A,,,,,,
AFW360_HH,GNB,_T,2021,AGR_LIVESTOCK_ANY,_Z,_Z,_T,HHH_AGE_LT35,_T,_T,_T,_T,_Z,_Z,_Z,_Z,_Z,0.59,A,,,,,,
AFW360_HH,GNB,_T,2021,AGR_LIVESTOCK_ANY,_Z,_Z,_T,HHH_SEX_F,_T,_T,_T,_T,_Z,_Z,_Z,_Z,_Z,0.5,A,,,,,,
AFW360_HH,GNB,_T,2021,AGR_LIVESTOCK_ANY,_Z,_Z,_T,HHH_SEX_M,_T,_T,_T,_T,_Z,_Z,_Z,_Z,_Z,0.69,A,,,,,,
AFW360_HH,GNB,_T,2021,AGR_LIVESTOCK_ANY,_Z,_Z,_T,QUINT_Q1,_T,_T,_T,_T,_Z,_Z,_Z,_Z,_Z,0.84,A,,,,,,
AFW360_HH,GNB,_T,2021,AGR_LIVESTOCK_ANY,_Z,_Z,_T,QUINT_Q2,_T,_T,_T,_T,_Z,_Z,_Z,_Z,_Z,0.78,A,,,,,,
AFW360_HH,GNB,_T,2021,AGR_LIVESTOCK_ANY,_Z,_Z,_T,QUINT_Q3,_T,_T,_T,_T,_Z,_Z,_Z,_Z,_Z,0.67,A,,,,,,
AFW360_HH,GNB,_T,2021,AGR_LIVESTOCK_ANY,_Z,_Z,_T,QUINT_Q4,_T,_T,_T,_T,_Z,_Z,_Z,_Z,_Z,0.57,A,,,,,,
AFW360_HH,GNB,_T,2021,AGR_LIVESTOCK_ANY,_Z,_Z,_T,QUINT_Q5,_T,_T,_T,_T,_Z,_Z,_Z,_Z,_Z,0.4,A,,,,,,
AFW360_HH,GNB,_T,2021,AGR_LIVESTOCK_ANY,_Z,_Z,_T,_T,_T,_T,_T,_T,_Z,_Z,_Z,_Z,_Z,0.65,A,,,,,,
AFW360_HH,GNB,_T,2021,AGR_TLU,_Z,_Z,OU,_T,_T,_T,_T,_T,_Z,_Z,_Z,_Z,_Z,0.37,A,,,,,,
AFW360_HH,GNB,_T,2021,AGR_TLU,_Z,_Z,R,_T,_T,_T,_T,_T,_Z,_Z,_Z,_Z,_Z,3.89,A,,,,,,
AFW360_HH,GNB,_T,2021,AGR_TLU,_Z,_Z,_T,HHH_AGE_GE35,_T,_T,_T,_T,_Z,_Z,_Z,_Z,_Z,2.52,A,,,,,,
AFW360_HH,GNB,_T,2021,AGR_TLU,_Z,_Z,_T,HHH_AGE_LT35,_T,_T,_T,_T,_Z,_Z,_Z,_Z,_Z,1.7,A,,,,,,
AFW360_HH,GNB,_T,2021,AGR_TLU,_Z,_Z,_T,HHH_SEX_F,_T,_T,_T,_T,_Z,_Z,_Z,_Z,_Z,0.79,A,,,,,,
AFW360_HH,GNB,_T,2021,AGR_TLU,_Z,_Z,_T,HHH_SEX_M,_T,_T,_T,_T,_Z,_Z,_Z,_Z,_Z,2.8,A,,,,,,
AFW360_HH,GNB,_T,2021,AGR_TLU,_Z,_Z,_T,QUINT_Q1,_T,_T,_T,_T,_Z,_Z,_Z,_Z,_Z,4.36,A,,,,,,
AFW360_HH,GNB,_T,2021,AGR_TLU,_Z,_Z,_T,QUINT_Q2,_T,_T,_T,_T,_Z,_Z,_Z,_Z,_Z,2.96,A,,,,,,
AFW360_HH,GNB,_T,2021,AGR_TLU,_Z,_Z,_T,QUINT_Q3,_T,_T,_T,_T,_Z,_Z,_Z,_Z,_Z,2.11,A,,,,,,
AFW360_HH,GNB,_T,2021,AGR_TLU,_Z,_Z,_T,QUINT_Q4,_T,_T,_T,_T,_Z,_Z,_Z,_Z,_Z,1.7,A,,,,,,
AFW360_HH,GNB,_T,2021,AGR_TLU,_Z,_Z,_T,QUINT_Q5,_T,_T,_T,_T,_Z,_Z,_Z,_Z,_Z,0.91,A,,,,,,
AFW360_HH,GNB,_T,2021,AGR_TLU,_Z,_Z,_T,_T,_T,_T,_T,_T,_Z,_Z,_Z,_Z,_Z,2.41,A,,,,,,
AFW360_HH,GNB,_T,2021,CONS_SH,_Z,_Z,OU,_T,_T,_T,_T,_T,COICOP_CP01,ACQ_OWNPROD,_Z,_Z,_Z,0.01,A,,,,,,
AFW360_HH,GNB,_T,2021,CONS_SH,_Z,_Z,OU,_T,_T,_T,_T,_T,COICOP_CP01,ACQ_PURCH,_Z,_Z,_Z,0.3,A,,,,,,
AFW360_HH,GNB,_T,2021,CONS_SH,_Z,_Z,OU,_T,_T,_T,_T,_T,COICOP_CP01,_Z,_Z,_Z,_Z,0.34,A,,,,,,
AFW360_HH,GNB,_T,2021,CONS_SH,_Z,_Z,OU,_T,_T,_T,_T,_T,COICOP_CP02,_Z,_Z,_Z,_Z,0.01,A,,,,,,
AFW360_HH,GNB,_T,2021,CONS_SH,_Z,_Z,OU,_T,_T,_T,_T,_T,COICOP_CP03,_Z,_Z,_Z,_Z,0.06,A,,,,,,
AFW360_HH,GNB,_T,2021,CONS_SH,_Z,_Z,OU,_T,_T,_T,_T,_T,COICOP_CP04,_Z,_Z,_Z,_Z,0.16,A,,,,,,
AFW360_HH,GNB,_T,2021,CONS_SH,_Z,_Z,OU,_T,_T,_T,_T,_T,COICOP_CP05,_Z,_Z,_Z,_Z,0.05,A,,,,,,
AFW360_HH,GNB,_T,2021,CONS_SH,_Z,_Z,OU,_T,_T,_T,_T,_T,COICOP_CP06,_Z,_Z,_Z,_Z,0.03,A,,,,,,
AFW360_HH,GNB,_T,2021,CONS_SH,_Z,_Z,OU,_T,_T,_T,_T,_T,COICOP_CP07,_Z,_Z,_Z,_Z,0.05,A,,,,,,
AFW360_HH,GNB,_T,2021,CONS_SH,_Z,_Z,OU,_T,_T,_T,_T,_T,COICOP_CP08,_Z,_Z,_Z,_Z,0.09,A,,,,,,
AFW360_HH,GNB,_T,2021,CONS_SH,_Z,_Z,OU,_T,_T,_T,_T,_T,COICOP_CP09,_Z,_Z,_Z,_Z,0,A,,,,,,
AFW360_HH,GNB,_T,2021,CONS_SH,_Z,_Z,OU,_T,_T,_T,_T,_T,COICOP_CP10,_Z,_Z,_Z,_Z,0.05,A,,,,,,
AFW360_HH,GNB,_T,2021,CONS_SH,_Z,_Z,OU,_T,_T,_T,_T,_T,COICOP_CP11,_Z,_Z,_Z,_Z,0.14,A,,,,,,
AFW360_HH,GNB,_T,2021,CONS_SH,_Z,_Z,OU,_T,_T,_T,_T,_T,COICOP_CP12,_Z,_Z,_Z,_Z,0,A,,,,,,
AFW360_HH,GNB,_T,2021,CONS_SH,_Z,_Z,OU,_T,_T,_T,_T,_T,COICOP_CP13,_Z,_Z,_Z,_Z,0.02,A,,,,,,
AFW360_HH,GNB,_T,2021,CONS_SH,_Z,_Z,R,_T,_T,_T,_T,_T,COICOP_CP01,ACQ_OWNPROD,_Z,_Z,_Z,0.17,A,,,,,,
AFW360_HH,GNB,_T,2021,CONS_SH,_Z,_Z,R,_T,_T,_T,_T,_T,COICOP_CP01,ACQ_PURCH,_Z,_Z,_Z,0.25,A,,,,,,
AFW360_HH,GNB,_T,2021,CONS_SH,_Z,_Z,R,_T,_T,_T,_T,_T,COICOP_CP01,_Z,_Z,_Z,_Z,0.47,A,,,,,,
AFW360_HH,GNB,_T,2021,CONS_SH,_Z,_Z,R,_T,_T,_T,_T,_T,COICOP_CP02,_Z,_Z,_Z,_Z,0.01,A,,,,,,
AFW360_HH,GNB,_T,2021,CONS_SH,_Z,_Z,R,_T,_T,_T,_T,_T,COICOP_CP03,_Z,_Z,_Z,_Z,0.06,A,,,,,,
AFW360_HH,GNB,_T,2021,CONS_SH,_Z,_Z,R,_T,_T,_T,_T,_T,COICOP_CP04,_Z,_Z,_Z,_Z,0.13,A,,,,,,
AFW360_HH,GNB,_T,2021,CONS_SH,_Z,_Z,R,_T,_T,_T,_T,_T,COICOP_CP05,_Z,_Z,_Z,_Z,0.04,A,,,,,,
AFW360_HH,GNB,_T,2021,CONS_SH,_Z,_Z,R,_T,_T,_T,_T,_T,COICOP_CP06,_Z,_Z,_Z,_Z,0.04,A,,,,,,
AFW360_HH,GNB,_T,2021,CONS_SH,_Z,_Z,R,_T,_T,_T,_T,_T,COICOP_CP07,_Z,_Z,_Z,_Z,0.04,A,,,,,,
AFW360_HH,GNB,_T,2021,CONS_SH,_Z,_Z,R,_T,_T,_T,_T,_T,COICOP_CP08,_Z,_Z,_Z,_Z,0.07,A,,,,,,
AFW360_HH,GNB,_T,2021,CONS_SH,_Z,_Z,R,_T,_T,_T,_T,_T,COICOP_CP09,_Z,_Z,_Z,_Z,0,A,,,,,,
AFW360_HH,GNB,_T,2021,CONS_SH,_Z,_Z,R,_T,_T,_T,_T,_T,COICOP_CP10,_Z,_Z,_Z,_Z,0.02,A,,,,,,
AFW360_HH,GNB,_T,2021,CONS_SH,_Z,_Z,R,_T,_T,_T,_T,_T,COICOP_CP11,_Z,_Z,_Z,_Z,0.11,A,,,,,,
AFW360_HH,GNB,_T,2021,CONS_SH,_Z,_Z,R,_T,_T,_T,_T,_T,COICOP_CP12,_Z,_Z,_Z,_Z,0,A,,,,,,
AFW360_HH,GNB,_T,2021,CONS_SH,_Z,_Z,R,_T,_T,_T,_T,_T,COICOP_CP13,_Z,_Z,_Z,_Z,0.01,A,,,,,,
AFW360_HH,GNB,_T,2021,CONS_SH,_Z,_Z,_T,HHH_AGE_GE35,_T,_T,_T,_T,COICOP_CP01,ACQ_OWNPROD,_Z,_Z,_Z,0.1,A,,,,,,
AFW360_HH,GNB,_T,2021,CONS_SH,_Z,_Z,_T,HHH_AGE_GE35,_T,_T,_T,_T,COICOP_CP01,ACQ_PURCH,_Z,_Z,_Z,0.27,A,,,,,,
AFW360_HH,GNB,_T,2021,CONS_SH,_Z,_Z,_T,HHH_AGE_GE35,_T,_T,_T,_T,COICOP_CP01,_Z,_Z,_Z,_Z,0.41,A,,,,,,
AFW360_HH,GNB,_T,2021,CONS_SH,_Z,_Z,_T,HHH_AGE_GE35,_T,_T,_T,_T,COICOP_CP02,_Z,_Z,_Z,_Z,0.01,A,,,,,,
AFW360_HH,GNB,_T,2021,CONS_SH,_Z,_Z,_T,HHH_AGE_GE35,_T,_T,_T,_T,COICOP_CP03,_Z,_Z,_Z,_Z,0.06,A,,,,,,
AFW360_HH,GNB,_T,2021,CONS_SH,_Z,_Z,_T,HHH_AGE_GE35,_T,_T,_T,_T,COICOP_CP04,_Z,_Z,_Z,_Z,0.14,A,,,,,,
AFW360_HH,GNB,_T,2021,CONS_SH,_Z,_Z,_T,HHH_AGE_GE35,_T,_T,_T,_T,COICOP_CP05,_Z,_Z,_Z,_Z,0.04,A,,,,,,
AFW360_HH,GNB,_T,2021,CONS_SH,_Z,_Z,_T,HHH_AGE_GE35,_T,_T,_T,_T,COICOP_CP06,_Z,_Z,_Z,_Z,0.03,A,,,,,,
AFW360_HH,GNB,_T,2021,CONS_SH,_Z,_Z,_T,HHH_AGE_GE35,_T,_T,_T,_T,COICOP_CP07,_Z,_Z,_Z,_Z,0.05,A,,,,,,
AFW360_HH,GNB,_T,2021,CONS_SH,_Z,_Z,_T,HHH_AGE_GE35,_T,_T,_T,_T,COICOP_CP08,_Z,_Z,_Z,_Z,0.08,A,,,,,,
AFW360_HH,GNB,_T,2021,CONS_SH,_Z,_Z,_T,HHH_AGE_GE35,_T,_T,_T,_T,COICOP_CP09,_Z,_Z,_Z,_Z,0,A,,,,,,
AFW360_HH,GNB,_T,2021,CONS_SH,_Z,_Z,_T,HHH_AGE_GE35,_T,_T,_T,_T,COICOP_CP10,_Z,_Z,_Z,_Z,0.03,A,,,,,,
AFW360_HH,GNB,_T,2021,CONS_SH,_Z,_Z,_T,HHH_AGE_GE35,_T,_T,_T,_T,COICOP_CP11,_Z,_Z,_Z,_Z,0.12,A,,,,,,
AFW360_HH,GNB,_T,2021,CONS_SH,_Z,_Z,_T,HHH_AGE_GE35,_T,_T,_T,_T,COICOP_CP12,_Z,_Z,_Z,_Z,0,A,,,,,,
AFW360_HH,GNB,_T,2021,CONS_SH,_Z,_Z,_T,HHH_AGE_GE35,_T,_T,_T,_T,COICOP_CP13,_Z,_Z,_Z,_Z,0.02,A,,,,,,
AFW360_HH,GNB,_T,2021,CONS_SH,_Z,_Z,_T,HHH_AGE_LT35,_T,_T,_T,_T,COICOP_CP01,ACQ_OWNPROD,_Z,_Z,_Z,0.11,A,,,,,,
AFW360_HH,GNB,_T,2021,CONS_SH,_Z,_Z,_T,HHH_AGE_LT35,_T,_T,_T,_T,COICOP_CP01,ACQ_PURCH,_Z,_Z,_Z,0.26,A,,,,,,
AFW360_HH,GNB,_T,2021,CONS_SH,_Z,_Z,_T,HHH_AGE_LT35,_T,_T,_T,_T,COICOP_CP01,_Z,_Z,_Z,_Z,0.42,A,,,,,,
AFW360_HH,GNB,_T,2021,CONS_SH,_Z,_Z,_T,HHH_AGE_LT35,_T,_T,_T,_T,COICOP_CP02,_Z,_Z,_Z,_Z,0.01,A,,,,,,
AFW360_HH,GNB,_T,2021,CONS_SH,_Z,_Z,_T,HHH_AGE_LT35,_T,_T,_T,_T,COICOP_CP03,_Z,_Z,_Z,_Z,0.05,A,,,,,,
AFW360_HH,GNB,_T,2021,CONS_SH,_Z,_Z,_T,HHH_AGE_LT35,_T,_T,_T,_T,COICOP_CP04,_Z,_Z,_Z,_Z,0.15,A,,,,,,
AFW360_HH,GNB,_T,2021,CONS_SH,_Z,_Z,_T,HHH_AGE_LT35,_T,_T,_T,_T,COICOP_CP05,_Z,_Z,_Z,_Z,0.04,A,,,,,,
AFW360_HH,GNB,_T,2021,CONS_SH,_Z,_Z,_T,HHH_AGE_LT35,_T,_T,_T,_T,COICOP_CP06,_Z,_Z,_Z,_Z,0.03,A,,,,,,
AFW360_HH,GNB,_T,2021,CONS_SH,_Z,_Z,_T,HHH_AGE_LT35,_T,_T,_T,_T,COICOP_CP07,_Z,_Z,_Z,_Z,0.04,A,,,,,,
AFW360_HH,GNB,_T,2021,CONS_SH,_Z,_Z,_T,HHH_AGE_LT35,_T,_T,_T,_T,COICOP_CP08,_Z,_Z,_Z,_Z,0.08,A,,,,,,
AFW360_HH,GNB,_T,2021,CONS_SH,_Z,_Z,_T,HHH_AGE_LT35,_T,_T,_T,_T,COICOP_CP09,_Z,_Z,_Z,_Z,0,A,,,,,,
AFW360_HH,GNB,_T,2021,CONS_SH,_Z,_Z,_T,HHH_AGE_LT35,_T,_T,_T,_T,COICOP_CP10,_Z,_Z,_Z,_Z,0.03,A,,,,,,
AFW360_HH,GNB,_T,2021,CONS_SH,_Z,_Z,_T,HHH_AGE_LT35,_T,_T,_T,_T,COICOP_CP11,_Z,_Z,_Z,_Z,0.12,A,,,,,,
AFW360_HH,GNB,_T,2021,CONS_SH,_Z,_Z,_T,HHH_AGE_LT35,_T,_T,_T,_T,COICOP_CP12,_Z,_Z,_Z,_Z,0,A,,,,,,
AFW360_HH,GNB,_T,2021,CONS_SH,_Z,_Z,_T,HHH_AGE_LT35,_T,_T,_T,_T,COICOP_CP13,_Z,_Z,_Z,_Z,0.02,A,,,,,,
AFW360_HH,GNB,_T,2021,CONS_SH,_Z,_Z,_T,HHH_SEX_F,_T,_T,_T,_T,COICOP_CP01,ACQ_OWNPROD,_Z,_Z,_Z,0.05,A,,,,,,
AFW360_HH,GNB,_T,2021,CONS_SH,_Z,_Z,_T,HHH_SEX_F,_T,_T,_T,_T,COICOP_CP01,ACQ_PURCH,_Z,_Z,_Z,0.29,A,,,,,,
AFW360_HH,GNB,_T,2021,CONS_SH,_Z,_Z,_T,HHH_SEX_F,_T,_T,_T,_T,COICOP_CP01,_Z,_Z,_Z,_Z,0.39,A,,,,,,
AFW360_HH,GNB,_T,2021,CONS_SH,_Z,_Z,_T,HHH_SEX_F,_T,_T,_T,_T,COICOP_CP02,_Z,_Z,_Z,_Z,0.01,A,,,,,,
AFW360_HH,GNB,_T,2021,CONS_SH,_Z,_Z,_T,HHH_SEX_F,_T,_T,_T,_T,COICOP_CP03,_Z,_Z,_Z,_Z,0.06,A,,,,,,
AFW360_HH,GNB,_T,2021,CONS_SH,_Z,_Z,_T,HHH_SEX_F,_T,_T,_T,_T,COICOP_CP04,_Z,_Z,_Z,_Z,0.16,A,,,,,,
AFW360_HH,GNB,_T,2021,CONS_SH,_Z,_Z,_T,HHH_SEX_F,_T,_T,_T,_T,COICOP_CP05,_Z,_Z,_Z,_Z,0.05,A,,,,,,
AFW360_HH,GNB,_T,2021,CONS_SH,_Z,_Z,_T,HHH_SEX_F,_T,_T,_T,_T,COICOP_CP06,_Z,_Z,_Z,_Z,0.03,A,,,,,,
AFW360_HH,GNB,_T,2021,CONS_SH,_Z,_Z,_T,HHH_SEX_F,_T,_T,_T,_T,COICOP_CP07,_Z,_Z,_Z,_Z,0.04,A,,,,,,
AFW360_HH,GNB,_T,2021,CONS_SH,_Z,_Z,_T,HHH_SEX_F,_T,_T,_T,_T,COICOP_CP08,_Z,_Z,_Z,_Z,0.07,A,,,,,,
AFW360_HH,GNB,_T,2021,CONS_SH,_Z,_Z,_T,HHH_SEX_F,_T,_T,_T,_T,COICOP_CP09,_Z,_Z,_Z,_Z,0,A,,,,,,
AFW360_HH,GNB,_T,2021,CONS_SH,_Z,_Z,_T,HHH_SEX_F,_T,_T,_T,_T,COICOP_CP10,_Z,_Z,_Z,_Z,0.04,A,,,,,,
AFW360_HH,GNB,_T,2021,CONS_SH,_Z,_Z,_T,HHH_SEX_F,_T,_T,_T,_T,COICOP_CP11,_Z,_Z,_Z,_Z,0.12,A,,,,,,
AFW360_HH,GNB,_T,2021,CONS_SH,_Z,_Z,_T,HHH_SEX_F,_T,_T,_T,_T,COICOP_CP12,_Z,_Z,_Z,_Z,0,A,,,,,,
AFW360_HH,GNB,_T,2021,CONS_SH,_Z,_Z,_T,HHH_SEX_F,_T,_T,_T,_T,COICOP_CP13,_Z,_Z,_Z,_Z,0.02,A,,,,,,
AFW360_HH,GNB,_T,2021,CONS_SH,_Z,_Z,_T,HHH_SEX_M,_T,_T,_T,_T,COICOP_CP01,ACQ_OWNPROD,_Z,_Z,_Z,0.12,A,,,,,,
AFW360_HH,GNB,_T,2021,CONS_SH,_Z,_Z,_T,HHH_SEX_M,_T,_T,_T,_T,COICOP_CP01,ACQ_PURCH,_Z,_Z,_Z,0.27,A,,,,,,
AFW360_HH,GNB,_T,2021,CONS_SH,_Z,_Z,_T,HHH_SEX_M,_T,_T,_T,_T,COICOP_CP01,_Z,_Z,_Z,_Z,0.42,A,,,,,,
AFW360_HH,GNB,_T,2021,CONS_SH,_Z,_Z,_T,HHH_SEX_M,_T,_T,_T,_T,COICOP_CP02,_Z,_Z,_Z,_Z,0.01,A,,,,,,
AFW360_HH,GNB,_T,2021,CONS_SH,_Z,_Z,_T,HHH_SEX_M,_T,_T,_T,_T,COICOP_CP03,_Z,_Z,_Z,_Z,0.06,A,,,,,,
AFW360_HH,GNB,_T,2021,CONS_SH,_Z,_Z,_T,HHH_SEX_M,_T,_T,_T,_T,COICOP_CP04,_Z,_Z,_Z,_Z,0.14,A,,,,,,
AFW360_HH,GNB,_T,2021,CONS_SH,_Z,_Z,_T,HHH_SEX_M,_T,_T,_T,_T,COICOP_CP05,_Z,_Z,_Z,_Z,0.04,A,,,,,,
AFW360_HH,GNB,_T,2021,CONS_SH,_Z,_Z,_T,HHH_SEX_M,_T,_T,_T,_T,COICOP_CP06,_Z,_Z,_Z,_Z,0.04,A,,,,,,
AFW360_HH,GNB,_T,2021,CONS_SH,_Z,_Z,_T,HHH_SEX_M,_T,_T,_T,_T,COICOP_CP07,_Z,_Z,_Z,_Z,0.05,A,,,,,,
AFW360_HH,GNB,_T,2021,CONS_SH,_Z,_Z,_T,HHH_SEX_M,_T,_T,_T,_T,COICOP_CP08,_Z,_Z,_Z,_Z,0.08,A,,,,,,
AFW360_HH,GNB,_T,2021,CONS_SH,_Z,_Z,_T,HHH_SEX_M,_T,_T,_T,_T,COICOP_CP09,_Z,_Z,_Z,_Z,0,A,,,,,,
AFW360_HH,GNB,_T,2021,CONS_SH,_Z,_Z,_T,HHH_SEX_M,_T,_T,_T,_T,COICOP_CP10,_Z,_Z,_Z,_Z,0.03,A,,,,,,
AFW360_HH,GNB,_T,2021,CONS_SH,_Z,_Z,_T,HHH_SEX_M,_T,_T,_T,_T,COICOP_CP11,_Z,_Z,_Z,_Z,0.12,A,,,,,,
AFW360_HH,GNB,_T,2021,CONS_SH,_Z,_Z,_T,HHH_SEX_M,_T,_T,_T,_T,COICOP_CP12,_Z,_Z,_Z,_Z,0,A,,,,,,
AFW360_HH,GNB,_T,2021,CONS_SH,_Z,_Z,_T,HHH_SEX_M,_T,_T,_T,_T,COICOP_CP13,_Z,_Z,_Z,_Z,0.02,A,,,,,,
AFW360_HH,GNB,_T,2021,CONS_SH,_Z,_Z,_T,QUINT_Q1,_T,_T,_T,_T,COICOP_CP01,ACQ_OWNPROD,_Z,_Z,_Z,0.16,A,,,,,,
AFW360_HH,GNB,_T,2021,CONS_SH,_Z,_Z,_T,QUINT_Q1,_T,_T,_T,_T,COICOP_CP01,ACQ_PURCH,_Z,_Z,_Z,0.26,A,,,,,,
AFW360_HH,GNB,_T,2021,CONS_SH,_Z,_Z,_T,QUINT_Q1,_T,_T,_T,_T,COICOP_CP01,_Z,_Z,_Z,_Z,0.47,A,,,,,,
AFW360_HH,GNB,_T,2021,CONS_SH,_Z,_Z,_T,QUINT_Q1,_T,_T,_T,_T,COICOP_CP02,_Z,_Z,_Z,_Z,0.01,A,,,,,,
AFW360_HH,GNB,_T,2021,CONS_SH,_Z,_Z,_T,QUINT_Q1,_T,_T,_T,_T,COICOP_CP03,_Z,_Z,_Z,_Z,0.06,A,,,,,,
AFW360_HH,GNB,_T,2021,CONS_SH,_Z,_Z,_T,QUINT_Q1,_T,_T,_T,_T,COICOP_CP04,_Z,_Z,_Z,_Z,0.15,A,,,,,,
AFW360_HH,GNB,_T,2021,CONS_SH,_Z,_Z,_T,QUINT_Q1,_T,_T,_T,_T,COICOP_CP05,_Z,_Z,_Z,_Z,0.05,A,,,,,,
AFW360_HH,GNB,_T,2021,CONS_SH,_Z,_Z,_T,QUINT_Q1,_T,_T,_T,_T,COICOP_CP06,_Z,_Z,_Z,_Z,0.04,A,,,,,,
AFW360_HH,GNB,_T,2021,CONS_SH,_Z,_Z,_T,QUINT_Q1,_T,_T,_T,_T,COICOP_CP07,_Z,_Z,_Z,_Z,0.03,A,,,,,,
AFW360_HH,GNB,_T,2021,CONS_SH,_Z,_Z,_T,QUINT_Q1,_T,_T,_T,_T,COICOP_CP08,_Z,_Z,_Z,_Z,0.07,A,,,,,,
AFW360_HH,GNB,_T,2021,CONS_SH,_Z,_Z,_T,QUINT_Q1,_T,_T,_T,_T,COICOP_CP09,_Z,_Z,_Z,_Z,0,A,,,,,,
AFW360_HH,GNB,_T,2021,CONS_SH,_Z,_Z,_T,QUINT_Q1,_T,_T,_T,_T,COICOP_CP10,_Z,_Z,_Z,_Z,0.03,A,,,,,,
AFW360_HH,GNB,_T,2021,CONS_SH,_Z,_Z,_T,QUINT_Q1,_T,_T,_T,_T,COICOP_CP11,_Z,_Z,_Z,_Z,0.08,A,,,,,,
AFW360_HH,GNB,_T,2021,CONS_SH,_Z,_Z,_T,QUINT_Q1,_T,_T,_T,_T,COICOP_CP12,_Z,_Z,_Z,_Z,0,A,,,,,,
AFW360_HH,GNB,_T,2021,CONS_SH,_Z,_Z,_T,QUINT_Q1,_T,_T,_T,_T,COICOP_CP13,_Z,_Z,_Z,_Z,0.01,A,,,,,,
AFW360_HH,GNB,_T,2021,CONS_SH,_Z,_Z,_T,QUINT_Q2,_T,_T,_T,_T,COICOP_CP01,ACQ_OWNPROD,_Z,_Z,_Z,0.13,A,,,,,,
AFW360_HH,GNB,_T,2021,CONS_SH,_Z,_Z,_T,QUINT_Q2,_T,_T,_T,_T,COICOP_CP01,ACQ_PURCH,_Z,_Z,_Z,0.26,A,,,,,,
AFW360_HH,GNB,_T,2021,CONS_SH,_Z,_Z,_T,QUINT_Q2,_T,_T,_T,_T,COICOP_CP01,_Z,_Z,_Z,_Z,0.44,A,,,,,,
AFW360_HH,GNB,_T,2021,CONS_SH,_Z,_Z,_T,QUINT_Q2,_T,_T,_T,_T,COICOP_CP02,_Z,_Z,_Z,_Z,0.01,A,,,,,,
AFW360_HH,GNB,_T,2021,CONS_SH,_Z,_Z,_T,QUINT_Q2,_T,_T,_T,_T,COICOP_CP03,_Z,_Z,_Z,_Z,0.06,A,,,,,,
AFW360_HH,GNB,_T,2021,CONS_SH,_Z,_Z,_T,QUINT_Q2,_T,_T,_T,_T,COICOP_CP04,_Z,_Z,_Z,_Z,0.14,A,,,,,,
AFW360_HH,GNB,_T,2021,CONS_SH,_Z,_Z,_T,QUINT_Q2,_T,_T,_T,_T,COICOP_CP05,_Z,_Z,_Z,_Z,0.04,A,,,,,,
AFW360_HH,GNB,_T,2021,CONS_SH,_Z,_Z,_T,QUINT_Q2,_T,_T,_T,_T,COICOP_CP06,_Z,_Z,_Z,_Z,0.04,A,,,,,,
AFW360_HH,GNB,_T,2021,CONS_SH,_Z,_Z,_T,QUINT_Q2,_T,_T,_T,_T,COICOP_CP07,_Z,_Z,_Z,_Z,0.04,A,,,,,,
AFW360_HH,GNB,_T,2021,CONS_SH,_Z,_Z,_T,QUINT_Q2,_T,_T,_T,_T,COICOP_CP08,_Z,_Z,_Z,_Z,0.08,A,,,,,,
AFW360_HH,GNB,_T,2021,CONS_SH,_Z,_Z,_T,QUINT_Q2,_T,_T,_T,_T,COICOP_CP09,_Z,_Z,_Z,_Z,0,A,,,,,,
AFW360_HH,GNB,_T,2021,CONS_SH,_Z,_Z,_T,QUINT_Q2,_T,_T,_T,_T,COICOP_CP10,_Z,_Z,_Z,_Z,0.03,A,,,,,,
AFW360_HH,GNB,_T,2021,CONS_SH,_Z,_Z,_T,QUINT_Q2,_T,_T,_T,_T,COICOP_CP11,_Z,_Z,_Z,_Z,0.11,A,,,,,,
AFW360_HH,GNB,_T,2021,CONS_SH,_Z,_Z,_T,QUINT_Q2,_T,_T,_T,_T,COICOP_CP12,_Z,_Z,_Z,_Z,0,A,,,,,,
AFW360_HH,GNB,_T,2021,CONS_SH,_Z,_Z,_T,QUINT_Q2,_T,_T,_T,_T,COICOP_CP13,_Z,_Z,_Z,_Z,0.02,A,,,,,,
AFW360_HH,GNB,_T,2021,CONS_SH,_Z,_Z,_T,QUINT_Q3,_T,_T,_T,_T,COICOP_CP01,ACQ_OWNPROD,_Z,_Z,_Z,0.11,A,,,,,,
AFW360_HH,GNB,_T,2021,CONS_SH,_Z,_Z,_T,QUINT_Q3,_T,_T,_T,_T,COICOP_CP01,ACQ_PURCH,_Z,_Z,_Z,0.27,A,,,,,,
AFW360_HH,GNB,_T,2021,CONS_SH,_Z,_Z,_T,QUINT_Q3,_T,_T,_T,_T,COICOP_CP01,_Z,_Z,_Z,_Z,0.42,A,,,,,,
AFW360_HH,GNB,_T,2021,CONS_SH,_Z,_Z,_T,QUINT_Q3,_T,_T,_T,_T,COICOP_CP02,_Z,_Z,_Z,_Z,0.01,A,,,,,,
AFW360_HH,GNB,_T,2021,CONS_SH,_Z,_Z,_T,QUINT_Q3,_T,_T,_T,_T,COICOP_CP03,_Z,_Z,_Z,_Z,0.06,A,,,,,,
AFW360_HH,GNB,_T,2021,CONS_SH,_Z,_Z,_T,QUINT_Q3,_T,_T,_T,_T,COICOP_CP04,_Z,_Z,_Z,_Z,0.14,A,,,,,,
AFW360_HH,GNB,_T,2021,CONS_SH,_Z,_Z,_T,QUINT_Q3,_T,_T,_T,_T,COICOP_CP05,_Z,_Z,_Z,_Z,0.04,A,,,,,,
AFW360_HH,GNB,_T,2021,CONS_SH,_Z,_Z,_T,QUINT_Q3,_T,_T,_T,_T,COICOP_CP06,_Z,_Z,_Z,_Z,0.03,A,,,,,,
AFW360_HH,GNB,_T,2021,CONS_SH,_Z,_Z,_T,QUINT_Q3,_T,_T,_T,_T,COICOP_CP07,_Z,_Z,_Z,_Z,0.04,A,,,,,,
AFW360_HH,GNB,_T,2021,CONS_SH,_Z,_Z,_T,QUINT_Q3,_T,_T,_T,_T,COICOP_CP08,_Z,_Z,_Z,_Z,0.07,A,,,,,,
AFW360_HH,GNB,_T,2021,CONS_SH,_Z,_Z,_T,QUINT_Q3,_T,_T,_T,_T,COICOP_CP09,_Z,_Z,_Z,_Z,0,A,,,,,,
AFW360_HH,GNB,_T,2021,CONS_SH,_Z,_Z,_T,QUINT_Q3,_T,_T,_T,_T,COICOP_CP10,_Z,_Z,_Z,_Z,0.03,A,,,,,,
AFW360_HH,GNB,_T,2021,CONS_SH,_Z,_Z,_T,QUINT_Q3,_T,_T,_T,_T,COICOP_CP11,_Z,_Z,_Z,_Z,0.13,A,,,,,,
AFW360_HH,GNB,_T,2021,CONS_SH,_Z,_Z,_T,QUINT_Q3,_T,_T,_T,_T,COICOP_CP12,_Z,_Z,_Z,_Z,0,A,,,,,,
AFW360_HH,GNB,_T,2021,CONS_SH,_Z,_Z,_T,QUINT_Q3,_T,_T,_T,_T,COICOP_CP13,_Z,_Z,_Z,_Z,0.02,A,,,,,,
AFW360_HH,GNB,_T,2021,CONS_SH,_Z,_Z,_T,QUINT_Q4,_T,_T,_T,_T,COICOP_CP01,ACQ_OWNPROD,_Z,_Z,_Z,0.08,A,,,,,,
AFW360_HH,GNB,_T,2021,CONS_SH,_Z,_Z,_T,QUINT_Q4,_T,_T,_T,_T,COICOP_CP01,ACQ_PURCH,_Z,_Z,_Z,0.28,A,,,,,,
AFW360_HH,GNB,_T,2021,CONS_SH,_Z,_Z,_T,QUINT_Q4,_T,_T,_T,_T,COICOP_CP01,_Z,_Z,_Z,_Z,0.4,A,,,,,,
AFW360_HH,GNB,_T,2021,CONS_SH,_Z,_Z,_T,QUINT_Q4,_T,_T,_T,_T,COICOP_CP02,_Z,_Z,_Z,_Z,0.01,A,,,,,,
AFW360_HH,GNB,_T,2021,CONS_SH,_Z,_Z,_T,QUINT_Q4,_T,_T,_T,_T,COICOP_CP03,_Z,_Z,_Z,_Z,0.06,A,,,,,,
AFW360_HH,GNB,_T,2021,CONS_SH,_Z,_Z,_T,QUINT_Q4,_T,_T,_T,_T,COICOP_CP04,_Z,_Z,_Z,_Z,0.14,A,,,,,,
AFW360_HH,GNB,_T,2021,CONS_SH,_Z,_Z,_T,QUINT_Q4,_T,_T,_T,_T,COICOP_CP05,_Z,_Z,_Z,_Z,0.04,A,,,,,,
AFW360_HH,GNB,_T,2021,CONS_SH,_Z,_Z,_T,QUINT_Q4,_T,_T,_T,_T,COICOP_CP06,_Z,_Z,_Z,_Z,0.03,A,,,,,,
AFW360_HH,GNB,_T,2021,CONS_SH,_Z,_Z,_T,QUINT_Q4,_T,_T,_T,_T,COICOP_CP07,_Z,_Z,_Z,_Z,0.05,A,,,,,,
AFW360_HH,GNB,_T,2021,CONS_SH,_Z,_Z,_T,QUINT_Q4,_T,_T,_T,_T,COICOP_CP08,_Z,_Z,_Z,_Z,0.08,A,,,,,,
AFW360_HH,GNB,_T,2021,CONS_SH,_Z,_Z,_T,QUINT_Q4,_T,_T,_T,_T,COICOP_CP09,_Z,_Z,_Z,_Z,0,A,,,,,,
AFW360_HH,GNB,_T,2021,CONS_SH,_Z,_Z,_T,QUINT_Q4,_T,_T,_T,_T,COICOP_CP10,_Z,_Z,_Z,_Z,0.04,A,,,,,,
AFW360_HH,GNB,_T,2021,CONS_SH,_Z,_Z,_T,QUINT_Q4,_T,_T,_T,_T,COICOP_CP11,_Z,_Z,_Z,_Z,0.13,A,,,,,,
AFW360_HH,GNB,_T,2021,CONS_SH,_Z,_Z,_T,QUINT_Q4,_T,_T,_T,_T,COICOP_CP12,_Z,_Z,_Z,_Z,0,A,,,,,,
AFW360_HH,GNB,_T,2021,CONS_SH,_Z,_Z,_T,QUINT_Q4,_T,_T,_T,_T,COICOP_CP13,_Z,_Z,_Z,_Z,0.02,A,,,,,,
AFW360_HH,GNB,_T,2021,CONS_SH,_Z,_Z,_T,QUINT_Q5,_T,_T,_T,_T,COICOP_CP01,ACQ_OWNPROD,_Z,_Z,_Z,0.04,A,,,,,,
AFW360_HH,GNB,_T,2021,CONS_SH,_Z,_Z,_T,QUINT_Q5,_T,_T,_T,_T,COICOP_CP01,ACQ_PURCH,_Z,_Z,_Z,0.28,A,,,,,,
AFW360_HH,GNB,_T,2021,CONS_SH,_Z,_Z,_T,QUINT_Q5,_T,_T,_T,_T,COICOP_CP01,_Z,_Z,_Z,_Z,0.36,A,,,,,,
AFW360_HH,GNB,_T,2021,CONS_SH,_Z,_Z,_T,QUINT_Q5,_T,_T,_T,_T,COICOP_CP02,_Z,_Z,_Z,_Z,0.01,A,,,,,,
AFW360_HH,GNB,_T,2021,CONS_SH,_Z,_Z,_T,QUINT_Q5,_T,_T,_T,_T,COICOP_CP03,_Z,_Z,_Z,_Z,0.05,A,,,,,,
AFW360_HH,GNB,_T,2021,CONS_SH,_Z,_Z,_T,QUINT_Q5,_T,_T,_T,_T,COICOP_CP04,_Z,_Z,_Z,_Z,0.15,A,,,,,,
AFW360_HH,GNB,_T,2021,CONS_SH,_Z,_Z,_T,QUINT_Q5,_T,_T,_T,_T,COICOP_CP05,_Z,_Z,_Z,_Z,0.05,A,,,,,,
AFW360_HH,GNB,_T,2021,CONS_SH,_Z,_Z,_T,QUINT_Q5,_T,_T,_T,_T,COICOP_CP06,_Z,_Z,_Z,_Z,0.03,A,,,,,,
AFW360_HH,GNB,_T,2021,CONS_SH,_Z,_Z,_T,QUINT_Q5,_T,_T,_T,_T,COICOP_CP07,_Z,_Z,_Z,_Z,0.07,A,,,,,,
AFW360_HH,GNB,_T,2021,CONS_SH,_Z,_Z,_T,QUINT_Q5,_T,_T,_T,_T,COICOP_CP08,_Z,_Z,_Z,_Z,0.09,A,,,,,,
AFW360_HH,GNB,_T,2021,CONS_SH,_Z,_Z,_T,QUINT_Q5,_T,_T,_T,_T,COICOP_CP09,_Z,_Z,_Z,_Z,0,A,,,,,,
AFW360_HH,GNB,_T,2021,CONS_SH,_Z,_Z,_T,QUINT_Q5,_T,_T,_T,_T,COICOP_CP10,_Z,_Z,_Z,_Z,0.03,A,,,,,,
AFW360_HH,GNB,_T,2021,CONS_SH,_Z,_Z,_T,QUINT_Q5,_T,_T,_T,_T,COICOP_CP11,_Z,_Z,_Z,_Z,0.15,A,,,,,,
AFW360_HH,GNB,_T,2021,CONS_SH,_Z,_Z,_T,QUINT_Q5,_T,_T,_T,_T,COICOP_CP12,_Z,_Z,_Z,_Z,0,A,,,,,,
AFW360_HH,GNB,_T,2021,CONS_SH,_Z,_Z,_T,QUINT_Q5,_T,_T,_T,_T,COICOP_CP13,_Z,_Z,_Z,_Z,0.02,A,,,,,,
AFW360_HH,GNB,_T,2021,CONS_SH,_Z,_Z,_T,_T,_T,_T,_T,_T,COICOP_CP01,ACQ_OWNPROD,_Z,_Z,_Z,0.1,A,,,,,,
AFW360_HH,GNB,_T,2021,CONS_SH,_Z,_Z,_T,_T,_T,_T,_T,_T,COICOP_CP01,ACQ_PURCH,_Z,_Z,_Z,0.27,A,,,,,,
AFW360_HH,GNB,_T,2021,CONS_SH,_Z,_Z,_T,_T,_T,_T,_T,_T,COICOP_CP01,_Z,_Z,_Z,_Z,0.42,A,,,,,,
AFW360_HH,GNB,_T,2021,CONS_SH,_Z,_Z,_T,_T,_T,_T,_T,_T,COICOP_CP02,_Z,_Z,_Z,_Z,0.01,A,,,,,,
AFW360_HH,GNB,_T,2021,CONS_SH,_Z,_Z,_T,_T,_T,_T,_T,_T,COICOP_CP03,_Z,_Z,_Z,_Z,0.06,A,,,,,,
AFW360_HH,GNB,_T,2021,CONS_SH,_Z,_Z,_T,_T,_T,_T,_T,_T,COICOP_CP04,_Z,_Z,_Z,_Z,0.14,A,,,,,,
AFW360_HH,GNB,_T,2021,CONS_SH,_Z,_Z,_T,_T,_T,_T,_T,_T,COICOP_CP05,_Z,_Z,_Z,_Z,0.04,A,,,,,,
AFW360_HH,GNB,_T,2021,CONS_SH,_Z,_Z,_T,_T,_T,_T,_T,_T,COICOP_CP06,_Z,_Z,_Z,_Z,0.03,A,,,,,,
AFW360_HH,GNB,_T,2021,CONS_SH,_Z,_Z,_T,_T,_T,_T,_T,_T,COICOP_CP07,_Z,_Z,_Z,_Z,0.05,A,,,,,,
AFW360_HH,GNB,_T,2021,CONS_SH,_Z,_Z,_T,_T,_T,_T,_T,_T,COICOP_CP08,_Z,_Z,_Z,_Z,0.08,A,,,,,,
AFW360_HH,GNB,_T,2021,CONS_SH,_Z,_Z,_T,_T,_T,_T,_T,_T,COICOP_CP09,_Z,_Z,_Z,_Z,0,A,,,,,,
AFW360_HH,GNB,_T,2021,CONS_SH,_Z,_Z,_T,_T,_T,_T,_T,_T,COICOP_CP10,_Z,_Z,_Z,_Z,0.03,A,,,,,,
AFW360_HH,GNB,_T,2021,CONS_SH,_Z,_Z,_T,_T,_T,_T,_T,_T,COICOP_CP11,_Z,_Z,_Z,_Z,0.12,A,,,,,,
AFW360_HH,GNB,_T,2021,CONS_SH,_Z,_Z,_T,_T,_T,_T,_T,_T,COICOP_CP12,_Z,_Z,_Z,_Z,0,A,,,,,,
AFW360_HH,GNB,_T,2021,CONS_SH,_Z,_Z,_T,_T,_T,_T,_T,_T,COICOP_CP13,_Z,_Z,_Z,_Z,0.02,A,,,,,,
AFW360_HH,GNB,_T,2021,EN_ASSET_AC,_Z,_Z,OU,_T,_T,_T,_T,_T,_Z,_Z,_Z,_Z,_Z,0.02,A,,,,,,
AFW360_HH,GNB,_T,2021,EN_ASSET_AC,_Z,_Z,R,_T,_T,_T,_T,_T,_Z,_Z,_Z,_Z,_Z,0,A,,,,,,
AFW360_HH,GNB,_T,2021,EN_ASSET_AC,_Z,_Z,_T,HHH_AGE_GE35,_T,_T,_T,_T,_Z,_Z,_Z,_Z,_Z,0.01,A,,,,,,
AFW360_HH,GNB,_T,2021,EN_ASSET_AC,_Z,_Z,_T,HHH_AGE_LT35,_T,_T,_T,_T,_Z,_Z,_Z,_Z,_Z,0,A,,,,,,
AFW360_HH,GNB,_T,2021,EN_ASSET_AC,_Z,_Z,_T,HHH_SEX_F,_T,_T,_T,_T,_Z,_Z,_Z,_Z,_Z,0,A,,,,,,
AFW360_HH,GNB,_T,2021,EN_ASSET_AC,_Z,_Z,_T,HHH_SEX_M,_T,_T,_T,_T,_Z,_Z,_Z,_Z,_Z,0.01,A,,,,,,
AFW360_HH,GNB,_T,2021,EN_ASSET_AC,_Z,_Z,_T,QUINT_Q1,_T,_T,_T,_T,_Z,_Z,_Z,_Z,_Z,0,A,,,,,,
AFW360_HH,GNB,_T,2021,EN_ASSET_AC,_Z,_Z,_T,QUINT_Q2,_T,_T,_T,_T,_Z,_Z,_Z,_Z,_Z,0,A,,,,,,
AFW360_HH,GNB,_T,2021,EN_ASSET_AC,_Z,_Z,_T,QUINT_Q3,_T,_T,_T,_T,_Z,_Z,_Z,_Z,_Z,0,A,,,,,,
AFW360_HH,GNB,_T,2021,EN_ASSET_AC,_Z,_Z,_T,QUINT_Q4,_T,_T,_T,_T,_Z,_Z,_Z,_Z,_Z,0,A,,,,,,
AFW360_HH,GNB,_T,2021,EN_ASSET_AC,_Z,_Z,_T,QUINT_Q5,_T,_T,_T,_T,_Z,_Z,_Z,_Z,_Z,0.04,A,,,,,,
AFW360_HH,GNB,_T,2021,EN_ASSET_AC,_Z,_Z,_T,_T,_T,_T,_T,_T,_Z,_Z,_Z,_Z,_Z,0.01,A,,,,,,
AFW360_HH,GNB,_T,2021,EN_ASSET_COOKER,_Z,_Z,OU,_T,_T,_T,_T,_T,_Z,_Z,_Z,_Z,_Z,0.1,A,,,,,,
AFW360_HH,GNB,_T,2021,EN_ASSET_COOKER,_Z,_Z,R,_T,_T,_T,_T,_T,_Z,_Z,_Z,_Z,_Z,0,A,,,,,,
AFW360_HH,GNB,_T,2021,EN_ASSET_COOKER,_Z,_Z,_T,HHH_AGE_GE35,_T,_T,_T,_T,_Z,_Z,_Z,_Z,_Z,0.05,A,,,,,,
AFW360_HH,GNB,_T,2021,EN_ASSET_COOKER,_Z,_Z,_T,HHH_AGE_LT35,_T,_T,_T,_T,_Z,_Z,_Z,_Z,_Z,0.03,A,,,,,,
AFW360_HH,GNB,_T,2021,EN_ASSET_COOKER,_Z,_Z,_T,HHH_SEX_F,_T,_T,_T,_T,_Z,_Z,_Z,_Z,_Z,0.07,A,,,,,,
AFW360_HH,GNB,_T,2021,EN_ASSET_COOKER,_Z,_Z,_T,HHH_SEX_M,_T,_T,_T,_T,_Z,_Z,_Z,_Z,_Z,0.04,A,,,,,,
AFW360_HH,GNB,_T,2021,EN_ASSET_COOKER,_Z,_Z,_T,QUINT_Q1,_T,_T,_T,_T,_Z,_Z,_Z,_Z,_Z,0,A,,,,,,
AFW360_HH,GNB,_T,2021,EN_ASSET_COOKER,_Z,_Z,_T,QUINT_Q2,_T,_T,_T,_T,_Z,_Z,_Z,_Z,_Z,0.01,A,,,,,,
AFW360_HH,GNB,_T,2021,EN_ASSET_COOKER,_Z,_Z,_T,QUINT_Q3,_T,_T,_T,_T,_Z,_Z,_Z,_Z,_Z,0.01,A,,,,,,
AFW360_HH,GNB,_T,2021,EN_ASSET_COOKER,_Z,_Z,_T,QUINT_Q4,_T,_T,_T,_T,_Z,_Z,_Z,_Z,_Z,0.04,A,,,,,,
AFW360_HH,GNB,_T,2021,EN_ASSET_COOKER,_Z,_Z,_T,QUINT_Q5,_T,_T,_T,_T,_Z,_Z,_Z,_Z,_Z,0.16,A,,,,,,
AFW360_HH,GNB,_T,2021,EN_ASSET_COOKER,_Z,_Z,_T,_T,_T,_T,_T,_T,_Z,_Z,_Z,_Z,_Z,0.04,A,,,,,,
AFW360_HH,GNB,_T,2021,EN_ASSET_FAN,_Z,_Z,OU,_T,_T,_T,_T,_T,_Z,_Z,_Z,_Z,_Z,0.05,A,,,,,,
AFW360_HH,GNB,_T,2021,EN_ASSET_FAN,_Z,_Z,R,_T,_T,_T,_T,_T,_Z,_Z,_Z,_Z,_Z,0,A,,,,,,
AFW360_HH,GNB,_T,2021,EN_ASSET_FAN,_Z,_Z,_T,HHH_AGE_GE35,_T,_T,_T,_T,_Z,_Z,_Z,_Z,_Z,0.02,A,,,,,,
AFW360_HH,GNB,_T,2021,EN_ASSET_FAN,_Z,_Z,_T,HHH_AGE_LT35,_T,_T,_T,_T,_Z,_Z,_Z,_Z,_Z,0.03,A,,,,,,
AFW360_HH,GNB,_T,2021,EN_ASSET_FAN,_Z,_Z,_T,HHH_SEX_F,_T,_T,_T,_T,_Z,_Z,_Z,_Z,_Z,0.03,A,,,,,,
AFW360_HH,GNB,_T,2021,EN_ASSET_FAN,_Z,_Z,_T,HHH_SEX_M,_T,_T,_T,_T,_Z,_Z,_Z,_Z,_Z,0.02,A,,,,,,
AFW360_HH,GNB,_T,2021,EN_ASSET_FAN,_Z,_Z,_T,QUINT_Q1,_T,_T,_T,_T,_Z,_Z,_Z,_Z,_Z,0,A,,,,,,
AFW360_HH,GNB,_T,2021,EN_ASSET_FAN,_Z,_Z,_T,QUINT_Q2,_T,_T,_T,_T,_Z,_Z,_Z,_Z,_Z,0,A,,,,,,
AFW360_HH,GNB,_T,2021,EN_ASSET_FAN,_Z,_Z,_T,QUINT_Q3,_T,_T,_T,_T,_Z,_Z,_Z,_Z,_Z,0.01,A,,,,,,
AFW360_HH,GNB,_T,2021,EN_ASSET_FAN,_Z,_Z,_T,QUINT_Q4,_T,_T,_T,_T,_Z,_Z,_Z,_Z,_Z,0.03,A,,,,,,
AFW360_HH,GNB,_T,2021,EN_ASSET_FAN,_Z,_Z,_T,QUINT_Q5,_T,_T,_T,_T,_Z,_Z,_Z,_Z,_Z,0.07,A,,,,,,
AFW360_HH,GNB,_T,2021,EN_ASSET_FAN,_Z,_Z,_T,_T,_T,_T,_T,_T,_Z,_Z,_Z,_Z,_Z,0.02,A,,,,,,
AFW360_HH,GNB,_T,2021,EN_ASSET_WATER_HEATER,_Z,_Z,OU,_T,_T,_T,_T,_T,_Z,_Z,_Z,_Z,_Z,0.05,A,,,,,,
AFW360_HH,GNB,_T,2021,EN_ASSET_WATER_HEATER,_Z,_Z,R,_T,_T,_T,_T,_T,_Z,_Z,_Z,_Z,_Z,0,A,,,,,,
AFW360_HH,GNB,_T,2021,EN_ASSET_WATER_HEATER,_Z,_Z,_T,HHH_AGE_GE35,_T,_T,_T,_T,_Z,_Z,_Z,_Z,_Z,0.02,A,,,,,,
AFW360_HH,GNB,_T,2021,EN_ASSET_WATER_HEATER,_Z,_Z,_T,HHH_AGE_LT35,_T,_T,_T,_T,_Z,_Z,_Z,_Z,_Z,0.03,A,,,,,,
AFW360_HH,GNB,_T,2021,EN_ASSET_WATER_HEATER,_Z,_Z,_T,HHH_SEX_F,_T,_T,_T,_T,_Z,_Z,_Z,_Z,_Z,0.05,A,,,,,,
AFW360_HH,GNB,_T,2021,EN_ASSET_WATER_HEATER,_Z,_Z,_T,HHH_SEX_M,_T,_T,_T,_T,_Z,_Z,_Z,_Z,_Z,0.02,A,,,,,,
AFW360_HH,GNB,_T,2021,EN_ASSET_WATER_HEATER,_Z,_Z,_T,QUINT_Q1,_T,_T,_T,_T,_Z,_Z,_Z,_Z,_Z,0,A,,,,,,
AFW360_HH,GNB,_T,2021,EN_ASSET_WATER_HEATER,_Z,_Z,_T,QUINT_Q2,_T,_T,_T,_T,_Z,_Z,_Z,_Z,_Z,0.01,A,,,,,,
AFW360_HH,GNB,_T,2021,EN_ASSET_WATER_HEATER,_Z,_Z,_T,QUINT_Q3,_T,_T,_T,_T,_Z,_Z,_Z,_Z,_Z,0.01,A,,,,,,
AFW360_HH,GNB,_T,2021,EN_ASSET_WATER_HEATER,_Z,_Z,_T,QUINT_Q4,_T,_T,_T,_T,_Z,_Z,_Z,_Z,_Z,0.01,A,,,,,,
AFW360_HH,GNB,_T,2021,EN_ASSET_WATER_HEATER,_Z,_Z,_T,QUINT_Q5,_T,_T,_T,_T,_Z,_Z,_Z,_Z,_Z,0.08,A,,,,,,
AFW360_HH,GNB,_T,2021,EN_ASSET_WATER_HEATER,_Z,_Z,_T,_T,_T,_T,_T,_T,_Z,_Z,_Z,_Z,_Z,0.02,A,,,,,,
AFW360_HH,GNB,_T,2021,EN_COOK_BIOMASS,_Z,_Z,OU,_T,_T,_T,_T,_T,_Z,_Z,_Z,_Z,_Z,0.95,A,,,,,,
AFW360_HH,GNB,_T,2021,EN_COOK_BIOMASS,_Z,_Z,R,_T,_T,_T,_T,_T,_Z,_Z,_Z,_Z,_Z,1,A,,,,,,
AFW360_HH,GNB,_T,2021,EN_COOK_BIOMASS,_Z,_Z,_T,HHH_AGE_GE35,_T,_T,_T,_T,_Z,_Z,_Z,_Z,_Z,0.98,A,,,,,,
AFW360_HH,GNB,_T,2021,EN_COOK_BIOMASS,_Z,_Z,_T,HHH_AGE_LT35,_T,_T,_T,_T,_Z,_Z,_Z,_Z,_Z,0.98,A,,,,,,
AFW360_HH,GNB,_T,2021,EN_COOK_BIOMASS,_Z,_Z,_T,HHH_SEX_F,_T,_T,_T,_T,_Z,_Z,_Z,_Z,_Z,0.97,A,,,,,,
AFW360_HH,GNB,_T,2021,EN_COOK_BIOMASS,_Z,_Z,_T,HHH_SEX_M,_T,_T,_T,_T,_Z,_Z,_Z,_Z,_Z,0.98,A,,,,,,
AFW360_HH,GNB,_T,2021,EN_COOK_BIOMASS,_Z,_Z,_T,QUINT_Q1,_T,_T,_T,_T,_Z,_Z,_Z,_Z,_Z,0.99,A,,,,,,
AFW360_HH,GNB,_T,2021,EN_COOK_BIOMASS,_Z,_Z,_T,QUINT_Q2,_T,_T,_T,_T,_Z,_Z,_Z,_Z,_Z,1,A,,,,,,
AFW360_HH,GNB,_T,2021,EN_COOK_BIOMASS,_Z,_Z,_T,QUINT_Q3,_T,_T,_T,_T,_Z,_Z,_Z,_Z,_Z,0.99,A,,,,,,
AFW360_HH,GNB,_T,2021,EN_COOK_BIOMASS,_Z,_Z,_T,QUINT_Q4,_T,_T,_T,_T,_Z,_Z,_Z,_Z,_Z,0.98,A,,,,,,
AFW360_HH,GNB,_T,2021,EN_COOK_BIOMASS,_Z,_Z,_T,QUINT_Q5,_T,_T,_T,_T,_Z,_Z,_Z,_Z,_Z,0.93,A,,,,,,
AFW360_HH,GNB,_T,2021,EN_COOK_BIOMASS,_Z,_Z,_T,_T,_T,_T,_T,_T,_Z,_Z,_Z,_Z,_Z,0.98,A,,,,,,
AFW360_HH,GNB,_T,2021,EN_COOK_CLEAN,_Z,_Z,OU,_T,_T,_T,_T,_T,_Z,_Z,_Z,_Z,_Z,0.04,A,,,,,,
AFW360_HH,GNB,_T,2021,EN_COOK_CLEAN,_Z,_Z,R,_T,_T,_T,_T,_T,_Z,_Z,_Z,_Z,_Z,0,A,,,,,,
AFW360_HH,GNB,_T,2021,EN_COOK_CLEAN,_Z,_Z,_T,HHH_AGE_GE35,_T,_T,_T,_T,_Z,_Z,_Z,_Z,_Z,0.02,A,,,,,,
AFW360_HH,GNB,_T,2021,EN_COOK_CLEAN,_Z,_Z,_T,HHH_AGE_LT35,_T,_T,_T,_T,_Z,_Z,_Z,_Z,_Z,0.02,A,,,,,,
AFW360_HH,GNB,_T,2021,EN_COOK_CLEAN,_Z,_Z,_T,HHH_SEX_F,_T,_T,_T,_T,_Z,_Z,_Z,_Z,_Z,0.02,A,,,,,,
AFW360_HH,GNB,_T,2021,EN_COOK_CLEAN,_Z,_Z,_T,HHH_SEX_M,_T,_T,_T,_T,_Z,_Z,_Z,_Z,_Z,0.02,A,,,,,,
AFW360_HH,GNB,_T,2021,EN_COOK_CLEAN,_Z,_Z,_T,QUINT_Q1,_T,_T,_T,_T,_Z,_Z,_Z,_Z,_Z,0,A,,,,,,
AFW360_HH,GNB,_T,2021,EN_COOK_CLEAN,_Z,_Z,_T,QUINT_Q2,_T,_T,_T,_T,_Z,_Z,_Z,_Z,_Z,0,A,,,,,,
AFW360_HH,GNB,_T,2021,EN_COOK_CLEAN,_Z,_Z,_T,QUINT_Q3,_T,_T,_T,_T,_Z,_Z,_Z,_Z,_Z,0.01,A,,,,,,
AFW360_HH,GNB,_T,2021,EN_COOK_CLEAN,_Z,_Z,_T,QUINT_Q4,_T,_T,_T,_T,_Z,_Z,_Z,_Z,_Z,0.02,A,,,,,,
AFW360_HH,GNB,_T,2021,EN_COOK_CLEAN,_Z,_Z,_T,QUINT_Q5,_T,_T,_T,_T,_Z,_Z,_Z,_Z,_Z,0.06,A,,,,,,
AFW360_HH,GNB,_T,2021,EN_COOK_CLEAN,_Z,_Z,_T,_T,_T,_T,_T,_T,_Z,_Z,_Z,_Z,_Z,0.02,A,,,,,,
AFW360_HH,GNB,_T,2021,EN_ELEC_ACCESS,_Z,_Z,OU,_T,_T,_T,_T,_T,_Z,_Z,_Z,_Z,_Z,0.54,A,,,,,,
AFW360_HH,GNB,_T,2021,EN_ELEC_ACCESS,_Z,_Z,R,_T,_T,_T,_T,_T,_Z,_Z,_Z,_Z,_Z,0.01,A,,,,,,
AFW360_HH,GNB,_T,2021,EN_ELEC_ACCESS,_Z,_Z,_T,HHH_AGE_GE35,_T,_T,_T,_T,_Z,_Z,_Z,_Z,_Z,0.23,A,,,,,,
AFW360_HH,GNB,_T,2021,EN_ELEC_ACCESS,_Z,_Z,_T,HHH_AGE_LT35,_T,_T,_T,_T,_Z,_Z,_Z,_Z,_Z,0.22,A,,,,,,
AFW360_HH,GNB,_T,2021,EN_ELEC_ACCESS,_Z,_Z,_T,HHH_SEX_F,_T,_T,_T,_T,_Z,_Z,_Z,_Z,_Z,0.38,A,,,,,,
AFW360_HH,GNB,_T,2021,EN_ELEC_ACCESS,_Z,_Z,_T,HHH_SEX_M,_T,_T,_T,_T,_Z,_Z,_Z,_Z,_Z,0.19,A,,,,,,
AFW360_HH,GNB,_T,2021,EN_ELEC_ACCESS,_Z,_Z,_T,QUINT_Q1,_T,_T,_T,_T,_Z,_Z,_Z,_Z,_Z,0.02,A,,,,,,
AFW360_HH,GNB,_T,2021,EN_ELEC_ACCESS,_Z,_Z,_T,QUINT_Q2,_T,_T,_T,_T,_Z,_Z,_Z,_Z,_Z,0.1,A,,,,,,
AFW360_HH,GNB,_T,2021,EN_ELEC_ACCESS,_Z,_Z,_T,QUINT_Q3,_T,_T,_T,_T,_Z,_Z,_Z,_Z,_Z,0.18,A,,,,,,
AFW360_HH,GNB,_T,2021,EN_ELEC_ACCESS,_Z,_Z,_T,QUINT_Q4,_T,_T,_T,_T,_Z,_Z,_Z,_Z,_Z,0.3,A,,,,,,
AFW360_HH,GNB,_T,2021,EN_ELEC_ACCESS,_Z,_Z,_T,QUINT_Q5,_T,_T,_T,_T,_Z,_Z,_Z,_Z,_Z,0.53,A,,,,,,
AFW360_HH,GNB,_T,2021,EN_ELEC_ACCESS,_Z,_Z,_T,_T,_T,_T,_T,_T,_Z,_Z,_Z,_Z,_Z,0.23,A,,,,,,
AFW360_HH,GNB,_T,2021,EN_ELEC_INFORMAL,_Z,_Z,OU,_T,_T,_T,_T,_T,_Z,_Z,_Z,_Z,_Z,0.04,A,,,,,,
AFW360_HH,GNB,_T,2021,EN_ELEC_INFORMAL,_Z,_Z,R,_T,_T,_T,_T,_T,_Z,_Z,_Z,_Z,_Z,0,A,,,,,,
AFW360_HH,GNB,_T,2021,EN_ELEC_INFORMAL,_Z,_Z,_T,HHH_AGE_GE35,_T,_T,_T,_T,_Z,_Z,_Z,_Z,_Z,0.02,A,,,,,,
AFW360_HH,GNB,_T,2021,EN_ELEC_INFORMAL,_Z,_Z,_T,HHH_AGE_LT35,_T,_T,_T,_T,_Z,_Z,_Z,_Z,_Z,0.01,A,,,,,,
AFW360_HH,GNB,_T,2021,EN_ELEC_INFORMAL,_Z,_Z,_T,HHH_SEX_F,_T,_T,_T,_T,_Z,_Z,_Z,_Z,_Z,0.03,A,,,,,,
AFW360_HH,GNB,_T,2021,EN_ELEC_INFORMAL,_Z,_Z,_T,HHH_SEX_M,_T,_T,_T,_T,_Z,_Z,_Z,_Z,_Z,0.02,A,,,,,,
AFW360_HH,GNB,_T,2021,EN_ELEC_INFORMAL,_Z,_Z,_T,QUINT_Q1,_T,_T,_T,_T,_Z,_Z,_Z,_Z,_Z,0,A,,,,,,
AFW360_HH,GNB,_T,2021,EN_ELEC_INFORMAL,_Z,_Z,_T,QUINT_Q2,_T,_T,_T,_T,_Z,_Z,_Z,_Z,_Z,0.01,A,,,,,,
AFW360_HH,GNB,_T,2021,EN_ELEC_INFORMAL,_Z,_Z,_T,QUINT_Q3,_T,_T,_T,_T,_Z,_Z,_Z,_Z,_Z,0.02,A,,,,,,
AFW360_HH,GNB,_T,2021,EN_ELEC_INFORMAL,_Z,_Z,_T,QUINT_Q4,_T,_T,_T,_T,_Z,_Z,_Z,_Z,_Z,0.05,A,,,,,,
AFW360_HH,GNB,_T,2021,EN_ELEC_INFORMAL,_Z,_Z,_T,QUINT_Q5,_T,_T,_T,_T,_Z,_Z,_Z,_Z,_Z,0.02,A,,,,,,
AFW360_HH,GNB,_T,2021,EN_ELEC_INFORMAL,_Z,_Z,_T,_T,_T,_T,_T,_T,_Z,_Z,_Z,_Z,_Z,0.02,A,,,,,,
AFW360_HH,GNB,_T,2021,EN_ELEC_SPEND,_Z,_Z,OU,_T,_T,_T,_T,_T,_Z,_Z,_Z,_Z,_Z,14727.8,A,,,,,,
AFW360_HH,GNB,_T,2021,EN_ELEC_SPEND,_Z,_Z,R,_T,_T,_T,_T,_T,_Z,_Z,_Z,_Z,_Z,8697.89,A,,,,,,
AFW360_HH,GNB,_T,2021,EN_ELEC_SPEND,_Z,_Z,_T,HHH_AGE_GE35,_T,_T,_T,_T,_Z,_Z,_Z,_Z,_Z,15015.43,A,,,,,,
AFW360_HH,GNB,_T,2021,EN_ELEC_SPEND,_Z,_Z,_T,HHH_AGE_LT35,_T,_T,_T,_T,_Z,_Z,_Z,_Z,_Z,11907.48,A,,,,,,
AFW360_HH,GNB,_T,2021,EN_ELEC_SPEND,_Z,_Z,_T,HHH_SEX_F,_T,_T,_T,_T,_Z,_Z,_Z,_Z,_Z,13225.64,A,,,,,,
AFW360_HH,GNB,_T,2021,EN_ELEC_SPEND,_Z,_Z,_T,HHH_SEX_M,_T,_T,_T,_T,_Z,_Z,_Z,_Z,_Z,15299.65,A,,,,,,
AFW360_HH,GNB,_T,2021,EN_ELEC_SPEND,_Z,_Z,_T,QUINT_Q1,_T,_T,_T,_T,_Z,_Z,_Z,_Z,_Z,2802.41,A,,,,,,
AFW360_HH,GNB,_T,2021,EN_ELEC_SPEND,_Z,_Z,_T,QUINT_Q2,_T,_T,_T,_T,_Z,_Z,_Z,_Z,_Z,15434.52,A,,,,,,
AFW360_HH,GNB,_T,2021,EN_ELEC_SPEND,_Z,_Z,_T,QUINT_Q3,_T,_T,_T,_T,_Z,_Z,_Z,_Z,_Z,12146.92,A,,,,,,
AFW360_HH,GNB,_T,2021,EN_ELEC_SPEND,_Z,_Z,_T,QUINT_Q4,_T,_T,_T,_T,_Z,_Z,_Z,_Z,_Z,14634.03,A,,,,,,
AFW360_HH,GNB,_T,2021,EN_ELEC_SPEND,_Z,_Z,_T,QUINT_Q5,_T,_T,_T,_T,_Z,_Z,_Z,_Z,_Z,15426.35,A,,,,,,
AFW360_HH,GNB,_T,2021,EN_ELEC_SPEND,_Z,_Z,_T,_T,_T,_T,_T,_T,_Z,_Z,_Z,_Z,_Z,14608.7,A,,,,,,
AFW360_HH,GNB,_T,2021,EN_GRID_CONN,_Z,_Z,OU,_T,_T,_T,_T,_T,_Z,_Z,_Z,_Z,_Z,0.55,A,,,,,,
AFW360_HH,GNB,_T,2021,EN_GRID_CONN,_Z,_Z,R,_T,_T,_T,_T,_T,_Z,_Z,_Z,_Z,_Z,0.01,A,,,,,,
AFW360_HH,GNB,_T,2021,EN_GRID_CONN,_Z,_Z,_T,HHH_AGE_GE35,_T,_T,_T,_T,_Z,_Z,_Z,_Z,_Z,0.28,A,,,,,,
AFW360_HH,GNB,_T,2021,EN_GRID_CONN,_Z,_Z,_T,HHH_AGE_LT35,_T,_T,_T,_T,_Z,_Z,_Z,_Z,_Z,0.24,A,,,,,,
AFW360_HH,GNB,_T,2021,EN_GRID_CONN,_Z,_Z,_T,HHH_SEX_F,_T,_T,_T,_T,_Z,_Z,_Z,_Z,_Z,0.45,A,,,,,,
AFW360_HH,GNB,_T,2021,EN_GRID_CONN,_Z,_Z,_T,HHH_SEX_M,_T,_T,_T,_T,_Z,_Z,_Z,_Z,_Z,0.23,A,,,,,,
AFW360_HH,GNB,_T,2021,EN_GRID_CONN,_Z,_Z,_T,QUINT_Q1,_T,_T,_T,_T,_Z,_Z,_Z,_Z,_Z,0.03,A,,,,,,
AFW360_HH,GNB,_T,2021,EN_GRID_CONN,_Z,_Z,_T,QUINT_Q2,_T,_T,_T,_T,_Z,_Z,_Z,_Z,_Z,0.11,A,,,,,,
AFW360_HH,GNB,_T,2021,EN_GRID_CONN,_Z,_Z,_T,QUINT_Q3,_T,_T,_T,_T,_Z,_Z,_Z,_Z,_Z,0.16,A,,,,,,
AFW360_HH,GNB,_T,2021,EN_GRID_CONN,_Z,_Z,_T,QUINT_Q4,_T,_T,_T,_T,_Z,_Z,_Z,_Z,_Z,0.34,A,,,,,,
AFW360_HH,GNB,_T,2021,EN_GRID_CONN,_Z,_Z,_T,QUINT_Q5,_T,_T,_T,_T,_Z,_Z,_Z,_Z,_Z,0.61,A,,,,,,
AFW360_HH,GNB,_T,2021,EN_GRID_CONN,_Z,_Z,_T,_T,_T,_T,_T,_T,_Z,_Z,_Z,_Z,_Z,0.27,A,,,,,,
AFW360_HH,GNB,_T,2021,EN_GRID_USE,_Z,_Z,OU,_T,_T,_T,_T,_T,_Z,_Z,_Z,_Z,_Z,0.61,A,,,,,,
AFW360_HH,GNB,_T,2021,EN_GRID_USE,_Z,_Z,R,_T,_T,_T,_T,_T,_Z,_Z,_Z,_Z,_Z,0.01,A,,,,,,
AFW360_HH,GNB,_T,2021,EN_GRID_USE,_Z,_Z,_T,HHH_AGE_GE35,_T,_T,_T,_T,_Z,_Z,_Z,_Z,_Z,0.26,A,,,,,,
AFW360_HH,GNB,_T,2021,EN_GRID_USE,_Z,_Z,_T,HHH_AGE_LT35,_T,_T,_T,_T,_Z,_Z,_Z,_Z,_Z,0.25,A,,,,,,
AFW360_HH,GNB,_T,2021,EN_GRID_USE,_Z,_Z,_T,HHH_SEX_F,_T,_T,_T,_T,_Z,_Z,_Z,_Z,_Z,0.43,A,,,,,,
AFW360_HH,GNB,_T,2021,EN_GRID_USE,_Z,_Z,_T,HHH_SEX_M,_T,_T,_T,_T,_Z,_Z,_Z,_Z,_Z,0.22,A,,,,,,
AFW360_HH,GNB,_T,2021,EN_GRID_USE,_Z,_Z,_T,QUINT_Q1,_T,_T,_T,_T,_Z,_Z,_Z,_Z,_Z,0.03,A,,,,,,
AFW360_HH,GNB,_T,2021,EN_GRID_USE,_Z,_Z,_T,QUINT_Q2,_T,_T,_T,_T,_Z,_Z,_Z,_Z,_Z,0.11,A,,,,,,
AFW360_HH,GNB,_T,2021,EN_GRID_USE,_Z,_Z,_T,QUINT_Q3,_T,_T,_T,_T,_Z,_Z,_Z,_Z,_Z,0.21,A,,,,,,
AFW360_HH,GNB,_T,2021,EN_GRID_USE,_Z,_Z,_T,QUINT_Q4,_T,_T,_T,_T,_Z,_Z,_Z,_Z,_Z,0.35,A,,,,,,
AFW360_HH,GNB,_T,2021,EN_GRID_USE,_Z,_Z,_T,QUINT_Q5,_T,_T,_T,_T,_Z,_Z,_Z,_Z,_Z,0.59,A,,,,,,
AFW360_HH,GNB,_T,2021,EN_GRID_USE,_Z,_Z,_T,_T,_T,_T,_T,_T,_Z,_Z,_Z,_Z,_Z,0.26,A,,,,,,
AFW360_HH,GNB,_T,2021,EN_LIGHT_IMPROVED,_Z,_Z,OU,_T,_T,_T,_T,_T,_Z,_Z,_Z,_Z,_Z,0.63,A,,,,,,
AFW360_HH,GNB,_T,2021,EN_LIGHT_IMPROVED,_Z,_Z,R,_T,_T,_T,_T,_T,_Z,_Z,_Z,_Z,_Z,0.02,A,,,,,,
AFW360_HH,GNB,_T,2021,EN_LIGHT_IMPROVED,_Z,_Z,_T,HHH_AGE_GE35,_T,_T,_T,_T,_Z,_Z,_Z,_Z,_Z,0.32,A,,,,,,
AFW360_HH,GNB,_T,2021,EN_LIGHT_IMPROVED,_Z,_Z,_T,HHH_AGE_LT35,_T,_T,_T,_T,_Z,_Z,_Z,_Z,_Z,0.28,A,,,,,,
AFW360_HH,GNB,_T,2021,EN_LIGHT_IMPROVED,_Z,_Z,_T,HHH_SEX_F,_T,_T,_T,_T,_Z,_Z,_Z,_Z,_Z,0.5,A,,,,,,
AFW360_HH,GNB,_T,2021,EN_LIGHT_IMPROVED,_Z,_Z,_T,HHH_SEX_M,_T,_T,_T,_T,_Z,_Z,_Z,_Z,_Z,0.26,A,,,,,,
AFW360_HH,GNB,_T,2021,EN_LIGHT_IMPROVED,_Z,_Z,_T,QUINT_Q1,_T,_T,_T,_T,_Z,_Z,_Z,_Z,_Z,0.03,A,,,,,,
AFW360_HH,GNB,_T,2021,EN_LIGHT_IMPROVED,_Z,_Z,_T,QUINT_Q2,_T,_T,_T,_T,_Z,_Z,_Z,_Z,_Z,0.13,A,,,,,,
AFW360_HH,GNB,_T,2021,EN_LIGHT_IMPROVED,_Z,_Z,_T,QUINT_Q3,_T,_T,_T,_T,_Z,_Z,_Z,_Z,_Z,0.2,A,,,,,,
AFW360_HH,GNB,_T,2021,EN_LIGHT_IMPROVED,_Z,_Z,_T,QUINT_Q4,_T,_T,_T,_T,_Z,_Z,_Z,_Z,_Z,0.41,A,,,,,,
AFW360_HH,GNB,_T,2021,EN_LIGHT_IMPROVED,_Z,_Z,_T,QUINT_Q5,_T,_T,_T,_T,_Z,_Z,_Z,_Z,_Z,0.66,A,,,,,,
AFW360_HH,GNB,_T,2021,EN_LIGHT_IMPROVED,_Z,_Z,_T,_T,_T,_T,_T,_T,_Z,_Z,_Z,_Z,_Z,0.31,A,,,,,,
AFW360_HH,GNB,_T,2021,EN_OFFGRID_USE,_Z,_Z,OU,_T,_T,_T,_T,_T,_Z,_Z,_Z,_Z,_Z,0.18,A,,,,,,
AFW360_HH,GNB,_T,2021,EN_OFFGRID_USE,_Z,_Z,R,_T,_T,_T,_T,_T,_Z,_Z,_Z,_Z,_Z,0.67,A,,,,,,
AFW360_HH,GNB,_T,2021,EN_OFFGRID_USE,_Z,_Z,_T,HHH_AGE_GE35,_T,_T,_T,_T,_Z,_Z,_Z,_Z,_Z,0.46,A,,,,,,
AFW360_HH,GNB,_T,2021,EN_OFFGRID_USE,_Z,_Z,_T,HHH_AGE_LT35,_T,_T,_T,_T,_Z,_Z,_Z,_Z,_Z,0.48,A,,,,,,
AFW360_HH,GNB,_T,2021,EN_OFFGRID_USE,_Z,_Z,_T,HHH_SEX_F,_T,_T,_T,_T,_Z,_Z,_Z,_Z,_Z,0.28,A,,,,,,
AFW360_HH,GNB,_T,2021,EN_OFFGRID_USE,_Z,_Z,_T,HHH_SEX_M,_T,_T,_T,_T,_Z,_Z,_Z,_Z,_Z,0.51,A,,,,,,
AFW360_HH,GNB,_T,2021,EN_OFFGRID_USE,_Z,_Z,_T,QUINT_Q1,_T,_T,_T,_T,_Z,_Z,_Z,_Z,_Z,0.67,A,,,,,,
AFW360_HH,GNB,_T,2021,EN_OFFGRID_USE,_Z,_Z,_T,QUINT_Q2,_T,_T,_T,_T,_Z,_Z,_Z,_Z,_Z,0.56,A,,,,,,
AFW360_HH,GNB,_T,2021,EN_OFFGRID_USE,_Z,_Z,_T,QUINT_Q3,_T,_T,_T,_T,_Z,_Z,_Z,_Z,_Z,0.5,A,,,,,,
AFW360_HH,GNB,_T,2021,EN_OFFGRID_USE,_Z,_Z,_T,QUINT_Q4,_T,_T,_T,_T,_Z,_Z,_Z,_Z,_Z,0.37,A,,,,,,
AFW360_HH,GNB,_T,2021,EN_OFFGRID_USE,_Z,_Z,_T,QUINT_Q5,_T,_T,_T,_T,_Z,_Z,_Z,_Z,_Z,0.24,A,,,,,,
AFW360_HH,GNB,_T,2021,EN_OFFGRID_USE,_Z,_Z,_T,_T,_T,_T,_T,_T,_Z,_Z,_Z,_Z,_Z,0.47,A,,,,,,
AFW360_HH,GNB,_T,2021,EN_OUTAGE_ANY,_Z,_Z,OU,_T,_T,_T,_T,_T,_Z,_Z,_Z,_Z,_Z,0.29,A,,,,,,
AFW360_HH,GNB,_T,2021,EN_OUTAGE_ANY,_Z,_Z,R,_T,_T,_T,_T,_T,_Z,_Z,_Z,_Z,_Z,0.27,A,,,,,,
AFW360_HH,GNB,_T,2021,EN_OUTAGE_ANY,_Z,_Z,_T,HHH_AGE_GE35,_T,_T,_T,_T,_Z,_Z,_Z,_Z,_Z,0.3,A,,,,,,
AFW360_HH,GNB,_T,2021,EN_OUTAGE_ANY,_Z,_Z,_T,HHH_AGE_LT35,_T,_T,_T,_T,_Z,_Z,_Z,_Z,_Z,0.23,A,,,,,,
AFW360_HH,GNB,_T,2021,EN_OUTAGE_ANY,_Z,_Z,_T,HHH_SEX_F,_T,_T,_T,_T,_Z,_Z,_Z,_Z,_Z,0.3,A,,,,,,
AFW360_HH,GNB,_T,2021,EN_OUTAGE_ANY,_Z,_Z,_T,HHH_SEX_M,_T,_T,_T,_T,_Z,_Z,_Z,_Z,_Z,0.28,A,,,,,,
AFW360_HH,GNB,_T,2021,EN_OUTAGE_ANY,_Z,_Z,_T,QUINT_Q1,_T,_T,_T,_T,_Z,_Z,_Z,_Z,_Z,0.34,A,,,,,,
AFW360_HH,GNB,_T,2021,EN_OUTAGE_ANY,_Z,_Z,_T,QUINT_Q2,_T,_T,_T,_T,_Z,_Z,_Z,_Z,_Z,0.41,A,,,,,,
AFW360_HH,GNB,_T,2021,EN_OUTAGE_ANY,_Z,_Z,_T,QUINT_Q3,_T,_T,_T,_T,_Z,_Z,_Z,_Z,_Z,0.1,A,,,,,,
AFW360_HH,GNB,_T,2021,EN_OUTAGE_ANY,_Z,_Z,_T,QUINT_Q4,_T,_T,_T,_T,_Z,_Z,_Z,_Z,_Z,0.27,A,,,,,,
AFW360_HH,GNB,_T,2021,EN_OUTAGE_ANY,_Z,_Z,_T,QUINT_Q5,_T,_T,_T,_T,_Z,_Z,_Z,_Z,_Z,0.33,A,,,,,,
AFW360_HH,GNB,_T,2021,EN_OUTAGE_ANY,_Z,_Z,_T,_T,_T,_T,_T,_T,_Z,_Z,_Z,_Z,_Z,0.29,A,,,,,,
AFW360_HH,GNB,_T,2021,EN_OUTAGE_DAYS,_Z,_Z,OU,_T,_T,_T,_T,_T,_Z,_Z,_Z,_Z,_Z,2.32,A,,,,,,
AFW360_HH,GNB,_T,2021,EN_OUTAGE_DAYS,_Z,_Z,R,_T,_T,_T,_T,_T,_Z,_Z,_Z,_Z,_Z,4.07,A,,,,,,
AFW360_HH,GNB,_T,2021,EN_OUTAGE_DAYS,_Z,_Z,_T,HHH_AGE_GE35,_T,_T,_T,_T,_Z,_Z,_Z,_Z,_Z,2.39,A,,,,,,
AFW360_HH,GNB,_T,2021,EN_OUTAGE_DAYS,_Z,_Z,_T,HHH_AGE_LT35,_T,_T,_T,_T,_Z,_Z,_Z,_Z,_Z,2.19,A,,,,,,
AFW360_HH,GNB,_T,2021,EN_OUTAGE_DAYS,_Z,_Z,_T,HHH_SEX_F,_T,_T,_T,_T,_Z,_Z,_Z,_Z,_Z,2.38,A,,,,,,
AFW360_HH,GNB,_T,2021,EN_OUTAGE_DAYS,_Z,_Z,_T,HHH_SEX_M,_T,_T,_T,_T,_Z,_Z,_Z,_Z,_Z,2.36,A,,,,,,
AFW360_HH,GNB,_T,2021,EN_OUTAGE_DAYS,_Z,_Z,_T,QUINT_Q1,_T,_T,_T,_T,_Z,_Z,_Z,_Z,_Z,7,A,,,,,,
AFW360_HH,GNB,_T,2021,EN_OUTAGE_DAYS,_Z,_Z,_T,QUINT_Q2,_T,_T,_T,_T,_Z,_Z,_Z,_Z,_Z,2.47,A,,,,,,
AFW360_HH,GNB,_T,2021,EN_OUTAGE_DAYS,_Z,_Z,_T,QUINT_Q3,_T,_T,_T,_T,_Z,_Z,_Z,_Z,_Z,2,A,,,,,,
AFW360_HH,GNB,_T,2021,EN_OUTAGE_DAYS,_Z,_Z,_T,QUINT_Q4,_T,_T,_T,_T,_Z,_Z,_Z,_Z,_Z,2.23,A,,,,,,
AFW360_HH,GNB,_T,2021,EN_OUTAGE_DAYS,_Z,_Z,_T,QUINT_Q5,_T,_T,_T,_T,_Z,_Z,_Z,_Z,_Z,2.26,A,,,,,,
AFW360_HH,GNB,_T,2021,EN_OUTAGE_DAYS,_Z,_Z,_T,_T,_T,_T,_T,_T,_Z,_Z,_Z,_Z,_Z,2.37,A,,,,,,
AFW360_HH,GNB,_T,2021,EN_OUTAGE_DUR_CODE,_Z,_Z,OU,_T,_T,_T,_T,_T,_Z,_Z,_Z,_Z,_Z,2.8,A,,,,,,
AFW360_HH,GNB,_T,2021,EN_OUTAGE_DUR_CODE,_Z,_Z,R,_T,_T,_T,_T,_T,_Z,_Z,_Z,_Z,_Z,2.18,A,,,,,,
AFW360_HH,GNB,_T,2021,EN_OUTAGE_DUR_CODE,_Z,_Z,_T,HHH_AGE_GE35,_T,_T,_T,_T,_Z,_Z,_Z,_Z,_Z,2.69,A,,,,,,
AFW360_HH,GNB,_T,2021,EN_OUTAGE_DUR_CODE,_Z,_Z,_T,HHH_AGE_LT35,_T,_T,_T,_T,_Z,_Z,_Z,_Z,_Z,3.57,A,,,,,,
AFW360_HH,GNB,_T,2021,EN_OUTAGE_DUR_CODE,_Z,_Z,_T,HHH_SEX_F,_T,_T,_T,_T,_Z,_Z,_Z,_Z,_Z,2.37,A,,,,,,
AFW360_HH,GNB,_T,2021,EN_OUTAGE_DUR_CODE,_Z,_Z,_T,HHH_SEX_M,_T,_T,_T,_T,_Z,_Z,_Z,_Z,_Z,3.04,A,,,,,,
AFW360_HH,GNB,_T,2021,EN_OUTAGE_DUR_CODE,_Z,_Z,_T,QUINT_Q1,_T,_T,_T,_T,_Z,_Z,_Z,_Z,_Z,,O,,,,,,"LEGACY_EMPTY: empty cell in sheet 'National', column 'estimateQ1'"
AFW360_HH,GNB,_T,2021,EN_OUTAGE_DUR_CODE,_Z,_Z,_T,QUINT_Q2,_T,_T,_T,_T,_Z,_Z,_Z,_Z,_Z,2.61,A,,,,,,
AFW360_HH,GNB,_T,2021,EN_OUTAGE_DUR_CODE,_Z,_Z,_T,QUINT_Q3,_T,_T,_T,_T,_Z,_Z,_Z,_Z,_Z,3.91,A,,,,,,
AFW360_HH,GNB,_T,2021,EN_OUTAGE_DUR_CODE,_Z,_Z,_T,QUINT_Q4,_T,_T,_T,_T,_Z,_Z,_Z,_Z,_Z,2.36,A,,,,,,
AFW360_HH,GNB,_T,2021,EN_OUTAGE_DUR_CODE,_Z,_Z,_T,QUINT_Q5,_T,_T,_T,_T,_Z,_Z,_Z,_Z,_Z,2.9,A,,,,,,
AFW360_HH,GNB,_T,2021,EN_OUTAGE_DUR_CODE,_Z,_Z,_T,_T,_T,_T,_T,_T,_Z,_Z,_Z,_Z,_Z,2.78,A,,,,,,
AFW360_HH,GNB,_T,2021,EN_PREPAID_METER,_Z,_Z,OU,_T,_T,_T,_T,_T,_Z,_Z,_Z,_Z,_Z,0.61,A,,,,,,
AFW360_HH,GNB,_T,2021,EN_PREPAID_METER,_Z,_Z,R,_T,_T,_T,_T,_T,_Z,_Z,_Z,_Z,_Z,0.44,A,,,,,,
AFW360_HH,GNB,_T,2021,EN_PREPAID_METER,_Z,_Z,_T,HHH_AGE_GE35,_T,_T,_T,_T,_Z,_Z,_Z,_Z,_Z,0.59,A,,,,,,
AFW360_HH,GNB,_T,2021,EN_PREPAID_METER,_Z,_Z,_T,HHH_AGE_LT35,_T,_T,_T,_T,_Z,_Z,_Z,_Z,_Z,0.71,A,,,,,,
AFW360_HH,GNB,_T,2021,EN_PREPAID_METER,_Z,_Z,_T,HHH_SEX_F,_T,_T,_T,_T,_Z,_Z,_Z,_Z,_Z,0.54,A,,,,,,
AFW360_HH,GNB,_T,2021,EN_PREPAID_METER,_Z,_Z,_T,HHH_SEX_M,_T,_T,_T,_T,_Z,_Z,_Z,_Z,_Z,0.64,A,,,,,,
AFW360_HH,GNB,_T,2021,EN_PREPAID_METER,_Z,_Z,_T,QUINT_Q1,_T,_T,_T,_T,_Z,_Z,_Z,_Z,_Z,0.55,A,,,,,,
AFW360_HH,GNB,_T,2021,EN_PREPAID_METER,_Z,_Z,_T,QUINT_Q2,_T,_T,_T,_T,_Z,_Z,_Z,_Z,_Z,0.51,A,,,,,,
AFW360_HH,GNB,_T,2021,EN_PREPAID_METER,_Z,_Z,_T,QUINT_Q3,_T,_T,_T,_T,_Z,_Z,_Z,_Z,_Z,0.61,A,,,,,,
AFW360_HH,GNB,_T,2021,EN_PREPAID_METER,_Z,_Z,_T,QUINT_Q4,_T,_T,_T,_T,_Z,_Z,_Z,_Z,_Z,0.59,A,,,,,,
AFW360_HH,GNB,_T,2021,EN_PREPAID_METER,_Z,_Z,_T,QUINT_Q5,_T,_T,_T,_T,_Z,_Z,_Z,_Z,_Z,0.63,A,,,,,,
AFW360_HH,GNB,_T,2021,EN_PREPAID_METER,_Z,_Z,_T,_T,_T,_T,_T,_T,_Z,_Z,_Z,_Z,_Z,0.61,A,,,,,,
AFW360_HH,GNB,_T,2021,HE_ACCOUNTS,_Z,_Z,OU,_T,_T,_T,_T,_T,_Z,_Z,_Z,_Z,_Z,0.07,A,,,,,,
AFW360_HH,GNB,_T,2021,HE_ACCOUNTS,_Z,_Z,R,_T,_T,_T,_T,_T,_Z,_Z,_Z,_Z,_Z,0.02,A,,,,,,
AFW360_HH,GNB,_T,2021,HE_ACCOUNTS,_Z,_Z,_T,HHH_AGE_GE35,_T,_T,_T,_T,_Z,_Z,_Z,_Z,_Z,0.05,A,,,,,,
AFW360_HH,GNB,_T,2021,HE_ACCOUNTS,_Z,_Z,_T,HHH_AGE_LT35,_T,_T,_T,_T,_Z,_Z,_Z,_Z,_Z,0.04,A,,,,,,
AFW360_HH,GNB,_T,2021,HE_ACCOUNTS,_Z,_Z,_T,HHH_SEX_F,_T,_T,_T,_T,_Z,_Z,_Z,_Z,_Z,0,A,,,,,,
AFW360_HH,GNB,_T,2021,HE_ACCOUNTS,_Z,_Z,_T,HHH_SEX_M,_T,_T,_T,_T,_Z,_Z,_Z,_Z,_Z,0.06,A,,,,,,
AFW360_HH,GNB,_T,2021,HE_ACCOUNTS,_Z,_Z,_T,QUINT_Q1,_T,_T,_T,_T,_Z,_Z,_Z,_Z,_Z,0.04,A,,,,,,
AFW360_HH,GNB,_T,2021,HE_ACCOUNTS,_Z,_Z,_T,QUINT_Q2,_T,_T,_T,_T,_Z,_Z,_Z,_Z,_Z,0.03,A,,,,,,
AFW360_HH,GNB,_T,2021,HE_ACCOUNTS,_Z,_Z,_T,QUINT_Q3,_T,_T,_T,_T,_Z,_Z,_Z,_Z,_Z,0,A,,,,,,
AFW360_HH,GNB,_T,2021,HE_ACCOUNTS,_Z,_Z,_T,QUINT_Q4,_T,_T,_T,_T,_Z,_Z,_Z,_Z,_Z,0.07,A,,,,,,
AFW360_HH,GNB,_T,2021,HE_ACCOUNTS,_Z,_Z,_T,QUINT_Q5,_T,_T,_T,_T,_Z,_Z,_Z,_Z,_Z,0.08,A,,,,,,
AFW360_HH,GNB,_T,2021,HE_ACCOUNTS,_Z,_Z,_T,_T,_T,_T,_T,_T,_Z,_Z,_Z,_Z,_Z,0.05,A,,,,,,
AFW360_HH,GNB,_T,2021,HE_AGE,_Z,_Z,OU,_T,_T,_T,_T,_T,_Z,_Z,_Z,_Z,_Z,5.9,A,,,,,,
AFW360_HH,GNB,_T,2021,HE_AGE,_Z,_Z,R,_T,_T,_T,_T,_T,_Z,_Z,_Z,_Z,_Z,6.27,A,,,,,,
AFW360_HH,GNB,_T,2021,HE_AGE,_Z,_Z,_T,HHH_AGE_GE35,_T,_T,_T,_T,_Z,_Z,_Z,_Z,_Z,6.33,A,,,,,,
AFW360_HH,GNB,_T,2021,HE_AGE,_Z,_Z,_T,HHH_AGE_LT35,_T,_T,_T,_T,_Z,_Z,_Z,_Z,_Z,4.29,A,,,,,,
AFW360_HH,GNB,_T,2021,HE_AGE,_Z,_Z,_T,HHH_SEX_F,_T,_T,_T,_T,_Z,_Z,_Z,_Z,_Z,6.12,A,,,,,,
AFW360_HH,GNB,_T,2021,HE_AGE,_Z,_Z,_T,HHH_SEX_M,_T,_T,_T,_T,_Z,_Z,_Z,_Z,_Z,6.02,A,,,,,,
AFW360_HH,GNB,_T,2021,HE_AGE,_Z,_Z,_T,QUINT_Q1,_T,_T,_T,_T,_Z,_Z,_Z,_Z,_Z,4.54,A,,,,,,
AFW360_HH,GNB,_T,2021,HE_AGE,_Z,_Z,_T,QUINT_Q2,_T,_T,_T,_T,_Z,_Z,_Z,_Z,_Z,7.07,A,,,,,,
AFW360_HH,GNB,_T,2021,HE_AGE,_Z,_Z,_T,QUINT_Q3,_T,_T,_T,_T,_Z,_Z,_Z,_Z,_Z,5.79,A,,,,,,
AFW360_HH,GNB,_T,2021,HE_AGE,_Z,_Z,_T,QUINT_Q4,_T,_T,_T,_T,_Z,_Z,_Z,_Z,_Z,6.51,A,,,,,,
AFW360_HH,GNB,_T,2021,HE_AGE,_Z,_Z,_T,QUINT_Q5,_T,_T,_T,_T,_Z,_Z,_Z,_Z,_Z,6.07,A,,,,,,
AFW360_HH,GNB,_T,2021,HE_AGE,_Z,_Z,_T,_T,_T,_T,_T,_T,_Z,_Z,_Z,_Z,_Z,6.05,A,,,,,,
AFW360_HH,GNB,_T,2021,HE_BUY_FIRMS,_Z,_Z,OU,_T,_T,_T,_T,_T,_Z,_Z,_Z,_Z,_Z,0.2,A,,,,,,
AFW360_HH,GNB,_T,2021,HE_BUY_FIRMS,_Z,_Z,R,_T,_T,_T,_T,_T,_Z,_Z,_Z,_Z,_Z,0.08,A,,,,,,
AFW360_HH,GNB,_T,2021,HE_BUY_FIRMS,_Z,_Z,_T,HHH_AGE_GE35,_T,_T,_T,_T,_Z,_Z,_Z,_Z,_Z,0.15,A,,,,,,
AFW360_HH,GNB,_T,2021,HE_BUY_FIRMS,_Z,_Z,_T,HHH_AGE_LT35,_T,_T,_T,_T,_Z,_Z,_Z,_Z,_Z,0.18,A,,,,,,
AFW360_HH,GNB,_T,2021,HE_BUY_FIRMS,_Z,_Z,_T,HHH_SEX_F,_T,_T,_T,_T,_Z,_Z,_Z,_Z,_Z,0.27,A,,,,,,
AFW360_HH,GNB,_T,2021,HE_BUY_FIRMS,_Z,_Z,_T,HHH_SEX_M,_T,_T,_T,_T,_Z,_Z,_Z,_Z,_Z,0.12,A,,,,,,
AFW360_HH,GNB,_T,2021,HE_BUY_FIRMS,_Z,_Z,_T,QUINT_Q1,_T,_T,_T,_T,_Z,_Z,_Z,_Z,_Z,0.09,A,,,,,,
AFW360_HH,GNB,_T,2021,HE_BUY_FIRMS,_Z,_Z,_T,QUINT_Q2,_T,_T,_T,_T,_Z,_Z,_Z,_Z,_Z,0.12,A,,,,,,
AFW360_HH,GNB,_T,2021,HE_BUY_FIRMS,_Z,_Z,_T,QUINT_Q3,_T,_T,_T,_T,_Z,_Z,_Z,_Z,_Z,0.07,A,,,,,,
AFW360_HH,GNB,_T,2021,HE_BUY_FIRMS,_Z,_Z,_T,QUINT_Q4,_T,_T,_T,_T,_Z,_Z,_Z,_Z,_Z,0.23,A,,,,,,
AFW360_HH,GNB,_T,2021,HE_BUY_FIRMS,_Z,_Z,_T,QUINT_Q5,_T,_T,_T,_T,_Z,_Z,_Z,_Z,_Z,0.21,A,,,,,,
AFW360_HH,GNB,_T,2021,HE_BUY_FIRMS,_Z,_Z,_T,_T,_T,_T,_T,_T,_Z,_Z,_Z,_Z,_Z,0.16,A,,,,,,
AFW360_HH,GNB,_T,2021,HE_CAPITAL,_Z,_Z,OU,_T,_T,_T,_T,_T,_Z,_Z,_Z,_Z,_Z,14897.92,A,,,,,,
AFW360_HH,GNB,_T,2021,HE_CAPITAL,_Z,_Z,R,_T,_T,_T,_T,_T,_Z,_Z,_Z,_Z,_Z,37492.44,A,,,,,,
AFW360_HH,GNB,_T,2021,HE_CAPITAL,_Z,_Z,_T,HHH_AGE_GE35,_T,_T,_T,_T,_Z,_Z,_Z,_Z,_Z,22252.42,A,,,,,,
AFW360_HH,GNB,_T,2021,HE_CAPITAL,_Z,_Z,_T,HHH_AGE_LT35,_T,_T,_T,_T,_Z,_Z,_Z,_Z,_Z,19749.09,A,,,,,,
AFW360_HH,GNB,_T,2021,HE_CAPITAL,_Z,_Z,_T,HHH_SEX_F,_T,_T,_T,_T,_Z,_Z,_Z,_Z,_Z,4538.88,A,,,,,,
AFW360_HH,GNB,_T,2021,HE_CAPITAL,_Z,_Z,_T,HHH_SEX_M,_T,_T,_T,_T,_Z,_Z,_Z,_Z,_Z,27273.11,A,,,,,,
AFW360_HH,GNB,_T,2021,HE_CAPITAL,_Z,_Z,_T,QUINT_Q1,_T,_T,_T,_T,_Z,_Z,_Z,_Z,_Z,66105.91,A,,,,,,
AFW360_HH,GNB,_T,2021,HE_CAPITAL,_Z,_Z,_T,QUINT_Q2,_T,_T,_T,_T,_Z,_Z,_Z,_Z,_Z,12554.8,A,,,,,,
AFW360_HH,GNB,_T,2021,HE_CAPITAL,_Z,_Z,_T,QUINT_Q3,_T,_T,_T,_T,_Z,_Z,_Z,_Z,_Z,11197.09,A,,,,,,
AFW360_HH,GNB,_T,2021,HE_CAPITAL,_Z,_Z,_T,QUINT_Q4,_T,_T,_T,_T,_Z,_Z,_Z,_Z,_Z,11714.12,A,,,,,,
AFW360_HH,GNB,_T,2021,HE_CAPITAL,_Z,_Z,_T,QUINT_Q5,_T,_T,_T,_T,_Z,_Z,_Z,_Z,_Z,20794.39,A,,,,,,
AFW360_HH,GNB,_T,2021,HE_CAPITAL,_Z,_Z,_T,_T,_T,_T,_T,_T,_Z,_Z,_Z,_Z,_Z,21904.14,A,,,,,,
AFW360_HH,GNB,_T,2021,HE_COSTS,_Z,_Z,OU,_T,_T,_T,_T,_T,_Z,_Z,_Z,_Z,_Z,5596.32,A,,,,,,
AFW360_HH,GNB,_T,2021,HE_COSTS,_Z,_Z,R,_T,_T,_T,_T,_T,_Z,_Z,_Z,_Z,_Z,1403.83,A,,,,,,
AFW360_HH,GNB,_T,2021,HE_COSTS,_Z,_Z,_T,HHH_AGE_GE35,_T,_T,_T,_T,_Z,_Z,_Z,_Z,_Z,3305.04,A,,,,,,
AFW360_HH,GNB,_T,2021,HE_COSTS,_Z,_Z,_T,HHH_AGE_LT35,_T,_T,_T,_T,_Z,_Z,_Z,_Z,_Z,4343.62,A,,,,,,
AFW360_HH,GNB,_T,2021,HE_COSTS,_Z,_Z,_T,HHH_SEX_F,_T,_T,_T,_T,_Z,_Z,_Z,_Z,_Z,4606.58,A,,,,,,
AFW360_HH,GNB,_T,2021,HE_COSTS,_Z,_Z,_T,HHH_SEX_M,_T,_T,_T,_T,_Z,_Z,_Z,_Z,_Z,3156.63,A,,,,,,
AFW360_HH,GNB,_T,2021,HE_COSTS,_Z,_Z,_T,QUINT_Q1,_T,_T,_T,_T,_Z,_Z,_Z,_Z,_Z,853.27,A,,,,,,
AFW360_HH,GNB,_T,2021,HE_COSTS,_Z,_Z,_T,QUINT_Q2,_T,_T,_T,_T,_Z,_Z,_Z,_Z,_Z,2710.56,A,,,,,,
AFW360_HH,GNB,_T,2021,HE_COSTS,_Z,_Z,_T,QUINT_Q3,_T,_T,_T,_T,_Z,_Z,_Z,_Z,_Z,3156.02,A,,,,,,
AFW360_HH,GNB,_T,2021,HE_COSTS,_Z,_Z,_T,QUINT_Q4,_T,_T,_T,_T,_Z,_Z,_Z,_Z,_Z,3272.24,A,,,,,,
AFW360_HH,GNB,_T,2021,HE_COSTS,_Z,_Z,_T,QUINT_Q5,_T,_T,_T,_T,_Z,_Z,_Z,_Z,_Z,6367.54,A,,,,,,
AFW360_HH,GNB,_T,2021,HE_COSTS,_Z,_Z,_T,_T,_T,_T,_T,_T,_Z,_Z,_Z,_Z,_Z,3456.31,A,,,,,,
AFW360_HH,GNB,_T,2021,HE_CREDIT_ANY,_Z,_Z,OU,_T,_T,_T,_T,_T,_Z,_Z,_Z,_Z,_Z,0.3,A,,,,,,
AFW360_HH,GNB,_T,2021,HE_CREDIT_ANY,_Z,_Z,R,_T,_T,_T,_T,_T,_Z,_Z,_Z,_Z,_Z,0.25,A,,,,,,
AFW360_HH,GNB,_T,2021,HE_CREDIT_ANY,_Z,_Z,_T,HHH_AGE_GE35,_T,_T,_T,_T,_Z,_Z,_Z,_Z,_Z,0.29,A,,,,,,
AFW360_HH,GNB,_T,2021,HE_CREDIT_ANY,_Z,_Z,_T,HHH_AGE_LT35,_T,_T,_T,_T,_Z,_Z,_Z,_Z,_Z,0.26,A,,,,,,
AFW360_HH,GNB,_T,2021,HE_CREDIT_ANY,_Z,_Z,_T,HHH_SEX_F,_T,_T,_T,_T,_Z,_Z,_Z,_Z,_Z,0.39,A,,,,,,
AFW360_HH,GNB,_T,2021,HE_CREDIT_ANY,_Z,_Z,_T,HHH_SEX_M,_T,_T,_T,_T,_Z,_Z,_Z,_Z,_Z,0.25,A,,,,,,
AFW360_HH,GNB,_T,2021,HE_CREDIT_ANY,_Z,_Z,_T,QUINT_Q1,_T,_T,_T,_T,_Z,_Z,_Z,_Z,_Z,0.27,A,,,,,,
AFW360_HH,GNB,_T,2021,HE_CREDIT_ANY,_Z,_Z,_T,QUINT_Q2,_T,_T,_T,_T,_Z,_Z,_Z,_Z,_Z,0.27,A,,,,,,
AFW360_HH,GNB,_T,2021,HE_CREDIT_ANY,_Z,_Z,_T,QUINT_Q3,_T,_T,_T,_T,_Z,_Z,_Z,_Z,_Z,0.19,A,,,,,,
AFW360_HH,GNB,_T,2021,HE_CREDIT_ANY,_Z,_Z,_T,QUINT_Q4,_T,_T,_T,_T,_Z,_Z,_Z,_Z,_Z,0.36,A,,,,,,
AFW360_HH,GNB,_T,2021,HE_CREDIT_ANY,_Z,_Z,_T,QUINT_Q5,_T,_T,_T,_T,_Z,_Z,_Z,_Z,_Z,0.31,A,,,,,,
AFW360_HH,GNB,_T,2021,HE_CREDIT_ANY,_Z,_Z,_T,_T,_T,_T,_T,_T,_Z,_Z,_Z,_Z,_Z,0.28,A,,,,,,
AFW360_HH,GNB,_T,2021,HE_CREDIT_FORMAL,_Z,_Z,OU,_T,_T,_T,_T,_T,_Z,_Z,_Z,_Z,_Z,0.02,A,,,,,,
AFW360_HH,GNB,_T,2021,HE_CREDIT_FORMAL,_Z,_Z,R,_T,_T,_T,_T,_T,_Z,_Z,_Z,_Z,_Z,0.05,A,,,,,,
AFW360_HH,GNB,_T,2021,HE_CREDIT_FORMAL,_Z,_Z,_T,HHH_AGE_GE35,_T,_T,_T,_T,_Z,_Z,_Z,_Z,_Z,0.03,A,,,,,,
AFW360_HH,GNB,_T,2021,HE_CREDIT_FORMAL,_Z,_Z,_T,HHH_AGE_LT35,_T,_T,_T,_T,_Z,_Z,_Z,_Z,_Z,0,A,,,,,,
AFW360_HH,GNB,_T,2021,HE_CREDIT_FORMAL,_Z,_Z,_T,HHH_SEX_F,_T,_T,_T,_T,_Z,_Z,_Z,_Z,_Z,0.02,A,,,,,,
AFW360_HH,GNB,_T,2021,HE_CREDIT_FORMAL,_Z,_Z,_T,HHH_SEX_M,_T,_T,_T,_T,_Z,_Z,_Z,_Z,_Z,0.03,A,,,,,,
AFW360_HH,GNB,_T,2021,HE_CREDIT_FORMAL,_Z,_Z,_T,QUINT_Q1,_T,_T,_T,_T,_Z,_Z,_Z,_Z,_Z,0.01,A,,,,,,
AFW360_HH,GNB,_T,2021,HE_CREDIT_FORMAL,_Z,_Z,_T,QUINT_Q2,_T,_T,_T,_T,_Z,_Z,_Z,_Z,_Z,0.04,A,,,,,,
AFW360_HH,GNB,_T,2021,HE_CREDIT_FORMAL,_Z,_Z,_T,QUINT_Q3,_T,_T,_T,_T,_Z,_Z,_Z,_Z,_Z,0.03,A,,,,,,
AFW360_HH,GNB,_T,2021,HE_CREDIT_FORMAL,_Z,_Z,_T,QUINT_Q4,_T,_T,_T,_T,_Z,_Z,_Z,_Z,_Z,0.03,A,,,,,,
AFW360_HH,GNB,_T,2021,HE_CREDIT_FORMAL,_Z,_Z,_T,QUINT_Q5,_T,_T,_T,_T,_Z,_Z,_Z,_Z,_Z,0.03,A,,,,,,
AFW360_HH,GNB,_T,2021,HE_CREDIT_FORMAL,_Z,_Z,_T,_T,_T,_T,_T,_T,_Z,_Z,_Z,_Z,_Z,0.03,A,,,,,,
AFW360_HH,GNB,_T,2021,HE_CREDIT_INFORMAL,_Z,_Z,OU,_T,_T,_T,_T,_T,_Z,_Z,_Z,_Z,_Z,0.29,A,,,,,,
AFW360_HH,GNB,_T,2021,HE_CREDIT_INFORMAL,_Z,_Z,R,_T,_T,_T,_T,_T,_Z,_Z,_Z,_Z,_Z,0.2,A,,,,,,
AFW360_HH,GNB,_T,2021,HE_CREDIT_INFORMAL,_Z,_Z,_T,HHH_AGE_GE35,_T,_T,_T,_T,_Z,_Z,_Z,_Z,_Z,0.26,A,,,,,,
AFW360_HH,GNB,_T,2021,HE_CREDIT_INFORMAL,_Z,_Z,_T,HHH_AGE_LT35,_T,_T,_T,_T,_Z,_Z,_Z,_Z,_Z,0.26,A,,,,,,
AFW360_HH,GNB,_T,2021,HE_CREDIT_INFORMAL,_Z,_Z,_T,HHH_SEX_F,_T,_T,_T,_T,_Z,_Z,_Z,_Z,_Z,0.38,A,,,,,,
AFW360_HH,GNB,_T,2021,HE_CREDIT_INFORMAL,_Z,_Z,_T,HHH_SEX_M,_T,_T,_T,_T,_Z,_Z,_Z,_Z,_Z,0.22,A,,,,,,
AFW360_HH,GNB,_T,2021,HE_CREDIT_INFORMAL,_Z,_Z,_T,QUINT_Q1,_T,_T,_T,_T,_Z,_Z,_Z,_Z,_Z,0.26,A,,,,,,
AFW360_HH,GNB,_T,2021,HE_CREDIT_INFORMAL,_Z,_Z,_T,QUINT_Q2,_T,_T,_T,_T,_Z,_Z,_Z,_Z,_Z,0.26,A,,,,,,
AFW360_HH,GNB,_T,2021,HE_CREDIT_INFORMAL,_Z,_Z,_T,QUINT_Q3,_T,_T,_T,_T,_Z,_Z,_Z,_Z,_Z,0.16,A,,,,,,
AFW360_HH,GNB,_T,2021,HE_CREDIT_INFORMAL,_Z,_Z,_T,QUINT_Q4,_T,_T,_T,_T,_Z,_Z,_Z,_Z,_Z,0.34,A,,,,,,
AFW360_HH,GNB,_T,2021,HE_CREDIT_INFORMAL,_Z,_Z,_T,QUINT_Q5,_T,_T,_T,_T,_Z,_Z,_Z,_Z,_Z,0.28,A,,,,,,
AFW360_HH,GNB,_T,2021,HE_CREDIT_INFORMAL,_Z,_Z,_T,_T,_T,_T,_T,_T,_Z,_Z,_Z,_Z,_Z,0.26,A,,,,,,
AFW360_HH,GNB,_T,2021,HE_ELEC,_Z,_Z,OU,_T,_T,_T,_T,_T,_Z,_Z,_Z,_Z,_Z,0.77,A,,,,,,
AFW360_HH,GNB,_T,2021,HE_ELEC,_Z,_Z,R,_T,_T,_T,_T,_T,_Z,_Z,_Z,_Z,_Z,0,A,,,,,,
AFW360_HH,GNB,_T,2021,HE_ELEC,_Z,_Z,_T,HHH_AGE_GE35,_T,_T,_T,_T,_Z,_Z,_Z,_Z,_Z,0.71,A,,,,,,
AFW360_HH,GNB,_T,2021,HE_ELEC,_Z,_Z,_T,HHH_AGE_LT35,_T,_T,_T,_T,_Z,_Z,_Z,_Z,_Z,1,A,,,,,,
AFW360_HH,GNB,_T,2021,HE_ELEC,_Z,_Z,_T,HHH_SEX_F,_T,_T,_T,_T,_Z,_Z,_Z,_Z,_Z,1,A,,,,,,
AFW360_HH,GNB,_T,2021,HE_ELEC,_Z,_Z,_T,HHH_SEX_M,_T,_T,_T,_T,_Z,_Z,_Z,_Z,_Z,0.69,A,,,,,,
AFW360_HH,GNB,_T,2021,HE_ELEC,_Z,_Z,_T,QUINT_Q1,_T,_T,_T,_T,_Z,_Z,_Z,_Z,_Z,,O,,,,,,"LEGACY_EMPTY: empty cell in sheet 'National', column 'estimateQ1'"
AFW360_HH,GNB,_T,2021,HE_ELEC,_Z,_Z,_T,QUINT_Q2,_T,_T,_T,_T,_Z,_Z,_Z,_Z,_Z,1,A,,,,,,
AFW360_HH,GNB,_T,2021,HE_ELEC,_Z,_Z,_T,QUINT_Q3,_T,_T,_T,_T,_Z,_Z,_Z,_Z,_Z,0,A,,,,,,
AFW360_HH,GNB,_T,2021,HE_ELEC,_Z,_Z,_T,QUINT_Q4,_T,_T,_T,_T,_Z,_Z,_Z,_Z,_Z,1,A,,,,,,
AFW360_HH,GNB,_T,2021,HE_ELEC,_Z,_Z,_T,QUINT_Q5,_T,_T,_T,_T,_Z,_Z,_Z,_Z,_Z,0.68,A,,,,,,
AFW360_HH,GNB,_T,2021,HE_ELEC,_Z,_Z,_T,_T,_T,_T,_T,_T,_Z,_Z,_Z,_Z,_Z,0.72,A,,,,,,
AFW360_HH,GNB,_T,2021,HE_EMP_EXT_ANY,_Z,_Z,OU,_T,_T,_T,_T,_T,_Z,_Z,_Z,_Z,_Z,1,A,,,,,,LEGACY_SUSPECT: Implausible: share 1.00 while mean non-HH employees is 0.48.
AFW360_HH,GNB,_T,2021,HE_EMP_EXT_ANY,_Z,_Z,R,_T,_T,_T,_T,_T,_Z,_Z,_Z,_Z,_Z,1,A,,,,,,LEGACY_SUSPECT: Implausible: share 1.00 while mean non-HH employees is 0.48.
AFW360_HH,GNB,_T,2021,HE_EMP_EXT_ANY,_Z,_Z,_T,HHH_AGE_GE35,_T,_T,_T,_T,_Z,_Z,_Z,_Z,_Z,1,A,,,,,,LEGACY_SUSPECT: Implausible: share 1.00 while mean non-HH employees is 0.48.
AFW360_HH,GNB,_T,2021,HE_EMP_EXT_ANY,_Z,_Z,_T,HHH_AGE_LT35,_T,_T,_T,_T,_Z,_Z,_Z,_Z,_Z,1,A,,,,,,LEGACY_SUSPECT: Implausible: share 1.00 while mean non-HH employees is 0.48.
AFW360_HH,GNB,_T,2021,HE_EMP_EXT_ANY,_Z,_Z,_T,HHH_SEX_F,_T,_T,_T,_T,_Z,_Z,_Z,_Z,_Z,1,A,,,,,,LEGACY_SUSPECT: Implausible: share 1.00 while mean non-HH employees is 0.48.
AFW360_HH,GNB,_T,2021,HE_EMP_EXT_ANY,_Z,_Z,_T,HHH_SEX_M,_T,_T,_T,_T,_Z,_Z,_Z,_Z,_Z,1,A,,,,,,LEGACY_SUSPECT: Implausible: share 1.00 while mean non-HH employees is 0.48.
AFW360_HH,GNB,_T,2021,HE_EMP_EXT_ANY,_Z,_Z,_T,QUINT_Q1,_T,_T,_T,_T,_Z,_Z,_Z,_Z,_Z,1,A,,,,,,LEGACY_SUSPECT: Implausible: share 1.00 while mean non-HH employees is 0.48.
AFW360_HH,GNB,_T,2021,HE_EMP_EXT_ANY,_Z,_Z,_T,QUINT_Q2,_T,_T,_T,_T,_Z,_Z,_Z,_Z,_Z,1,A,,,,,,LEGACY_SUSPECT: Implausible: share 1.00 while mean non-HH employees is 0.48.
AFW360_HH,GNB,_T,2021,HE_EMP_EXT_ANY,_Z,_Z,_T,QUINT_Q3,_T,_T,_T,_T,_Z,_Z,_Z,_Z,_Z,1,A,,,,,,LEGACY_SUSPECT: Implausible: share 1.00 while mean non-HH employees is 0.48.
AFW360_HH,GNB,_T,2021,HE_EMP_EXT_ANY,_Z,_Z,_T,QUINT_Q4,_T,_T,_T,_T,_Z,_Z,_Z,_Z,_Z,1,A,,,,,,LEGACY_SUSPECT: Implausible: share 1.00 while mean non-HH employees is 0.48.
AFW360_HH,GNB,_T,2021,HE_EMP_EXT_ANY,_Z,_Z,_T,QUINT_Q5,_T,_T,_T,_T,_Z,_Z,_Z,_Z,_Z,1,A,,,,,,LEGACY_SUSPECT: Implausible: share 1.00 while mean non-HH employees is 0.48.
AFW360_HH,GNB,_T,2021,HE_EMP_EXT_ANY,_Z,_Z,_T,_T,_T,_T,_T,_T,_Z,_Z,_Z,_Z,_Z,1,A,,,,,,LEGACY_SUSPECT: Implausible: share 1.00 while mean non-HH employees is 0.48.
AFW360_HH,GNB,_T,2021,HE_EMP_HH_NUM,_Z,_Z,OU,_T,_T,_T,_T,_T,_Z,_Z,_Z,_Z,_Z,0,A,,,,,,
AFW360_HH,GNB,_T,2021,HE_EMP_HH_NUM,_Z,_Z,R,_T,_T,_T,_T,_T,_Z,_Z,_Z,_Z,_Z,0,A,,,,,,
AFW360_HH,GNB,_T,2021,HE_EMP_HH_NUM,_Z,_Z,_T,HHH_AGE_GE35,_T,_T,_T,_T,_Z,_Z,_Z,_Z,_Z,0,A,,,,,,
AFW360_HH,GNB,_T,2021,HE_EMP_HH_NUM,_Z,_Z,_T,HHH_AGE_LT35,_T,_T,_T,_T,_Z,_Z,_Z,_Z,_Z,0,A,,,,,,
AFW360_HH,GNB,_T,2021,HE_EMP_HH_NUM,_Z,_Z,_T,HHH_SEX_F,_T,_T,_T,_T,_Z,_Z,_Z,_Z,_Z,0,A,,,,,,
AFW360_HH,GNB,_T,2021,HE_EMP_HH_NUM,_Z,_Z,_T,HHH_SEX_M,_T,_T,_T,_T,_Z,_Z,_Z,_Z,_Z,0,A,,,,,,
AFW360_HH,GNB,_T,2021,HE_EMP_HH_NUM,_Z,_Z,_T,QUINT_Q1,_T,_T,_T,_T,_Z,_Z,_Z,_Z,_Z,0,A,,,,,,
AFW360_HH,GNB,_T,2021,HE_EMP_HH_NUM,_Z,_Z,_T,QUINT_Q2,_T,_T,_T,_T,_Z,_Z,_Z,_Z,_Z,0,A,,,,,,
AFW360_HH,GNB,_T,2021,HE_EMP_HH_NUM,_Z,_Z,_T,QUINT_Q3,_T,_T,_T,_T,_Z,_Z,_Z,_Z,_Z,0,A,,,,,,
AFW360_HH,GNB,_T,2021,HE_EMP_HH_NUM,_Z,_Z,_T,QUINT_Q4,_T,_T,_T,_T,_Z,_Z,_Z,_Z,_Z,0,A,,,,,,
AFW360_HH,GNB,_T,2021,HE_EMP_HH_NUM,_Z,_Z,_T,QUINT_Q5,_T,_T,_T,_T,_Z,_Z,_Z,_Z,_Z,0,A,,,,,,
AFW360_HH,GNB,_T,2021,HE_EMP_HH_NUM,_Z,_Z,_T,_T,_T,_T,_T,_T,_Z,_Z,_Z,_Z,_Z,0,A,,,,,,
AFW360_HH,GNB,_T,2021,HE_EMP_NONHH_NUM,_Z,_Z,OU,_T,_T,_T,_T,_T,_Z,_Z,_Z,_Z,_Z,0.53,A,,,,,,
AFW360_HH,GNB,_T,2021,HE_EMP_NONHH_NUM,_Z,_Z,R,_T,_T,_T,_T,_T,_Z,_Z,_Z,_Z,_Z,0.38,A,,,,,,
AFW360_HH,GNB,_T,2021,HE_EMP_NONHH_NUM,_Z,_Z,_T,HHH_AGE_GE35,_T,_T,_T,_T,_Z,_Z,_Z,_Z,_Z,0.5,A,,,,,,
AFW360_HH,GNB,_T,2021,HE_EMP_NONHH_NUM,_Z,_Z,_T,HHH_AGE_LT35,_T,_T,_T,_T,_Z,_Z,_Z,_Z,_Z,0.35,A,,,,,,
AFW360_HH,GNB,_T,2021,HE_EMP_NONHH_NUM,_Z,_Z,_T,HHH_SEX_F,_T,_T,_T,_T,_Z,_Z,_Z,_Z,_Z,0.07,A,,,,,,
AFW360_HH,GNB,_T,2021,HE_EMP_NONHH_NUM,_Z,_Z,_T,HHH_SEX_M,_T,_T,_T,_T,_Z,_Z,_Z,_Z,_Z,0.6,A,,,,,,
AFW360_HH,GNB,_T,2021,HE_EMP_NONHH_NUM,_Z,_Z,_T,QUINT_Q1,_T,_T,_T,_T,_Z,_Z,_Z,_Z,_Z,0.34,A,,,,,,
AFW360_HH,GNB,_T,2021,HE_EMP_NONHH_NUM,_Z,_Z,_T,QUINT_Q2,_T,_T,_T,_T,_Z,_Z,_Z,_Z,_Z,0.52,A,,,,,,
AFW360_HH,GNB,_T,2021,HE_EMP_NONHH_NUM,_Z,_Z,_T,QUINT_Q3,_T,_T,_T,_T,_Z,_Z,_Z,_Z,_Z,0.15,A,,,,,,
AFW360_HH,GNB,_T,2021,HE_EMP_NONHH_NUM,_Z,_Z,_T,QUINT_Q4,_T,_T,_T,_T,_Z,_Z,_Z,_Z,_Z,1,A,,,,,,
AFW360_HH,GNB,_T,2021,HE_EMP_NONHH_NUM,_Z,_Z,_T,QUINT_Q5,_T,_T,_T,_T,_Z,_Z,_Z,_Z,_Z,0.32,A,,,,,,
AFW360_HH,GNB,_T,2021,HE_EMP_NONHH_NUM,_Z,_Z,_T,_T,_T,_T,_T,_T,_Z,_Z,_Z,_Z,_Z,0.48,A,,,,,,
AFW360_HH,GNB,_T,2021,HE_EMP_NUM,_Z,_Z,OU,_T,_T,_T,_T,_T,_Z,_Z,_Z,_Z,_Z,0.29,A,,,,,,
AFW360_HH,GNB,_T,2021,HE_EMP_NUM,_Z,_Z,R,_T,_T,_T,_T,_T,_Z,_Z,_Z,_Z,_Z,0,A,,,,,,
AFW360_HH,GNB,_T,2021,HE_EMP_NUM,_Z,_Z,_T,HHH_AGE_GE35,_T,_T,_T,_T,_Z,_Z,_Z,_Z,_Z,0.19,A,,,,,,
AFW360_HH,GNB,_T,2021,HE_EMP_NUM,_Z,_Z,_T,HHH_AGE_LT35,_T,_T,_T,_T,_Z,_Z,_Z,_Z,_Z,0.4,A,,,,,,
AFW360_HH,GNB,_T,2021,HE_EMP_NUM,_Z,_Z,_T,HHH_SEX_F,_T,_T,_T,_T,_Z,_Z,_Z,_Z,_Z,0.06,A,,,,,,
AFW360_HH,GNB,_T,2021,HE_EMP_NUM,_Z,_Z,_T,HHH_SEX_M,_T,_T,_T,_T,_Z,_Z,_Z,_Z,_Z,0.26,A,,,,,,
AFW360_HH,GNB,_T,2021,HE_EMP_NUM,_Z,_Z,_T,QUINT_Q1,_T,_T,_T,_T,_Z,_Z,_Z,_Z,_Z,0,A,,,,,,
AFW360_HH,GNB,_T,2021,HE_EMP_NUM,_Z,_Z,_T,QUINT_Q2,_T,_T,_T,_T,_Z,_Z,_Z,_Z,_Z,0,A,,,,,,
AFW360_HH,GNB,_T,2021,HE_EMP_NUM,_Z,_Z,_T,QUINT_Q3,_T,_T,_T,_T,_Z,_Z,_Z,_Z,_Z,0,A,,,,,,
AFW360_HH,GNB,_T,2021,HE_EMP_NUM,_Z,_Z,_T,QUINT_Q4,_T,_T,_T,_T,_Z,_Z,_Z,_Z,_Z,0.24,A,,,,,,
AFW360_HH,GNB,_T,2021,HE_EMP_NUM,_Z,_Z,_T,QUINT_Q5,_T,_T,_T,_T,_Z,_Z,_Z,_Z,_Z,0.41,A,,,,,,
AFW360_HH,GNB,_T,2021,HE_EMP_NUM,_Z,_Z,_T,_T,_T,_T,_T,_T,_Z,_Z,_Z,_Z,_Z,0.22,A,,,,,,
AFW360_HH,GNB,_T,2021,HE_HH_OWNER,_Z,_Z,OU,_T,_T,_T,_T,_T,_Z,_Z,_Z,_Z,_Z,0.64,A,,,,,,
AFW360_HH,GNB,_T,2021,HE_HH_OWNER,_Z,_Z,R,_T,_T,_T,_T,_T,_Z,_Z,_Z,_Z,_Z,0.24,A,,,,,,
AFW360_HH,GNB,_T,2021,HE_HH_OWNER,_Z,_Z,_T,HHH_AGE_GE35,_T,_T,_T,_T,_Z,_Z,_Z,_Z,_Z,0.41,A,,,,,,
AFW360_HH,GNB,_T,2021,HE_HH_OWNER,_Z,_Z,_T,HHH_AGE_LT35,_T,_T,_T,_T,_Z,_Z,_Z,_Z,_Z,0.38,A,,,,,,
AFW360_HH,GNB,_T,2021,HE_HH_OWNER,_Z,_Z,_T,HHH_SEX_F,_T,_T,_T,_T,_Z,_Z,_Z,_Z,_Z,0.5,A,,,,,,
AFW360_HH,GNB,_T,2021,HE_HH_OWNER,_Z,_Z,_T,HHH_SEX_M,_T,_T,_T,_T,_Z,_Z,_Z,_Z,_Z,0.38,A,,,,,,
AFW360_HH,GNB,_T,2021,HE_HH_OWNER,_Z,_Z,_T,QUINT_Q1,_T,_T,_T,_T,_Z,_Z,_Z,_Z,_Z,0.27,A,,,,,,
AFW360_HH,GNB,_T,2021,HE_HH_OWNER,_Z,_Z,_T,QUINT_Q2,_T,_T,_T,_T,_Z,_Z,_Z,_Z,_Z,0.37,A,,,,,,
AFW360_HH,GNB,_T,2021,HE_HH_OWNER,_Z,_Z,_T,QUINT_Q3,_T,_T,_T,_T,_Z,_Z,_Z,_Z,_Z,0.4,A,,,,,,
AFW360_HH,GNB,_T,2021,HE_HH_OWNER,_Z,_Z,_T,QUINT_Q4,_T,_T,_T,_T,_Z,_Z,_Z,_Z,_Z,0.49,A,,,,,,
AFW360_HH,GNB,_T,2021,HE_HH_OWNER,_Z,_Z,_T,QUINT_Q5,_T,_T,_T,_T,_Z,_Z,_Z,_Z,_Z,0.5,A,,,,,,
AFW360_HH,GNB,_T,2021,HE_HH_OWNER,_Z,_Z,_T,_T,_T,_T,_T,_T,_Z,_Z,_Z,_Z,_Z,0.4,A,,,,,,
AFW360_HH,GNB,_T,2021,HE_HOME_BASED,_Z,_Z,OU,_T,_T,_T,_T,_T,_Z,_Z,_Z,_Z,_Z,0.56,A,,,,,,
AFW360_HH,GNB,_T,2021,HE_HOME_BASED,_Z,_Z,R,_T,_T,_T,_T,_T,_Z,_Z,_Z,_Z,_Z,0.62,A,,,,,,
AFW360_HH,GNB,_T,2021,HE_HOME_BASED,_Z,_Z,_T,HHH_AGE_GE35,_T,_T,_T,_T,_Z,_Z,_Z,_Z,_Z,0.57,A,,,,,,
AFW360_HH,GNB,_T,2021,HE_HOME_BASED,_Z,_Z,_T,HHH_AGE_LT35,_T,_T,_T,_T,_Z,_Z,_Z,_Z,_Z,0.64,A,,,,,,
AFW360_HH,GNB,_T,2021,HE_HOME_BASED,_Z,_Z,_T,HHH_SEX_F,_T,_T,_T,_T,_Z,_Z,_Z,_Z,_Z,0.62,A,,,,,,
AFW360_HH,GNB,_T,2021,HE_HOME_BASED,_Z,_Z,_T,HHH_SEX_M,_T,_T,_T,_T,_Z,_Z,_Z,_Z,_Z,0.56,A,,,,,,
AFW360_HH,GNB,_T,2021,HE_HOME_BASED,_Z,_Z,_T,QUINT_Q1,_T,_T,_T,_T,_Z,_Z,_Z,_Z,_Z,0.67,A,,,,,,
AFW360_HH,GNB,_T,2021,HE_HOME_BASED,_Z,_Z,_T,QUINT_Q2,_T,_T,_T,_T,_Z,_Z,_Z,_Z,_Z,0.49,A,,,,,,
AFW360_HH,GNB,_T,2021,HE_HOME_BASED,_Z,_Z,_T,QUINT_Q3,_T,_T,_T,_T,_Z,_Z,_Z,_Z,_Z,0.6,A,,,,,,
AFW360_HH,GNB,_T,2021,HE_HOME_BASED,_Z,_Z,_T,QUINT_Q4,_T,_T,_T,_T,_Z,_Z,_Z,_Z,_Z,0.55,A,,,,,,
AFW360_HH,GNB,_T,2021,HE_HOME_BASED,_Z,_Z,_T,QUINT_Q5,_T,_T,_T,_T,_Z,_Z,_Z,_Z,_Z,0.58,A,,,,,,
AFW360_HH,GNB,_T,2021,HE_HOME_BASED,_Z,_Z,_T,_T,_T,_T,_T,_T,_Z,_Z,_Z,_Z,_Z,0.58,A,,,,,,
AFW360_HH,GNB,_T,2021,HE_PHONE,_Z,_Z,OU,_T,_T,_T,_T,_T,_Z,_Z,_Z,_Z,_Z,0.99,A,,,,,,
AFW360_HH,GNB,_T,2021,HE_PHONE,_Z,_Z,R,_T,_T,_T,_T,_T,_Z,_Z,_Z,_Z,_Z,0.98,A,,,,,,
AFW360_HH,GNB,_T,2021,HE_PHONE,_Z,_Z,_T,HHH_AGE_GE35,_T,_T,_T,_T,_Z,_Z,_Z,_Z,_Z,0.99,A,,,,,,
AFW360_HH,GNB,_T,2021,HE_PHONE,_Z,_Z,_T,HHH_AGE_LT35,_T,_T,_T,_T,_Z,_Z,_Z,_Z,_Z,0.99,A,,,,,,
AFW360_HH,GNB,_T,2021,HE_PHONE,_Z,_Z,_T,HHH_SEX_F,_T,_T,_T,_T,_Z,_Z,_Z,_Z,_Z,0.98,A,,,,,,
AFW360_HH,GNB,_T,2021,HE_PHONE,_Z,_Z,_T,HHH_SEX_M,_T,_T,_T,_T,_Z,_Z,_Z,_Z,_Z,0.99,A,,,,,,
AFW360_HH,GNB,_T,2021,HE_PHONE,_Z,_Z,_T,QUINT_Q1,_T,_T,_T,_T,_Z,_Z,_Z,_Z,_Z,0.99,A,,,,,,
AFW360_HH,GNB,_T,2021,HE_PHONE,_Z,_Z,_T,QUINT_Q2,_T,_T,_T,_T,_Z,_Z,_Z,_Z,_Z,0.95,A,,,,,,
AFW360_HH,GNB,_T,2021,HE_PHONE,_Z,_Z,_T,QUINT_Q3,_T,_T,_T,_T,_Z,_Z,_Z,_Z,_Z,1,A,,,,,,
AFW360_HH,GNB,_T,2021,HE_PHONE,_Z,_Z,_T,QUINT_Q4,_T,_T,_T,_T,_Z,_Z,_Z,_Z,_Z,1,A,,,,,,
AFW360_HH,GNB,_T,2021,HE_PHONE,_Z,_Z,_T,QUINT_Q5,_T,_T,_T,_T,_Z,_Z,_Z,_Z,_Z,0.99,A,,,,,,
AFW360_HH,GNB,_T,2021,HE_PHONE,_Z,_Z,_T,_T,_T,_T,_T,_T,_Z,_Z,_Z,_Z,_Z,0.99,A,,,,,,
AFW360_HH,GNB,_T,2021,HE_PREMISES_FORMAL,_Z,_Z,OU,_T,_T,_T,_T,_T,_Z,_Z,_Z,_Z,_Z,0.05,A,,,,,,
AFW360_HH,GNB,_T,2021,HE_PREMISES_FORMAL,_Z,_Z,R,_T,_T,_T,_T,_T,_Z,_Z,_Z,_Z,_Z,0.02,A,,,,,,
AFW360_HH,GNB,_T,2021,HE_PREMISES_FORMAL,_Z,_Z,_T,HHH_AGE_GE35,_T,_T,_T,_T,_Z,_Z,_Z,_Z,_Z,0.05,A,,,,,,
AFW360_HH,GNB,_T,2021,HE_PREMISES_FORMAL,_Z,_Z,_T,HHH_AGE_LT35,_T,_T,_T,_T,_Z,_Z,_Z,_Z,_Z,0.01,A,,,,,,
AFW360_HH,GNB,_T,2021,HE_PREMISES_FORMAL,_Z,_Z,_T,HHH_SEX_F,_T,_T,_T,_T,_Z,_Z,_Z,_Z,_Z,0.02,A,,,,,,
AFW360_HH,GNB,_T,2021,HE_PREMISES_FORMAL,_Z,_Z,_T,HHH_SEX_M,_T,_T,_T,_T,_Z,_Z,_Z,_Z,_Z,0.05,A,,,,,,
AFW360_HH,GNB,_T,2021,HE_PREMISES_FORMAL,_Z,_Z,_T,QUINT_Q1,_T,_T,_T,_T,_Z,_Z,_Z,_Z,_Z,0,A,,,,,,
AFW360_HH,GNB,_T,2021,HE_PREMISES_FORMAL,_Z,_Z,_T,QUINT_Q2,_T,_T,_T,_T,_Z,_Z,_Z,_Z,_Z,0.04,A,,,,,,
AFW360_HH,GNB,_T,2021,HE_PREMISES_FORMAL,_Z,_Z,_T,QUINT_Q3,_T,_T,_T,_T,_Z,_Z,_Z,_Z,_Z,0.02,A,,,,,,
AFW360_HH,GNB,_T,2021,HE_PREMISES_FORMAL,_Z,_Z,_T,QUINT_Q4,_T,_T,_T,_T,_Z,_Z,_Z,_Z,_Z,0.05,A,,,,,,
AFW360_HH,GNB,_T,2021,HE_PREMISES_FORMAL,_Z,_Z,_T,QUINT_Q5,_T,_T,_T,_T,_Z,_Z,_Z,_Z,_Z,0.07,A,,,,,,
AFW360_HH,GNB,_T,2021,HE_PREMISES_FORMAL,_Z,_Z,_T,_T,_T,_T,_T,_T,_Z,_Z,_Z,_Z,_Z,0.04,A,,,,,,
AFW360_HH,GNB,_T,2021,HE_PROFIT,_Z,_Z,OU,_T,_T,_T,_T,_T,_Z,_Z,_Z,_Z,_Z,7917.1,A,,,,,,
AFW360_HH,GNB,_T,2021,HE_PROFIT,_Z,_Z,R,_T,_T,_T,_T,_T,_Z,_Z,_Z,_Z,_Z,1216.85,A,,,,,,
AFW360_HH,GNB,_T,2021,HE_PROFIT,_Z,_Z,_T,HHH_AGE_GE35,_T,_T,_T,_T,_Z,_Z,_Z,_Z,_Z,4045.56,A,,,,,,
AFW360_HH,GNB,_T,2021,HE_PROFIT,_Z,_Z,_T,HHH_AGE_LT35,_T,_T,_T,_T,_Z,_Z,_Z,_Z,_Z,6915.83,A,,,,,,
AFW360_HH,GNB,_T,2021,HE_PROFIT,_Z,_Z,_T,HHH_SEX_F,_T,_T,_T,_T,_Z,_Z,_Z,_Z,_Z,3152.54,A,,,,,,
AFW360_HH,GNB,_T,2021,HE_PROFIT,_Z,_Z,_T,HHH_SEX_M,_T,_T,_T,_T,_Z,_Z,_Z,_Z,_Z,4805.19,A,,,,,,
AFW360_HH,GNB,_T,2021,HE_PROFIT,_Z,_Z,_T,QUINT_Q1,_T,_T,_T,_T,_Z,_Z,_Z,_Z,_Z,756.28,A,,,,,,
AFW360_HH,GNB,_T,2021,HE_PROFIT,_Z,_Z,_T,QUINT_Q2,_T,_T,_T,_T,_Z,_Z,_Z,_Z,_Z,3182.22,A,,,,,,
AFW360_HH,GNB,_T,2021,HE_PROFIT,_Z,_Z,_T,QUINT_Q3,_T,_T,_T,_T,_Z,_Z,_Z,_Z,_Z,2703.5,A,,,,,,
AFW360_HH,GNB,_T,2021,HE_PROFIT,_Z,_Z,_T,QUINT_Q4,_T,_T,_T,_T,_Z,_Z,_Z,_Z,_Z,4321.15,A,,,,,,
AFW360_HH,GNB,_T,2021,HE_PROFIT,_Z,_Z,_T,QUINT_Q5,_T,_T,_T,_T,_Z,_Z,_Z,_Z,_Z,9861.84,A,,,,,,
AFW360_HH,GNB,_T,2021,HE_PROFIT,_Z,_Z,_T,_T,_T,_T,_T,_T,_Z,_Z,_Z,_Z,_Z,4463.61,A,,,,,,
AFW360_HH,GNB,_T,2021,HE_RENT,_Z,_Z,OU,_T,_T,_T,_T,_T,_Z,_Z,_Z,_Z,_Z,1,A,,,,,,
AFW360_HH,GNB,_T,2021,HE_RENT,_Z,_Z,R,_T,_T,_T,_T,_T,_Z,_Z,_Z,_Z,_Z,1,A,,,,,,
AFW360_HH,GNB,_T,2021,HE_RENT,_Z,_Z,_T,HHH_AGE_GE35,_T,_T,_T,_T,_Z,_Z,_Z,_Z,_Z,1,A,,,,,,
AFW360_HH,GNB,_T,2021,HE_RENT,_Z,_Z,_T,HHH_AGE_LT35,_T,_T,_T,_T,_Z,_Z,_Z,_Z,_Z,1,A,,,,,,
AFW360_HH,GNB,_T,2021,HE_RENT,_Z,_Z,_T,HHH_SEX_F,_T,_T,_T,_T,_Z,_Z,_Z,_Z,_Z,1,A,,,,,,
AFW360_HH,GNB,_T,2021,HE_RENT,_Z,_Z,_T,HHH_SEX_M,_T,_T,_T,_T,_Z,_Z,_Z,_Z,_Z,1,A,,,,,,
AFW360_HH,GNB,_T,2021,HE_RENT,_Z,_Z,_T,QUINT_Q1,_T,_T,_T,_T,_Z,_Z,_Z,_Z,_Z,,O,,,,,,"LEGACY_EMPTY: empty cell in sheet 'National', column 'estimateQ1'"
AFW360_HH,GNB,_T,2021,HE_RENT,_Z,_Z,_T,QUINT_Q2,_T,_T,_T,_T,_Z,_Z,_Z,_Z,_Z,1,A,,,,,,
AFW360_HH,GNB,_T,2021,HE_RENT,_Z,_Z,_T,QUINT_Q3,_T,_T,_T,_T,_Z,_Z,_Z,_Z,_Z,1,A,,,,,,
AFW360_HH,GNB,_T,2021,HE_RENT,_Z,_Z,_T,QUINT_Q4,_T,_T,_T,_T,_Z,_Z,_Z,_Z,_Z,1,A,,,,,,
AFW360_HH,GNB,_T,2021,HE_RENT,_Z,_Z,_T,QUINT_Q5,_T,_T,_T,_T,_Z,_Z,_Z,_Z,_Z,1,A,,,,,,
AFW360_HH,GNB,_T,2021,HE_RENT,_Z,_Z,_T,_T,_T,_T,_T,_T,_Z,_Z,_Z,_Z,_Z,1,A,,,,,,
AFW360_HH,GNB,_T,2021,HE_REV_PER_WORKER,_Z,_Z,OU,_T,_T,_T,_T,_T,_Z,_Z,_Z,_Z,_Z,202208.48,A,,,,,,
AFW360_HH,GNB,_T,2021,HE_REV_PER_WORKER,_Z,_Z,R,_T,_T,_T,_T,_T,_Z,_Z,_Z,_Z,_Z,,O,,,,,,"LEGACY_EMPTY: empty cell in sheet 'National', column 'estimateRural'"
AFW360_HH,GNB,_T,2021,HE_REV_PER_WORKER,_Z,_Z,_T,HHH_AGE_GE35,_T,_T,_T,_T,_Z,_Z,_Z,_Z,_Z,111984.42,A,,,,,,
AFW360_HH,GNB,_T,2021,HE_REV_PER_WORKER,_Z,_Z,_T,HHH_AGE_LT35,_T,_T,_T,_T,_Z,_Z,_Z,_Z,_Z,440710.92,A,,,,,,
AFW360_HH,GNB,_T,2021,HE_REV_PER_WORKER,_Z,_Z,_T,HHH_SEX_F,_T,_T,_T,_T,_Z,_Z,_Z,_Z,_Z,2375,A,,,,,,
AFW360_HH,GNB,_T,2021,HE_REV_PER_WORKER,_Z,_Z,_T,HHH_SEX_M,_T,_T,_T,_T,_Z,_Z,_Z,_Z,_Z,212554.64,A,,,,,,
AFW360_HH,GNB,_T,2021,HE_REV_PER_WORKER,_Z,_Z,_T,QUINT_Q1,_T,_T,_T,_T,_Z,_Z,_Z,_Z,_Z,,O,,,,,,"LEGACY_EMPTY: empty cell in sheet 'National', column 'estimateQ1'"
AFW360_HH,GNB,_T,2021,HE_REV_PER_WORKER,_Z,_Z,_T,QUINT_Q2,_T,_T,_T,_T,_Z,_Z,_Z,_Z,_Z,,O,,,,,,"LEGACY_EMPTY: empty cell in sheet 'National', column 'estimateQ2'"
AFW360_HH,GNB,_T,2021,HE_REV_PER_WORKER,_Z,_Z,_T,QUINT_Q3,_T,_T,_T,_T,_Z,_Z,_Z,_Z,_Z,,O,,,,,,"LEGACY_EMPTY: empty cell in sheet 'National', column 'estimateQ3'"
AFW360_HH,GNB,_T,2021,HE_REV_PER_WORKER,_Z,_Z,_T,QUINT_Q4,_T,_T,_T,_T,_Z,_Z,_Z,_Z,_Z,29948.58,A,,,,,,
AFW360_HH,GNB,_T,2021,HE_REV_PER_WORKER,_Z,_Z,_T,QUINT_Q5,_T,_T,_T,_T,_Z,_Z,_Z,_Z,_Z,333622.57,A,,,,,,
AFW360_HH,GNB,_T,2021,HE_REV_PER_WORKER,_Z,_Z,_T,_T,_T,_T,_T,_T,_Z,_Z,_Z,_Z,_Z,202208.48,A,,,,,,
AFW360_HH,GNB,_T,2021,HE_SELL_FIRMS,_Z,_Z,OU,_T,_T,_T,_T,_T,_Z,_Z,_Z,_Z,_Z,0.08,A,,,,,,
AFW360_HH,GNB,_T,2021,HE_SELL_FIRMS,_Z,_Z,R,_T,_T,_T,_T,_T,_Z,_Z,_Z,_Z,_Z,0.05,A,,,,,,
AFW360_HH,GNB,_T,2021,HE_SELL_FIRMS,_Z,_Z,_T,HHH_AGE_GE35,_T,_T,_T,_T,_Z,_Z,_Z,_Z,_Z,0.08,A,,,,,,
AFW360_HH,GNB,_T,2021,HE_SELL_FIRMS,_Z,_Z,_T,HHH_AGE_LT35,_T,_T,_T,_T,_Z,_Z,_Z,_Z,_Z,0.04,A,,,,,,
AFW360_HH,GNB,_T,2021,HE_SELL_FIRMS,_Z,_Z,_T,HHH_SEX_F,_T,_T,_T,_T,_Z,_Z,_Z,_Z,_Z,0.15,A,,,,,,
AFW360_HH,GNB,_T,2021,HE_SELL_FIRMS,_Z,_Z,_T,HHH_SEX_M,_T,_T,_T,_T,_Z,_Z,_Z,_Z,_Z,0.05,A,,,,,,
AFW360_HH,GNB,_T,2021,HE_SELL_FIRMS,_Z,_Z,_T,QUINT_Q1,_T,_T,_T,_T,_Z,_Z,_Z,_Z,_Z,0.09,A,,,,,,
AFW360_HH,GNB,_T,2021,HE_SELL_FIRMS,_Z,_Z,_T,QUINT_Q2,_T,_T,_T,_T,_Z,_Z,_Z,_Z,_Z,0.06,A,,,,,,
AFW360_HH,GNB,_T,2021,HE_SELL_FIRMS,_Z,_Z,_T,QUINT_Q3,_T,_T,_T,_T,_Z,_Z,_Z,_Z,_Z,0.05,A,,,,,,
AFW360_HH,GNB,_T,2021,HE_SELL_FIRMS,_Z,_Z,_T,QUINT_Q4,_T,_T,_T,_T,_Z,_Z,_Z,_Z,_Z,0.13,A,,,,,,
AFW360_HH,GNB,_T,2021,HE_SELL_FIRMS,_Z,_Z,_T,QUINT_Q5,_T,_T,_T,_T,_Z,_Z,_Z,_Z,_Z,0.04,A,,,,,,
AFW360_HH,GNB,_T,2021,HE_SELL_FIRMS,_Z,_Z,_T,_T,_T,_T,_T,_T,_Z,_Z,_Z,_Z,_Z,0.07,A,,,,,,
AFW360_HH,GNB,_T,2021,HE_TAX_ID,_Z,_Z,OU,_T,_T,_T,_T,_T,_Z,_Z,_Z,_Z,_Z,0.1,A,,,,,,
AFW360_HH,GNB,_T,2021,HE_TAX_ID,_Z,_Z,R,_T,_T,_T,_T,_T,_Z,_Z,_Z,_Z,_Z,0.04,A,,,,,,
AFW360_HH,GNB,_T,2021,HE_TAX_ID,_Z,_Z,_T,HHH_AGE_GE35,_T,_T,_T,_T,_Z,_Z,_Z,_Z,_Z,0.08,A,,,,,,
AFW360_HH,GNB,_T,2021,HE_TAX_ID,_Z,_Z,_T,HHH_AGE_LT35,_T,_T,_T,_T,_Z,_Z,_Z,_Z,_Z,0.07,A,,,,,,
AFW360_HH,GNB,_T,2021,HE_TAX_ID,_Z,_Z,_T,HHH_SEX_F,_T,_T,_T,_T,_Z,_Z,_Z,_Z,_Z,0.08,A,,,,,,
AFW360_HH,GNB,_T,2021,HE_TAX_ID,_Z,_Z,_T,HHH_SEX_M,_T,_T,_T,_T,_Z,_Z,_Z,_Z,_Z,0.08,A,,,,,,
AFW360_HH,GNB,_T,2021,HE_TAX_ID,_Z,_Z,_T,QUINT_Q1,_T,_T,_T,_T,_Z,_Z,_Z,_Z,_Z,0,A,,,,,,
AFW360_HH,GNB,_T,2021,HE_TAX_ID,_Z,_Z,_T,QUINT_Q2,_T,_T,_T,_T,_Z,_Z,_Z,_Z,_Z,0.07,A,,,,,,
AFW360_HH,GNB,_T,2021,HE_TAX_ID,_Z,_Z,_T,QUINT_Q3,_T,_T,_T,_T,_Z,_Z,_Z,_Z,_Z,0.08,A,,,,,,
AFW360_HH,GNB,_T,2021,HE_TAX_ID,_Z,_Z,_T,QUINT_Q4,_T,_T,_T,_T,_Z,_Z,_Z,_Z,_Z,0.15,A,,,,,,
AFW360_HH,GNB,_T,2021,HE_TAX_ID,_Z,_Z,_T,QUINT_Q5,_T,_T,_T,_T,_Z,_Z,_Z,_Z,_Z,0.07,A,,,,,,
AFW360_HH,GNB,_T,2021,HE_TAX_ID,_Z,_Z,_T,_T,_T,_T,_T,_T,_Z,_Z,_Z,_Z,_Z,0.08,A,,,,,,
AFW360_HH,GNB,_T,2021,HE_WATER,_Z,_Z,OU,_T,_T,_T,_T,_T,_Z,_Z,_Z,_Z,_Z,0.37,A,,,,,,
AFW360_HH,GNB,_T,2021,HE_WATER,_Z,_Z,R,_T,_T,_T,_T,_T,_Z,_Z,_Z,_Z,_Z,0,A,,,,,,
AFW360_HH,GNB,_T,2021,HE_WATER,_Z,_Z,_T,HHH_AGE_GE35,_T,_T,_T,_T,_Z,_Z,_Z,_Z,_Z,0.32,A,,,,,,
AFW360_HH,GNB,_T,2021,HE_WATER,_Z,_Z,_T,HHH_AGE_LT35,_T,_T,_T,_T,_Z,_Z,_Z,_Z,_Z,1,A,,,,,,
AFW360_HH,GNB,_T,2021,HE_WATER,_Z,_Z,_T,HHH_SEX_F,_T,_T,_T,_T,_Z,_Z,_Z,_Z,_Z,1,A,,,,,,
AFW360_HH,GNB,_T,2021,HE_WATER,_Z,_Z,_T,HHH_SEX_M,_T,_T,_T,_T,_Z,_Z,_Z,_Z,_Z,0.27,A,,,,,,
AFW360_HH,GNB,_T,2021,HE_WATER,_Z,_Z,_T,QUINT_Q1,_T,_T,_T,_T,_Z,_Z,_Z,_Z,_Z,,O,,,,,,"LEGACY_EMPTY: empty cell in sheet 'National', column 'estimateQ1'"
AFW360_HH,GNB,_T,2021,HE_WATER,_Z,_Z,_T,QUINT_Q2,_T,_T,_T,_T,_Z,_Z,_Z,_Z,_Z,1,A,,,,,,
AFW360_HH,GNB,_T,2021,HE_WATER,_Z,_Z,_T,QUINT_Q3,_T,_T,_T,_T,_Z,_Z,_Z,_Z,_Z,0,A,,,,,,
AFW360_HH,GNB,_T,2021,HE_WATER,_Z,_Z,_T,QUINT_Q4,_T,_T,_T,_T,_Z,_Z,_Z,_Z,_Z,0.74,A,,,,,,
AFW360_HH,GNB,_T,2021,HE_WATER,_Z,_Z,_T,QUINT_Q5,_T,_T,_T,_T,_Z,_Z,_Z,_Z,_Z,0.09,A,,,,,,
AFW360_HH,GNB,_T,2021,HE_WATER,_Z,_Z,_T,_T,_T,_T,_T,_T,_Z,_Z,_Z,_Z,_Z,0.35,A,,,,,,
AFW360_HH,GNB,_T,2021,HOUS_FLOOR_DURABLE,_Z,_Z,OU,_T,_T,_T,_T,_T,_Z,_Z,_Z,_Z,_Z,0.94,A,,,,,,
AFW360_HH,GNB,_T,2021,HOUS_FLOOR_DURABLE,_Z,_Z,R,_T,_T,_T,_T,_T,_Z,_Z,_Z,_Z,_Z,0.31,A,,,,,,
AFW360_HH,GNB,_T,2021,HOUS_FLOOR_DURABLE,_Z,_Z,_T,HHH_AGE_GE35,_T,_T,_T,_T,_Z,_Z,_Z,_Z,_Z,0.58,A,,,,,,
AFW360_HH,GNB,_T,2021,HOUS_FLOOR_DURABLE,_Z,_Z,_T,HHH_AGE_LT35,_T,_T,_T,_T,_Z,_Z,_Z,_Z,_Z,0.52,A,,,,,,
AFW360_HH,GNB,_T,2021,HOUS_FLOOR_DURABLE,_Z,_Z,_T,HHH_SEX_F,_T,_T,_T,_T,_Z,_Z,_Z,_Z,_Z,0.74,A,,,,,,
AFW360_HH,GNB,_T,2021,HOUS_FLOOR_DURABLE,_Z,_Z,_T,HHH_SEX_M,_T,_T,_T,_T,_Z,_Z,_Z,_Z,_Z,0.54,A,,,,,,
AFW360_HH,GNB,_T,2021,HOUS_FLOOR_DURABLE,_Z,_Z,_T,QUINT_Q1,_T,_T,_T,_T,_Z,_Z,_Z,_Z,_Z,0.29,A,,,,,,
AFW360_HH,GNB,_T,2021,HOUS_FLOOR_DURABLE,_Z,_Z,_T,QUINT_Q2,_T,_T,_T,_T,_Z,_Z,_Z,_Z,_Z,0.46,A,,,,,,
AFW360_HH,GNB,_T,2021,HOUS_FLOOR_DURABLE,_Z,_Z,_T,QUINT_Q3,_T,_T,_T,_T,_Z,_Z,_Z,_Z,_Z,0.58,A,,,,,,
AFW360_HH,GNB,_T,2021,HOUS_FLOOR_DURABLE,_Z,_Z,_T,QUINT_Q4,_T,_T,_T,_T,_Z,_Z,_Z,_Z,_Z,0.71,A,,,,,,
AFW360_HH,GNB,_T,2021,HOUS_FLOOR_DURABLE,_Z,_Z,_T,QUINT_Q5,_T,_T,_T,_T,_Z,_Z,_Z,_Z,_Z,0.84,A,,,,,,
AFW360_HH,GNB,_T,2021,HOUS_FLOOR_DURABLE,_Z,_Z,_T,_T,_T,_T,_T,_T,_Z,_Z,_Z,_Z,_Z,0.57,A,,,,,,
AFW360_HH,GNB,_T,2021,HOUS_ROOF_DURABLE,_Z,_Z,OU,_T,_T,_T,_T,_T,_Z,_Z,_Z,_Z,_Z,0.99,A,,,,,,
AFW360_HH,GNB,_T,2021,HOUS_ROOF_DURABLE,_Z,_Z,R,_T,_T,_T,_T,_T,_Z,_Z,_Z,_Z,_Z,0.88,A,,,,,,
AFW360_HH,GNB,_T,2021,HOUS_ROOF_DURABLE,_Z,_Z,_T,HHH_AGE_GE35,_T,_T,_T,_T,_Z,_Z,_Z,_Z,_Z,0.93,A,,,,,,
AFW360_HH,GNB,_T,2021,HOUS_ROOF_DURABLE,_Z,_Z,_T,HHH_AGE_LT35,_T,_T,_T,_T,_Z,_Z,_Z,_Z,_Z,0.9,A,,,,,,
AFW360_HH,GNB,_T,2021,HOUS_ROOF_DURABLE,_Z,_Z,_T,HHH_SEX_F,_T,_T,_T,_T,_Z,_Z,_Z,_Z,_Z,0.96,A,,,,,,
AFW360_HH,GNB,_T,2021,HOUS_ROOF_DURABLE,_Z,_Z,_T,HHH_SEX_M,_T,_T,_T,_T,_Z,_Z,_Z,_Z,_Z,0.92,A,,,,,,
AFW360_HH,GNB,_T,2021,HOUS_ROOF_DURABLE,_Z,_Z,_T,QUINT_Q1,_T,_T,_T,_T,_Z,_Z,_Z,_Z,_Z,0.91,A,,,,,,
AFW360_HH,GNB,_T,2021,HOUS_ROOF_DURABLE,_Z,_Z,_T,QUINT_Q2,_T,_T,_T,_T,_Z,_Z,_Z,_Z,_Z,0.92,A,,,,,,
AFW360_HH,GNB,_T,2021,HOUS_ROOF_DURABLE,_Z,_Z,_T,QUINT_Q3,_T,_T,_T,_T,_Z,_Z,_Z,_Z,_Z,0.92,A,,,,,,
AFW360_HH,GNB,_T,2021,HOUS_ROOF_DURABLE,_Z,_Z,_T,QUINT_Q4,_T,_T,_T,_T,_Z,_Z,_Z,_Z,_Z,0.93,A,,,,,,
AFW360_HH,GNB,_T,2021,HOUS_ROOF_DURABLE,_Z,_Z,_T,QUINT_Q5,_T,_T,_T,_T,_Z,_Z,_Z,_Z,_Z,0.97,A,,,,,,
AFW360_HH,GNB,_T,2021,HOUS_ROOF_DURABLE,_Z,_Z,_T,_T,_T,_T,_T,_T,_Z,_Z,_Z,_Z,_Z,0.93,A,,,,,,
AFW360_HH,GNB,_T,2021,HOUS_SANIT_IMPROVED,_Z,_Z,OU,_T,_T,_T,_T,_T,_Z,_Z,_Z,_Z,_Z,0.49,A,,,,,,
AFW360_HH,GNB,_T,2021,HOUS_SANIT_IMPROVED,_Z,_Z,R,_T,_T,_T,_T,_T,_Z,_Z,_Z,_Z,_Z,0.09,A,,,,,,
AFW360_HH,GNB,_T,2021,HOUS_SANIT_IMPROVED,_Z,_Z,_T,HHH_AGE_GE35,_T,_T,_T,_T,_Z,_Z,_Z,_Z,_Z,0.25,A,,,,,,
AFW360_HH,GNB,_T,2021,HOUS_SANIT_IMPROVED,_Z,_Z,_T,HHH_AGE_LT35,_T,_T,_T,_T,_Z,_Z,_Z,_Z,_Z,0.25,A,,,,,,
AFW360_HH,GNB,_T,2021,HOUS_SANIT_IMPROVED,_Z,_Z,_T,HHH_SEX_F,_T,_T,_T,_T,_Z,_Z,_Z,_Z,_Z,0.37,A,,,,,,
AFW360_HH,GNB,_T,2021,HOUS_SANIT_IMPROVED,_Z,_Z,_T,HHH_SEX_M,_T,_T,_T,_T,_Z,_Z,_Z,_Z,_Z,0.22,A,,,,,,
AFW360_HH,GNB,_T,2021,HOUS_SANIT_IMPROVED,_Z,_Z,_T,QUINT_Q1,_T,_T,_T,_T,_Z,_Z,_Z,_Z,_Z,0.1,A,,,,,,
AFW360_HH,GNB,_T,2021,HOUS_SANIT_IMPROVED,_Z,_Z,_T,QUINT_Q2,_T,_T,_T,_T,_Z,_Z,_Z,_Z,_Z,0.11,A,,,,,,
AFW360_HH,GNB,_T,2021,HOUS_SANIT_IMPROVED,_Z,_Z,_T,QUINT_Q3,_T,_T,_T,_T,_Z,_Z,_Z,_Z,_Z,0.23,A,,,,,,
AFW360_HH,GNB,_T,2021,HOUS_SANIT_IMPROVED,_Z,_Z,_T,QUINT_Q4,_T,_T,_T,_T,_Z,_Z,_Z,_Z,_Z,0.3,A,,,,,,
AFW360_HH,GNB,_T,2021,HOUS_SANIT_IMPROVED,_Z,_Z,_T,QUINT_Q5,_T,_T,_T,_T,_Z,_Z,_Z,_Z,_Z,0.53,A,,,,,,
AFW360_HH,GNB,_T,2021,HOUS_SANIT_IMPROVED,_Z,_Z,_T,_T,_T,_T,_T,_T,_Z,_Z,_Z,_Z,_Z,0.25,A,,,,,,
AFW360_HH,GNB,_T,2021,HOUS_WALL_DURABLE,_Z,_Z,OU,_T,_T,_T,_T,_T,_Z,_Z,_Z,_Z,_Z,0.43,A,,,,,,
AFW360_HH,GNB,_T,2021,HOUS_WALL_DURABLE,_Z,_Z,R,_T,_T,_T,_T,_T,_Z,_Z,_Z,_Z,_Z,0.25,A,,,,,,
AFW360_HH,GNB,_T,2021,HOUS_WALL_DURABLE,_Z,_Z,_T,HHH_AGE_GE35,_T,_T,_T,_T,_Z,_Z,_Z,_Z,_Z,0.33,A,,,,,,
AFW360_HH,GNB,_T,2021,HOUS_WALL_DURABLE,_Z,_Z,_T,HHH_AGE_LT35,_T,_T,_T,_T,_Z,_Z,_Z,_Z,_Z,0.31,A,,,,,,
AFW360_HH,GNB,_T,2021,HOUS_WALL_DURABLE,_Z,_Z,_T,HHH_SEX_F,_T,_T,_T,_T,_Z,_Z,_Z,_Z,_Z,0.36,A,,,,,,
AFW360_HH,GNB,_T,2021,HOUS_WALL_DURABLE,_Z,_Z,_T,HHH_SEX_M,_T,_T,_T,_T,_Z,_Z,_Z,_Z,_Z,0.32,A,,,,,,
AFW360_HH,GNB,_T,2021,HOUS_WALL_DURABLE,_Z,_Z,_T,QUINT_Q1,_T,_T,_T,_T,_Z,_Z,_Z,_Z,_Z,0.29,A,,,,,,
AFW360_HH,GNB,_T,2021,HOUS_WALL_DURABLE,_Z,_Z,_T,QUINT_Q2,_T,_T,_T,_T,_Z,_Z,_Z,_Z,_Z,0.26,A,,,,,,
AFW360_HH,GNB,_T,2021,HOUS_WALL_DURABLE,_Z,_Z,_T,QUINT_Q3,_T,_T,_T,_T,_Z,_Z,_Z,_Z,_Z,0.32,A,,,,,,
AFW360_HH,GNB,_T,2021,HOUS_WALL_DURABLE,_Z,_Z,_T,QUINT_Q4,_T,_T,_T,_T,_Z,_Z,_Z,_Z,_Z,0.35,A,,,,,,
AFW360_HH,GNB,_T,2021,HOUS_WALL_DURABLE,_Z,_Z,_T,QUINT_Q5,_T,_T,_T,_T,_Z,_Z,_Z,_Z,_Z,0.41,A,,,,,,
AFW360_HH,GNB,_T,2021,HOUS_WALL_DURABLE,_Z,_Z,_T,_T,_T,_T,_T,_T,_Z,_Z,_Z,_Z,_Z,0.32,A,,,,,,
AFW360_HH,GNB,_T,2021,HOUS_WATER_SAFE_DRY,_Z,_Z,OU,_T,_T,_T,_T,_T,_Z,_Z,_Z,_Z,_Z,0.9,A,,,,,,
AFW360_HH,GNB,_T,2021,HOUS_WATER_SAFE_DRY,_Z,_Z,R,_T,_T,_T,_T,_T,_Z,_Z,_Z,_Z,_Z,0.64,A,,,,,,
AFW360_HH,GNB,_T,2021,HOUS_WATER_SAFE_DRY,_Z,_Z,_T,HHH_AGE_GE35,_T,_T,_T,_T,_Z,_Z,_Z,_Z,_Z,0.75,A,,,,,,
AFW360_HH,GNB,_T,2021,HOUS_WATER_SAFE_DRY,_Z,_Z,_T,HHH_AGE_LT35,_T,_T,_T,_T,_Z,_Z,_Z,_Z,_Z,0.73,A,,,,,,
AFW360_HH,GNB,_T,2021,HOUS_WATER_SAFE_DRY,_Z,_Z,_T,HHH_SEX_F,_T,_T,_T,_T,_Z,_Z,_Z,_Z,_Z,0.82,A,,,,,,
AFW360_HH,GNB,_T,2021,HOUS_WATER_SAFE_DRY,_Z,_Z,_T,HHH_SEX_M,_T,_T,_T,_T,_Z,_Z,_Z,_Z,_Z,0.73,A,,,,,,
AFW360_HH,GNB,_T,2021,HOUS_WATER_SAFE_DRY,_Z,_Z,_T,QUINT_Q1,_T,_T,_T,_T,_Z,_Z,_Z,_Z,_Z,0.64,A,,,,,,
AFW360_HH,GNB,_T,2021,HOUS_WATER_SAFE_DRY,_Z,_Z,_T,QUINT_Q2,_T,_T,_T,_T,_Z,_Z,_Z,_Z,_Z,0.69,A,,,,,,
AFW360_HH,GNB,_T,2021,HOUS_WATER_SAFE_DRY,_Z,_Z,_T,QUINT_Q3,_T,_T,_T,_T,_Z,_Z,_Z,_Z,_Z,0.73,A,,,,,,
AFW360_HH,GNB,_T,2021,HOUS_WATER_SAFE_DRY,_Z,_Z,_T,QUINT_Q4,_T,_T,_T,_T,_Z,_Z,_Z,_Z,_Z,0.79,A,,,,,,
AFW360_HH,GNB,_T,2021,HOUS_WATER_SAFE_DRY,_Z,_Z,_T,QUINT_Q5,_T,_T,_T,_T,_Z,_Z,_Z,_Z,_Z,0.88,A,,,,,,
AFW360_HH,GNB,_T,2021,HOUS_WATER_SAFE_DRY,_Z,_Z,_T,_T,_T,_T,_T,_T,_Z,_Z,_Z,_Z,_Z,0.75,A,,,,,,
AFW360_HH,GNB,_T,2021,POP_HE_SH,_Z,_Z,OU,HEO_MSTAT_MARRIED,_T,_T,_T,_T,_Z,_Z,_Z,_Z,_Z,0.31,A,,,,,,
AFW360_HH,GNB,_T,2021,POP_HE_SH,_Z,_Z,OU,HEO_SEX_F,_T,_T,_T,_T,_Z,_Z,_Z,_Z,_Z,0.65,A,,,,,,
AFW360_HH,GNB,_T,2021,POP_HE_SH,_Z,_Z,R,HEO_MSTAT_MARRIED,_T,_T,_T,_T,_Z,_Z,_Z,_Z,_Z,0.46,A,,,,,,
AFW360_HH,GNB,_T,2021,POP_HE_SH,_Z,_Z,R,HEO_SEX_F,_T,_T,_T,_T,_Z,_Z,_Z,_Z,_Z,0.58,A,,,,,,
AFW360_HH,GNB,_T,2021,POP_HE_SH,_Z,_Z,_T,HEO_MSTAT_MARRIED,_T,_T,_T,_T,_Z,_Z,_Z,_Z,_Z,0.36,A,,,,,,
AFW360_HH,GNB,_T,2021,POP_HE_SH,_Z,_Z,_T,HEO_SEX_F,_T,_T,_T,_T,_Z,_Z,_Z,_Z,_Z,0.62,A,,,,,,
AFW360_HH,GNB,_T,2021,POP_HE_SH,_Z,_Z,_T,HHH_AGE_GE35,HEO_MSTAT_MARRIED,_T,_T,_T,_Z,_Z,_Z,_Z,_Z,0.37,A,,,,,,
AFW360_HH,GNB,_T,2021,POP_HE_SH,_Z,_Z,_T,HHH_AGE_GE35,HEO_SEX_F,_T,_T,_T,_Z,_Z,_Z,_Z,_Z,0.64,A,,,,,,
AFW360_HH,GNB,_T,2021,POP_HE_SH,_Z,_Z,_T,HHH_AGE_LT35,HEO_MSTAT_MARRIED,_T,_T,_T,_Z,_Z,_Z,_Z,_Z,0.3,A,,,,,,
AFW360_HH,GNB,_T,2021,POP_HE_SH,_Z,_Z,_T,HHH_AGE_LT35,HEO_SEX_F,_T,_T,_T,_Z,_Z,_Z,_Z,_Z,0.54,A,,,,,,
AFW360_HH,GNB,_T,2021,POP_HE_SH,_Z,_Z,_T,HHH_SEX_F,HEO_MSTAT_MARRIED,_T,_T,_T,_Z,_Z,_Z,_Z,_Z,0.06,A,,,,,,
AFW360_HH,GNB,_T,2021,POP_HE_SH,_Z,_Z,_T,HHH_SEX_F,HEO_SEX_F,_T,_T,_T,_Z,_Z,_Z,_Z,_Z,0.7,A,,,,,,
AFW360_HH,GNB,_T,2021,POP_HE_SH,_Z,_Z,_T,HHH_SEX_M,HEO_MSTAT_MARRIED,_T,_T,_T,_Z,_Z,_Z,_Z,_Z,0.45,A,,,,,,
AFW360_HH,GNB,_T,2021,POP_HE_SH,_Z,_Z,_T,HHH_SEX_M,HEO_SEX_F,_T,_T,_T,_Z,_Z,_Z,_Z,_Z,0.6,A,,,,,,
AFW360_HH,GNB,_T,2021,POP_HE_SH,_Z,_Z,_T,QUINT_Q1,HEO_MSTAT_MARRIED,_T,_T,_T,_Z,_Z,_Z,_Z,_Z,0.47,A,,,,,,
AFW360_HH,GNB,_T,2021,POP_HE_SH,_Z,_Z,_T,QUINT_Q1,HEO_SEX_F,_T,_T,_T,_Z,_Z,_Z,_Z,_Z,0.65,A,,,,,,
AFW360_HH,GNB,_T,2021,POP_HE_SH,_Z,_Z,_T,QUINT_Q2,HEO_MSTAT_MARRIED,_T,_T,_T,_Z,_Z,_Z,_Z,_Z,0.45,A,,,,,,
AFW360_HH,GNB,_T,2021,POP_HE_SH,_Z,_Z,_T,QUINT_Q2,HEO_SEX_F,_T,_T,_T,_Z,_Z,_Z,_Z,_Z,0.67,A,,,,,,
AFW360_HH,GNB,_T,2021,POP_HE_SH,_Z,_Z,_T,QUINT_Q3,HEO_MSTAT_MARRIED,_T,_T,_T,_Z,_Z,_Z,_Z,_Z,0.25,A,,,,,,
AFW360_HH,GNB,_T,2021,POP_HE_SH,_Z,_Z,_T,QUINT_Q3,HEO_SEX_F,_T,_T,_T,_Z,_Z,_Z,_Z,_Z,0.62,A,,,,,,
AFW360_HH,GNB,_T,2021,POP_HE_SH,_Z,_Z,_T,QUINT_Q4,HEO_MSTAT_MARRIED,_T,_T,_T,_Z,_Z,_Z,_Z,_Z,0.34,A,,,,,,
AFW360_HH,GNB,_T,2021,POP_HE_SH,_Z,_Z,_T,QUINT_Q4,HEO_SEX_F,_T,_T,_T,_Z,_Z,_Z,_Z,_Z,0.71,A,,,,,,
AFW360_HH,GNB,_T,2021,POP_HE_SH,_Z,_Z,_T,QUINT_Q5,HEO_MSTAT_MARRIED,_T,_T,_T,_Z,_Z,_Z,_Z,_Z,0.35,A,,,,,,
AFW360_HH,GNB,_T,2021,POP_HE_SH,_Z,_Z,_T,QUINT_Q5,HEO_SEX_F,_T,_T,_T,_Z,_Z,_Z,_Z,_Z,0.52,A,,,,,,
AFW360_HH,GNB,_T,2021,POP_HH_SH,_Z,_Z,OU,HE_COUNT_0,_T,_T,_T,_T,_Z,_Z,_Z,_Z,_Z,0.3,A,,,,,,
AFW360_HH,GNB,_T,2021,POP_HH_SH,_Z,_Z,OU,HE_COUNT_1,_T,_T,_T,_T,_Z,_Z,_Z,_Z,_Z,0.53,A,,,,,,
AFW360_HH,GNB,_T,2021,POP_HH_SH,_Z,_Z,OU,HE_COUNT_2,_T,_T,_T,_T,_Z,_Z,_Z,_Z,_Z,0.15,A,,,,,,
AFW360_HH,GNB,_T,2021,POP_HH_SH,_Z,_Z,OU,HE_COUNT_3,_T,_T,_T,_T,_Z,_Z,_Z,_Z,_Z,0.02,A,,,,,,
AFW360_HH,GNB,_T,2021,POP_HH_SH,_Z,_Z,OU,HE_COUNT_4P,_T,_T,_T,_T,_Z,_Z,_Z,_Z,_Z,0,A,,,,,,
AFW360_HH,GNB,_T,2021,POP_HH_SH,_Z,_Z,R,HE_COUNT_0,_T,_T,_T,_T,_Z,_Z,_Z,_Z,_Z,0.52,A,,,,,,
AFW360_HH,GNB,_T,2021,POP_HH_SH,_Z,_Z,R,HE_COUNT_1,_T,_T,_T,_T,_Z,_Z,_Z,_Z,_Z,0.4,A,,,,,,
AFW360_HH,GNB,_T,2021,POP_HH_SH,_Z,_Z,R,HE_COUNT_2,_T,_T,_T,_T,_Z,_Z,_Z,_Z,_Z,0.08,A,,,,,,
AFW360_HH,GNB,_T,2021,POP_HH_SH,_Z,_Z,R,HE_COUNT_3,_T,_T,_T,_T,_Z,_Z,_Z,_Z,_Z,0,A,,,,,,
AFW360_HH,GNB,_T,2021,POP_HH_SH,_Z,_Z,R,HE_COUNT_4P,_T,_T,_T,_T,_Z,_Z,_Z,_Z,_Z,0,A,,,,,,
AFW360_HH,GNB,_T,2021,POP_HH_SH,_Z,_Z,_T,HE_COUNT_0,_T,_T,_T,_T,_Z,_Z,_Z,_Z,_Z,0.41,A,,,,,,
AFW360_HH,GNB,_T,2021,POP_HH_SH,_Z,_Z,_T,HE_COUNT_1,_T,_T,_T,_T,_Z,_Z,_Z,_Z,_Z,0.46,A,,,,,,
AFW360_HH,GNB,_T,2021,POP_HH_SH,_Z,_Z,_T,HE_COUNT_2,_T,_T,_T,_T,_Z,_Z,_Z,_Z,_Z,0.11,A,,,,,,
AFW360_HH,GNB,_T,2021,POP_HH_SH,_Z,_Z,_T,HE_COUNT_3,_T,_T,_T,_T,_Z,_Z,_Z,_Z,_Z,0.01,A,,,,,,
AFW360_HH,GNB,_T,2021,POP_HH_SH,_Z,_Z,_T,HE_COUNT_4P,_T,_T,_T,_T,_Z,_Z,_Z,_Z,_Z,0,A,,,,,,
AFW360_HH,GNB,_T,2021,POP_HH_SH,_Z,_Z,_T,HHH_AGE_GE35,HE_COUNT_0,_T,_T,_T,_Z,_Z,_Z,_Z,_Z,0.41,A,,,,,,
AFW360_HH,GNB,_T,2021,POP_HH_SH,_Z,_Z,_T,HHH_AGE_GE35,HE_COUNT_1,_T,_T,_T,_Z,_Z,_Z,_Z,_Z,0.46,A,,,,,,
AFW360_HH,GNB,_T,2021,POP_HH_SH,_Z,_Z,_T,HHH_AGE_GE35,HE_COUNT_2,_T,_T,_T,_Z,_Z,_Z,_Z,_Z,0.12,A,,,,,,
AFW360_HH,GNB,_T,2021,POP_HH_SH,_Z,_Z,_T,HHH_AGE_GE35,HE_COUNT_3,_T,_T,_T,_Z,_Z,_Z,_Z,_Z,0.01,A,,,,,,
AFW360_HH,GNB,_T,2021,POP_HH_SH,_Z,_Z,_T,HHH_AGE_GE35,HE_COUNT_4P,_T,_T,_T,_Z,_Z,_Z,_Z,_Z,0,A,,,,,,
AFW360_HH,GNB,_T,2021,POP_HH_SH,_Z,_Z,_T,HHH_AGE_LT35,HE_COUNT_0,_T,_T,_T,_Z,_Z,_Z,_Z,_Z,0.44,A,,,,,,
AFW360_HH,GNB,_T,2021,POP_HH_SH,_Z,_Z,_T,HHH_AGE_LT35,HE_COUNT_1,_T,_T,_T,_Z,_Z,_Z,_Z,_Z,0.49,A,,,,,,
AFW360_HH,GNB,_T,2021,POP_HH_SH,_Z,_Z,_T,HHH_AGE_LT35,HE_COUNT_2,_T,_T,_T,_Z,_Z,_Z,_Z,_Z,0.05,A,,,,,,
AFW360_HH,GNB,_T,2021,POP_HH_SH,_Z,_Z,_T,HHH_AGE_LT35,HE_COUNT_3,_T,_T,_T,_Z,_Z,_Z,_Z,_Z,0.01,A,,,,,,
AFW360_HH,GNB,_T,2021,POP_HH_SH,_Z,_Z,_T,HHH_AGE_LT35,HE_COUNT_4P,_T,_T,_T,_Z,_Z,_Z,_Z,_Z,0,A,,,,,,
AFW360_HH,GNB,_T,2021,POP_HH_SH,_Z,_Z,_T,HHH_SEX_F,HE_COUNT_0,_T,_T,_T,_Z,_Z,_Z,_Z,_Z,0.37,A,,,,,,
AFW360_HH,GNB,_T,2021,POP_HH_SH,_Z,_Z,_T,HHH_SEX_F,HE_COUNT_1,_T,_T,_T,_Z,_Z,_Z,_Z,_Z,0.53,A,,,,,,
AFW360_HH,GNB,_T,2021,POP_HH_SH,_Z,_Z,_T,HHH_SEX_F,HE_COUNT_2,_T,_T,_T,_Z,_Z,_Z,_Z,_Z,0.09,A,,,,,,
AFW360_HH,GNB,_T,2021,POP_HH_SH,_Z,_Z,_T,HHH_SEX_F,HE_COUNT_3,_T,_T,_T,_Z,_Z,_Z,_Z,_Z,0.01,A,,,,,,
AFW360_HH,GNB,_T,2021,POP_HH_SH,_Z,_Z,_T,HHH_SEX_F,HE_COUNT_4P,_T,_T,_T,_Z,_Z,_Z,_Z,_Z,0,A,,,,,,
AFW360_HH,GNB,_T,2021,POP_HH_SH,_Z,_Z,_T,HHH_SEX_M,HE_COUNT_0,_T,_T,_T,_Z,_Z,_Z,_Z,_Z,0.42,A,,,,,,
AFW360_HH,GNB,_T,2021,POP_HH_SH,_Z,_Z,_T,HHH_SEX_M,HE_COUNT_1,_T,_T,_T,_Z,_Z,_Z,_Z,_Z,0.45,A,,,,,,
AFW360_HH,GNB,_T,2021,POP_HH_SH,_Z,_Z,_T,HHH_SEX_M,HE_COUNT_2,_T,_T,_T,_Z,_Z,_Z,_Z,_Z,0.12,A,,,,,,
AFW360_HH,GNB,_T,2021,POP_HH_SH,_Z,_Z,_T,HHH_SEX_M,HE_COUNT_3,_T,_T,_T,_Z,_Z,_Z,_Z,_Z,0.01,A,,,,,,
AFW360_HH,GNB,_T,2021,POP_HH_SH,_Z,_Z,_T,HHH_SEX_M,HE_COUNT_4P,_T,_T,_T,_Z,_Z,_Z,_Z,_Z,0,A,,,,,,
AFW360_HH,GNB,_T,2021,POP_HH_SH,_Z,_Z,_T,QUINT_Q1,HE_COUNT_0,_T,_T,_T,_Z,_Z,_Z,_Z,_Z,0.51,A,,,,,,
AFW360_HH,GNB,_T,2021,POP_HH_SH,_Z,_Z,_T,QUINT_Q1,HE_COUNT_1,_T,_T,_T,_Z,_Z,_Z,_Z,_Z,0.39,A,,,,,,
AFW360_HH,GNB,_T,2021,POP_HH_SH,_Z,_Z,_T,QUINT_Q1,HE_COUNT_2,_T,_T,_T,_Z,_Z,_Z,_Z,_Z,0.1,A,,,,,,
AFW360_HH,GNB,_T,2021,POP_HH_SH,_Z,_Z,_T,QUINT_Q1,HE_COUNT_3,_T,_T,_T,_Z,_Z,_Z,_Z,_Z,0,A,,,,,,
AFW360_HH,GNB,_T,2021,POP_HH_SH,_Z,_Z,_T,QUINT_Q1,HE_COUNT_4P,_T,_T,_T,_Z,_Z,_Z,_Z,_Z,0,A,,,,,,
AFW360_HH,GNB,_T,2021,POP_HH_SH,_Z,_Z,_T,QUINT_Q2,HE_COUNT_0,_T,_T,_T,_Z,_Z,_Z,_Z,_Z,0.4,A,,,,,,
AFW360_HH,GNB,_T,2021,POP_HH_SH,_Z,_Z,_T,QUINT_Q2,HE_COUNT_1,_T,_T,_T,_Z,_Z,_Z,_Z,_Z,0.47,A,,,,,,
AFW360_HH,GNB,_T,2021,POP_HH_SH,_Z,_Z,_T,QUINT_Q2,HE_COUNT_2,_T,_T,_T,_Z,_Z,_Z,_Z,_Z,0.1,A,,,,,,
AFW360_HH,GNB,_T,2021,POP_HH_SH,_Z,_Z,_T,QUINT_Q2,HE_COUNT_3,_T,_T,_T,_Z,_Z,_Z,_Z,_Z,0.02,A,,,,,,
AFW360_HH,GNB,_T,2021,POP_HH_SH,_Z,_Z,_T,QUINT_Q2,HE_COUNT_4P,_T,_T,_T,_Z,_Z,_Z,_Z,_Z,0,A,,,,,,
AFW360_HH,GNB,_T,2021,POP_HH_SH,_Z,_Z,_T,QUINT_Q3,HE_COUNT_0,_T,_T,_T,_Z,_Z,_Z,_Z,_Z,0.42,A,,,,,,
AFW360_HH,GNB,_T,2021,POP_HH_SH,_Z,_Z,_T,QUINT_Q3,HE_COUNT_1,_T,_T,_T,_Z,_Z,_Z,_Z,_Z,0.47,A,,,,,,
AFW360_HH,GNB,_T,2021,POP_HH_SH,_Z,_Z,_T,QUINT_Q3,HE_COUNT_2,_T,_T,_T,_Z,_Z,_Z,_Z,_Z,0.1,A,,,,,,
AFW360_HH,GNB,_T,2021,POP_HH_SH,_Z,_Z,_T,QUINT_Q3,HE_COUNT_3,_T,_T,_T,_Z,_Z,_Z,_Z,_Z,0.01,A,,,,,,
AFW360_HH,GNB,_T,2021,POP_HH_SH,_Z,_Z,_T,QUINT_Q3,HE_COUNT_4P,_T,_T,_T,_Z,_Z,_Z,_Z,_Z,0,A,,,,,,
AFW360_HH,GNB,_T,2021,POP_HH_SH,_Z,_Z,_T,QUINT_Q4,HE_COUNT_0,_T,_T,_T,_Z,_Z,_Z,_Z,_Z,0.36,A,,,,,,
AFW360_HH,GNB,_T,2021,POP_HH_SH,_Z,_Z,_T,QUINT_Q4,HE_COUNT_1,_T,_T,_T,_Z,_Z,_Z,_Z,_Z,0.51,A,,,,,,
AFW360_HH,GNB,_T,2021,POP_HH_SH,_Z,_Z,_T,QUINT_Q4,HE_COUNT_2,_T,_T,_T,_Z,_Z,_Z,_Z,_Z,0.12,A,,,,,,
AFW360_HH,GNB,_T,2021,POP_HH_SH,_Z,_Z,_T,QUINT_Q4,HE_COUNT_3,_T,_T,_T,_Z,_Z,_Z,_Z,_Z,0.01,A,,,,,,
AFW360_HH,GNB,_T,2021,POP_HH_SH,_Z,_Z,_T,QUINT_Q4,HE_COUNT_4P,_T,_T,_T,_Z,_Z,_Z,_Z,_Z,0,A,,,,,,
AFW360_HH,GNB,_T,2021,POP_HH_SH,_Z,_Z,_T,QUINT_Q5,HE_COUNT_0,_T,_T,_T,_Z,_Z,_Z,_Z,_Z,0.38,A,,,,,,
AFW360_HH,GNB,_T,2021,POP_HH_SH,_Z,_Z,_T,QUINT_Q5,HE_COUNT_1,_T,_T,_T,_Z,_Z,_Z,_Z,_Z,0.46,A,,,,,,
AFW360_HH,GNB,_T,2021,POP_HH_SH,_Z,_Z,_T,QUINT_Q5,HE_COUNT_2,_T,_T,_T,_Z,_Z,_Z,_Z,_Z,0.14,A,,,,,,
AFW360_HH,GNB,_T,2021,POP_HH_SH,_Z,_Z,_T,QUINT_Q5,HE_COUNT_3,_T,_T,_T,_Z,_Z,_Z,_Z,_Z,0.01,A,,,,,,
AFW360_HH,GNB,_T,2021,POP_HH_SH,_Z,_Z,_T,QUINT_Q5,HE_COUNT_4P,_T,_T,_T,_Z,_Z,_Z,_Z,_Z,0,A,,,,,,
AFW360_HH,GNB,_T,2021,POP_SH,_T,_T,OU,EMP_FORMAL_N,_T,_T,_T,_T,_Z,_Z,_Z,_Z,_Z,0.51,A,,,,,,
AFW360_HH,GNB,_T,2021,POP_SH,_T,_T,OU,EMP_ISIC_G,_T,_T,_T,_T,_Z,_Z,_Z,_Z,_Z,0.25,A,,,,,,
AFW360_HH,GNB,_T,2021,POP_SH,_T,_T,OU,EMP_ISIC_H,_T,_T,_T,_T,_Z,_Z,_Z,_Z,_Z,0.06,A,,,,,,
AFW360_HH,GNB,_T,2021,POP_SH,_T,_T,OU,EMP_SECTOR_AGR,_T,_T,_T,_T,_Z,_Z,_Z,_Z,_Z,0.17,A,,,,,,
AFW360_HH,GNB,_T,2021,POP_SH,_T,_T,OU,EMP_SECTOR_IND,_T,_T,_T,_T,_Z,_Z,_Z,_Z,_Z,0.23,A,,,,,,
AFW360_HH,GNB,_T,2021,POP_SH,_T,_T,OU,EMP_SECTOR_SER,_T,_T,_T,_T,_Z,_Z,_Z,_Z,_Z,0.6,A,,,,,,
AFW360_HH,GNB,_T,2021,POP_SH,_T,_T,OU,EMP_STATUS_EMPLOYED,_T,_T,_T,_T,_Z,_Z,_Z,_Z,_Z,0.51,A,,,,,,
AFW360_HH,GNB,_T,2021,POP_SH,_T,_T,OU,EMP_TYPE_NONWAGE,_T,_T,_T,_T,_Z,_Z,_Z,_Z,_Z,0.52,A,,,,,,
AFW360_HH,GNB,_T,2021,POP_SH,_T,_T,OU,EMP_TYPE_WAGE,_T,_T,_T,_T,_Z,_Z,_Z,_Z,_Z,0.48,A,,,,,,
AFW360_HH,GNB,_T,2021,POP_SH,_T,_T,R,EMP_FORMAL_N,_T,_T,_T,_T,_Z,_Z,_Z,_Z,_Z,0.9,A,,,,,,
AFW360_HH,GNB,_T,2021,POP_SH,_T,_T,R,EMP_ISIC_G,_T,_T,_T,_T,_Z,_Z,_Z,_Z,_Z,0.04,A,,,,,,
AFW360_HH,GNB,_T,2021,POP_SH,_T,_T,R,EMP_ISIC_H,_T,_T,_T,_T,_Z,_Z,_Z,_Z,_Z,0.01,A,,,,,,
AFW360_HH,GNB,_T,2021,POP_SH,_T,_T,R,EMP_SECTOR_AGR,_T,_T,_T,_T,_Z,_Z,_Z,_Z,_Z,0.88,A,,,,,,
AFW360_HH,GNB,_T,2021,POP_SH,_T,_T,R,EMP_SECTOR_IND,_T,_T,_T,_T,_Z,_Z,_Z,_Z,_Z,0.04,A,,,,,,
AFW360_HH,GNB,_T,2021,POP_SH,_T,_T,R,EMP_SECTOR_SER,_T,_T,_T,_T,_Z,_Z,_Z,_Z,_Z,0.08,A,,,,,,
AFW360_HH,GNB,_T,2021,POP_SH,_T,_T,R,EMP_STATUS_EMPLOYED,_T,_T,_T,_T,_Z,_Z,_Z,_Z,_Z,0.83,A,,,,,,
AFW360_HH,GNB,_T,2021,POP_SH,_T,_T,R,EMP_TYPE_NONWAGE,_T,_T,_T,_T,_Z,_Z,_Z,_Z,_Z,0.91,A,,,,,,
AFW360_HH,GNB,_T,2021,POP_SH,_T,_T,R,EMP_TYPE_WAGE,_T,_T,_T,_T,_Z,_Z,_Z,_Z,_Z,0.09,A,,,,,,
AFW360_HH,GNB,_T,2021,POP_SH,_T,_T,_T,EMP_FORMAL_N,_T,_T,_T,_T,_Z,_Z,_Z,_Z,_Z,0.74,A,,,,,,
AFW360_HH,GNB,_T,2021,POP_SH,_T,_T,_T,EMP_ISIC_G,_T,_T,_T,_T,_Z,_Z,_Z,_Z,_Z,0.13,A,,,,,,
AFW360_HH,GNB,_T,2021,POP_SH,_T,_T,_T,EMP_ISIC_H,_T,_T,_T,_T,_Z,_Z,_Z,_Z,_Z,0.03,A,,,,,,
AFW360_HH,GNB,_T,2021,POP_SH,_T,_T,_T,EMP_SECTOR_AGR,_T,_T,_T,_T,_Z,_Z,_Z,_Z,_Z,0.63,A,,,,,,
AFW360_HH,GNB,_T,2021,POP_SH,_T,_T,_T,EMP_SECTOR_IND,_T,_T,_T,_T,_Z,_Z,_Z,_Z,_Z,0.11,A,,,,,,
AFW360_HH,GNB,_T,2021,POP_SH,_T,_T,_T,EMP_SECTOR_SER,_T,_T,_T,_T,_Z,_Z,_Z,_Z,_Z,0.26,A,,,,,,
AFW360_HH,GNB,_T,2021,POP_SH,_T,_T,_T,EMP_STATUS_EMPLOYED,_T,_T,_T,_T,_Z,_Z,_Z,_Z,_Z,0.68,A,,,,,,
AFW360_HH,GNB,_T,2021,POP_SH,_T,_T,_T,EMP_TYPE_NONWAGE,_T,_T,_T,_T,_Z,_Z,_Z,_Z,_Z,0.78,A,,,,,,
AFW360_HH,GNB,_T,2021,POP_SH,_T,_T,_T,EMP_TYPE_WAGE,_T,_T,_T,_T,_Z,_Z,_Z,_Z,_Z,0.22,A,,,,,,
AFW360_HH,GNB,_T,2021,POP_SH,_T,_T,_T,HHH_AGE_GE35,EMP_FORMAL_N,_T,_T,_T,_Z,_Z,_Z,_Z,_Z,0.74,A,,,,,,
AFW360_HH,GNB,_T,2021,POP_SH,_T,_T,_T,HHH_AGE_GE35,EMP_ISIC_G,_T,_T,_T,_Z,_Z,_Z,_Z,_Z,0.13,A,,,,,,
AFW360_HH,GNB,_T,2021,POP_SH,_T,_T,_T,HHH_AGE_GE35,EMP_ISIC_H,_T,_T,_T,_Z,_Z,_Z,_Z,_Z,0.03,A,,,,,,
AFW360_HH,GNB,_T,2021,POP_SH,_T,_T,_T,HHH_AGE_GE35,EMP_SECTOR_AGR,_T,_T,_T,_Z,_Z,_Z,_Z,_Z,0.58,A,,,,,,
AFW360_HH,GNB,_T,2021,POP_SH,_T,_T,_T,HHH_AGE_GE35,EMP_SECTOR_IND,_T,_T,_T,_Z,_Z,_Z,_Z,_Z,0.11,A,,,,,,
AFW360_HH,GNB,_T,2021,POP_SH,_T,_T,_T,HHH_AGE_GE35,EMP_SECTOR_SER,_T,_T,_T,_Z,_Z,_Z,_Z,_Z,0.31,A,,,,,,
AFW360_HH,GNB,_T,2021,POP_SH,_T,_T,_T,HHH_AGE_GE35,EMP_STATUS_EMPLOYED,_T,_T,_T,_Z,_Z,_Z,_Z,_Z,0.84,A,,,,,,
AFW360_HH,GNB,_T,2021,POP_SH,_T,_T,_T,HHH_AGE_GE35,EMP_TYPE_NONWAGE,_T,_T,_T,_Z,_Z,_Z,_Z,_Z,0.76,A,,,,,,
AFW360_HH,GNB,_T,2021,POP_SH,_T,_T,_T,HHH_AGE_GE35,EMP_TYPE_WAGE,_T,_T,_T,_Z,_Z,_Z,_Z,_Z,0.24,A,,,,,,
AFW360_HH,GNB,_T,2021,POP_SH,_T,_T,_T,HHH_AGE_LT35,EMP_FORMAL_N,_T,_T,_T,_Z,_Z,_Z,_Z,_Z,0.75,A,,,,,,
AFW360_HH,GNB,_T,2021,POP_SH,_T,_T,_T,HHH_AGE_LT35,EMP_ISIC_G,_T,_T,_T,_Z,_Z,_Z,_Z,_Z,0.14,A,,,,,,
AFW360_HH,GNB,_T,2021,POP_SH,_T,_T,_T,HHH_AGE_LT35,EMP_ISIC_H,_T,_T,_T,_Z,_Z,_Z,_Z,_Z,0.03,A,,,,,,
AFW360_HH,GNB,_T,2021,POP_SH,_T,_T,_T,HHH_AGE_LT35,EMP_SECTOR_AGR,_T,_T,_T,_Z,_Z,_Z,_Z,_Z,0.66,A,,,,,,
AFW360_HH,GNB,_T,2021,POP_SH,_T,_T,_T,HHH_AGE_LT35,EMP_SECTOR_IND,_T,_T,_T,_Z,_Z,_Z,_Z,_Z,0.11,A,,,,,,
AFW360_HH,GNB,_T,2021,POP_SH,_T,_T,_T,HHH_AGE_LT35,EMP_SECTOR_SER,_T,_T,_T,_Z,_Z,_Z,_Z,_Z,0.23,A,,,,,,
AFW360_HH,GNB,_T,2021,POP_SH,_T,_T,_T,HHH_AGE_LT35,EMP_STATUS_EMPLOYED,_T,_T,_T,_Z,_Z,_Z,_Z,_Z,0.6,A,,,,,,
AFW360_HH,GNB,_T,2021,POP_SH,_T,_T,_T,HHH_AGE_LT35,EMP_TYPE_NONWAGE,_T,_T,_T,_Z,_Z,_Z,_Z,_Z,0.79,A,,,,,,
AFW360_HH,GNB,_T,2021,POP_SH,_T,_T,_T,HHH_AGE_LT35,EMP_TYPE_WAGE,_T,_T,_T,_Z,_Z,_Z,_Z,_Z,0.21,A,,,,,,
AFW360_HH,GNB,_T,2021,POP_SH,_T,_T,_T,HHH_SEX_F,EMP_FORMAL_N,_T,_T,_T,_Z,_Z,_Z,_Z,_Z,0.65,A,,,,,,
AFW360_HH,GNB,_T,2021,POP_SH,_T,_T,_T,HHH_SEX_F,EMP_ISIC_G,_T,_T,_T,_Z,_Z,_Z,_Z,_Z,0.21,A,,,,,,
AFW360_HH,GNB,_T,2021,POP_SH,_T,_T,_T,HHH_SEX_F,EMP_ISIC_H,_T,_T,_T,_Z,_Z,_Z,_Z,_Z,0.04,A,,,,,,
AFW360_HH,GNB,_T,2021,POP_SH,_T,_T,_T,HHH_SEX_F,EMP_SECTOR_AGR,_T,_T,_T,_Z,_Z,_Z,_Z,_Z,0.68,A,,,,,,
AFW360_HH,GNB,_T,2021,POP_SH,_T,_T,_T,HHH_SEX_F,EMP_SECTOR_IND,_T,_T,_T,_Z,_Z,_Z,_Z,_Z,0.07,A,,,,,,
AFW360_HH,GNB,_T,2021,POP_SH,_T,_T,_T,HHH_SEX_F,EMP_SECTOR_SER,_T,_T,_T,_Z,_Z,_Z,_Z,_Z,0.25,A,,,,,,
AFW360_HH,GNB,_T,2021,POP_SH,_T,_T,_T,HHH_SEX_F,EMP_STATUS_EMPLOYED,_T,_T,_T,_Z,_Z,_Z,_Z,_Z,0.65,A,,,,,,
AFW360_HH,GNB,_T,2021,POP_SH,_T,_T,_T,HHH_SEX_F,EMP_TYPE_NONWAGE,_T,_T,_T,_Z,_Z,_Z,_Z,_Z,0.86,A,,,,,,
AFW360_HH,GNB,_T,2021,POP_SH,_T,_T,_T,HHH_SEX_F,EMP_TYPE_WAGE,_T,_T,_T,_Z,_Z,_Z,_Z,_Z,0.14,A,,,,,,
AFW360_HH,GNB,_T,2021,POP_SH,_T,_T,_T,HHH_SEX_M,EMP_FORMAL_N,_T,_T,_T,_Z,_Z,_Z,_Z,_Z,0.76,A,,,,,,
AFW360_HH,GNB,_T,2021,POP_SH,_T,_T,_T,HHH_SEX_M,EMP_ISIC_G,_T,_T,_T,_Z,_Z,_Z,_Z,_Z,0.11,A,,,,,,
AFW360_HH,GNB,_T,2021,POP_SH,_T,_T,_T,HHH_SEX_M,EMP_ISIC_H,_T,_T,_T,_Z,_Z,_Z,_Z,_Z,0.03,A,,,,,,
AFW360_HH,GNB,_T,2021,POP_SH,_T,_T,_T,HHH_SEX_M,EMP_SECTOR_AGR,_T,_T,_T,_Z,_Z,_Z,_Z,_Z,0.58,A,,,,,,
AFW360_HH,GNB,_T,2021,POP_SH,_T,_T,_T,HHH_SEX_M,EMP_SECTOR_IND,_T,_T,_T,_Z,_Z,_Z,_Z,_Z,0.15,A,,,,,,
AFW360_HH,GNB,_T,2021,POP_SH,_T,_T,_T,HHH_SEX_M,EMP_SECTOR_SER,_T,_T,_T,_Z,_Z,_Z,_Z,_Z,0.27,A,,,,,,
AFW360_HH,GNB,_T,2021,POP_SH,_T,_T,_T,HHH_SEX_M,EMP_STATUS_EMPLOYED,_T,_T,_T,_Z,_Z,_Z,_Z,_Z,0.72,A,,,,,,
AFW360_HH,GNB,_T,2021,POP_SH,_T,_T,_T,HHH_SEX_M,EMP_TYPE_NONWAGE,_T,_T,_T,_Z,_Z,_Z,_Z,_Z,0.69,A,,,,,,
AFW360_HH,GNB,_T,2021,POP_SH,_T,_T,_T,HHH_SEX_M,EMP_TYPE_WAGE,_T,_T,_T,_Z,_Z,_Z,_Z,_Z,0.31,A,,,,,,
AFW360_HH,GNB,_T,2021,POP_SH,_T,_T,_T,QUINT_Q1,EMP_FORMAL_N,_T,_T,_T,_Z,_Z,_Z,_Z,_Z,0.88,A,,,,,,
AFW360_HH,GNB,_T,2021,POP_SH,_T,_T,_T,QUINT_Q1,EMP_ISIC_G,_T,_T,_T,_Z,_Z,_Z,_Z,_Z,0.06,A,,,,,,
AFW360_HH,GNB,_T,2021,POP_SH,_T,_T,_T,QUINT_Q1,EMP_ISIC_H,_T,_T,_T,_Z,_Z,_Z,_Z,_Z,0.01,A,,,,,,
AFW360_HH,GNB,_T,2021,POP_SH,_T,_T,_T,QUINT_Q1,EMP_SECTOR_AGR,_T,_T,_T,_Z,_Z,_Z,_Z,_Z,0.87,A,,,,,,
AFW360_HH,GNB,_T,2021,POP_SH,_T,_T,_T,QUINT_Q1,EMP_SECTOR_IND,_T,_T,_T,_Z,_Z,_Z,_Z,_Z,0.04,A,,,,,,
AFW360_HH,GNB,_T,2021,POP_SH,_T,_T,_T,QUINT_Q1,EMP_SECTOR_SER,_T,_T,_T,_Z,_Z,_Z,_Z,_Z,0.09,A,,,,,,
AFW360_HH,GNB,_T,2021,POP_SH,_T,_T,_T,QUINT_Q1,EMP_STATUS_EMPLOYED,_T,_T,_T,_Z,_Z,_Z,_Z,_Z,0.78,A,,,,,,
AFW360_HH,GNB,_T,2021,POP_SH,_T,_T,_T,QUINT_Q1,EMP_TYPE_NONWAGE,_T,_T,_T,_Z,_Z,_Z,_Z,_Z,0.9,A,,,,,,
AFW360_HH,GNB,_T,2021,POP_SH,_T,_T,_T,QUINT_Q1,EMP_TYPE_WAGE,_T,_T,_T,_Z,_Z,_Z,_Z,_Z,0.1,A,,,,,,
AFW360_HH,GNB,_T,2021,POP_SH,_T,_T,_T,QUINT_Q2,EMP_FORMAL_N,_T,_T,_T,_Z,_Z,_Z,_Z,_Z,0.82,A,,,,,,
AFW360_HH,GNB,_T,2021,POP_SH,_T,_T,_T,QUINT_Q2,EMP_ISIC_G,_T,_T,_T,_Z,_Z,_Z,_Z,_Z,0.1,A,,,,,,
AFW360_HH,GNB,_T,2021,POP_SH,_T,_T,_T,QUINT_Q2,EMP_ISIC_H,_T,_T,_T,_Z,_Z,_Z,_Z,_Z,0.03,A,,,,,,
AFW360_HH,GNB,_T,2021,POP_SH,_T,_T,_T,QUINT_Q2,EMP_SECTOR_AGR,_T,_T,_T,_Z,_Z,_Z,_Z,_Z,0.77,A,,,,,,
AFW360_HH,GNB,_T,2021,POP_SH,_T,_T,_T,QUINT_Q2,EMP_SECTOR_IND,_T,_T,_T,_Z,_Z,_Z,_Z,_Z,0.08,A,,,,,,
AFW360_HH,GNB,_T,2021,POP_SH,_T,_T,_T,QUINT_Q2,EMP_SECTOR_SER,_T,_T,_T,_Z,_Z,_Z,_Z,_Z,0.15,A,,,,,,
AFW360_HH,GNB,_T,2021,POP_SH,_T,_T,_T,QUINT_Q2,EMP_STATUS_EMPLOYED,_T,_T,_T,_Z,_Z,_Z,_Z,_Z,0.75,A,,,,,,
AFW360_HH,GNB,_T,2021,POP_SH,_T,_T,_T,QUINT_Q2,EMP_TYPE_NONWAGE,_T,_T,_T,_Z,_Z,_Z,_Z,_Z,0.85,A,,,,,,
AFW360_HH,GNB,_T,2021,POP_SH,_T,_T,_T,QUINT_Q2,EMP_TYPE_WAGE,_T,_T,_T,_Z,_Z,_Z,_Z,_Z,0.15,A,,,,,,
AFW360_HH,GNB,_T,2021,POP_SH,_T,_T,_T,QUINT_Q3,EMP_FORMAL_N,_T,_T,_T,_Z,_Z,_Z,_Z,_Z,0.75,A,,,,,,
AFW360_HH,GNB,_T,2021,POP_SH,_T,_T,_T,QUINT_Q3,EMP_ISIC_G,_T,_T,_T,_Z,_Z,_Z,_Z,_Z,0.14,A,,,,,,
AFW360_HH,GNB,_T,2021,POP_SH,_T,_T,_T,QUINT_Q3,EMP_ISIC_H,_T,_T,_T,_Z,_Z,_Z,_Z,_Z,0.03,A,,,,,,
AFW360_HH,GNB,_T,2021,POP_SH,_T,_T,_T,QUINT_Q3,EMP_SECTOR_AGR,_T,_T,_T,_Z,_Z,_Z,_Z,_Z,0.67,A,,,,,,
AFW360_HH,GNB,_T,2021,POP_SH,_T,_T,_T,QUINT_Q3,EMP_SECTOR_IND,_T,_T,_T,_Z,_Z,_Z,_Z,_Z,0.11,A,,,,,,
AFW360_HH,GNB,_T,2021,POP_SH,_T,_T,_T,QUINT_Q3,EMP_SECTOR_SER,_T,_T,_T,_Z,_Z,_Z,_Z,_Z,0.23,A,,,,,,
AFW360_HH,GNB,_T,2021,POP_SH,_T,_T,_T,QUINT_Q3,EMP_STATUS_EMPLOYED,_T,_T,_T,_Z,_Z,_Z,_Z,_Z,0.68,A,,,,,,
AFW360_HH,GNB,_T,2021,POP_SH,_T,_T,_T,QUINT_Q3,EMP_TYPE_NONWAGE,_T,_T,_T,_Z,_Z,_Z,_Z,_Z,0.79,A,,,,,,
AFW360_HH,GNB,_T,2021,POP_SH,_T,_T,_T,QUINT_Q3,EMP_TYPE_WAGE,_T,_T,_T,_Z,_Z,_Z,_Z,_Z,0.21,A,,,,,,
AFW360_HH,GNB,_T,2021,POP_SH,_T,_T,_T,QUINT_Q4,EMP_FORMAL_N,_T,_T,_T,_Z,_Z,_Z,_Z,_Z,0.69,A,,,,,,
AFW360_HH,GNB,_T,2021,POP_SH,_T,_T,_T,QUINT_Q4,EMP_ISIC_G,_T,_T,_T,_Z,_Z,_Z,_Z,_Z,0.17,A,,,,,,
AFW360_HH,GNB,_T,2021,POP_SH,_T,_T,_T,QUINT_Q4,EMP_ISIC_H,_T,_T,_T,_Z,_Z,_Z,_Z,_Z,0.04,A,,,,,,
AFW360_HH,GNB,_T,2021,POP_SH,_T,_T,_T,QUINT_Q4,EMP_SECTOR_AGR,_T,_T,_T,_Z,_Z,_Z,_Z,_Z,0.52,A,,,,,,
AFW360_HH,GNB,_T,2021,POP_SH,_T,_T,_T,QUINT_Q4,EMP_SECTOR_IND,_T,_T,_T,_Z,_Z,_Z,_Z,_Z,0.14,A,,,,,,
AFW360_HH,GNB,_T,2021,POP_SH,_T,_T,_T,QUINT_Q4,EMP_SECTOR_SER,_T,_T,_T,_Z,_Z,_Z,_Z,_Z,0.33,A,,,,,,
AFW360_HH,GNB,_T,2021,POP_SH,_T,_T,_T,QUINT_Q4,EMP_STATUS_EMPLOYED,_T,_T,_T,_Z,_Z,_Z,_Z,_Z,0.62,A,,,,,,
AFW360_HH,GNB,_T,2021,POP_SH,_T,_T,_T,QUINT_Q4,EMP_TYPE_NONWAGE,_T,_T,_T,_Z,_Z,_Z,_Z,_Z,0.74,A,,,,,,
AFW360_HH,GNB,_T,2021,POP_SH,_T,_T,_T,QUINT_Q4,EMP_TYPE_WAGE,_T,_T,_T,_Z,_Z,_Z,_Z,_Z,0.26,A,,,,,,
AFW360_HH,GNB,_T,2021,POP_SH,_T,_T,_T,QUINT_Q5,EMP_FORMAL_N,_T,_T,_T,_Z,_Z,_Z,_Z,_Z,0.55,A,,,,,,
AFW360_HH,GNB,_T,2021,POP_SH,_T,_T,_T,QUINT_Q5,EMP_ISIC_G,_T,_T,_T,_Z,_Z,_Z,_Z,_Z,0.2,A,,,,,,
AFW360_HH,GNB,_T,2021,POP_SH,_T,_T,_T,QUINT_Q5,EMP_ISIC_H,_T,_T,_T,_Z,_Z,_Z,_Z,_Z,0.05,A,,,,,,
AFW360_HH,GNB,_T,2021,POP_SH,_T,_T,_T,QUINT_Q5,EMP_SECTOR_AGR,_T,_T,_T,_Z,_Z,_Z,_Z,_Z,0.31,A,,,,,,
AFW360_HH,GNB,_T,2021,POP_SH,_T,_T,_T,QUINT_Q5,EMP_SECTOR_IND,_T,_T,_T,_Z,_Z,_Z,_Z,_Z,0.18,A,,,,,,
AFW360_HH,GNB,_T,2021,POP_SH,_T,_T,_T,QUINT_Q5,EMP_SECTOR_SER,_T,_T,_T,_Z,_Z,_Z,_Z,_Z,0.51,A,,,,,,
AFW360_HH,GNB,_T,2021,POP_SH,_T,_T,_T,QUINT_Q5,EMP_STATUS_EMPLOYED,_T,_T,_T,_Z,_Z,_Z,_Z,_Z,0.6,A,,,,,,
AFW360_HH,GNB,_T,2021,POP_SH,_T,_T,_T,QUINT_Q5,EMP_TYPE_NONWAGE,_T,_T,_T,_Z,_Z,_Z,_Z,_Z,0.6,A,,,,,,
AFW360_HH,GNB,_T,2021,POP_SH,_T,_T,_T,QUINT_Q5,EMP_TYPE_WAGE,_T,_T,_T,_Z,_Z,_Z,_Z,_Z,0.4,A,,,,,,
AFW360_HH,GNB,_T,2021,POV_HC,_T,_T,OU,_T,_T,_T,_T,_T,POVLINE_PL300,PPP_2021,_Z,_Z,_Z,0.11,A,,,,,,
AFW360_HH,GNB,_T,2021,POV_HC,_T,_T,OU,_T,_T,_T,_T,_T,POVLINE_PL420,PPP_2021,_Z,_Z,_Z,0.31,A,,,,,,
AFW360_HH,GNB,_T,2021,POV_HC,_T,_T,R,_T,_T,_T,_T,_T,POVLINE_PL300,PPP_2021,_Z,_Z,_Z,0.6,A,,,,,,
AFW360_HH,GNB,_T,2021,POV_HC,_T,_T,R,_T,_T,_T,_T,_T,POVLINE_PL420,PPP_2021,_Z,_Z,_Z,0.84,A,,,,,,
AFW360_HH,GNB,_T,2021,POV_HC,_T,_T,_T,HHH_AGE_GE35,_T,_T,_T,_T,POVLINE_PL300,PPP_2021,_Z,_Z,_Z,0.4,A,,,,,,
AFW360_HH,GNB,_T,2021,POV_HC,_T,_T,_T,HHH_AGE_GE35,_T,_T,_T,_T,POVLINE_PL420,PPP_2021,_Z,_Z,_Z,0.62,A,,,,,,
AFW360_HH,GNB,_T,2021,POV_HC,_T,_T,_T,HHH_AGE_LT35,_T,_T,_T,_T,POVLINE_PL300,PPP_2021,_Z,_Z,_Z,0.4,A,,,,,,
AFW360_HH,GNB,_T,2021,POV_HC,_T,_T,_T,HHH_AGE_LT35,_T,_T,_T,_T,POVLINE_PL420,PPP_2021,_Z,_Z,_Z,0.61,A,,,,,,
AFW360_HH,GNB,_T,2021,POV_HC,_T,_T,_T,HHH_SEX_F,_T,_T,_T,_T,POVLINE_PL300,PPP_2021,_Z,_Z,_Z,0.22,A,,,,,,
AFW360_HH,GNB,_T,2021,POV_HC,_T,_T,_T,HHH_SEX_F,_T,_T,_T,_T,POVLINE_PL420,PPP_2021,_Z,_Z,_Z,0.44,A,,,,,,
AFW360_HH,GNB,_T,2021,POV_HC,_T,_T,_T,HHH_SEX_M,_T,_T,_T,_T,POVLINE_PL300,PPP_2021,_Z,_Z,_Z,0.44,A,,,,,,
AFW360_HH,GNB,_T,2021,POV_HC,_T,_T,_T,HHH_SEX_M,_T,_T,_T,_T,POVLINE_PL420,PPP_2021,_Z,_Z,_Z,0.66,A,,,,,,
AFW360_HH,GNB,_T,2021,POV_HC,_T,_T,_T,QUINT_Q1,_T,_T,_T,_T,POVLINE_PL300,PPP_2021,_Z,_Z,_Z,1,A,,,,,,
AFW360_HH,GNB,_T,2021,POV_HC,_T,_T,_T,QUINT_Q1,_T,_T,_T,_T,POVLINE_PL420,PPP_2021,_Z,_Z,_Z,1,A,,,,,,
AFW360_HH,GNB,_T,2021,POV_HC,_T,_T,_T,QUINT_Q2,_T,_T,_T,_T,POVLINE_PL300,PPP_2021,_Z,_Z,_Z,0.84,A,,,,,,
AFW360_HH,GNB,_T,2021,POV_HC,_T,_T,_T,QUINT_Q2,_T,_T,_T,_T,POVLINE_PL420,PPP_2021,_Z,_Z,_Z,1,A,,,,,,
AFW360_HH,GNB,_T,2021,POV_HC,_T,_T,_T,QUINT_Q3,_T,_T,_T,_T,POVLINE_PL300,PPP_2021,_Z,_Z,_Z,0.15,A,,,,,,
AFW360_HH,GNB,_T,2021,POV_HC,_T,_T,_T,QUINT_Q3,_T,_T,_T,_T,POVLINE_PL420,PPP_2021,_Z,_Z,_Z,0.85,A,,,,,,
AFW360_HH,GNB,_T,2021,POV_HC,_T,_T,_T,QUINT_Q4,_T,_T,_T,_T,POVLINE_PL300,PPP_2021,_Z,_Z,_Z,0,A,,,,,,
AFW360_HH,GNB,_T,2021,POV_HC,_T,_T,_T,QUINT_Q4,_T,_T,_T,_T,POVLINE_PL420,PPP_2021,_Z,_Z,_Z,0.26,A,,,,,,
AFW360_HH,GNB,_T,2021,POV_HC,_T,_T,_T,QUINT_Q5,_T,_T,_T,_T,POVLINE_PL300,PPP_2021,_Z,_Z,_Z,0,A,,,,,,
AFW360_HH,GNB,_T,2021,POV_HC,_T,_T,_T,QUINT_Q5,_T,_T,_T,_T,POVLINE_PL420,PPP_2021,_Z,_Z,_Z,0,A,,,,,,
AFW360_HH,GNB,_T,2021,POV_HC,_T,_T,_T,_T,_T,_T,_T,_T,POVLINE_PL300,PPP_2021,_Z,_Z,_Z,0.4,A,,,,,,
AFW360_HH,GNB,_T,2021,POV_HC,_T,_T,_T,_T,_T,_T,_T,_T,POVLINE_PL420,PPP_2021,_Z,_Z,_Z,0.62,A,,,,,,
AFW360_HH,GNB,_T,2021,POV_NUM,_T,_T,OU,_T,_T,_T,_T,_T,POVLINE_PL300,PPP_2021,_Z,_Z,_Z,80000,A,,,,,,
AFW360_HH,GNB,_T,2021,POV_NUM,_T,_T,OU,_T,_T,_T,_T,_T,POVLINE_PL420,PPP_2021,_Z,_Z,_Z,220000,A,,,,,,
AFW360_HH,GNB,_T,2021,POV_NUM,_T,_T,R,_T,_T,_T,_T,_T,POVLINE_PL300,PPP_2021,_Z,_Z,_Z,610000,A,,,,,,
AFW360_HH,GNB,_T,2021,POV_NUM,_T,_T,R,_T,_T,_T,_T,_T,POVLINE_PL420,PPP_2021,_Z,_Z,_Z,850000,A,,,,,,
AFW360_HH,GNB,_T,2021,POV_NUM,_T,_T,_T,HHH_AGE_GE35,_T,_T,_T,_T,POVLINE_PL300,PPP_2021,_Z,_Z,_Z,600000,A,,,,,,
AFW360_HH,GNB,_T,2021,POV_NUM,_T,_T,_T,HHH_AGE_GE35,_T,_T,_T,_T,POVLINE_PL420,PPP_2021,_Z,_Z,_Z,940000,A,,,,,,
AFW360_HH,GNB,_T,2021,POV_NUM,_T,_T,_T,HHH_AGE_LT35,_T,_T,_T,_T,POVLINE_PL300,PPP_2021,_Z,_Z,_Z,100000,A,,,,,,
AFW360_HH,GNB,_T,2021,POV_NUM,_T,_T,_T,HHH_AGE_LT35,_T,_T,_T,_T,POVLINE_PL420,PPP_2021,_Z,_Z,_Z,150000,A,,,,,,
AFW360_HH,GNB,_T,2021,POV_NUM,_T,_T,_T,HHH_SEX_F,_T,_T,_T,_T,POVLINE_PL300,PPP_2021,_Z,_Z,_Z,70000,A,,,,,,
AFW360_HH,GNB,_T,2021,POV_NUM,_T,_T,_T,HHH_SEX_F,_T,_T,_T,_T,POVLINE_PL420,PPP_2021,_Z,_Z,_Z,150000,A,,,,,,
AFW360_HH,GNB,_T,2021,POV_NUM,_T,_T,_T,HHH_SEX_M,_T,_T,_T,_T,POVLINE_PL300,PPP_2021,_Z,_Z,_Z,620000,A,,,,,,
AFW360_HH,GNB,_T,2021,POV_NUM,_T,_T,_T,HHH_SEX_M,_T,_T,_T,_T,POVLINE_PL420,PPP_2021,_Z,_Z,_Z,940000,A,,,,,,
AFW360_HH,GNB,_T,2021,POV_NUM,_T,_T,_T,QUINT_Q1,_T,_T,_T,_T,POVLINE_PL300,PPP_2021,_Z,_Z,_Z,350000.0000000001,A,,,,,,
AFW360_HH,GNB,_T,2021,POV_NUM,_T,_T,_T,QUINT_Q1,_T,_T,_T,_T,POVLINE_PL420,PPP_2021,_Z,_Z,_Z,350000.0000000001,A,,,,,,
AFW360_HH,GNB,_T,2021,POV_NUM,_T,_T,_T,QUINT_Q2,_T,_T,_T,_T,POVLINE_PL300,PPP_2021,_Z,_Z,_Z,300000,A,,,,,,
AFW360_HH,GNB,_T,2021,POV_NUM,_T,_T,_T,QUINT_Q2,_T,_T,_T,_T,POVLINE_PL420,PPP_2021,_Z,_Z,_Z,350000.0000000001,A,,,,,,
AFW360_HH,GNB,_T,2021,POV_NUM,_T,_T,_T,QUINT_Q3,_T,_T,_T,_T,POVLINE_PL300,PPP_2021,_Z,_Z,_Z,50000,A,,,,,,
AFW360_HH,GNB,_T,2021,POV_NUM,_T,_T,_T,QUINT_Q3,_T,_T,_T,_T,POVLINE_PL420,PPP_2021,_Z,_Z,_Z,300000,A,,,,,,
AFW360_HH,GNB,_T,2021,POV_NUM,_T,_T,_T,QUINT_Q4,_T,_T,_T,_T,POVLINE_PL300,PPP_2021,_Z,_Z,_Z,0,A,,,,,,
AFW360_HH,GNB,_T,2021,POV_NUM,_T,_T,_T,QUINT_Q4,_T,_T,_T,_T,POVLINE_PL420,PPP_2021,_Z,_Z,_Z,90000,A,,,,,,
AFW360_HH,GNB,_T,2021,POV_NUM,_T,_T,_T,QUINT_Q5,_T,_T,_T,_T,POVLINE_PL300,PPP_2021,_Z,_Z,_Z,0,A,,,,,,
AFW360_HH,GNB,_T,2021,POV_NUM,_T,_T,_T,QUINT_Q5,_T,_T,_T,_T,POVLINE_PL420,PPP_2021,_Z,_Z,_Z,0,A,,,,,,
AFW360_HH,GNB,_T,2021,POV_NUM,_T,_T,_T,_T,_T,_T,_T,_T,POVLINE_PL300,PPP_2021,_Z,_Z,_Z,700000.0000000001,A,,,,,,
AFW360_HH,GNB,_T,2021,POV_NUM,_T,_T,_T,_T,_T,_T,_T,_T,POVLINE_PL420,PPP_2021,_Z,_Z,_Z,1090000,A,,,,,,
AFW360_HH,GNB,_T,2021,SHK_ANY,_Z,_Z,OU,_T,_T,_T,_T,_T,_Z,_Z,_Z,_Z,_Z,0.88,A,,,,,,
AFW360_HH,GNB,_T,2021,SHK_ANY,_Z,_Z,R,_T,_T,_T,_T,_T,_Z,_Z,_Z,_Z,_Z,0.91,A,,,,,,
AFW360_HH,GNB,_T,2021,SHK_ANY,_Z,_Z,_T,HHH_AGE_GE35,_T,_T,_T,_T,_Z,_Z,_Z,_Z,_Z,0.89,A,,,,,,
AFW360_HH,GNB,_T,2021,SHK_ANY,_Z,_Z,_T,HHH_AGE_LT35,_T,_T,_T,_T,_Z,_Z,_Z,_Z,_Z,0.89,A,,,,,,
AFW360_HH,GNB,_T,2021,SHK_ANY,_Z,_Z,_T,HHH_SEX_F,_T,_T,_T,_T,_Z,_Z,_Z,_Z,_Z,0.91,A,,,,,,
AFW360_HH,GNB,_T,2021,SHK_ANY,_Z,_Z,_T,HHH_SEX_M,_T,_T,_T,_T,_Z,_Z,_Z,_Z,_Z,0.89,A,,,,,,
AFW360_HH,GNB,_T,2021,SHK_ANY,_Z,_Z,_T,QUINT_Q1,_T,_T,_T,_T,_Z,_Z,_Z,_Z,_Z,0.9,A,,,,,,
AFW360_HH,GNB,_T,2021,SHK_ANY,_Z,_Z,_T,QUINT_Q2,_T,_T,_T,_T,_Z,_Z,_Z,_Z,_Z,0.91,A,,,,,,
AFW360_HH,GNB,_T,2021,SHK_ANY,_Z,_Z,_T,QUINT_Q3,_T,_T,_T,_T,_Z,_Z,_Z,_Z,_Z,0.9,A,,,,,,
AFW360_HH,GNB,_T,2021,SHK_ANY,_Z,_Z,_T,QUINT_Q4,_T,_T,_T,_T,_Z,_Z,_Z,_Z,_Z,0.88,A,,,,,,
AFW360_HH,GNB,_T,2021,SHK_ANY,_Z,_Z,_T,QUINT_Q5,_T,_T,_T,_T,_Z,_Z,_Z,_Z,_Z,0.88,A,,,,,,
AFW360_HH,GNB,_T,2021,SHK_ANY,_Z,_Z,_T,_T,_T,_T,_T,_T,_Z,_Z,_Z,_Z,_Z,0.89,A,,,,,,
AFW360_HH,GNB,_T,2021,SHK_COV_CONFLICT,_Z,_Z,OU,_T,_T,_T,_T,_T,_Z,_Z,_Z,_Z,_Z,0.01,A,,,,,,
AFW360_HH,GNB,_T,2021,SHK_COV_CONFLICT,_Z,_Z,R,_T,_T,_T,_T,_T,_Z,_Z,_Z,_Z,_Z,0.07,A,,,,,,
AFW360_HH,GNB,_T,2021,SHK_COV_CONFLICT,_Z,_Z,_T,HHH_AGE_GE35,_T,_T,_T,_T,_Z,_Z,_Z,_Z,_Z,0.05,A,,,,,,
AFW360_HH,GNB,_T,2021,SHK_COV_CONFLICT,_Z,_Z,_T,HHH_AGE_LT35,_T,_T,_T,_T,_Z,_Z,_Z,_Z,_Z,0.04,A,,,,,,
AFW360_HH,GNB,_T,2021,SHK_COV_CONFLICT,_Z,_Z,_T,HHH_SEX_F,_T,_T,_T,_T,_Z,_Z,_Z,_Z,_Z,0.02,A,,,,,,
AFW360_HH,GNB,_T,2021,SHK_COV_CONFLICT,_Z,_Z,_T,HHH_SEX_M,_T,_T,_T,_T,_Z,_Z,_Z,_Z,_Z,0.05,A,,,,,,
AFW360_HH,GNB,_T,2021,SHK_COV_CONFLICT,_Z,_Z,_T,QUINT_Q1,_T,_T,_T,_T,_Z,_Z,_Z,_Z,_Z,0.04,A,,,,,,
AFW360_HH,GNB,_T,2021,SHK_COV_CONFLICT,_Z,_Z,_T,QUINT_Q2,_T,_T,_T,_T,_Z,_Z,_Z,_Z,_Z,0.08,A,,,,,,
AFW360_HH,GNB,_T,2021,SHK_COV_CONFLICT,_Z,_Z,_T,QUINT_Q3,_T,_T,_T,_T,_Z,_Z,_Z,_Z,_Z,0.04,A,,,,,,
AFW360_HH,GNB,_T,2021,SHK_COV_CONFLICT,_Z,_Z,_T,QUINT_Q4,_T,_T,_T,_T,_Z,_Z,_Z,_Z,_Z,0.04,A,,,,,,
AFW360_HH,GNB,_T,2021,SHK_COV_CONFLICT,_Z,_Z,_T,QUINT_Q5,_T,_T,_T,_T,_Z,_Z,_Z,_Z,_Z,0.03,A,,,,,,
AFW360_HH,GNB,_T,2021,SHK_COV_CONFLICT,_Z,_Z,_T,_T,_T,_T,_T,_T,_Z,_Z,_Z,_Z,_Z,0.05,A,,,,,,
AFW360_HH,GNB,_T,2021,SHK_COV_ECON,_Z,_Z,OU,_T,_T,_T,_T,_T,_Z,_Z,_Z,_Z,_Z,0.67,A,,,,,,
AFW360_HH,GNB,_T,2021,SHK_COV_ECON,_Z,_Z,R,_T,_T,_T,_T,_T,_Z,_Z,_Z,_Z,_Z,0.62,A,,,,,,
AFW360_HH,GNB,_T,2021,SHK_COV_ECON,_Z,_Z,_T,HHH_AGE_GE35,_T,_T,_T,_T,_Z,_Z,_Z,_Z,_Z,0.65,A,,,,,,
AFW360_HH,GNB,_T,2021,SHK_COV_ECON,_Z,_Z,_T,HHH_AGE_LT35,_T,_T,_T,_T,_Z,_Z,_Z,_Z,_Z,0.58,A,,,,,,
AFW360_HH,GNB,_T,2021,SHK_COV_ECON,_Z,_Z,_T,HHH_SEX_F,_T,_T,_T,_T,_Z,_Z,_Z,_Z,_Z,0.66,A,,,,,,
AFW360_HH,GNB,_T,2021,SHK_COV_ECON,_Z,_Z,_T,HHH_SEX_M,_T,_T,_T,_T,_Z,_Z,_Z,_Z,_Z,0.63,A,,,,,,
AFW360_HH,GNB,_T,2021,SHK_COV_ECON,_Z,_Z,_T,QUINT_Q1,_T,_T,_T,_T,_Z,_Z,_Z,_Z,_Z,0.59,A,,,,,,
AFW360_HH,GNB,_T,2021,SHK_COV_ECON,_Z,_Z,_T,QUINT_Q2,_T,_T,_T,_T,_Z,_Z,_Z,_Z,_Z,0.62,A,,,,,,
AFW360_HH,GNB,_T,2021,SHK_COV_ECON,_Z,_Z,_T,QUINT_Q3,_T,_T,_T,_T,_Z,_Z,_Z,_Z,_Z,0.65,A,,,,,,
AFW360_HH,GNB,_T,2021,SHK_COV_ECON,_Z,_Z,_T,QUINT_Q4,_T,_T,_T,_T,_Z,_Z,_Z,_Z,_Z,0.67,A,,,,,,
AFW360_HH,GNB,_T,2021,SHK_COV_ECON,_Z,_Z,_T,QUINT_Q5,_T,_T,_T,_T,_Z,_Z,_Z,_Z,_Z,0.67,A,,,,,,
AFW360_HH,GNB,_T,2021,SHK_COV_ECON,_Z,_Z,_T,_T,_T,_T,_T,_T,_Z,_Z,_Z,_Z,_Z,0.64,A,,,,,,
AFW360_HH,GNB,_T,2021,SHK_COV_NATURAL,_Z,_Z,OU,_T,_T,_T,_T,_T,_Z,_Z,_Z,_Z,_Z,0.15,A,,,,,,
AFW360_HH,GNB,_T,2021,SHK_COV_NATURAL,_Z,_Z,R,_T,_T,_T,_T,_T,_Z,_Z,_Z,_Z,_Z,0.49,A,,,,,,
AFW360_HH,GNB,_T,2021,SHK_COV_NATURAL,_Z,_Z,_T,HHH_AGE_GE35,_T,_T,_T,_T,_Z,_Z,_Z,_Z,_Z,0.35,A,,,,,,
AFW360_HH,GNB,_T,2021,SHK_COV_NATURAL,_Z,_Z,_T,HHH_AGE_LT35,_T,_T,_T,_T,_Z,_Z,_Z,_Z,_Z,0.33,A,,,,,,
AFW360_HH,GNB,_T,2021,SHK_COV_NATURAL,_Z,_Z,_T,HHH_SEX_F,_T,_T,_T,_T,_Z,_Z,_Z,_Z,_Z,0.25,A,,,,,,
AFW360_HH,GNB,_T,2021,SHK_COV_NATURAL,_Z,_Z,_T,HHH_SEX_M,_T,_T,_T,_T,_Z,_Z,_Z,_Z,_Z,0.37,A,,,,,,
AFW360_HH,GNB,_T,2021,SHK_COV_NATURAL,_Z,_Z,_T,QUINT_Q1,_T,_T,_T,_T,_Z,_Z,_Z,_Z,_Z,0.43,A,,,,,,
AFW360_HH,GNB,_T,2021,SHK_COV_NATURAL,_Z,_Z,_T,QUINT_Q2,_T,_T,_T,_T,_Z,_Z,_Z,_Z,_Z,0.43,A,,,,,,
AFW360_HH,GNB,_T,2021,SHK_COV_NATURAL,_Z,_Z,_T,QUINT_Q3,_T,_T,_T,_T,_Z,_Z,_Z,_Z,_Z,0.37,A,,,,,,
AFW360_HH,GNB,_T,2021,SHK_COV_NATURAL,_Z,_Z,_T,QUINT_Q4,_T,_T,_T,_T,_Z,_Z,_Z,_Z,_Z,0.3,A,,,,,,
AFW360_HH,GNB,_T,2021,SHK_COV_NATURAL,_Z,_Z,_T,QUINT_Q5,_T,_T,_T,_T,_Z,_Z,_Z,_Z,_Z,0.21,A,,,,,,
AFW360_HH,GNB,_T,2021,SHK_COV_NATURAL,_Z,_Z,_T,_T,_T,_T,_T,_T,_Z,_Z,_Z,_Z,_Z,0.35,A,,,,,,
AFW360_HH,GNB,_T,2021,SHK_IDIO_ECON,_Z,_Z,OU,_T,_T,_T,_T,_T,_Z,_Z,_Z,_Z,_Z,0.31,A,,,,,,
AFW360_HH,GNB,_T,2021,SHK_IDIO_ECON,_Z,_Z,R,_T,_T,_T,_T,_T,_Z,_Z,_Z,_Z,_Z,0.31,A,,,,,,
AFW360_HH,GNB,_T,2021,SHK_IDIO_ECON,_Z,_Z,_T,HHH_AGE_GE35,_T,_T,_T,_T,_Z,_Z,_Z,_Z,_Z,0.31,A,,,,,,
AFW360_HH,GNB,_T,2021,SHK_IDIO_ECON,_Z,_Z,_T,HHH_AGE_LT35,_T,_T,_T,_T,_Z,_Z,_Z,_Z,_Z,0.29,A,,,,,,
AFW360_HH,GNB,_T,2021,SHK_IDIO_ECON,_Z,_Z,_T,HHH_SEX_F,_T,_T,_T,_T,_Z,_Z,_Z,_Z,_Z,0.28,A,,,,,,
AFW360_HH,GNB,_T,2021,SHK_IDIO_ECON,_Z,_Z,_T,HHH_SEX_M,_T,_T,_T,_T,_Z,_Z,_Z,_Z,_Z,0.31,A,,,,,,
AFW360_HH,GNB,_T,2021,SHK_IDIO_ECON,_Z,_Z,_T,QUINT_Q1,_T,_T,_T,_T,_Z,_Z,_Z,_Z,_Z,0.28,A,,,,,,
AFW360_HH,GNB,_T,2021,SHK_IDIO_ECON,_Z,_Z,_T,QUINT_Q2,_T,_T,_T,_T,_Z,_Z,_Z,_Z,_Z,0.32,A,,,,,,
AFW360_HH,GNB,_T,2021,SHK_IDIO_ECON,_Z,_Z,_T,QUINT_Q3,_T,_T,_T,_T,_Z,_Z,_Z,_Z,_Z,0.3,A,,,,,,
AFW360_HH,GNB,_T,2021,SHK_IDIO_ECON,_Z,_Z,_T,QUINT_Q4,_T,_T,_T,_T,_Z,_Z,_Z,_Z,_Z,0.31,A,,,,,,
AFW360_HH,GNB,_T,2021,SHK_IDIO_ECON,_Z,_Z,_T,QUINT_Q5,_T,_T,_T,_T,_Z,_Z,_Z,_Z,_Z,0.32,A,,,,,,
AFW360_HH,GNB,_T,2021,SHK_IDIO_ECON,_Z,_Z,_T,_T,_T,_T,_T,_T,_Z,_Z,_Z,_Z,_Z,0.31,A,,,,,,
AFW360_HH,GNB,_T,2021,SP_HEALTH_COV,_T,_T,OU,_T,_T,_T,_T,_T,_Z,_Z,_Z,_Z,_Z,0.01,A,,,,,,
AFW360_HH,GNB,_T,2021,SP_HEALTH_COV,_T,_T,R,_T,_T,_T,_T,_T,_Z,_Z,_Z,_Z,_Z,0,A,,,,,,
AFW360_HH,GNB,_T,2021,SP_HEALTH_COV,_T,_T,_T,HHH_AGE_GE35,_T,_T,_T,_T,_Z,_Z,_Z,_Z,_Z,0,A,,,,,,
AFW360_HH,GNB,_T,2021,SP_HEALTH_COV,_T,_T,_T,HHH_AGE_LT35,_T,_T,_T,_T,_Z,_Z,_Z,_Z,_Z,0,A,,,,,,
AFW360_HH,GNB,_T,2021,SP_HEALTH_COV,_T,_T,_T,HHH_SEX_F,_T,_T,_T,_T,_Z,_Z,_Z,_Z,_Z,0,A,,,,,,
AFW360_HH,GNB,_T,2021,SP_HEALTH_COV,_T,_T,_T,HHH_SEX_M,_T,_T,_T,_T,_Z,_Z,_Z,_Z,_Z,0,A,,,,,,
AFW360_HH,GNB,_T,2021,SP_HEALTH_COV,_T,_T,_T,QUINT_Q1,_T,_T,_T,_T,_Z,_Z,_Z,_Z,_Z,0,A,,,,,,
AFW360_HH,GNB,_T,2021,SP_HEALTH_COV,_T,_T,_T,QUINT_Q2,_T,_T,_T,_T,_Z,_Z,_Z,_Z,_Z,0,A,,,,,,
AFW360_HH,GNB,_T,2021,SP_HEALTH_COV,_T,_T,_T,QUINT_Q3,_T,_T,_T,_T,_Z,_Z,_Z,_Z,_Z,0,A,,,,,,
AFW360_HH,GNB,_T,2021,SP_HEALTH_COV,_T,_T,_T,QUINT_Q4,_T,_T,_T,_T,_Z,_Z,_Z,_Z,_Z,0,A,,,,,,
AFW360_HH,GNB,_T,2021,SP_HEALTH_COV,_T,_T,_T,QUINT_Q5,_T,_T,_T,_T,_Z,_Z,_Z,_Z,_Z,0.01,A,,,,,,
AFW360_HH,GNB,_T,2021,SP_HEALTH_COV,_T,_T,_T,_T,_T,_T,_T,_T,_Z,_Z,_Z,_Z,_Z,0,A,,,,,,
AFW360_HH,GNB,_T,2021,SP_HEALTH_COV_HH,_Z,_Z,OU,_T,_T,_T,_T,_T,_Z,_Z,_Z,_Z,_Z,0.02,A,,,,,,
AFW360_HH,GNB,_T,2021,SP_HEALTH_COV_HH,_Z,_Z,R,_T,_T,_T,_T,_T,_Z,_Z,_Z,_Z,_Z,0,A,,,,,,
AFW360_HH,GNB,_T,2021,SP_HEALTH_COV_HH,_Z,_Z,_T,HHH_AGE_GE35,_T,_T,_T,_T,_Z,_Z,_Z,_Z,_Z,0.01,A,,,,,,
AFW360_HH,GNB,_T,2021,SP_HEALTH_COV_HH,_Z,_Z,_T,HHH_AGE_LT35,_T,_T,_T,_T,_Z,_Z,_Z,_Z,_Z,0,A,,,,,,
AFW360_HH,GNB,_T,2021,SP_HEALTH_COV_HH,_Z,_Z,_T,HHH_SEX_F,_T,_T,_T,_T,_Z,_Z,_Z,_Z,_Z,0.01,A,,,,,,
AFW360_HH,GNB,_T,2021,SP_HEALTH_COV_HH,_Z,_Z,_T,HHH_SEX_M,_T,_T,_T,_T,_Z,_Z,_Z,_Z,_Z,0.01,A,,,,,,
AFW360_HH,GNB,_T,2021,SP_HEALTH_COV_HH,_Z,_Z,_T,QUINT_Q1,_T,_T,_T,_T,_Z,_Z,_Z,_Z,_Z,0,A,,,,,,
AFW360_HH,GNB,_T,2021,SP_HEALTH_COV_HH,_Z,_Z,_T,QUINT_Q2,_T,_T,_T,_T,_Z,_Z,_Z,_Z,_Z,0,A,,,,,,
AFW360_HH,GNB,_T,2021,SP_HEALTH_COV_HH,_Z,_Z,_T,QUINT_Q3,_T,_T,_T,_T,_Z,_Z,_Z,_Z,_Z,0,A,,,,,,
AFW360_HH,GNB,_T,2021,SP_HEALTH_COV_HH,_Z,_Z,_T,QUINT_Q4,_T,_T,_T,_T,_Z,_Z,_Z,_Z,_Z,0,A,,,,,,
AFW360_HH,GNB,_T,2021,SP_HEALTH_COV_HH,_Z,_Z,_T,QUINT_Q5,_T,_T,_T,_T,_Z,_Z,_Z,_Z,_Z,0.03,A,,,,,,
AFW360_HH,GNB,_T,2021,SP_HEALTH_COV_HH,_Z,_Z,_T,_T,_T,_T,_T,_T,_Z,_Z,_Z,_Z,_Z,0.01,A,,,,,,
