STRUCTURE,STRUCTURE_ID,ACTION,FREQ,REF_AREA,GEO,ESTIMATION,INDICATOR,SEX,AGE,URBANISATION,COMP_BREAKDOWN_1,COMP_BREAKDOWN_2,COMP_BREAKDOWN_3,COMP_BREAKDOWN_4,COMP_BREAKDOWN_5,MEASURE_QUAL_1,MEASURE_QUAL_2,MEASURE_QUAL_3,MEASURE_QUAL_4,MEASURE_QUAL_5,TIME_PERIOD,OBS_VALUE,STD_ERR,CI_LOWER,CI_UPPER,N_OBS,N_POP,N_OBS_NUM,DEFF,DF,SERIES_ID,UNIT_MEASURE,PRECISION,OBS_STATUS,SOURCE_ID,OBS_COMMENT
dataflow,WB.AFW360:AFW360_HH(0.3.0),R,A,GNB,GW01,SURVEY,AGR_CULTIVATES,_Z,_Z,_T,_T,_T,_T,_T,_T,_Z,_Z,_Z,_Z,_Z,2021,0.87,,,,,,,,,AGR_CULTIVATES,SHARE,0.01,A,GNB_EHCVM2021_LEGACY_v1,
dataflow,WB.AFW360:AFW360_HH(0.3.0),R,A,GNB,GW01,SURVEY,AGR_CULT_AREA,_Z,_Z,_T,_T,_T,_T,_T,_T,_Z,_Z,_Z,_Z,_Z,2021,3.61,,,,,,,,,AGR_CULT_AREA,HA,0.01,A,GNB_EHCVM2021_LEGACY_v1,
dataflow,WB.AFW360:AFW360_HH(0.3.0),R,A,GNB,GW01,SURVEY,AGR_LIVESTOCK_ANY,_Z,_Z,_T,_T,_T,_T,_T,_T,_Z,_Z,_Z,_Z,_Z,2021,0.8,,,,,,,,,AGR_LIVESTOCK_ANY,SHARE,0.01,A,GNB_EHCVM2021_LEGACY_v1,
dataflow,WB.AFW360:AFW360_HH(0.3.0),R,A,GNB,GW01,SURVEY,AGR_TLU,_Z,_Z,_T,_T,_T,_T,_T,_T,_Z,_Z,_Z,_Z,_Z,2021,5.09,,,,,,,,,AGR_TLU,TLU,0.01,A,GNB_EHCVM2021_LEGACY_v1,
dataflow,WB.AFW360:AFW360_HH(0.3.0),R,A,GNB,GW01,SURVEY,CONS_SH,_Z,_Z,_T,_T,_T,_T,_T,_T,COICOP_CP01,ACQ_OWNPROD,_Z,_Z,_Z,2021,0.15,,,,,,,,,CONS_SH.COICOP_CP01.ACQ_OWNPROD,SHARE,0.01,A,GNB_EHCVM2021_LEGACY_v1,
dataflow,WB.AFW360:AFW360_HH(0.3.0),R,A,GNB,GW01,SURVEY,CONS_SH,_Z,_Z,_T,_T,_T,_T,_T,_T,COICOP_CP01,ACQ_PURCH,_Z,_Z,_Z,2021,0.29,,,,,,,,,CONS_SH.COICOP_CP01.ACQ_PURCH,SHARE,0.01,A,GNB_EHCVM2021_LEGACY_v1,
dataflow,WB.AFW360:AFW360_HH(0.3.0),R,A,GNB,GW01,SURVEY,CONS_SH,_Z,_Z,_T,_T,_T,_T,_T,_T,COICOP_CP01,_Z,_Z,_Z,_Z,2021,0.48,,,,,,,,,CONS_SH.COICOP_CP01,SHARE,0.01,A,GNB_EHCVM2021_LEGACY_v1,
dataflow,WB.AFW360:AFW360_HH(0.3.0),R,A,GNB,GW01,SURVEY,CONS_SH,_Z,_Z,_T,_T,_T,_T,_T,_T,COICOP_CP02,_Z,_Z,_Z,_Z,2021,0.01,,,,,,,,,CONS_SH.COICOP_CP02,SHARE,0.01,A,GNB_EHCVM2021_LEGACY_v1,
dataflow,WB.AFW360:AFW360_HH(0.3.0),R,A,GNB,GW01,SURVEY,CONS_SH,_Z,_Z,_T,_T,_T,_T,_T,_T,COICOP_CP03,_Z,_Z,_Z,_Z,2021,0.07,,,,,,,,,CONS_SH.COICOP_CP03,SHARE,0.01,A,GNB_EHCVM2021_LEGACY_v1,
dataflow,WB.AFW360:AFW360_HH(0.3.0),R,A,GNB,GW01,SURVEY,CONS_SH,_Z,_Z,_T,_T,_T,_T,_T,_T,COICOP_CP04,_Z,_Z,_Z,_Z,2021,0.12,,,,,,,,,CONS_SH.COICOP_CP04,SHARE,0.01,A,GNB_EHCVM2021_LEGACY_v1,
dataflow,WB.AFW360:AFW360_HH(0.3.0),R,A,GNB,GW01,SURVEY,CONS_SH,_Z,_Z,_T,_T,_T,_T,_T,_T,COICOP_CP05,_Z,_Z,_Z,_Z,2021,0.05,,,,,,,,,CONS_SH.COICOP_CP05,SHARE,0.01,A,GNB_EHCVM2021_LEGACY_v1,
dataflow,WB.AFW360:AFW360_HH(0.3.0),R,A,GNB,GW01,SURVEY,CONS_SH,_Z,_Z,_T,_T,_T,_T,_T,_T,COICOP_CP06,_Z,_Z,_Z,_Z,2021,0.04,,,,,,,,,CONS_SH.COICOP_CP06,SHARE,0.01,A,GNB_EHCVM2021_LEGACY_v1,
dataflow,WB.AFW360:AFW360_HH(0.3.0),R,A,GNB,GW01,SURVEY,CONS_SH,_Z,_Z,_T,_T,_T,_T,_T,_T,COICOP_CP07,_Z,_Z,_Z,_Z,2021,0.05,,,,,,,,,CONS_SH.COICOP_CP07,SHARE,0.01,A,GNB_EHCVM2021_LEGACY_v1,
dataflow,WB.AFW360:AFW360_HH(0.3.0),R,A,GNB,GW01,SURVEY,CONS_SH,_Z,_Z,_T,_T,_T,_T,_T,_T,COICOP_CP08,_Z,_Z,_Z,_Z,2021,0.07,,,,,,,,,CONS_SH.COICOP_CP08,SHARE,0.01,A,GNB_EHCVM2021_LEGACY_v1,
dataflow,WB.AFW360:AFW360_HH(0.3.0),R,A,GNB,GW01,SURVEY,CONS_SH,_Z,_Z,_T,_T,_T,_T,_T,_T,COICOP_CP09,_Z,_Z,_Z,_Z,2021,0,,,,,,,,,CONS_SH.COICOP_CP09,SHARE,0.01,A,GNB_EHCVM2021_LEGACY_v1,
dataflow,WB.AFW360:AFW360_HH(0.3.0),R,A,GNB,GW01,SURVEY,CONS_SH,_Z,_Z,_T,_T,_T,_T,_T,_T,COICOP_CP10,_Z,_Z,_Z,_Z,2021,0.02,,,,,,,,,CONS_SH.COICOP_CP10,SHARE,0.01,A,GNB_EHCVM2021_LEGACY_v1,
dataflow,WB.AFW360:AFW360_HH(0.3.0),R,A,GNB,GW01,SURVEY,CONS_SH,_Z,_Z,_T,_T,_T,_T,_T,_T,COICOP_CP11,_Z,_Z,_Z,_Z,2021,0.1,,,,,,,,,CONS_SH.COICOP_CP11,SHARE,0.01,A,GNB_EHCVM2021_LEGACY_v1,
dataflow,WB.AFW360:AFW360_HH(0.3.0),R,A,GNB,GW01,SURVEY,CONS_SH,_Z,_Z,_T,_T,_T,_T,_T,_T,COICOP_CP12,_Z,_Z,_Z,_Z,2021,0,,,,,,,,,CONS_SH.COICOP_CP12,SHARE,0.01,A,GNB_EHCVM2021_LEGACY_v1,
dataflow,WB.AFW360:AFW360_HH(0.3.0),R,A,GNB,GW01,SURVEY,CONS_SH,_Z,_Z,_T,_T,_T,_T,_T,_T,COICOP_CP13,_Z,_Z,_Z,_Z,2021,0.01,,,,,,,,,CONS_SH.COICOP_CP13,SHARE,0.01,A,GNB_EHCVM2021_LEGACY_v1,
dataflow,WB.AFW360:AFW360_HH(0.3.0),R,A,GNB,GW01,SURVEY,EN_ASSET_AC,_Z,_Z,_T,_T,_T,_T,_T,_T,_Z,_Z,_Z,_Z,_Z,2021,0,,,,,,,,,EN_ASSET_AC,SHARE,0.01,A,GNB_EHCVM2021_LEGACY_v1,
dataflow,WB.AFW360:AFW360_HH(0.3.0),R,A,GNB,GW01,SURVEY,EN_ASSET_COOKER,_Z,_Z,_T,_T,_T,_T,_T,_T,_Z,_Z,_Z,_Z,_Z,2021,0.01,,,,,,,,,EN_ASSET_COOKER,SHARE,0.01,A,GNB_EHCVM2021_LEGACY_v1,
dataflow,WB.AFW360:AFW360_HH(0.3.0),R,A,GNB,GW01,SURVEY,EN_ASSET_FAN,_Z,_Z,_T,_T,_T,_T,_T,_T,_Z,_Z,_Z,_Z,_Z,2021,0,,,,,,,,,EN_ASSET_FAN,SHARE,0.01,A,GNB_EHCVM2021_LEGACY_v1,
dataflow,WB.AFW360:AFW360_HH(0.3.0),R,A,GNB,GW01,SURVEY,EN_ASSET_WATER_HEATER,_Z,_Z,_T,_T,_T,_T,_T,_T,_Z,_Z,_Z,_Z,_Z,2021,0,,,,,,,,,EN_ASSET_WATER_HEATER,SHARE,0.01,A,GNB_EHCVM2021_LEGACY_v1,
dataflow,WB.AFW360:AFW360_HH(0.3.0),R,A,GNB,GW01,SURVEY,EN_COOK_BIOMASS,_Z,_Z,_T,_T,_T,_T,_T,_T,_Z,_Z,_Z,_Z,_Z,2021,0.99,,,,,,,,,EN_COOK_BIOMASS,SHARE,0.01,A,GNB_EHCVM2021_LEGACY_v1,
dataflow,WB.AFW360:AFW360_HH(0.3.0),R,A,GNB,GW01,SURVEY,EN_COOK_CLEAN,_Z,_Z,_T,_T,_T,_T,_T,_T,_Z,_Z,_Z,_Z,_Z,2021,0.01,,,,,,,,,EN_COOK_CLEAN,SHARE,0.01,A,GNB_EHCVM2021_LEGACY_v1,
dataflow,WB.AFW360:AFW360_HH(0.3.0),R,A,GNB,GW01,SURVEY,EN_ELEC_ACCESS,_Z,_Z,_T,_T,_T,_T,_T,_T,_Z,_Z,_Z,_Z,_Z,2021,0.05,,,,,,,,,EN_ELEC_ACCESS,SHARE,0.01,A,GNB_EHCVM2021_LEGACY_v1,
dataflow,WB.AFW360:AFW360_HH(0.3.0),R,A,GNB,GW01,SURVEY,EN_ELEC_INFORMAL,_Z,_Z,_T,_T,_T,_T,_T,_T,_Z,_Z,_Z,_Z,_Z,2021,0.01,,,,,,,,,EN_ELEC_INFORMAL,SHARE,0.01,A,GNB_EHCVM2021_LEGACY_v1,
dataflow,WB.AFW360:AFW360_HH(0.3.0),R,A,GNB,GW01,SURVEY,EN_ELEC_SPEND,_Z,_Z,_T,_T,_T,_T,_T,_T,_Z,_Z,_Z,_Z,_Z,2021,17207.35,,,,,,,,,EN_ELEC_SPEND,XOF,0.01,A,GNB_EHCVM2021_LEGACY_v1,
dataflow,WB.AFW360:AFW360_HH(0.3.0),R,A,GNB,GW01,SURVEY,EN_GRID_CONN,_Z,_Z,_T,_T,_T,_T,_T,_T,_Z,_Z,_Z,_Z,_Z,2021,0.05,,,,,,,,,EN_GRID_CONN,SHARE,0.01,A,GNB_EHCVM2021_LEGACY_v1,
dataflow,WB.AFW360:AFW360_HH(0.3.0),R,A,GNB,GW01,SURVEY,EN_GRID_USE,_Z,_Z,_T,_T,_T,_T,_T,_T,_Z,_Z,_Z,_Z,_Z,2021,0.06,,,,,,,,,EN_GRID_USE,SHARE,0.01,A,GNB_EHCVM2021_LEGACY_v1,
dataflow,WB.AFW360:AFW360_HH(0.3.0),R,A,GNB,GW01,SURVEY,EN_LIGHT_IMPROVED,_Z,_Z,_T,_T,_T,_T,_T,_T,_Z,_Z,_Z,_Z,_Z,2021,0.07,,,,,,,,,EN_LIGHT_IMPROVED,SHARE,0.01,A,GNB_EHCVM2021_LEGACY_v1,
dataflow,WB.AFW360:AFW360_HH(0.3.0),R,A,GNB,GW01,SURVEY,EN_OFFGRID_USE,_Z,_Z,_T,_T,_T,_T,_T,_T,_Z,_Z,_Z,_Z,_Z,2021,0.71,,,,,,,,,EN_OFFGRID_USE,SHARE,0.01,A,GNB_EHCVM2021_LEGACY_v1,
dataflow,WB.AFW360:AFW360_HH(0.3.0),R,A,GNB,GW01,SURVEY,EN_OUTAGE_ANY,_Z,_Z,_T,_T,_T,_T,_T,_T,_Z,_Z,_Z,_Z,_Z,2021,0.25,,,,,,,,,EN_OUTAGE_ANY,SHARE,0.01,A,GNB_EHCVM2021_LEGACY_v1,
dataflow,WB.AFW360:AFW360_HH(0.3.0),R,A,GNB,GW01,SURVEY,EN_OUTAGE_DAYS,_Z,_Z,_T,_T,_T,_T,_T,_T,_Z,_Z,_Z,_Z,_Z,2021,5.96,,,,,,,,,EN_OUTAGE_DAYS,DAY,0.01,A,GNB_EHCVM2021_LEGACY_v1,
dataflow,WB.AFW360:AFW360_HH(0.3.0),R,A,GNB,GW01,SURVEY,EN_OUTAGE_DUR_CODE,_Z,_Z,_T,_T,_T,_T,_T,_T,_Z,_Z,_Z,_Z,_Z,2021,NaN,,,,,,,,,EN_OUTAGE_DUR_CODE,INDEX,0.01,O,GNB_EHCVM2021_LEGACY_v1,"LEGACY_EMPTY: empty cell in sheet 'ADM 1', column 'estimateBafatá'"
dataflow,WB.AFW360:AFW360_HH(0.3.0),R,A,GNB,GW01,SURVEY,EN_PREPAID_METER,_Z,_Z,_T,_T,_T,_T,_T,_T,_Z,_Z,_Z,_Z,_Z,2021,0.5,,,,,,,,,EN_PREPAID_METER,SHARE,0.01,A,GNB_EHCVM2021_LEGACY_v1,
dataflow,WB.AFW360:AFW360_HH(0.3.0),R,A,GNB,GW01,SURVEY,HE_ACCOUNTS,_Z,_Z,_T,_T,_T,_T,_T,_T,_Z,_Z,_Z,_Z,_Z,2021,0.1,,,,,,,,,HE_ACCOUNTS,SHARE,0.01,A,GNB_EHCVM2021_LEGACY_v1,
dataflow,WB.AFW360:AFW360_HH(0.3.0),R,A,GNB,GW01,SURVEY,HE_AGE,_Z,_Z,_T,_T,_T,_T,_T,_T,_Z,_Z,_Z,_Z,_Z,2021,5.75,,,,,,,,,HE_AGE,YEAR,0.01,A,GNB_EHCVM2021_LEGACY_v1,
dataflow,WB.AFW360:AFW360_HH(0.3.0),R,A,GNB,GW01,SURVEY,HE_BUY_FIRMS,_Z,_Z,_T,_T,_T,_T,_T,_T,_Z,_Z,_Z,_Z,_Z,2021,0.1,,,,,,,,,HE_BUY_FIRMS,SHARE,0.01,A,GNB_EHCVM2021_LEGACY_v1,
dataflow,WB.AFW360:AFW360_HH(0.3.0),R,A,GNB,GW01,SURVEY,HE_CAPITAL,_Z,_Z,_T,_T,_T,_T,_T,_T,_Z,_Z,_Z,_Z,_Z,2021,20159.68,,,,,,,,,HE_CAPITAL,XOF,0.01,A,GNB_EHCVM2021_LEGACY_v1,
dataflow,WB.AFW360:AFW360_HH(0.3.0),R,A,GNB,GW01,SURVEY,HE_COSTS,_Z,_Z,_T,_T,_T,_T,_T,_T,_Z,_Z,_Z,_Z,_Z,2021,3000.29,,,,,,,,,HE_COSTS,XOF,0.01,A,GNB_EHCVM2021_LEGACY_v1,
dataflow,WB.AFW360:AFW360_HH(0.3.0),R,A,GNB,GW01,SURVEY,HE_CREDIT_ANY,_Z,_Z,_T,_T,_T,_T,_T,_T,_Z,_Z,_Z,_Z,_Z,2021,0.3,,,,,,,,,HE_CREDIT_ANY,SHARE,0.01,A,GNB_EHCVM2021_LEGACY_v1,
dataflow,WB.AFW360:AFW360_HH(0.3.0),R,A,GNB,GW01,SURVEY,HE_CREDIT_FORMAL,_Z,_Z,_T,_T,_T,_T,_T,_T,_Z,_Z,_Z,_Z,_Z,2021,0,,,,,,,,,HE_CREDIT_FORMAL,SHARE,0.01,A,GNB_EHCVM2021_LEGACY_v1,
dataflow,WB.AFW360:AFW360_HH(0.3.0),R,A,GNB,GW01,SURVEY,HE_CREDIT_INFORMAL,_Z,_Z,_T,_T,_T,_T,_T,_T,_Z,_Z,_Z,_Z,_Z,2021,0.3,,,,,,,,,HE_CREDIT_INFORMAL,SHARE,0.01,A,GNB_EHCVM2021_LEGACY_v1,
dataflow,WB.AFW360:AFW360_HH(0.3.0),R,A,GNB,GW01,SURVEY,HE_ELEC,_Z,_Z,_T,_T,_T,_T,_T,_T,_Z,_Z,_Z,_Z,_Z,2021,NaN,,,,,,,,,HE_ELEC,SHARE,0.01,O,GNB_EHCVM2021_LEGACY_v1,"LEGACY_EMPTY: empty cell in sheet 'ADM 1', column 'estimateBafatá'"
dataflow,WB.AFW360:AFW360_HH(0.3.0),R,A,GNB,GW01,SURVEY,HE_EMP_EXT_ANY,_Z,_Z,_T,_T,_T,_T,_T,_T,_Z,_Z,_Z,_Z,_Z,2021,1,,,,,,,,,HE_EMP_EXT_ANY,SHARE,0.01,A,GNB_EHCVM2021_LEGACY_v1,LEGACY_SUSPECT: Implausible: share 1.00 while mean non-HH employees is 0.48.
dataflow,WB.AFW360:AFW360_HH(0.3.0),R,A,GNB,GW01,SURVEY,HE_EMP_HH_NUM,_Z,_Z,_T,_T,_T,_T,_T,_T,_Z,_Z,_Z,_Z,_Z,2021,0,,,,,,,,,HE_EMP_HH_NUM,PERSON,0.01,A,GNB_EHCVM2021_LEGACY_v1,
dataflow,WB.AFW360:AFW360_HH(0.3.0),R,A,GNB,GW01,SURVEY,HE_EMP_NONHH_NUM,_Z,_Z,_T,_T,_T,_T,_T,_T,_Z,_Z,_Z,_Z,_Z,2021,0.52,,,,,,,,,HE_EMP_NONHH_NUM,PERSON,0.01,A,GNB_EHCVM2021_LEGACY_v1,
dataflow,WB.AFW360:AFW360_HH(0.3.0),R,A,GNB,GW01,SURVEY,HE_EMP_NUM,_Z,_Z,_T,_T,_T,_T,_T,_T,_Z,_Z,_Z,_Z,_Z,2021,0,,,,,,,,,HE_EMP_NUM,PERSON,0.01,A,GNB_EHCVM2021_LEGACY_v1,
dataflow,WB.AFW360:AFW360_HH(0.3.0),R,A,GNB,GW01,SURVEY,HE_HH_OWNER,_Z,_Z,_T,_T,_T,_T,_T,_T,_Z,_Z,_Z,_Z,_Z,2021,0.37,,,,,,,,,HE_HH_OWNER,SHARE,0.01,A,GNB_EHCVM2021_LEGACY_v1,
dataflow,WB.AFW360:AFW360_HH(0.3.0),R,A,GNB,GW01,SURVEY,HE_HOME_BASED,_Z,_Z,_T,_T,_T,_T,_T,_T,_Z,_Z,_Z,_Z,_Z,2021,0.68,,,,,,,,,HE_HOME_BASED,SHARE,0.01,A,GNB_EHCVM2021_LEGACY_v1,
dataflow,WB.AFW360:AFW360_HH(0.3.0),R,A,GNB,GW01,SURVEY,HE_PHONE,_Z,_Z,_T,_T,_T,_T,_T,_T,_Z,_Z,_Z,_Z,_Z,2021,1,,,,,,,,,HE_PHONE,SHARE,0.01,A,GNB_EHCVM2021_LEGACY_v1,
dataflow,WB.AFW360:AFW360_HH(0.3.0),R,A,GNB,GW01,SURVEY,HE_PREMISES_FORMAL,_Z,_Z,_T,_T,_T,_T,_T,_T,_Z,_Z,_Z,_Z,_Z,2021,0,,,,,,,,,HE_PREMISES_FORMAL,SHARE,0.01,A,GNB_EHCVM2021_LEGACY_v1,
dataflow,WB.AFW360:AFW360_HH(0.3.0),R,A,GNB,GW01,SURVEY,HE_PROFIT,_Z,_Z,_T,_T,_T,_T,_T,_T,_Z,_Z,_Z,_Z,_Z,2021,2888.06,,,,,,,,,HE_PROFIT,XOF,0.01,A,GNB_EHCVM2021_LEGACY_v1,
dataflow,WB.AFW360:AFW360_HH(0.3.0),R,A,GNB,GW01,SURVEY,HE_RENT,_Z,_Z,_T,_T,_T,_T,_T,_T,_Z,_Z,_Z,_Z,_Z,2021,NaN,,,,,,,,,HE_RENT,SHARE,0.01,O,GNB_EHCVM2021_LEGACY_v1,"LEGACY_EMPTY: empty cell in sheet 'ADM 1', column 'estimateBafatá'"
dataflow,WB.AFW360:AFW360_HH(0.3.0),R,A,GNB,GW01,SURVEY,HE_REV_PER_WORKER,_Z,_Z,_T,_T,_T,_T,_T,_T,_Z,_Z,_Z,_Z,_Z,2021,NaN,,,,,,,,,HE_REV_PER_WORKER,XOF,0.01,O,GNB_EHCVM2021_LEGACY_v1,"LEGACY_EMPTY: empty cell in sheet 'ADM 1', column 'estimateBafatá'"
dataflow,WB.AFW360:AFW360_HH(0.3.0),R,A,GNB,GW01,SURVEY,HE_SELL_FIRMS,_Z,_Z,_T,_T,_T,_T,_T,_T,_Z,_Z,_Z,_Z,_Z,2021,0.06,,,,,,,,,HE_SELL_FIRMS,SHARE,0.01,A,GNB_EHCVM2021_LEGACY_v1,
dataflow,WB.AFW360:AFW360_HH(0.3.0),R,A,GNB,GW01,SURVEY,HE_TAX_ID,_Z,_Z,_T,_T,_T,_T,_T,_T,_Z,_Z,_Z,_Z,_Z,2021,0.06,,,,,,,,,HE_TAX_ID,SHARE,0.01,A,GNB_EHCVM2021_LEGACY_v1,
dataflow,WB.AFW360:AFW360_HH(0.3.0),R,A,GNB,GW01,SURVEY,HE_WATER,_Z,_Z,_T,_T,_T,_T,_T,_T,_Z,_Z,_Z,_Z,_Z,2021,NaN,,,,,,,,,HE_WATER,SHARE,0.01,O,GNB_EHCVM2021_LEGACY_v1,"LEGACY_EMPTY: empty cell in sheet 'ADM 1', column 'estimateBafatá'"
dataflow,WB.AFW360:AFW360_HH(0.3.0),R,A,GNB,GW01,SURVEY,HOUS_FLOOR_DURABLE,_Z,_Z,_T,_T,_T,_T,_T,_T,_Z,_Z,_Z,_Z,_Z,2021,0.54,,,,,,,,,HOUS_FLOOR_DURABLE,SHARE,0.01,A,GNB_EHCVM2021_LEGACY_v1,
dataflow,WB.AFW360:AFW360_HH(0.3.0),R,A,GNB,GW01,SURVEY,HOUS_ROOF_DURABLE,_Z,_Z,_T,_T,_T,_T,_T,_T,_Z,_Z,_Z,_Z,_Z,2021,0.96,,,,,,,,,HOUS_ROOF_DURABLE,SHARE,0.01,A,GNB_EHCVM2021_LEGACY_v1,
dataflow,WB.AFW360:AFW360_HH(0.3.0),R,A,GNB,GW01,SURVEY,HOUS_SANIT_IMPROVED,_Z,_Z,_T,_T,_T,_T,_T,_T,_Z,_Z,_Z,_Z,_Z,2021,0.16,,,,,,,,,HOUS_SANIT_IMPROVED,SHARE,0.01,A,GNB_EHCVM2021_LEGACY_v1,
dataflow,WB.AFW360:AFW360_HH(0.3.0),R,A,GNB,GW01,SURVEY,HOUS_WALL_DURABLE,_Z,_Z,_T,_T,_T,_T,_T,_T,_Z,_Z,_Z,_Z,_Z,2021,0.23,,,,,,,,,HOUS_WALL_DURABLE,SHARE,0.01,A,GNB_EHCVM2021_LEGACY_v1,
dataflow,WB.AFW360:AFW360_HH(0.3.0),R,A,GNB,GW01,SURVEY,HOUS_WATER_SAFE_DRY,_Z,_Z,_T,_T,_T,_T,_T,_T,_Z,_Z,_Z,_Z,_Z,2021,0.7,,,,,,,,,HOUS_WATER_SAFE_DRY,SHARE,0.01,A,GNB_EHCVM2021_LEGACY_v1,
dataflow,WB.AFW360:AFW360_HH(0.3.0),R,A,GNB,GW01,SURVEY,POP_HE_SH,_Z,_Z,_T,HEO_MSTAT_MARRIED,_T,_T,_T,_T,_Z,_Z,_Z,_Z,_Z,2021,0.51,,,,,,,,,POP_HE_SH.HEO_MSTAT_MARRIED,SHARE,0.01,A,GNB_EHCVM2021_LEGACY_v1,
dataflow,WB.AFW360:AFW360_HH(0.3.0),R,A,GNB,GW01,SURVEY,POP_HE_SH,_Z,_Z,_T,HEO_SEX_F,_T,_T,_T,_T,_Z,_Z,_Z,_Z,_Z,2021,0.58,,,,,,,,,POP_HE_SH.HEO_SEX_F,SHARE,0.01,A,GNB_EHCVM2021_LEGACY_v1,
dataflow,WB.AFW360:AFW360_HH(0.3.0),R,A,GNB,GW01,SURVEY,POP_HH_SH,_Z,_Z,_T,HE_COUNT_0,_T,_T,_T,_T,_Z,_Z,_Z,_Z,_Z,2021,0.42,,,,,,,,,POP_HH_SH.HE_COUNT_0,SHARE,0.01,A,GNB_EHCVM2021_LEGACY_v1,
dataflow,WB.AFW360:AFW360_HH(0.3.0),R,A,GNB,GW01,SURVEY,POP_HH_SH,_Z,_Z,_T,HE_COUNT_1,_T,_T,_T,_T,_Z,_Z,_Z,_Z,_Z,2021,0.43,,,,,,,,,POP_HH_SH.HE_COUNT_1,SHARE,0.01,A,GNB_EHCVM2021_LEGACY_v1,
dataflow,WB.AFW360:AFW360_HH(0.3.0),R,A,GNB,GW01,SURVEY,POP_HH_SH,_Z,_Z,_T,HE_COUNT_2,_T,_T,_T,_T,_Z,_Z,_Z,_Z,_Z,2021,0.13,,,,,,,,,POP_HH_SH.HE_COUNT_2,SHARE,0.01,A,GNB_EHCVM2021_LEGACY_v1,
dataflow,WB.AFW360:AFW360_HH(0.3.0),R,A,GNB,GW01,SURVEY,POP_HH_SH,_Z,_Z,_T,HE_COUNT_3,_T,_T,_T,_T,_Z,_Z,_Z,_Z,_Z,2021,0.02,,,,,,,,,POP_HH_SH.HE_COUNT_3,SHARE,0.01,A,GNB_EHCVM2021_LEGACY_v1,
dataflow,WB.AFW360:AFW360_HH(0.3.0),R,A,GNB,GW01,SURVEY,POP_HH_SH,_Z,_Z,_T,HE_COUNT_4P,_T,_T,_T,_T,_Z,_Z,_Z,_Z,_Z,2021,0,,,,,,,,,POP_HH_SH.HE_COUNT_4P,SHARE,0.01,A,GNB_EHCVM2021_LEGACY_v1,
dataflow,WB.AFW360:AFW360_HH(0.3.0),R,A,GNB,GW01,SURVEY,POP_SH,_T,_T,_T,EMP_FORMAL_N,_T,_T,_T,_T,_Z,_Z,_Z,_Z,_Z,2021,0.9,,,,,,,,,POP_SH.EMP_FORMAL_N,SHARE,0.01,A,GNB_EHCVM2021_LEGACY_v1,
dataflow,WB.AFW360:AFW360_HH(0.3.0),R,A,GNB,GW01,SURVEY,POP_SH,_T,_T,_T,EMP_ISIC_G,_T,_T,_T,_T,_Z,_Z,_Z,_Z,_Z,2021,0.08,,,,,,,,,POP_SH.EMP_ISIC_G,SHARE,0.01,A,GNB_EHCVM2021_LEGACY_v1,
dataflow,WB.AFW360:AFW360_HH(0.3.0),R,A,GNB,GW01,SURVEY,POP_SH,_T,_T,_T,EMP_ISIC_H,_T,_T,_T,_T,_Z,_Z,_Z,_Z,_Z,2021,0.02,,,,,,,,,POP_SH.EMP_ISIC_H,SHARE,0.01,A,GNB_EHCVM2021_LEGACY_v1,
dataflow,WB.AFW360:AFW360_HH(0.3.0),R,A,GNB,GW01,SURVEY,POP_SH,_T,_T,_T,EMP_SECTOR_AGR,_T,_T,_T,_T,_Z,_Z,_Z,_Z,_Z,2021,0.79,,,,,,,,,POP_SH.EMP_SECTOR_AGR,SHARE,0.01,A,GNB_EHCVM2021_LEGACY_v1,
dataflow,WB.AFW360:AFW360_HH(0.3.0),R,A,GNB,GW01,SURVEY,POP_SH,_T,_T,_T,EMP_SECTOR_IND,_T,_T,_T,_T,_Z,_Z,_Z,_Z,_Z,2021,0.07,,,,,,,,,POP_SH.EMP_SECTOR_IND,SHARE,0.01,A,GNB_EHCVM2021_LEGACY_v1,
dataflow,WB.AFW360:AFW360_HH(0.3.0),R,A,GNB,GW01,SURVEY,POP_SH,_T,_T,_T,EMP_SECTOR_SER,_T,_T,_T,_T,_Z,_Z,_Z,_Z,_Z,2021,0.13,,,,,,,,,POP_SH.EMP_SECTOR_SER,SHARE,0.01,A,GNB_EHCVM2021_LEGACY_v1,
dataflow,WB.AFW360:AFW360_HH(0.3.0),R,A,GNB,GW01,SURVEY,POP_SH,_T,_T,_T,EMP_STATUS_EMPLOYED,_T,_T,_T,_T,_Z,_Z,_Z,_Z,_Z,2021,0.8,,,,,,,,,POP_SH.EMP_STATUS_EMPLOYED,SHARE,0.01,A,GNB_EHCVM2021_LEGACY_v1,
dataflow,WB.AFW360:AFW360_HH(0.3.0),R,A,GNB,GW01,SURVEY,POP_SH,_T,_T,_T,EMP_TYPE_NONWAGE,_T,_T,_T,_T,_Z,_Z,_Z,_Z,_Z,2021,0.91,,,,,,,,,POP_SH.EMP_TYPE_NONWAGE,SHARE,0.01,A,GNB_EHCVM2021_LEGACY_v1,
dataflow,WB.AFW360:AFW360_HH(0.3.0),R,A,GNB,GW01,SURVEY,POP_SH,_T,_T,_T,EMP_TYPE_WAGE,_T,_T,_T,_T,_Z,_Z,_Z,_Z,_Z,2021,0.09,,,,,,,,,POP_SH.EMP_TYPE_WAGE,SHARE,0.01,A,GNB_EHCVM2021_LEGACY_v1,
dataflow,WB.AFW360:AFW360_HH(0.3.0),R,A,GNB,GW01,SURVEY,POV_HC,_T,_T,_T,_T,_T,_T,_T,_T,POVLINE_PL300,PPP_2021,_Z,_Z,_Z,2021,0.5,,,,,,,,,POV_HC.POVLINE_PL300.PPP_2021,SHARE,0.01,A,GNB_EHCVM2021_LEGACY_v1,
dataflow,WB.AFW360:AFW360_HH(0.3.0),R,A,GNB,GW01,SURVEY,POV_HC,_T,_T,_T,_T,_T,_T,_T,_T,POVLINE_PL420,PPP_2021,_Z,_Z,_Z,2021,0.75,,,,,,,,,POV_HC.POVLINE_PL420.PPP_2021,SHARE,0.01,A,GNB_EHCVM2021_LEGACY_v1,
dataflow,WB.AFW360:AFW360_HH(0.3.0),R,A,GNB,GW01,SURVEY,POV_NUM,_T,_T,_T,_T,_T,_T,_T,_T,POVLINE_PL300,PPP_2021,_Z,_Z,_Z,2021,110000,,,,,,,,,POV_NUM.POVLINE_PL300.PPP_2021,PERSON,10000,A,GNB_EHCVM2021_LEGACY_v1,
dataflow,WB.AFW360:AFW360_HH(0.3.0),R,A,GNB,GW01,SURVEY,POV_NUM,_T,_T,_T,_T,_T,_T,_T,_T,POVLINE_PL420,PPP_2021,_Z,_Z,_Z,2021,160000,,,,,,,,,POV_NUM.POVLINE_PL420.PPP_2021,PERSON,10000,A,GNB_EHCVM2021_LEGACY_v1,
dataflow,WB.AFW360:AFW360_HH(0.3.0),R,A,GNB,GW01,SURVEY,SHK_ANY,_Z,_Z,_T,_T,_T,_T,_T,_T,_Z,_Z,_Z,_Z,_Z,2021,0.88,,,,,,,,,SHK_ANY,SHARE,0.01,A,GNB_EHCVM2021_LEGACY_v1,
dataflow,WB.AFW360:AFW360_HH(0.3.0),R,A,GNB,GW01,SURVEY,SHK_COV_CONFLICT,_Z,_Z,_T,_T,_T,_T,_T,_T,_Z,_Z,_Z,_Z,_Z,2021,0.07,,,,,,,,,SHK_COV_CONFLICT,SHARE,0.01,A,GNB_EHCVM2021_LEGACY_v1,
dataflow,WB.AFW360:AFW360_HH(0.3.0),R,A,GNB,GW01,SURVEY,SHK_COV_ECON,_Z,_Z,_T,_T,_T,_T,_T,_T,_Z,_Z,_Z,_Z,_Z,2021,0.61,,,,,,,,,SHK_COV_ECON,SHARE,0.01,A,GNB_EHCVM2021_LEGACY_v1,
dataflow,WB.AFW360:AFW360_HH(0.3.0),R,A,GNB,GW01,SURVEY,SHK_COV_NATURAL,_Z,_Z,_T,_T,_T,_T,_T,_T,_Z,_Z,_Z,_Z,_Z,2021,0.42,,,,,,,,,SHK_COV_NATURAL,SHARE,0.01,A,GNB_EHCVM2021_LEGACY_v1,
dataflow,WB.AFW360:AFW360_HH(0.3.0),R,A,GNB,GW01,SURVEY,SHK_IDIO_ECON,_Z,_Z,_T,_T,_T,_T,_T,_T,_Z,_Z,_Z,_Z,_Z,2021,0.25,,,,,,,,,SHK_IDIO_ECON,SHARE,0.01,A,GNB_EHCVM2021_LEGACY_v1,
dataflow,WB.AFW360:AFW360_HH(0.3.0),R,A,GNB,GW01,SURVEY,SP_HEALTH_COV,_T,_T,_T,_T,_T,_T,_T,_T,_Z,_Z,_Z,_Z,_Z,2021,0,,,,,,,,,SP_HEALTH_COV,SHARE,0.01,A,GNB_EHCVM2021_LEGACY_v1,
dataflow,WB.AFW360:AFW360_HH(0.3.0),R,A,GNB,GW01,SURVEY,SP_HEALTH_COV_HH,_Z,_Z,_T,_T,_T,_T,_T,_T,_Z,_Z,_Z,_Z,_Z,2021,0,,,,,,,,,SP_HEALTH_COV_HH,SHARE,0.01,A,GNB_EHCVM2021_LEGACY_v1,
dataflow,WB.AFW360:AFW360_HH(0.3.0),R,A,GNB,GW02,SURVEY,AGR_CULTIVATES,_Z,_Z,_T,_T,_T,_T,_T,_T,_Z,_Z,_Z,_Z,_Z,2021,0.75,,,,,,,,,AGR_CULTIVATES,SHARE,0.01,A,GNB_EHCVM2021_LEGACY_v1,
dataflow,WB.AFW360:AFW360_HH(0.3.0),R,A,GNB,GW02,SURVEY,AGR_CULT_AREA,_Z,_Z,_T,_T,_T,_T,_T,_T,_Z,_Z,_Z,_Z,_Z,2021,2.16,,,,,,,,,AGR_CULT_AREA,HA,0.01,A,GNB_EHCVM2021_LEGACY_v1,
dataflow,WB.AFW360:AFW360_HH(0.3.0),R,A,GNB,GW02,SURVEY,AGR_LIVESTOCK_ANY,_Z,_Z,_T,_T,_T,_T,_T,_T,_Z,_Z,_Z,_Z,_Z,2021,0.72,,,,,,,,,AGR_LIVESTOCK_ANY,SHARE,0.01,A,GNB_EHCVM2021_LEGACY_v1,
dataflow,WB.AFW360:AFW360_HH(0.3.0),R,A,GNB,GW02,SURVEY,AGR_TLU,_Z,_Z,_T,_T,_T,_T,_T,_T,_Z,_Z,_Z,_Z,_Z,2021,1.08,,,,,,,,,AGR_TLU,TLU,0.01,A,GNB_EHCVM2021_LEGACY_v1,
dataflow,WB.AFW360:AFW360_HH(0.3.0),R,A,GNB,GW02,SURVEY,CONS_SH,_Z,_Z,_T,_T,_T,_T,_T,_T,COICOP_CP01,ACQ_OWNPROD,_Z,_Z,_Z,2021,0.09,,,,,,,,,CONS_SH.COICOP_CP01.ACQ_OWNPROD,SHARE,0.01,A,GNB_EHCVM2021_LEGACY_v1,
dataflow,WB.AFW360:AFW360_HH(0.3.0),R,A,GNB,GW02,SURVEY,CONS_SH,_Z,_Z,_T,_T,_T,_T,_T,_T,COICOP_CP01,ACQ_PURCH,_Z,_Z,_Z,2021,0.29,,,,,,,,,CONS_SH.COICOP_CP01.ACQ_PURCH,SHARE,0.01,A,GNB_EHCVM2021_LEGACY_v1,
dataflow,WB.AFW360:AFW360_HH(0.3.0),R,A,GNB,GW02,SURVEY,CONS_SH,_Z,_Z,_T,_T,_T,_T,_T,_T,COICOP_CP01,_Z,_Z,_Z,_Z,2021,0.44,,,,,,,,,CONS_SH.COICOP_CP01,SHARE,0.01,A,GNB_EHCVM2021_LEGACY_v1,
dataflow,WB.AFW360:AFW360_HH(0.3.0),R,A,GNB,GW02,SURVEY,CONS_SH,_Z,_Z,_T,_T,_T,_T,_T,_T,COICOP_CP02,_Z,_Z,_Z,_Z,2021,0.01,,,,,,,,,CONS_SH.COICOP_CP02,SHARE,0.01,A,GNB_EHCVM2021_LEGACY_v1,
dataflow,WB.AFW360:AFW360_HH(0.3.0),R,A,GNB,GW02,SURVEY,CONS_SH,_Z,_Z,_T,_T,_T,_T,_T,_T,COICOP_CP03,_Z,_Z,_Z,_Z,2021,0.05,,,,,,,,,CONS_SH.COICOP_CP03,SHARE,0.01,A,GNB_EHCVM2021_LEGACY_v1,
dataflow,WB.AFW360:AFW360_HH(0.3.0),R,A,GNB,GW02,SURVEY,CONS_SH,_Z,_Z,_T,_T,_T,_T,_T,_T,COICOP_CP04,_Z,_Z,_Z,_Z,2021,0.14,,,,,,,,,CONS_SH.COICOP_CP04,SHARE,0.01,A,GNB_EHCVM2021_LEGACY_v1,
dataflow,WB.AFW360:AFW360_HH(0.3.0),R,A,GNB,GW02,SURVEY,CONS_SH,_Z,_Z,_T,_T,_T,_T,_T,_T,COICOP_CP05,_Z,_Z,_Z,_Z,2021,0.04,,,,,,,,,CONS_SH.COICOP_CP05,SHARE,0.01,A,GNB_EHCVM2021_LEGACY_v1,
dataflow,WB.AFW360:AFW360_HH(0.3.0),R,A,GNB,GW02,SURVEY,CONS_SH,_Z,_Z,_T,_T,_T,_T,_T,_T,COICOP_CP06,_Z,_Z,_Z,_Z,2021,0.03,,,,,,,,,CONS_SH.COICOP_CP06,SHARE,0.01,A,GNB_EHCVM2021_LEGACY_v1,
dataflow,WB.AFW360:AFW360_HH(0.3.0),R,A,GNB,GW02,SURVEY,CONS_SH,_Z,_Z,_T,_T,_T,_T,_T,_T,COICOP_CP07,_Z,_Z,_Z,_Z,2021,0.04,,,,,,,,,CONS_SH.COICOP_CP07,SHARE,0.01,A,GNB_EHCVM2021_LEGACY_v1,
dataflow,WB.AFW360:AFW360_HH(0.3.0),R,A,GNB,GW02,SURVEY,CONS_SH,_Z,_Z,_T,_T,_T,_T,_T,_T,COICOP_CP08,_Z,_Z,_Z,_Z,2021,0.08,,,,,,,,,CONS_SH.COICOP_CP08,SHARE,0.01,A,GNB_EHCVM2021_LEGACY_v1,
dataflow,WB.AFW360:AFW360_HH(0.3.0),R,A,GNB,GW02,SURVEY,CONS_SH,_Z,_Z,_T,_T,_T,_T,_T,_T,COICOP_CP09,_Z,_Z,_Z,_Z,2021,0,,,,,,,,,CONS_SH.COICOP_CP09,SHARE,0.01,A,GNB_EHCVM2021_LEGACY_v1,
dataflow,WB.AFW360:AFW360_HH(0.3.0),R,A,GNB,GW02,SURVEY,CONS_SH,_Z,_Z,_T,_T,_T,_T,_T,_T,COICOP_CP10,_Z,_Z,_Z,_Z,2021,0.04,,,,,,,,,CONS_SH.COICOP_CP10,SHARE,0.01,A,GNB_EHCVM2021_LEGACY_v1,
dataflow,WB.AFW360:AFW360_HH(0.3.0),R,A,GNB,GW02,SURVEY,CONS_SH,_Z,_Z,_T,_T,_T,_T,_T,_T,COICOP_CP11,_Z,_Z,_Z,_Z,2021,0.12,,,,,,,,,CONS_SH.COICOP_CP11,SHARE,0.01,A,GNB_EHCVM2021_LEGACY_v1,
dataflow,WB.AFW360:AFW360_HH(0.3.0),R,A,GNB,GW02,SURVEY,CONS_SH,_Z,_Z,_T,_T,_T,_T,_T,_T,COICOP_CP12,_Z,_Z,_Z,_Z,2021,0,,,,,,,,,CONS_SH.COICOP_CP12,SHARE,0.01,A,GNB_EHCVM2021_LEGACY_v1,
dataflow,WB.AFW360:AFW360_HH(0.3.0),R,A,GNB,GW02,SURVEY,CONS_SH,_Z,_Z,_T,_T,_T,_T,_T,_T,COICOP_CP13,_Z,_Z,_Z,_Z,2021,0.01,,,,,,,,,CONS_SH.COICOP_CP13,SHARE,0.01,A,GNB_EHCVM2021_LEGACY_v1,
dataflow,WB.AFW360:AFW360_HH(0.3.0),R,A,GNB,GW02,SURVEY,EN_ASSET_AC,_Z,_Z,_T,_T,_T,_T,_T,_T,_Z,_Z,_Z,_Z,_Z,2021,0,,,,,,,,,EN_ASSET_AC,SHARE,0.01,A,GNB_EHCVM2021_LEGACY_v1,
dataflow,WB.AFW360:AFW360_HH(0.3.0),R,A,GNB,GW02,SURVEY,EN_ASSET_COOKER,_Z,_Z,_T,_T,_T,_T,_T,_T,_Z,_Z,_Z,_Z,_Z,2021,0.03,,,,,,,,,EN_ASSET_COOKER,SHARE,0.01,A,GNB_EHCVM2021_LEGACY_v1,
dataflow,WB.AFW360:AFW360_HH(0.3.0),R,A,GNB,GW02,SURVEY,EN_ASSET_FAN,_Z,_Z,_T,_T,_T,_T,_T,_T,_Z,_Z,_Z,_Z,_Z,2021,0,,,,,,,,,EN_ASSET_FAN,SHARE,0.01,A,GNB_EHCVM2021_LEGACY_v1,
dataflow,WB.AFW360:AFW360_HH(0.3.0),R,A,GNB,GW02,SURVEY,EN_ASSET_WATER_HEATER,_Z,_Z,_T,_T,_T,_T,_T,_T,_Z,_Z,_Z,_Z,_Z,2021,0.02,,,,,,,,,EN_ASSET_WATER_HEATER,SHARE,0.01,A,GNB_EHCVM2021_LEGACY_v1,
dataflow,WB.AFW360:AFW360_HH(0.3.0),R,A,GNB,GW02,SURVEY,EN_COOK_BIOMASS,_Z,_Z,_T,_T,_T,_T,_T,_T,_Z,_Z,_Z,_Z,_Z,2021,0.98,,,,,,,,,EN_COOK_BIOMASS,SHARE,0.01,A,GNB_EHCVM2021_LEGACY_v1,
dataflow,WB.AFW360:AFW360_HH(0.3.0),R,A,GNB,GW02,SURVEY,EN_COOK_CLEAN,_Z,_Z,_T,_T,_T,_T,_T,_T,_Z,_Z,_Z,_Z,_Z,2021,0.01,,,,,,,,,EN_COOK_CLEAN,SHARE,0.01,A,GNB_EHCVM2021_LEGACY_v1,
dataflow,WB.AFW360:AFW360_HH(0.3.0),R,A,GNB,GW02,SURVEY,EN_ELEC_ACCESS,_Z,_Z,_T,_T,_T,_T,_T,_T,_Z,_Z,_Z,_Z,_Z,2021,0.1,,,,,,,,,EN_ELEC_ACCESS,SHARE,0.01,A,GNB_EHCVM2021_LEGACY_v1,
dataflow,WB.AFW360:AFW360_HH(0.3.0),R,A,GNB,GW02,SURVEY,EN_ELEC_INFORMAL,_Z,_Z,_T,_T,_T,_T,_T,_T,_Z,_Z,_Z,_Z,_Z,2021,0,,,,,,,,,EN_ELEC_INFORMAL,SHARE,0.01,A,GNB_EHCVM2021_LEGACY_v1,
dataflow,WB.AFW360:AFW360_HH(0.3.0),R,A,GNB,GW02,SURVEY,EN_ELEC_SPEND,_Z,_Z,_T,_T,_T,_T,_T,_T,_Z,_Z,_Z,_Z,_Z,2021,10268.8,,,,,,,,,EN_ELEC_SPEND,XOF,0.01,A,GNB_EHCVM2021_LEGACY_v1,
dataflow,WB.AFW360:AFW360_HH(0.3.0),R,A,GNB,GW02,SURVEY,EN_GRID_CONN,_Z,_Z,_T,_T,_T,_T,_T,_T,_Z,_Z,_Z,_Z,_Z,2021,0.11,,,,,,,,,EN_GRID_CONN,SHARE,0.01,A,GNB_EHCVM2021_LEGACY_v1,
dataflow,WB.AFW360:AFW360_HH(0.3.0),R,A,GNB,GW02,SURVEY,EN_GRID_USE,_Z,_Z,_T,_T,_T,_T,_T,_T,_Z,_Z,_Z,_Z,_Z,2021,0.13,,,,,,,,,EN_GRID_USE,SHARE,0.01,A,GNB_EHCVM2021_LEGACY_v1,
dataflow,WB.AFW360:AFW360_HH(0.3.0),R,A,GNB,GW02,SURVEY,EN_LIGHT_IMPROVED,_Z,_Z,_T,_T,_T,_T,_T,_T,_Z,_Z,_Z,_Z,_Z,2021,0.12,,,,,,,,,EN_LIGHT_IMPROVED,SHARE,0.01,A,GNB_EHCVM2021_LEGACY_v1,
dataflow,WB.AFW360:AFW360_HH(0.3.0),R,A,GNB,GW02,SURVEY,EN_OFFGRID_USE,_Z,_Z,_T,_T,_T,_T,_T,_T,_Z,_Z,_Z,_Z,_Z,2021,0.37,,,,,,,,,EN_OFFGRID_USE,SHARE,0.01,A,GNB_EHCVM2021_LEGACY_v1,
dataflow,WB.AFW360:AFW360_HH(0.3.0),R,A,GNB,GW02,SURVEY,EN_OUTAGE_ANY,_Z,_Z,_T,_T,_T,_T,_T,_T,_Z,_Z,_Z,_Z,_Z,2021,0.15,,,,,,,,,EN_OUTAGE_ANY,SHARE,0.01,A,GNB_EHCVM2021_LEGACY_v1,
dataflow,WB.AFW360:AFW360_HH(0.3.0),R,A,GNB,GW02,SURVEY,EN_OUTAGE_DAYS,_Z,_Z,_T,_T,_T,_T,_T,_T,_Z,_Z,_Z,_Z,_Z,2021,1.18,,,,,,,,,EN_OUTAGE_DAYS,DAY,0.01,A,GNB_EHCVM2021_LEGACY_v1,
dataflow,WB.AFW360:AFW360_HH(0.3.0),R,A,GNB,GW02,SURVEY,EN_OUTAGE_DUR_CODE,_Z,_Z,_T,_T,_T,_T,_T,_T,_Z,_Z,_Z,_Z,_Z,2021,5,,,,,,,,,EN_OUTAGE_DUR_CODE,INDEX,0.01,A,GNB_EHCVM2021_LEGACY_v1,
dataflow,WB.AFW360:AFW360_HH(0.3.0),R,A,GNB,GW02,SURVEY,EN_PREPAID_METER,_Z,_Z,_T,_T,_T,_T,_T,_T,_Z,_Z,_Z,_Z,_Z,2021,0.61,,,,,,,,,EN_PREPAID_METER,SHARE,0.01,A,GNB_EHCVM2021_LEGACY_v1,
dataflow,WB.AFW360:AFW360_HH(0.3.0),R,A,GNB,GW02,SURVEY,HE_ACCOUNTS,_Z,_Z,_T,_T,_T,_T,_T,_T,_Z,_Z,_Z,_Z,_Z,2021,0,,,,,,,,,HE_ACCOUNTS,SHARE,0.01,A,GNB_EHCVM2021_LEGACY_v1,
dataflow,WB.AFW360:AFW360_HH(0.3.0),R,A,GNB,GW02,SURVEY,HE_AGE,_Z,_Z,_T,_T,_T,_T,_T,_T,_Z,_Z,_Z,_Z,_Z,2021,8.86,,,,,,,,,HE_AGE,YEAR,0.01,A,GNB_EHCVM2021_LEGACY_v1,
dataflow,WB.AFW360:AFW360_HH(0.3.0),R,A,GNB,GW02,SURVEY,HE_BUY_FIRMS,_Z,_Z,_T,_T,_T,_T,_T,_T,_Z,_Z,_Z,_Z,_Z,2021,0.09,,,,,,,,,HE_BUY_FIRMS,SHARE,0.01,A,GNB_EHCVM2021_LEGACY_v1,
dataflow,WB.AFW360:AFW360_HH(0.3.0),R,A,GNB,GW02,SURVEY,HE_CAPITAL,_Z,_Z,_T,_T,_T,_T,_T,_T,_Z,_Z,_Z,_Z,_Z,2021,16861.24,,,,,,,,,HE_CAPITAL,XOF,0.01,A,GNB_EHCVM2021_LEGACY_v1,
dataflow,WB.AFW360:AFW360_HH(0.3.0),R,A,GNB,GW02,SURVEY,HE_COSTS,_Z,_Z,_T,_T,_T,_T,_T,_T,_Z,_Z,_Z,_Z,_Z,2021,3049.18,,,,,,,,,HE_COSTS,XOF,0.01,A,GNB_EHCVM2021_LEGACY_v1,
dataflow,WB.AFW360:AFW360_HH(0.3.0),R,A,GNB,GW02,SURVEY,HE_CREDIT_ANY,_Z,_Z,_T,_T,_T,_T,_T,_T,_Z,_Z,_Z,_Z,_Z,2021,0.37,,,,,,,,,HE_CREDIT_ANY,SHARE,0.01,A,GNB_EHCVM2021_LEGACY_v1,
dataflow,WB.AFW360:AFW360_HH(0.3.0),R,A,GNB,GW02,SURVEY,HE_CREDIT_FORMAL,_Z,_Z,_T,_T,_T,_T,_T,_T,_Z,_Z,_Z,_Z,_Z,2021,0.17,,,,,,,,,HE_CREDIT_FORMAL,SHARE,0.01,A,GNB_EHCVM2021_LEGACY_v1,
dataflow,WB.AFW360:AFW360_HH(0.3.0),R,A,GNB,GW02,SURVEY,HE_CREDIT_INFORMAL,_Z,_Z,_T,_T,_T,_T,_T,_T,_Z,_Z,_Z,_Z,_Z,2021,0.2,,,,,,,,,HE_CREDIT_INFORMAL,SHARE,0.01,A,GNB_EHCVM2021_LEGACY_v1,
dataflow,WB.AFW360:AFW360_HH(0.3.0),R,A,GNB,GW02,SURVEY,HE_ELEC,_Z,_Z,_T,_T,_T,_T,_T,_T,_Z,_Z,_Z,_Z,_Z,2021,NaN,,,,,,,,,HE_ELEC,SHARE,0.01,O,GNB_EHCVM2021_LEGACY_v1,"LEGACY_EMPTY: empty cell in sheet 'ADM 1', column 'estimateBiombo'"
dataflow,WB.AFW360:AFW360_HH(0.3.0),R,A,GNB,GW02,SURVEY,HE_EMP_EXT_ANY,_Z,_Z,_T,_T,_T,_T,_T,_T,_Z,_Z,_Z,_Z,_Z,2021,1,,,,,,,,,HE_EMP_EXT_ANY,SHARE,0.01,A,GNB_EHCVM2021_LEGACY_v1,LEGACY_SUSPECT: Implausible: share 1.00 while mean non-HH employees is 0.48.
dataflow,WB.AFW360:AFW360_HH(0.3.0),R,A,GNB,GW02,SURVEY,HE_EMP_HH_NUM,_Z,_Z,_T,_T,_T,_T,_T,_T,_Z,_Z,_Z,_Z,_Z,2021,0,,,,,,,,,HE_EMP_HH_NUM,PERSON,0.01,A,GNB_EHCVM2021_LEGACY_v1,
dataflow,WB.AFW360:AFW360_HH(0.3.0),R,A,GNB,GW02,SURVEY,HE_EMP_NONHH_NUM,_Z,_Z,_T,_T,_T,_T,_T,_T,_Z,_Z,_Z,_Z,_Z,2021,0.41,,,,,,,,,HE_EMP_NONHH_NUM,PERSON,0.01,A,GNB_EHCVM2021_LEGACY_v1,
dataflow,WB.AFW360:AFW360_HH(0.3.0),R,A,GNB,GW02,SURVEY,HE_EMP_NUM,_Z,_Z,_T,_T,_T,_T,_T,_T,_Z,_Z,_Z,_Z,_Z,2021,0,,,,,,,,,HE_EMP_NUM,PERSON,0.01,A,GNB_EHCVM2021_LEGACY_v1,
dataflow,WB.AFW360:AFW360_HH(0.3.0),R,A,GNB,GW02,SURVEY,HE_HH_OWNER,_Z,_Z,_T,_T,_T,_T,_T,_T,_Z,_Z,_Z,_Z,_Z,2021,0.38,,,,,,,,,HE_HH_OWNER,SHARE,0.01,A,GNB_EHCVM2021_LEGACY_v1,
dataflow,WB.AFW360:AFW360_HH(0.3.0),R,A,GNB,GW02,SURVEY,HE_HOME_BASED,_Z,_Z,_T,_T,_T,_T,_T,_T,_Z,_Z,_Z,_Z,_Z,2021,0.48,,,,,,,,,HE_HOME_BASED,SHARE,0.01,A,GNB_EHCVM2021_LEGACY_v1,
dataflow,WB.AFW360:AFW360_HH(0.3.0),R,A,GNB,GW02,SURVEY,HE_PHONE,_Z,_Z,_T,_T,_T,_T,_T,_T,_Z,_Z,_Z,_Z,_Z,2021,1,,,,,,,,,HE_PHONE,SHARE,0.01,A,GNB_EHCVM2021_LEGACY_v1,
dataflow,WB.AFW360:AFW360_HH(0.3.0),R,A,GNB,GW02,SURVEY,HE_PREMISES_FORMAL,_Z,_Z,_T,_T,_T,_T,_T,_T,_Z,_Z,_Z,_Z,_Z,2021,0,,,,,,,,,HE_PREMISES_FORMAL,SHARE,0.01,A,GNB_EHCVM2021_LEGACY_v1,
dataflow,WB.AFW360:AFW360_HH(0.3.0),R,A,GNB,GW02,SURVEY,HE_PROFIT,_Z,_Z,_T,_T,_T,_T,_T,_T,_Z,_Z,_Z,_Z,_Z,2021,2053.97,,,,,,,,,HE_PROFIT,XOF,0.01,A,GNB_EHCVM2021_LEGACY_v1,
dataflow,WB.AFW360:AFW360_HH(0.3.0),R,A,GNB,GW02,SURVEY,HE_RENT,_Z,_Z,_T,_T,_T,_T,_T,_T,_Z,_Z,_Z,_Z,_Z,2021,NaN,,,,,,,,,HE_RENT,SHARE,0.01,O,GNB_EHCVM2021_LEGACY_v1,"LEGACY_EMPTY: empty cell in sheet 'ADM 1', column 'estimateBiombo'"
dataflow,WB.AFW360:AFW360_HH(0.3.0),R,A,GNB,GW02,SURVEY,HE_REV_PER_WORKER,_Z,_Z,_T,_T,_T,_T,_T,_T,_Z,_Z,_Z,_Z,_Z,2021,NaN,,,,,,,,,HE_REV_PER_WORKER,XOF,0.01,O,GNB_EHCVM2021_LEGACY_v1,"LEGACY_EMPTY: empty cell in sheet 'ADM 1', column 'estimateBiombo'"
dataflow,WB.AFW360:AFW360_HH(0.3.0),R,A,GNB,GW02,SURVEY,HE_SELL_FIRMS,_Z,_Z,_T,_T,_T,_T,_T,_T,_Z,_Z,_Z,_Z,_Z,2021,0.14,,,,,,,,,HE_SELL_FIRMS,SHARE,0.01,A,GNB_EHCVM2021_LEGACY_v1,
dataflow,WB.AFW360:AFW360_HH(0.3.0),R,A,GNB,GW02,SURVEY,HE_TAX_ID,_Z,_Z,_T,_T,_T,_T,_T,_T,_Z,_Z,_Z,_Z,_Z,2021,0.1,,,,,,,,,HE_TAX_ID,SHARE,0.01,A,GNB_EHCVM2021_LEGACY_v1,
dataflow,WB.AFW360:AFW360_HH(0.3.0),R,A,GNB,GW02,SURVEY,HE_WATER,_Z,_Z,_T,_T,_T,_T,_T,_T,_Z,_Z,_Z,_Z,_Z,2021,NaN,,,,,,,,,HE_WATER,SHARE,0.01,O,GNB_EHCVM2021_LEGACY_v1,"LEGACY_EMPTY: empty cell in sheet 'ADM 1', column 'estimateBiombo'"
dataflow,WB.AFW360:AFW360_HH(0.3.0),R,A,GNB,GW02,SURVEY,HOUS_FLOOR_DURABLE,_Z,_Z,_T,_T,_T,_T,_T,_T,_Z,_Z,_Z,_Z,_Z,2021,0.46,,,,,,,,,HOUS_FLOOR_DURABLE,SHARE,0.01,A,GNB_EHCVM2021_LEGACY_v1,
dataflow,WB.AFW360:AFW360_HH(0.3.0),R,A,GNB,GW02,SURVEY,HOUS_ROOF_DURABLE,_Z,_Z,_T,_T,_T,_T,_T,_T,_Z,_Z,_Z,_Z,_Z,2021,0.94,,,,,,,,,HOUS_ROOF_DURABLE,SHARE,0.01,A,GNB_EHCVM2021_LEGACY_v1,
dataflow,WB.AFW360:AFW360_HH(0.3.0),R,A,GNB,GW02,SURVEY,HOUS_SANIT_IMPROVED,_Z,_Z,_T,_T,_T,_T,_T,_T,_Z,_Z,_Z,_Z,_Z,2021,0.16,,,,,,,,,HOUS_SANIT_IMPROVED,SHARE,0.01,A,GNB_EHCVM2021_LEGACY_v1,
dataflow,WB.AFW360:AFW360_HH(0.3.0),R,A,GNB,GW02,SURVEY,HOUS_WALL_DURABLE,_Z,_Z,_T,_T,_T,_T,_T,_T,_Z,_Z,_Z,_Z,_Z,2021,0.18,,,,,,,,,HOUS_WALL_DURABLE,SHARE,0.01,A,GNB_EHCVM2021_LEGACY_v1,
dataflow,WB.AFW360:AFW360_HH(0.3.0),R,A,GNB,GW02,SURVEY,HOUS_WATER_SAFE_DRY,_Z,_Z,_T,_T,_T,_T,_T,_T,_Z,_Z,_Z,_Z,_Z,2021,0.59,,,,,,,,,HOUS_WATER_SAFE_DRY,SHARE,0.01,A,GNB_EHCVM2021_LEGACY_v1,
dataflow,WB.AFW360:AFW360_HH(0.3.0),R,A,GNB,GW02,SURVEY,POP_HE_SH,_Z,_Z,_T,HEO_MSTAT_MARRIED,_T,_T,_T,_T,_Z,_Z,_Z,_Z,_Z,2021,0.32,,,,,,,,,POP_HE_SH.HEO_MSTAT_MARRIED,SHARE,0.01,A,GNB_EHCVM2021_LEGACY_v1,
dataflow,WB.AFW360:AFW360_HH(0.3.0),R,A,GNB,GW02,SURVEY,POP_HE_SH,_Z,_Z,_T,HEO_SEX_F,_T,_T,_T,_T,_Z,_Z,_Z,_Z,_Z,2021,0.48,,,,,,,,,POP_HE_SH.HEO_SEX_F,SHARE,0.01,A,GNB_EHCVM2021_LEGACY_v1,
dataflow,WB.AFW360:AFW360_HH(0.3.0),R,A,GNB,GW02,SURVEY,POP_HH_SH,_Z,_Z,_T,HE_COUNT_0,_T,_T,_T,_T,_Z,_Z,_Z,_Z,_Z,2021,0.43,,,,,,,,,POP_HH_SH.HE_COUNT_0,SHARE,0.01,A,GNB_EHCVM2021_LEGACY_v1,
dataflow,WB.AFW360:AFW360_HH(0.3.0),R,A,GNB,GW02,SURVEY,POP_HH_SH,_Z,_Z,_T,HE_COUNT_1,_T,_T,_T,_T,_Z,_Z,_Z,_Z,_Z,2021,0.47,,,,,,,,,POP_HH_SH.HE_COUNT_1,SHARE,0.01,A,GNB_EHCVM2021_LEGACY_v1,
dataflow,WB.AFW360:AFW360_HH(0.3.0),R,A,GNB,GW02,SURVEY,POP_HH_SH,_Z,_Z,_T,HE_COUNT_2,_T,_T,_T,_T,_Z,_Z,_Z,_Z,_Z,2021,0.1,,,,,,,,,POP_HH_SH.HE_COUNT_2,SHARE,0.01,A,GNB_EHCVM2021_LEGACY_v1,
dataflow,WB.AFW360:AFW360_HH(0.3.0),R,A,GNB,GW02,SURVEY,POP_HH_SH,_Z,_Z,_T,HE_COUNT_3,_T,_T,_T,_T,_Z,_Z,_Z,_Z,_Z,2021,0,,,,,,,,,POP_HH_SH.HE_COUNT_3,SHARE,0.01,A,GNB_EHCVM2021_LEGACY_v1,
dataflow,WB.AFW360:AFW360_HH(0.3.0),R,A,GNB,GW02,SURVEY,POP_HH_SH,_Z,_Z,_T,HE_COUNT_4P,_T,_T,_T,_T,_Z,_Z,_Z,_Z,_Z,2021,0,,,,,,,,,POP_HH_SH.HE_COUNT_4P,SHARE,0.01,A,GNB_EHCVM2021_LEGACY_v1,
dataflow,WB.AFW360:AFW360_HH(0.3.0),R,A,GNB,GW02,SURVEY,POP_SH,_T,_T,_T,EMP_FORMAL_N,_T,_T,_T,_T,_Z,_Z,_Z,_Z,_Z,2021,0.75,,,,,,,,,POP_SH.EMP_FORMAL_N,SHARE,0.01,A,GNB_EHCVM2021_LEGACY_v1,
dataflow,WB.AFW360:AFW360_HH(0.3.0),R,A,GNB,GW02,SURVEY,POP_SH,_T,_T,_T,EMP_ISIC_G,_T,_T,_T,_T,_Z,_Z,_Z,_Z,_Z,2021,0.12,,,,,,,,,POP_SH.EMP_ISIC_G,SHARE,0.01,A,GNB_EHCVM2021_LEGACY_v1,
dataflow,WB.AFW360:AFW360_HH(0.3.0),R,A,GNB,GW02,SURVEY,POP_SH,_T,_T,_T,EMP_ISIC_H,_T,_T,_T,_T,_Z,_Z,_Z,_Z,_Z,2021,0.03,,,,,,,,,POP_SH.EMP_ISIC_H,SHARE,0.01,A,GNB_EHCVM2021_LEGACY_v1,
dataflow,WB.AFW360:AFW360_HH(0.3.0),R,A,GNB,GW02,SURVEY,POP_SH,_T,_T,_T,EMP_SECTOR_AGR,_T,_T,_T,_T,_Z,_Z,_Z,_Z,_Z,2021,0.67,,,,,,,,,POP_SH.EMP_SECTOR_AGR,SHARE,0.01,A,GNB_EHCVM2021_LEGACY_v1,
dataflow,WB.AFW360:AFW360_HH(0.3.0),R,A,GNB,GW02,SURVEY,POP_SH,_T,_T,_T,EMP_SECTOR_IND,_T,_T,_T,_T,_Z,_Z,_Z,_Z,_Z,2021,0.12,,,,,,,,,POP_SH.EMP_SECTOR_IND,SHARE,0.01,A,GNB_EHCVM2021_LEGACY_v1,
dataflow,WB.AFW360:AFW360_HH(0.3.0),R,A,GNB,GW02,SURVEY,POP_SH,_T,_T,_T,EMP_SECTOR_SER,_T,_T,_T,_T,_Z,_Z,_Z,_Z,_Z,2021,0.21,,,,,,,,,POP_SH.EMP_SECTOR_SER,SHARE,0.01,A,GNB_EHCVM2021_LEGACY_v1,
dataflow,WB.AFW360:AFW360_HH(0.3.0),R,A,GNB,GW02,SURVEY,POP_SH,_T,_T,_T,EMP_STATUS_EMPLOYED,_T,_T,_T,_T,_Z,_Z,_Z,_Z,_Z,2021,0.67,,,,,,,,,POP_SH.EMP_STATUS_EMPLOYED,SHARE,0.01,A,GNB_EHCVM2021_LEGACY_v1,
dataflow,WB.AFW360:AFW360_HH(0.3.0),R,A,GNB,GW02,SURVEY,POP_SH,_T,_T,_T,EMP_TYPE_NONWAGE,_T,_T,_T,_T,_Z,_Z,_Z,_Z,_Z,2021,0.78,,,,,,,,,POP_SH.EMP_TYPE_NONWAGE,SHARE,0.01,A,GNB_EHCVM2021_LEGACY_v1,
dataflow,WB.AFW360:AFW360_HH(0.3.0),R,A,GNB,GW02,SURVEY,POP_SH,_T,_T,_T,EMP_TYPE_WAGE,_T,_T,_T,_T,_Z,_Z,_Z,_Z,_Z,2021,0.22,,,,,,,,,POP_SH.EMP_TYPE_WAGE,SHARE,0.01,A,GNB_EHCVM2021_LEGACY_v1,
dataflow,WB.AFW360:AFW360_HH(0.3.0),R,A,GNB,GW02,SURVEY,POV_HC,_T,_T,_T,_T,_T,_T,_T,_T,POVLINE_PL300,PPP_2021,_Z,_Z,_Z,2021,0.43,,,,,,,,,POV_HC.POVLINE_PL300.PPP_2021,SHARE,0.01,A,GNB_EHCVM2021_LEGACY_v1,
dataflow,WB.AFW360:AFW360_HH(0.3.0),R,A,GNB,GW02,SURVEY,POV_HC,_T,_T,_T,_T,_T,_T,_T,_T,POVLINE_PL420,PPP_2021,_Z,_Z,_Z,2021,0.75,,,,,,,,,POV_HC.POVLINE_PL420.PPP_2021,SHARE,0.01,A,GNB_EHCVM2021_LEGACY_v1,
dataflow,WB.AFW360:AFW360_HH(0.3.0),R,A,GNB,GW02,SURVEY,POV_NUM,_T,_T,_T,_T,_T,_T,_T,_T,POVLINE_PL300,PPP_2021,_Z,_Z,_Z,2021,40000,,,,,,,,,POV_NUM.POVLINE_PL300.PPP_2021,PERSON,10000,A,GNB_EHCVM2021_LEGACY_v1,
dataflow,WB.AFW360:AFW360_HH(0.3.0),R,A,GNB,GW02,SURVEY,POV_NUM,_T,_T,_T,_T,_T,_T,_T,_T,POVLINE_PL420,PPP_2021,_Z,_Z,_Z,2021,70000,,,,,,,,,POV_NUM.POVLINE_PL420.PPP_2021,PERSON,10000,A,GNB_EHCVM2021_LEGACY_v1,
dataflow,WB.AFW360:AFW360_HH(0.3.0),R,A,GNB,GW02,SURVEY,SHK_ANY,_Z,_Z,_T,_T,_T,_T,_T,_T,_Z,_Z,_Z,_Z,_Z,2021,0.81,,,,,,,,,SHK_ANY,SHARE,0.01,A,GNB_EHCVM2021_LEGACY_v1,
dataflow,WB.AFW360:AFW360_HH(0.3.0),R,A,GNB,GW02,SURVEY,SHK_COV_CONFLICT,_Z,_Z,_T,_T,_T,_T,_T,_T,_Z,_Z,_Z,_Z,_Z,2021,0.08,,,,,,,,,SHK_COV_CONFLICT,SHARE,0.01,A,GNB_EHCVM2021_LEGACY_v1,
dataflow,WB.AFW360:AFW360_HH(0.3.0),R,A,GNB,GW02,SURVEY,SHK_COV_ECON,_Z,_Z,_T,_T,_T,_T,_T,_T,_Z,_Z,_Z,_Z,_Z,2021,0.54,,,,,,,,,SHK_COV_ECON,SHARE,0.01,A,GNB_EHCVM2021_LEGACY_v1,
dataflow,WB.AFW360:AFW360_HH(0.3.0),R,A,GNB,GW02,SURVEY,SHK_COV_NATURAL,_Z,_Z,_T,_T,_T,_T,_T,_T,_Z,_Z,_Z,_Z,_Z,2021,0.31,,,,,,,,,SHK_COV_NATURAL,SHARE,0.01,A,GNB_EHCVM2021_LEGACY_v1,
dataflow,WB.AFW360:AFW360_HH(0.3.0),R,A,GNB,GW02,SURVEY,SHK_IDIO_ECON,_Z,_Z,_T,_T,_T,_T,_T,_T,_Z,_Z,_Z,_Z,_Z,2021,0.23,,,,,,,,,SHK_IDIO_ECON,SHARE,0.01,A,GNB_EHCVM2021_LEGACY_v1,
dataflow,WB.AFW360:AFW360_HH(0.3.0),R,A,GNB,GW02,SURVEY,SP_HEALTH_COV,_T,_T,_T,_T,_T,_T,_T,_T,_Z,_Z,_Z,_Z,_Z,2021,0,,,,,,,,,SP_HEALTH_COV,SHARE,0.01,A,GNB_EHCVM2021_LEGACY_v1,
dataflow,WB.AFW360:AFW360_HH(0.3.0),R,A,GNB,GW02,SURVEY,SP_HEALTH_COV_HH,_Z,_Z,_T,_T,_T,_T,_T,_T,_Z,_Z,_Z,_Z,_Z,2021,0,,,,,,,,,SP_HEALTH_COV_HH,SHARE,0.01,A,GNB_EHCVM2021_LEGACY_v1,
dataflow,WB.AFW360:AFW360_HH(0.3.0),R,A,GNB,GW03,SURVEY,AGR_CULTIVATES,_Z,_Z,_T,_T,_T,_T,_T,_T,_Z,_Z,_Z,_Z,_Z,2021,0.76,,,,,,,,,AGR_CULTIVATES,SHARE,0.01,A,GNB_EHCVM2021_LEGACY_v1,
dataflow,WB.AFW360:AFW360_HH(0.3.0),R,A,GNB,GW03,SURVEY,AGR_CULT_AREA,_Z,_Z,_T,_T,_T,_T,_T,_T,_Z,_Z,_Z,_Z,_Z,2021,2.01,,,,,,,,,AGR_CULT_AREA,HA,0.01,A,GNB_EHCVM2021_LEGACY_v1,
dataflow,WB.AFW360:AFW360_HH(0.3.0),R,A,GNB,GW03,SURVEY,AGR_LIVESTOCK_ANY,_Z,_Z,_T,_T,_T,_T,_T,_T,_Z,_Z,_Z,_Z,_Z,2021,0.79,,,,,,,,,AGR_LIVESTOCK_ANY,SHARE,0.01,A,GNB_EHCVM2021_LEGACY_v1,
dataflow,WB.AFW360:AFW360_HH(0.3.0),R,A,GNB,GW03,SURVEY,AGR_TLU,_Z,_Z,_T,_T,_T,_T,_T,_T,_Z,_Z,_Z,_Z,_Z,2021,1.24,,,,,,,,,AGR_TLU,TLU,0.01,A,GNB_EHCVM2021_LEGACY_v1,
dataflow,WB.AFW360:AFW360_HH(0.3.0),R,A,GNB,GW03,SURVEY,CONS_SH,_Z,_Z,_T,_T,_T,_T,_T,_T,COICOP_CP01,ACQ_OWNPROD,_Z,_Z,_Z,2021,0.17,,,,,,,,,CONS_SH.COICOP_CP01.ACQ_OWNPROD,SHARE,0.01,A,GNB_EHCVM2021_LEGACY_v1,
dataflow,WB.AFW360:AFW360_HH(0.3.0),R,A,GNB,GW03,SURVEY,CONS_SH,_Z,_Z,_T,_T,_T,_T,_T,_T,COICOP_CP01,ACQ_PURCH,_Z,_Z,_Z,2021,0.24,,,,,,,,,CONS_SH.COICOP_CP01.ACQ_PURCH,SHARE,0.01,A,GNB_EHCVM2021_LEGACY_v1,
dataflow,WB.AFW360:AFW360_HH(0.3.0),R,A,GNB,GW03,SURVEY,CONS_SH,_Z,_Z,_T,_T,_T,_T,_T,_T,COICOP_CP01,_Z,_Z,_Z,_Z,2021,0.49,,,,,,,,,CONS_SH.COICOP_CP01,SHARE,0.01,A,GNB_EHCVM2021_LEGACY_v1,
dataflow,WB.AFW360:AFW360_HH(0.3.0),R,A,GNB,GW03,SURVEY,CONS_SH,_Z,_Z,_T,_T,_T,_T,_T,_T,COICOP_CP02,_Z,_Z,_Z,_Z,2021,0.01,,,,,,,,,CONS_SH.COICOP_CP02,SHARE,0.01,A,GNB_EHCVM2021_LEGACY_v1,
dataflow,WB.AFW360:AFW360_HH(0.3.0),R,A,GNB,GW03,SURVEY,CONS_SH,_Z,_Z,_T,_T,_T,_T,_T,_T,COICOP_CP03,_Z,_Z,_Z,_Z,2021,0.05,,,,,,,,,CONS_SH.COICOP_CP03,SHARE,0.01,A,GNB_EHCVM2021_LEGACY_v1,
dataflow,WB.AFW360:AFW360_HH(0.3.0),R,A,GNB,GW03,SURVEY,CONS_SH,_Z,_Z,_T,_T,_T,_T,_T,_T,COICOP_CP04,_Z,_Z,_Z,_Z,2021,0.16,,,,,,,,,CONS_SH.COICOP_CP04,SHARE,0.01,A,GNB_EHCVM2021_LEGACY_v1,
dataflow,WB.AFW360:AFW360_HH(0.3.0),R,A,GNB,GW03,SURVEY,CONS_SH,_Z,_Z,_T,_T,_T,_T,_T,_T,COICOP_CP05,_Z,_Z,_Z,_Z,2021,0.04,,,,,,,,,CONS_SH.COICOP_CP05,SHARE,0.01,A,GNB_EHCVM2021_LEGACY_v1,
dataflow,WB.AFW360:AFW360_HH(0.3.0),R,A,GNB,GW03,SURVEY,CONS_SH,_Z,_Z,_T,_T,_T,_T,_T,_T,COICOP_CP06,_Z,_Z,_Z,_Z,2021,0.02,,,,,,,,,CONS_SH.COICOP_CP06,SHARE,0.01,A,GNB_EHCVM2021_LEGACY_v1,
dataflow,WB.AFW360:AFW360_HH(0.3.0),R,A,GNB,GW03,SURVEY,CONS_SH,_Z,_Z,_T,_T,_T,_T,_T,_T,COICOP_CP07,_Z,_Z,_Z,_Z,2021,0.03,,,,,,,,,CONS_SH.COICOP_CP07,SHARE,0.01,A,GNB_EHCVM2021_LEGACY_v1,
dataflow,WB.AFW360:AFW360_HH(0.3.0),R,A,GNB,GW03,SURVEY,CONS_SH,_Z,_Z,_T,_T,_T,_T,_T,_T,COICOP_CP08,_Z,_Z,_Z,_Z,2021,0.08,,,,,,,,,CONS_SH.COICOP_CP08,SHARE,0.01,A,GNB_EHCVM2021_LEGACY_v1,
dataflow,WB.AFW360:AFW360_HH(0.3.0),R,A,GNB,GW03,SURVEY,CONS_SH,_Z,_Z,_T,_T,_T,_T,_T,_T,COICOP_CP09,_Z,_Z,_Z,_Z,2021,0,,,,,,,,,CONS_SH.COICOP_CP09,SHARE,0.01,A,GNB_EHCVM2021_LEGACY_v1,
dataflow,WB.AFW360:AFW360_HH(0.3.0),R,A,GNB,GW03,SURVEY,CONS_SH,_Z,_Z,_T,_T,_T,_T,_T,_T,COICOP_CP10,_Z,_Z,_Z,_Z,2021,0.03,,,,,,,,,CONS_SH.COICOP_CP10,SHARE,0.01,A,GNB_EHCVM2021_LEGACY_v1,
dataflow,WB.AFW360:AFW360_HH(0.3.0),R,A,GNB,GW03,SURVEY,CONS_SH,_Z,_Z,_T,_T,_T,_T,_T,_T,COICOP_CP11,_Z,_Z,_Z,_Z,2021,0.07,,,,,,,,,CONS_SH.COICOP_CP11,SHARE,0.01,A,GNB_EHCVM2021_LEGACY_v1,
dataflow,WB.AFW360:AFW360_HH(0.3.0),R,A,GNB,GW03,SURVEY,CONS_SH,_Z,_Z,_T,_T,_T,_T,_T,_T,COICOP_CP12,_Z,_Z,_Z,_Z,2021,0,,,,,,,,,CONS_SH.COICOP_CP12,SHARE,0.01,A,GNB_EHCVM2021_LEGACY_v1,
dataflow,WB.AFW360:AFW360_HH(0.3.0),R,A,GNB,GW03,SURVEY,CONS_SH,_Z,_Z,_T,_T,_T,_T,_T,_T,COICOP_CP13,_Z,_Z,_Z,_Z,2021,0.01,,,,,,,,,CONS_SH.COICOP_CP13,SHARE,0.01,A,GNB_EHCVM2021_LEGACY_v1,
dataflow,WB.AFW360:AFW360_HH(0.3.0),R,A,GNB,GW03,SURVEY,EN_ASSET_AC,_Z,_Z,_T,_T,_T,_T,_T,_T,_Z,_Z,_Z,_Z,_Z,2021,0,,,,,,,,,EN_ASSET_AC,SHARE,0.01,A,GNB_EHCVM2021_LEGACY_v1,
dataflow,WB.AFW360:AFW360_HH(0.3.0),R,A,GNB,GW03,SURVEY,EN_ASSET_COOKER,_Z,_Z,_T,_T,_T,_T,_T,_T,_Z,_Z,_Z,_Z,_Z,2021,0.01,,,,,,,,,EN_ASSET_COOKER,SHARE,0.01,A,GNB_EHCVM2021_LEGACY_v1,
dataflow,WB.AFW360:AFW360_HH(0.3.0),R,A,GNB,GW03,SURVEY,EN_ASSET_FAN,_Z,_Z,_T,_T,_T,_T,_T,_T,_Z,_Z,_Z,_Z,_Z,2021,0,,,,,,,,,EN_ASSET_FAN,SHARE,0.01,A,GNB_EHCVM2021_LEGACY_v1,
dataflow,WB.AFW360:AFW360_HH(0.3.0),R,A,GNB,GW03,SURVEY,EN_ASSET_WATER_HEATER,_Z,_Z,_T,_T,_T,_T,_T,_T,_Z,_Z,_Z,_Z,_Z,2021,0.01,,,,,,,,,EN_ASSET_WATER_HEATER,SHARE,0.01,A,GNB_EHCVM2021_LEGACY_v1,
dataflow,WB.AFW360:AFW360_HH(0.3.0),R,A,GNB,GW03,SURVEY,EN_COOK_BIOMASS,_Z,_Z,_T,_T,_T,_T,_T,_T,_Z,_Z,_Z,_Z,_Z,2021,1,,,,,,,,,EN_COOK_BIOMASS,SHARE,0.01,A,GNB_EHCVM2021_LEGACY_v1,
dataflow,WB.AFW360:AFW360_HH(0.3.0),R,A,GNB,GW03,SURVEY,EN_COOK_CLEAN,_Z,_Z,_T,_T,_T,_T,_T,_T,_Z,_Z,_Z,_Z,_Z,2021,0,,,,,,,,,EN_COOK_CLEAN,SHARE,0.01,A,GNB_EHCVM2021_LEGACY_v1,
dataflow,WB.AFW360:AFW360_HH(0.3.0),R,A,GNB,GW03,SURVEY,EN_ELEC_ACCESS,_Z,_Z,_T,_T,_T,_T,_T,_T,_Z,_Z,_Z,_Z,_Z,2021,0.04,,,,,,,,,EN_ELEC_ACCESS,SHARE,0.01,A,GNB_EHCVM2021_LEGACY_v1,
dataflow,WB.AFW360:AFW360_HH(0.3.0),R,A,GNB,GW03,SURVEY,EN_ELEC_INFORMAL,_Z,_Z,_T,_T,_T,_T,_T,_T,_Z,_Z,_Z,_Z,_Z,2021,0,,,,,,,,,EN_ELEC_INFORMAL,SHARE,0.01,A,GNB_EHCVM2021_LEGACY_v1,
dataflow,WB.AFW360:AFW360_HH(0.3.0),R,A,GNB,GW03,SURVEY,EN_ELEC_SPEND,_Z,_Z,_T,_T,_T,_T,_T,_T,_Z,_Z,_Z,_Z,_Z,2021,13767.11,,,,,,,,,EN_ELEC_SPEND,XOF,0.01,A,GNB_EHCVM2021_LEGACY_v1,
dataflow,WB.AFW360:AFW360_HH(0.3.0),R,A,GNB,GW03,SURVEY,EN_GRID_CONN,_Z,_Z,_T,_T,_T,_T,_T,_T,_Z,_Z,_Z,_Z,_Z,2021,0.06,,,,,,,,,EN_GRID_CONN,SHARE,0.01,A,GNB_EHCVM2021_LEGACY_v1,
dataflow,WB.AFW360:AFW360_HH(0.3.0),R,A,GNB,GW03,SURVEY,EN_GRID_USE,_Z,_Z,_T,_T,_T,_T,_T,_T,_Z,_Z,_Z,_Z,_Z,2021,0.04,,,,,,,,,EN_GRID_USE,SHARE,0.01,A,GNB_EHCVM2021_LEGACY_v1,
dataflow,WB.AFW360:AFW360_HH(0.3.0),R,A,GNB,GW03,SURVEY,EN_LIGHT_IMPROVED,_Z,_Z,_T,_T,_T,_T,_T,_T,_Z,_Z,_Z,_Z,_Z,2021,0.05,,,,,,,,,EN_LIGHT_IMPROVED,SHARE,0.01,A,GNB_EHCVM2021_LEGACY_v1,
dataflow,WB.AFW360:AFW360_HH(0.3.0),R,A,GNB,GW03,SURVEY,EN_OFFGRID_USE,_Z,_Z,_T,_T,_T,_T,_T,_T,_Z,_Z,_Z,_Z,_Z,2021,0.44,,,,,,,,,EN_OFFGRID_USE,SHARE,0.01,A,GNB_EHCVM2021_LEGACY_v1,
dataflow,WB.AFW360:AFW360_HH(0.3.0),R,A,GNB,GW03,SURVEY,EN_OUTAGE_ANY,_Z,_Z,_T,_T,_T,_T,_T,_T,_Z,_Z,_Z,_Z,_Z,2021,0.03,,,,,,,,,EN_OUTAGE_ANY,SHARE,0.01,A,GNB_EHCVM2021_LEGACY_v1,
dataflow,WB.AFW360:AFW360_HH(0.3.0),R,A,GNB,GW03,SURVEY,EN_OUTAGE_DAYS,_Z,_Z,_T,_T,_T,_T,_T,_T,_Z,_Z,_Z,_Z,_Z,2021,3,,,,,,,,,EN_OUTAGE_DAYS,DAY,0.01,A,GNB_EHCVM2021_LEGACY_v1,
dataflow,WB.AFW360:AFW360_HH(0.3.0),R,A,GNB,GW03,SURVEY,EN_OUTAGE_DUR_CODE,_Z,_Z,_T,_T,_T,_T,_T,_T,_Z,_Z,_Z,_Z,_Z,2021,2,,,,,,,,,EN_OUTAGE_DUR_CODE,INDEX,0.01,A,GNB_EHCVM2021_LEGACY_v1,
dataflow,WB.AFW360:AFW360_HH(0.3.0),R,A,GNB,GW03,SURVEY,EN_PREPAID_METER,_Z,_Z,_T,_T,_T,_T,_T,_T,_Z,_Z,_Z,_Z,_Z,2021,0,,,,,,,,,EN_PREPAID_METER,SHARE,0.01,A,GNB_EHCVM2021_LEGACY_v1,
dataflow,WB.AFW360:AFW360_HH(0.3.0),R,A,GNB,GW03,SURVEY,HE_ACCOUNTS,_Z,_Z,_T,_T,_T,_T,_T,_T,_Z,_Z,_Z,_Z,_Z,2021,0,,,,,,,,,HE_ACCOUNTS,SHARE,0.01,A,GNB_EHCVM2021_LEGACY_v1,
dataflow,WB.AFW360:AFW360_HH(0.3.0),R,A,GNB,GW03,SURVEY,HE_AGE,_Z,_Z,_T,_T,_T,_T,_T,_T,_Z,_Z,_Z,_Z,_Z,2021,5.79,,,,,,,,,HE_AGE,YEAR,0.01,A,GNB_EHCVM2021_LEGACY_v1,
dataflow,WB.AFW360:AFW360_HH(0.3.0),R,A,GNB,GW03,SURVEY,HE_BUY_FIRMS,_Z,_Z,_T,_T,_T,_T,_T,_T,_Z,_Z,_Z,_Z,_Z,2021,0,,,,,,,,,HE_BUY_FIRMS,SHARE,0.01,A,GNB_EHCVM2021_LEGACY_v1,
dataflow,WB.AFW360:AFW360_HH(0.3.0),R,A,GNB,GW03,SURVEY,HE_CAPITAL,_Z,_Z,_T,_T,_T,_T,_T,_T,_Z,_Z,_Z,_Z,_Z,2021,714.78,,,,,,,,,HE_CAPITAL,XOF,0.01,A,GNB_EHCVM2021_LEGACY_v1,
dataflow,WB.AFW360:AFW360_HH(0.3.0),R,A,GNB,GW03,SURVEY,HE_COSTS,_Z,_Z,_T,_T,_T,_T,_T,_T,_Z,_Z,_Z,_Z,_Z,2021,1380.24,,,,,,,,,HE_COSTS,XOF,0.01,A,GNB_EHCVM2021_LEGACY_v1,
dataflow,WB.AFW360:AFW360_HH(0.3.0),R,A,GNB,GW03,SURVEY,HE_CREDIT_ANY,_Z,_Z,_T,_T,_T,_T,_T,_T,_Z,_Z,_Z,_Z,_Z,2021,0.13,,,,,,,,,HE_CREDIT_ANY,SHARE,0.01,A,GNB_EHCVM2021_LEGACY_v1,
dataflow,WB.AFW360:AFW360_HH(0.3.0),R,A,GNB,GW03,SURVEY,HE_CREDIT_FORMAL,_Z,_Z,_T,_T,_T,_T,_T,_T,_Z,_Z,_Z,_Z,_Z,2021,0,,,,,,,,,HE_CREDIT_FORMAL,SHARE,0.01,A,GNB_EHCVM2021_LEGACY_v1,
dataflow,WB.AFW360:AFW360_HH(0.3.0),R,A,GNB,GW03,SURVEY,HE_CREDIT_INFORMAL,_Z,_Z,_T,_T,_T,_T,_T,_T,_Z,_Z,_Z,_Z,_Z,2021,0.13,,,,,,,,,HE_CREDIT_INFORMAL,SHARE,0.01,A,GNB_EHCVM2021_LEGACY_v1,
dataflow,WB.AFW360:AFW360_HH(0.3.0),R,A,GNB,GW03,SURVEY,HE_ELEC,_Z,_Z,_T,_T,_T,_T,_T,_T,_Z,_Z,_Z,_Z,_Z,2021,NaN,,,,,,,,,HE_ELEC,SHARE,0.01,O,GNB_EHCVM2021_LEGACY_v1,"LEGACY_EMPTY: empty cell in sheet 'ADM 1', column 'estimateBolama_Bijagós'"
dataflow,WB.AFW360:AFW360_HH(0.3.0),R,A,GNB,GW03,SURVEY,HE_EMP_EXT_ANY,_Z,_Z,_T,_T,_T,_T,_T,_T,_Z,_Z,_Z,_Z,_Z,2021,1,,,,,,,,,HE_EMP_EXT_ANY,SHARE,0.01,A,GNB_EHCVM2021_LEGACY_v1,LEGACY_SUSPECT: Implausible: share 1.00 while mean non-HH employees is 0.48.
dataflow,WB.AFW360:AFW360_HH(0.3.0),R,A,GNB,GW03,SURVEY,HE_EMP_HH_NUM,_Z,_Z,_T,_T,_T,_T,_T,_T,_Z,_Z,_Z,_Z,_Z,2021,0,,,,,,,,,HE_EMP_HH_NUM,PERSON,0.01,A,GNB_EHCVM2021_LEGACY_v1,
dataflow,WB.AFW360:AFW360_HH(0.3.0),R,A,GNB,GW03,SURVEY,HE_EMP_NONHH_NUM,_Z,_Z,_T,_T,_T,_T,_T,_T,_Z,_Z,_Z,_Z,_Z,2021,0.47,,,,,,,,,HE_EMP_NONHH_NUM,PERSON,0.01,A,GNB_EHCVM2021_LEGACY_v1,
dataflow,WB.AFW360:AFW360_HH(0.3.0),R,A,GNB,GW03,SURVEY,HE_EMP_NUM,_Z,_Z,_T,_T,_T,_T,_T,_T,_Z,_Z,_Z,_Z,_Z,2021,0,,,,,,,,,HE_EMP_NUM,PERSON,0.01,A,GNB_EHCVM2021_LEGACY_v1,
dataflow,WB.AFW360:AFW360_HH(0.3.0),R,A,GNB,GW03,SURVEY,HE_HH_OWNER,_Z,_Z,_T,_T,_T,_T,_T,_T,_Z,_Z,_Z,_Z,_Z,2021,0.24,,,,,,,,,HE_HH_OWNER,SHARE,0.01,A,GNB_EHCVM2021_LEGACY_v1,
dataflow,WB.AFW360:AFW360_HH(0.3.0),R,A,GNB,GW03,SURVEY,HE_HOME_BASED,_Z,_Z,_T,_T,_T,_T,_T,_T,_Z,_Z,_Z,_Z,_Z,2021,0.36,,,,,,,,,HE_HOME_BASED,SHARE,0.01,A,GNB_EHCVM2021_LEGACY_v1,
dataflow,WB.AFW360:AFW360_HH(0.3.0),R,A,GNB,GW03,SURVEY,HE_PHONE,_Z,_Z,_T,_T,_T,_T,_T,_T,_Z,_Z,_Z,_Z,_Z,2021,1,,,,,,,,,HE_PHONE,SHARE,0.01,A,GNB_EHCVM2021_LEGACY_v1,
dataflow,WB.AFW360:AFW360_HH(0.3.0),R,A,GNB,GW03,SURVEY,HE_PREMISES_FORMAL,_Z,_Z,_T,_T,_T,_T,_T,_T,_Z,_Z,_Z,_Z,_Z,2021,0,,,,,,,,,HE_PREMISES_FORMAL,SHARE,0.01,A,GNB_EHCVM2021_LEGACY_v1,
dataflow,WB.AFW360:AFW360_HH(0.3.0),R,A,GNB,GW03,SURVEY,HE_PROFIT,_Z,_Z,_T,_T,_T,_T,_T,_T,_Z,_Z,_Z,_Z,_Z,2021,1217.03,,,,,,,,,HE_PROFIT,XOF,0.01,A,GNB_EHCVM2021_LEGACY_v1,
dataflow,WB.AFW360:AFW360_HH(0.3.0),R,A,GNB,GW03,SURVEY,HE_RENT,_Z,_Z,_T,_T,_T,_T,_T,_T,_Z,_Z,_Z,_Z,_Z,2021,NaN,,,,,,,,,HE_RENT,SHARE,0.01,O,GNB_EHCVM2021_LEGACY_v1,"LEGACY_EMPTY: empty cell in sheet 'ADM 1', column 'estimateBolama_Bijagós'"
dataflow,WB.AFW360:AFW360_HH(0.3.0),R,A,GNB,GW03,SURVEY,HE_REV_PER_WORKER,_Z,_Z,_T,_T,_T,_T,_T,_T,_Z,_Z,_Z,_Z,_Z,2021,NaN,,,,,,,,,HE_REV_PER_WORKER,XOF,0.01,O,GNB_EHCVM2021_LEGACY_v1,"LEGACY_EMPTY: empty cell in sheet 'ADM 1', column 'estimateBolama_Bijagós'"
dataflow,WB.AFW360:AFW360_HH(0.3.0),R,A,GNB,GW03,SURVEY,HE_SELL_FIRMS,_Z,_Z,_T,_T,_T,_T,_T,_T,_Z,_Z,_Z,_Z,_Z,2021,0.06,,,,,,,,,HE_SELL_FIRMS,SHARE,0.01,A,GNB_EHCVM2021_LEGACY_v1,
dataflow,WB.AFW360:AFW360_HH(0.3.0),R,A,GNB,GW03,SURVEY,HE_TAX_ID,_Z,_Z,_T,_T,_T,_T,_T,_T,_Z,_Z,_Z,_Z,_Z,2021,0,,,,,,,,,HE_TAX_ID,SHARE,0.01,A,GNB_EHCVM2021_LEGACY_v1,
dataflow,WB.AFW360:AFW360_HH(0.3.0),R,A,GNB,GW03,SURVEY,HE_WATER,_Z,_Z,_T,_T,_T,_T,_T,_T,_Z,_Z,_Z,_Z,_Z,2021,NaN,,,,,,,,,HE_WATER,SHARE,0.01,O,GNB_EHCVM2021_LEGACY_v1,"LEGACY_EMPTY: empty cell in sheet 'ADM 1', column 'estimateBolama_Bijagós'"
dataflow,WB.AFW360:AFW360_HH(0.3.0),R,A,GNB,GW03,SURVEY,HOUS_FLOOR_DURABLE,_Z,_Z,_T,_T,_T,_T,_T,_T,_Z,_Z,_Z,_Z,_Z,2021,0.31,,,,,,,,,HOUS_FLOOR_DURABLE,SHARE,0.01,A,GNB_EHCVM2021_LEGACY_v1,
dataflow,WB.AFW360:AFW360_HH(0.3.0),R,A,GNB,GW03,SURVEY,HOUS_ROOF_DURABLE,_Z,_Z,_T,_T,_T,_T,_T,_T,_Z,_Z,_Z,_Z,_Z,2021,0.56,,,,,,,,,HOUS_ROOF_DURABLE,SHARE,0.01,A,GNB_EHCVM2021_LEGACY_v1,
dataflow,WB.AFW360:AFW360_HH(0.3.0),R,A,GNB,GW03,SURVEY,HOUS_SANIT_IMPROVED,_Z,_Z,_T,_T,_T,_T,_T,_T,_Z,_Z,_Z,_Z,_Z,2021,0.1,,,,,,,,,HOUS_SANIT_IMPROVED,SHARE,0.01,A,GNB_EHCVM2021_LEGACY_v1,
dataflow,WB.AFW360:AFW360_HH(0.3.0),R,A,GNB,GW03,SURVEY,HOUS_WALL_DURABLE,_Z,_Z,_T,_T,_T,_T,_T,_T,_Z,_Z,_Z,_Z,_Z,2021,0.23,,,,,,,,,HOUS_WALL_DURABLE,SHARE,0.01,A,GNB_EHCVM2021_LEGACY_v1,
dataflow,WB.AFW360:AFW360_HH(0.3.0),R,A,GNB,GW03,SURVEY,HOUS_WATER_SAFE_DRY,_Z,_Z,_T,_T,_T,_T,_T,_T,_Z,_Z,_Z,_Z,_Z,2021,0.58,,,,,,,,,HOUS_WATER_SAFE_DRY,SHARE,0.01,A,GNB_EHCVM2021_LEGACY_v1,
dataflow,WB.AFW360:AFW360_HH(0.3.0),R,A,GNB,GW03,SURVEY,POP_HE_SH,_Z,_Z,_T,HEO_MSTAT_MARRIED,_T,_T,_T,_T,_Z,_Z,_Z,_Z,_Z,2021,0.28,,,,,,,,,POP_HE_SH.HEO_MSTAT_MARRIED,SHARE,0.01,A,GNB_EHCVM2021_LEGACY_v1,
dataflow,WB.AFW360:AFW360_HH(0.3.0),R,A,GNB,GW03,SURVEY,POP_HE_SH,_Z,_Z,_T,HEO_SEX_F,_T,_T,_T,_T,_Z,_Z,_Z,_Z,_Z,2021,0.61,,,,,,,,,POP_HE_SH.HEO_SEX_F,SHARE,0.01,A,GNB_EHCVM2021_LEGACY_v1,
dataflow,WB.AFW360:AFW360_HH(0.3.0),R,A,GNB,GW03,SURVEY,POP_HH_SH,_Z,_Z,_T,HE_COUNT_0,_T,_T,_T,_T,_Z,_Z,_Z,_Z,_Z,2021,0.55,,,,,,,,,POP_HH_SH.HE_COUNT_0,SHARE,0.01,A,GNB_EHCVM2021_LEGACY_v1,
dataflow,WB.AFW360:AFW360_HH(0.3.0),R,A,GNB,GW03,SURVEY,POP_HH_SH,_Z,_Z,_T,HE_COUNT_1,_T,_T,_T,_T,_Z,_Z,_Z,_Z,_Z,2021,0.39,,,,,,,,,POP_HH_SH.HE_COUNT_1,SHARE,0.01,A,GNB_EHCVM2021_LEGACY_v1,
dataflow,WB.AFW360:AFW360_HH(0.3.0),R,A,GNB,GW03,SURVEY,POP_HH_SH,_Z,_Z,_T,HE_COUNT_2,_T,_T,_T,_T,_Z,_Z,_Z,_Z,_Z,2021,0.06,,,,,,,,,POP_HH_SH.HE_COUNT_2,SHARE,0.01,A,GNB_EHCVM2021_LEGACY_v1,
dataflow,WB.AFW360:AFW360_HH(0.3.0),R,A,GNB,GW03,SURVEY,POP_HH_SH,_Z,_Z,_T,HE_COUNT_3,_T,_T,_T,_T,_Z,_Z,_Z,_Z,_Z,2021,0,,,,,,,,,POP_HH_SH.HE_COUNT_3,SHARE,0.01,A,GNB_EHCVM2021_LEGACY_v1,
dataflow,WB.AFW360:AFW360_HH(0.3.0),R,A,GNB,GW03,SURVEY,POP_HH_SH,_Z,_Z,_T,HE_COUNT_4P,_T,_T,_T,_T,_Z,_Z,_Z,_Z,_Z,2021,0,,,,,,,,,POP_HH_SH.HE_COUNT_4P,SHARE,0.01,A,GNB_EHCVM2021_LEGACY_v1,
dataflow,WB.AFW360:AFW360_HH(0.3.0),R,A,GNB,GW03,SURVEY,POP_SH,_T,_T,_T,EMP_FORMAL_N,_T,_T,_T,_T,_Z,_Z,_Z,_Z,_Z,2021,0.78,,,,,,,,,POP_SH.EMP_FORMAL_N,SHARE,0.01,A,GNB_EHCVM2021_LEGACY_v1,
dataflow,WB.AFW360:AFW360_HH(0.3.0),R,A,GNB,GW03,SURVEY,POP_SH,_T,_T,_T,EMP_ISIC_G,_T,_T,_T,_T,_Z,_Z,_Z,_Z,_Z,2021,0.08,,,,,,,,,POP_SH.EMP_ISIC_G,SHARE,0.01,A,GNB_EHCVM2021_LEGACY_v1,
dataflow,WB.AFW360:AFW360_HH(0.3.0),R,A,GNB,GW03,SURVEY,POP_SH,_T,_T,_T,EMP_ISIC_H,_T,_T,_T,_T,_Z,_Z,_Z,_Z,_Z,2021,0.01,,,,,,,,,POP_SH.EMP_ISIC_H,SHARE,0.01,A,GNB_EHCVM2021_LEGACY_v1,
dataflow,WB.AFW360:AFW360_HH(0.3.0),R,A,GNB,GW03,SURVEY,POP_SH,_T,_T,_T,EMP_SECTOR_AGR,_T,_T,_T,_T,_Z,_Z,_Z,_Z,_Z,2021,0.77,,,,,,,,,POP_SH.EMP_SECTOR_AGR,SHARE,0.01,A,GNB_EHCVM2021_LEGACY_v1,
dataflow,WB.AFW360:AFW360_HH(0.3.0),R,A,GNB,GW03,SURVEY,POP_SH,_T,_T,_T,EMP_SECTOR_IND,_T,_T,_T,_T,_Z,_Z,_Z,_Z,_Z,2021,0.06,,,,,,,,,POP_SH.EMP_SECTOR_IND,SHARE,0.01,A,GNB_EHCVM2021_LEGACY_v1,
dataflow,WB.AFW360:AFW360_HH(0.3.0),R,A,GNB,GW03,SURVEY,POP_SH,_T,_T,_T,EMP_SECTOR_SER,_T,_T,_T,_T,_Z,_Z,_Z,_Z,_Z,2021,0.17,,,,,,,,,POP_SH.EMP_SECTOR_SER,SHARE,0.01,A,GNB_EHCVM2021_LEGACY_v1,
dataflow,WB.AFW360:AFW360_HH(0.3.0),R,A,GNB,GW03,SURVEY,POP_SH,_T,_T,_T,EMP_STATUS_EMPLOYED,_T,_T,_T,_T,_Z,_Z,_Z,_Z,_Z,2021,0.69,,,,,,,,,POP_SH.EMP_STATUS_EMPLOYED,SHARE,0.01,A,GNB_EHCVM2021_LEGACY_v1,
dataflow,WB.AFW360:AFW360_HH(0.3.0),R,A,GNB,GW03,SURVEY,POP_SH,_T,_T,_T,EMP_TYPE_NONWAGE,_T,_T,_T,_T,_Z,_Z,_Z,_Z,_Z,2021,0.8,,,,,,,,,POP_SH.EMP_TYPE_NONWAGE,SHARE,0.01,A,GNB_EHCVM2021_LEGACY_v1,
dataflow,WB.AFW360:AFW360_HH(0.3.0),R,A,GNB,GW03,SURVEY,POP_SH,_T,_T,_T,EMP_TYPE_WAGE,_T,_T,_T,_T,_Z,_Z,_Z,_Z,_Z,2021,0.2,,,,,,,,,POP_SH.EMP_TYPE_WAGE,SHARE,0.01,A,GNB_EHCVM2021_LEGACY_v1,
dataflow,WB.AFW360:AFW360_HH(0.3.0),R,A,GNB,GW03,SURVEY,POV_HC,_T,_T,_T,_T,_T,_T,_T,_T,POVLINE_PL300,PPP_2021,_Z,_Z,_Z,2021,0.5,,,,,,,,,POV_HC.POVLINE_PL300.PPP_2021,SHARE,0.01,A,GNB_EHCVM2021_LEGACY_v1,
dataflow,WB.AFW360:AFW360_HH(0.3.0),R,A,GNB,GW03,SURVEY,POV_HC,_T,_T,_T,_T,_T,_T,_T,_T,POVLINE_PL420,PPP_2021,_Z,_Z,_Z,2021,0.72,,,,,,,,,POV_HC.POVLINE_PL420.PPP_2021,SHARE,0.01,A,GNB_EHCVM2021_LEGACY_v1,
dataflow,WB.AFW360:AFW360_HH(0.3.0),R,A,GNB,GW03,SURVEY,POV_NUM,_T,_T,_T,_T,_T,_T,_T,_T,POVLINE_PL300,PPP_2021,_Z,_Z,_Z,2021,20000,,,,,,,,,POV_NUM.POVLINE_PL300.PPP_2021,PERSON,10000,A,GNB_EHCVM2021_LEGACY_v1,
dataflow,WB.AFW360:AFW360_HH(0.3.0),R,A,GNB,GW03,SURVEY,POV_NUM,_T,_T,_T,_T,_T,_T,_T,_T,POVLINE_PL420,PPP_2021,_Z,_Z,_Z,2021,30000,,,,,,,,,POV_NUM.POVLINE_PL420.PPP_2021,PERSON,10000,A,GNB_EHCVM2021_LEGACY_v1,
dataflow,WB.AFW360:AFW360_HH(0.3.0),R,A,GNB,GW03,SURVEY,SHK_ANY,_Z,_Z,_T,_T,_T,_T,_T,_T,_Z,_Z,_Z,_Z,_Z,2021,0.79,,,,,,,,,SHK_ANY,SHARE,0.01,A,GNB_EHCVM2021_LEGACY_v1,
dataflow,WB.AFW360:AFW360_HH(0.3.0),R,A,GNB,GW03,SURVEY,SHK_COV_CONFLICT,_Z,_Z,_T,_T,_T,_T,_T,_T,_Z,_Z,_Z,_Z,_Z,2021,0.02,,,,,,,,,SHK_COV_CONFLICT,SHARE,0.01,A,GNB_EHCVM2021_LEGACY_v1,
dataflow,WB.AFW360:AFW360_HH(0.3.0),R,A,GNB,GW03,SURVEY,SHK_COV_ECON,_Z,_Z,_T,_T,_T,_T,_T,_T,_Z,_Z,_Z,_Z,_Z,2021,0.44,,,,,,,,,SHK_COV_ECON,SHARE,0.01,A,GNB_EHCVM2021_LEGACY_v1,
dataflow,WB.AFW360:AFW360_HH(0.3.0),R,A,GNB,GW03,SURVEY,SHK_COV_NATURAL,_Z,_Z,_T,_T,_T,_T,_T,_T,_Z,_Z,_Z,_Z,_Z,2021,0.22,,,,,,,,,SHK_COV_NATURAL,SHARE,0.01,A,GNB_EHCVM2021_LEGACY_v1,
dataflow,WB.AFW360:AFW360_HH(0.3.0),R,A,GNB,GW03,SURVEY,SHK_IDIO_ECON,_Z,_Z,_T,_T,_T,_T,_T,_T,_Z,_Z,_Z,_Z,_Z,2021,0.24,,,,,,,,,SHK_IDIO_ECON,SHARE,0.01,A,GNB_EHCVM2021_LEGACY_v1,
dataflow,WB.AFW360:AFW360_HH(0.3.0),R,A,GNB,GW03,SURVEY,SP_HEALTH_COV,_T,_T,_T,_T,_T,_T,_T,_T,_Z,_Z,_Z,_Z,_Z,2021,0,,,,,,,,,SP_HEALTH_COV,SHARE,0.01,A,GNB_EHCVM2021_LEGACY_v1,
dataflow,WB.AFW360:AFW360_HH(0.3.0),R,A,GNB,GW03,SURVEY,SP_HEALTH_COV_HH,_Z,_Z,_T,_T,_T,_T,_T,_T,_Z,_Z,_Z,_Z,_Z,2021,0,,,,,,,,,SP_HEALTH_COV_HH,SHARE,0.01,A,GNB_EHCVM2021_LEGACY_v1,
dataflow,WB.AFW360:AFW360_HH(0.3.0),R,A,GNB,GW04,SURVEY,AGR_CULTIVATES,_Z,_Z,_T,_T,_T,_T,_T,_T,_Z,_Z,_Z,_Z,_Z,2021,0.86,,,,,,,,,AGR_CULTIVATES,SHARE,0.01,A,GNB_EHCVM2021_LEGACY_v1,
dataflow,WB.AFW360:AFW360_HH(0.3.0),R,A,GNB,GW04,SURVEY,AGR_CULT_AREA,_Z,_Z,_T,_T,_T,_T,_T,_T,_Z,_Z,_Z,_Z,_Z,2021,14.88,,,,,,,,,AGR_CULT_AREA,HA,0.01,A,GNB_EHCVM2021_LEGACY_v1,
dataflow,WB.AFW360:AFW360_HH(0.3.0),R,A,GNB,GW04,SURVEY,AGR_LIVESTOCK_ANY,_Z,_Z,_T,_T,_T,_T,_T,_T,_Z,_Z,_Z,_Z,_Z,2021,0.84,,,,,,,,,AGR_LIVESTOCK_ANY,SHARE,0.01,A,GNB_EHCVM2021_LEGACY_v1,
dataflow,WB.AFW360:AFW360_HH(0.3.0),R,A,GNB,GW04,SURVEY,AGR_TLU,_Z,_Z,_T,_T,_T,_T,_T,_T,_Z,_Z,_Z,_Z,_Z,2021,1.82,,,,,,,,,AGR_TLU,TLU,0.01,A,GNB_EHCVM2021_LEGACY_v1,
dataflow,WB.AFW360:AFW360_HH(0.3.0),R,A,GNB,GW04,SURVEY,CONS_SH,_Z,_Z,_T,_T,_T,_T,_T,_T,COICOP_CP01,ACQ_OWNPROD,_Z,_Z,_Z,2021,0.1,,,,,,,,,CONS_SH.COICOP_CP01.ACQ_OWNPROD,SHARE,0.01,A,GNB_EHCVM2021_LEGACY_v1,
dataflow,WB.AFW360:AFW360_HH(0.3.0),R,A,GNB,GW04,SURVEY,CONS_SH,_Z,_Z,_T,_T,_T,_T,_T,_T,COICOP_CP01,ACQ_PURCH,_Z,_Z,_Z,2021,0.27,,,,,,,,,CONS_SH.COICOP_CP01.ACQ_PURCH,SHARE,0.01,A,GNB_EHCVM2021_LEGACY_v1,
dataflow,WB.AFW360:AFW360_HH(0.3.0),R,A,GNB,GW04,SURVEY,CONS_SH,_Z,_Z,_T,_T,_T,_T,_T,_T,COICOP_CP01,_Z,_Z,_Z,_Z,2021,0.41,,,,,,,,,CONS_SH.COICOP_CP01,SHARE,0.01,A,GNB_EHCVM2021_LEGACY_v1,
dataflow,WB.AFW360:AFW360_HH(0.3.0),R,A,GNB,GW04,SURVEY,CONS_SH,_Z,_Z,_T,_T,_T,_T,_T,_T,COICOP_CP02,_Z,_Z,_Z,_Z,2021,0.01,,,,,,,,,CONS_SH.COICOP_CP02,SHARE,0.01,A,GNB_EHCVM2021_LEGACY_v1,
dataflow,WB.AFW360:AFW360_HH(0.3.0),R,A,GNB,GW04,SURVEY,CONS_SH,_Z,_Z,_T,_T,_T,_T,_T,_T,COICOP_CP03,_Z,_Z,_Z,_Z,2021,0.06,,,,,,,,,CONS_SH.COICOP_CP03,SHARE,0.01,A,GNB_EHCVM2021_LEGACY_v1,
dataflow,WB.AFW360:AFW360_HH(0.3.0),R,A,GNB,GW04,SURVEY,CONS_SH,_Z,_Z,_T,_T,_T,_T,_T,_T,COICOP_CP04,_Z,_Z,_Z,_Z,2021,0.14,,,,,,,,,CONS_SH.COICOP_CP04,SHARE,0.01,A,GNB_EHCVM2021_LEGACY_v1,
dataflow,WB.AFW360:AFW360_HH(0.3.0),R,A,GNB,GW04,SURVEY,CONS_SH,_Z,_Z,_T,_T,_T,_T,_T,_T,COICOP_CP05,_Z,_Z,_Z,_Z,2021,0.04,,,,,,,,,CONS_SH.COICOP_CP05,SHARE,0.01,A,GNB_EHCVM2021_LEGACY_v1,
dataflow,WB.AFW360:AFW360_HH(0.3.0),R,A,GNB,GW04,SURVEY,CONS_SH,_Z,_Z,_T,_T,_T,_T,_T,_T,COICOP_CP06,_Z,_Z,_Z,_Z,2021,0.03,,,,,,,,,CONS_SH.COICOP_CP06,SHARE,0.01,A,GNB_EHCVM2021_LEGACY_v1,
dataflow,WB.AFW360:AFW360_HH(0.3.0),R,A,GNB,GW04,SURVEY,CONS_SH,_Z,_Z,_T,_T,_T,_T,_T,_T,COICOP_CP07,_Z,_Z,_Z,_Z,2021,0.04,,,,,,,,,CONS_SH.COICOP_CP07,SHARE,0.01,A,GNB_EHCVM2021_LEGACY_v1,
dataflow,WB.AFW360:AFW360_HH(0.3.0),R,A,GNB,GW04,SURVEY,CONS_SH,_Z,_Z,_T,_T,_T,_T,_T,_T,COICOP_CP08,_Z,_Z,_Z,_Z,2021,0.08,,,,,,,,,CONS_SH.COICOP_CP08,SHARE,0.01,A,GNB_EHCVM2021_LEGACY_v1,
dataflow,WB.AFW360:AFW360_HH(0.3.0),R,A,GNB,GW04,SURVEY,CONS_SH,_Z,_Z,_T,_T,_T,_T,_T,_T,COICOP_CP09,_Z,_Z,_Z,_Z,2021,0,,,,,,,,,CONS_SH.COICOP_CP09,SHARE,0.01,A,GNB_EHCVM2021_LEGACY_v1,
dataflow,WB.AFW360:AFW360_HH(0.3.0),R,A,GNB,GW04,SURVEY,CONS_SH,_Z,_Z,_T,_T,_T,_T,_T,_T,COICOP_CP10,_Z,_Z,_Z,_Z,2021,0.03,,,,,,,,,CONS_SH.COICOP_CP10,SHARE,0.01,A,GNB_EHCVM2021_LEGACY_v1,
dataflow,WB.AFW360:AFW360_HH(0.3.0),R,A,GNB,GW04,SURVEY,CONS_SH,_Z,_Z,_T,_T,_T,_T,_T,_T,COICOP_CP11,_Z,_Z,_Z,_Z,2021,0.13,,,,,,,,,CONS_SH.COICOP_CP11,SHARE,0.01,A,GNB_EHCVM2021_LEGACY_v1,
dataflow,WB.AFW360:AFW360_HH(0.3.0),R,A,GNB,GW04,SURVEY,CONS_SH,_Z,_Z,_T,_T,_T,_T,_T,_T,COICOP_CP12,_Z,_Z,_Z,_Z,2021,0,,,,,,,,,CONS_SH.COICOP_CP12,SHARE,0.01,A,GNB_EHCVM2021_LEGACY_v1,
dataflow,WB.AFW360:AFW360_HH(0.3.0),R,A,GNB,GW04,SURVEY,CONS_SH,_Z,_Z,_T,_T,_T,_T,_T,_T,COICOP_CP13,_Z,_Z,_Z,_Z,2021,0.02,,,,,,,,,CONS_SH.COICOP_CP13,SHARE,0.01,A,GNB_EHCVM2021_LEGACY_v1,
dataflow,WB.AFW360:AFW360_HH(0.3.0),R,A,GNB,GW04,SURVEY,EN_ASSET_AC,_Z,_Z,_T,_T,_T,_T,_T,_T,_Z,_Z,_Z,_Z,_Z,2021,0,,,,,,,,,EN_ASSET_AC,SHARE,0.01,A,GNB_EHCVM2021_LEGACY_v1,
dataflow,WB.AFW360:AFW360_HH(0.3.0),R,A,GNB,GW04,SURVEY,EN_ASSET_COOKER,_Z,_Z,_T,_T,_T,_T,_T,_T,_Z,_Z,_Z,_Z,_Z,2021,0.01,,,,,,,,,EN_ASSET_COOKER,SHARE,0.01,A,GNB_EHCVM2021_LEGACY_v1,
dataflow,WB.AFW360:AFW360_HH(0.3.0),R,A,GNB,GW04,SURVEY,EN_ASSET_FAN,_Z,_Z,_T,_T,_T,_T,_T,_T,_Z,_Z,_Z,_Z,_Z,2021,0.01,,,,,,,,,EN_ASSET_FAN,SHARE,0.01,A,GNB_EHCVM2021_LEGACY_v1,
dataflow,WB.AFW360:AFW360_HH(0.3.0),R,A,GNB,GW04,SURVEY,EN_ASSET_WATER_HEATER,_Z,_Z,_T,_T,_T,_T,_T,_T,_Z,_Z,_Z,_Z,_Z,2021,0,,,,,,,,,EN_ASSET_WATER_HEATER,SHARE,0.01,A,GNB_EHCVM2021_LEGACY_v1,
dataflow,WB.AFW360:AFW360_HH(0.3.0),R,A,GNB,GW04,SURVEY,EN_COOK_BIOMASS,_Z,_Z,_T,_T,_T,_T,_T,_T,_Z,_Z,_Z,_Z,_Z,2021,0.99,,,,,,,,,EN_COOK_BIOMASS,SHARE,0.01,A,GNB_EHCVM2021_LEGACY_v1,
dataflow,WB.AFW360:AFW360_HH(0.3.0),R,A,GNB,GW04,SURVEY,EN_COOK_CLEAN,_Z,_Z,_T,_T,_T,_T,_T,_T,_Z,_Z,_Z,_Z,_Z,2021,0.01,,,,,,,,,EN_COOK_CLEAN,SHARE,0.01,A,GNB_EHCVM2021_LEGACY_v1,
dataflow,WB.AFW360:AFW360_HH(0.3.0),R,A,GNB,GW04,SURVEY,EN_ELEC_ACCESS,_Z,_Z,_T,_T,_T,_T,_T,_T,_Z,_Z,_Z,_Z,_Z,2021,0.06,,,,,,,,,EN_ELEC_ACCESS,SHARE,0.01,A,GNB_EHCVM2021_LEGACY_v1,
dataflow,WB.AFW360:AFW360_HH(0.3.0),R,A,GNB,GW04,SURVEY,EN_ELEC_INFORMAL,_Z,_Z,_T,_T,_T,_T,_T,_T,_Z,_Z,_Z,_Z,_Z,2021,0,,,,,,,,,EN_ELEC_INFORMAL,SHARE,0.01,A,GNB_EHCVM2021_LEGACY_v1,
dataflow,WB.AFW360:AFW360_HH(0.3.0),R,A,GNB,GW04,SURVEY,EN_ELEC_SPEND,_Z,_Z,_T,_T,_T,_T,_T,_T,_Z,_Z,_Z,_Z,_Z,2021,24717.16,,,,,,,,,EN_ELEC_SPEND,XOF,0.01,A,GNB_EHCVM2021_LEGACY_v1,
dataflow,WB.AFW360:AFW360_HH(0.3.0),R,A,GNB,GW04,SURVEY,EN_GRID_CONN,_Z,_Z,_T,_T,_T,_T,_T,_T,_Z,_Z,_Z,_Z,_Z,2021,0.09,,,,,,,,,EN_GRID_CONN,SHARE,0.01,A,GNB_EHCVM2021_LEGACY_v1,
dataflow,WB.AFW360:AFW360_HH(0.3.0),R,A,GNB,GW04,SURVEY,EN_GRID_USE,_Z,_Z,_T,_T,_T,_T,_T,_T,_Z,_Z,_Z,_Z,_Z,2021,0.05,,,,,,,,,EN_GRID_USE,SHARE,0.01,A,GNB_EHCVM2021_LEGACY_v1,
dataflow,WB.AFW360:AFW360_HH(0.3.0),R,A,GNB,GW04,SURVEY,EN_LIGHT_IMPROVED,_Z,_Z,_T,_T,_T,_T,_T,_T,_Z,_Z,_Z,_Z,_Z,2021,0.08,,,,,,,,,EN_LIGHT_IMPROVED,SHARE,0.01,A,GNB_EHCVM2021_LEGACY_v1,
dataflow,WB.AFW360:AFW360_HH(0.3.0),R,A,GNB,GW04,SURVEY,EN_OFFGRID_USE,_Z,_Z,_T,_T,_T,_T,_T,_T,_Z,_Z,_Z,_Z,_Z,2021,0.54,,,,,,,,,EN_OFFGRID_USE,SHARE,0.01,A,GNB_EHCVM2021_LEGACY_v1,
dataflow,WB.AFW360:AFW360_HH(0.3.0),R,A,GNB,GW04,SURVEY,EN_OUTAGE_ANY,_Z,_Z,_T,_T,_T,_T,_T,_T,_Z,_Z,_Z,_Z,_Z,2021,0.57,,,,,,,,,EN_OUTAGE_ANY,SHARE,0.01,A,GNB_EHCVM2021_LEGACY_v1,
dataflow,WB.AFW360:AFW360_HH(0.3.0),R,A,GNB,GW04,SURVEY,EN_OUTAGE_DAYS,_Z,_Z,_T,_T,_T,_T,_T,_T,_Z,_Z,_Z,_Z,_Z,2021,3.83,,,,,,,,,EN_OUTAGE_DAYS,DAY,0.01,A,GNB_EHCVM2021_LEGACY_v1,
dataflow,WB.AFW360:AFW360_HH(0.3.0),R,A,GNB,GW04,SURVEY,EN_OUTAGE_DUR_CODE,_Z,_Z,_T,_T,_T,_T,_T,_T,_Z,_Z,_Z,_Z,_Z,2021,3.6,,,,,,,,,EN_OUTAGE_DUR_CODE,INDEX,0.01,A,GNB_EHCVM2021_LEGACY_v1,
dataflow,WB.AFW360:AFW360_HH(0.3.0),R,A,GNB,GW04,SURVEY,EN_PREPAID_METER,_Z,_Z,_T,_T,_T,_T,_T,_T,_Z,_Z,_Z,_Z,_Z,2021,0.19,,,,,,,,,EN_PREPAID_METER,SHARE,0.01,A,GNB_EHCVM2021_LEGACY_v1,
dataflow,WB.AFW360:AFW360_HH(0.3.0),R,A,GNB,GW04,SURVEY,HE_ACCOUNTS,_Z,_Z,_T,_T,_T,_T,_T,_T,_Z,_Z,_Z,_Z,_Z,2021,0,,,,,,,,,HE_ACCOUNTS,SHARE,0.01,A,GNB_EHCVM2021_LEGACY_v1,
dataflow,WB.AFW360:AFW360_HH(0.3.0),R,A,GNB,GW04,SURVEY,HE_AGE,_Z,_Z,_T,_T,_T,_T,_T,_T,_Z,_Z,_Z,_Z,_Z,2021,7.7,,,,,,,,,HE_AGE,YEAR,0.01,A,GNB_EHCVM2021_LEGACY_v1,
dataflow,WB.AFW360:AFW360_HH(0.3.0),R,A,GNB,GW04,SURVEY,HE_BUY_FIRMS,_Z,_Z,_T,_T,_T,_T,_T,_T,_Z,_Z,_Z,_Z,_Z,2021,0.22,,,,,,,,,HE_BUY_FIRMS,SHARE,0.01,A,GNB_EHCVM2021_LEGACY_v1,
dataflow,WB.AFW360:AFW360_HH(0.3.0),R,A,GNB,GW04,SURVEY,HE_CAPITAL,_Z,_Z,_T,_T,_T,_T,_T,_T,_Z,_Z,_Z,_Z,_Z,2021,20916.58,,,,,,,,,HE_CAPITAL,XOF,0.01,A,GNB_EHCVM2021_LEGACY_v1,
dataflow,WB.AFW360:AFW360_HH(0.3.0),R,A,GNB,GW04,SURVEY,HE_COSTS,_Z,_Z,_T,_T,_T,_T,_T,_T,_Z,_Z,_Z,_Z,_Z,2021,2723,,,,,,,,,HE_COSTS,XOF,0.01,A,GNB_EHCVM2021_LEGACY_v1,
dataflow,WB.AFW360:AFW360_HH(0.3.0),R,A,GNB,GW04,SURVEY,HE_CREDIT_ANY,_Z,_Z,_T,_T,_T,_T,_T,_T,_Z,_Z,_Z,_Z,_Z,2021,0.36,,,,,,,,,HE_CREDIT_ANY,SHARE,0.01,A,GNB_EHCVM2021_LEGACY_v1,
dataflow,WB.AFW360:AFW360_HH(0.3.0),R,A,GNB,GW04,SURVEY,HE_CREDIT_FORMAL,_Z,_Z,_T,_T,_T,_T,_T,_T,_Z,_Z,_Z,_Z,_Z,2021,0.03,,,,,,,,,HE_CREDIT_FORMAL,SHARE,0.01,A,GNB_EHCVM2021_LEGACY_v1,
dataflow,WB.AFW360:AFW360_HH(0.3.0),R,A,GNB,GW04,SURVEY,HE_CREDIT_INFORMAL,_Z,_Z,_T,_T,_T,_T,_T,_T,_Z,_Z,_Z,_Z,_Z,2021,0.33,,,,,,,,,HE_CREDIT_INFORMAL,SHARE,0.01,A,GNB_EHCVM2021_LEGACY_v1,
dataflow,WB.AFW360:AFW360_HH(0.3.0),R,A,GNB,GW04,SURVEY,HE_ELEC,_Z,_Z,_T,_T,_T,_T,_T,_T,_Z,_Z,_Z,_Z,_Z,2021,0,,,,,,,,,HE_ELEC,SHARE,0.01,A,GNB_EHCVM2021_LEGACY_v1,
dataflow,WB.AFW360:AFW360_HH(0.3.0),R,A,GNB,GW04,SURVEY,HE_EMP_EXT_ANY,_Z,_Z,_T,_T,_T,_T,_T,_T,_Z,_Z,_Z,_Z,_Z,2021,1,,,,,,,,,HE_EMP_EXT_ANY,SHARE,0.01,A,GNB_EHCVM2021_LEGACY_v1,LEGACY_SUSPECT: Implausible: share 1.00 while mean non-HH employees is 0.48.
dataflow,WB.AFW360:AFW360_HH(0.3.0),R,A,GNB,GW04,SURVEY,HE_EMP_HH_NUM,_Z,_Z,_T,_T,_T,_T,_T,_T,_Z,_Z,_Z,_Z,_Z,2021,0,,,,,,,,,HE_EMP_HH_NUM,PERSON,0.01,A,GNB_EHCVM2021_LEGACY_v1,
dataflow,WB.AFW360:AFW360_HH(0.3.0),R,A,GNB,GW04,SURVEY,HE_EMP_NONHH_NUM,_Z,_Z,_T,_T,_T,_T,_T,_T,_Z,_Z,_Z,_Z,_Z,2021,0.32,,,,,,,,,HE_EMP_NONHH_NUM,PERSON,0.01,A,GNB_EHCVM2021_LEGACY_v1,
dataflow,WB.AFW360:AFW360_HH(0.3.0),R,A,GNB,GW04,SURVEY,HE_EMP_NUM,_Z,_Z,_T,_T,_T,_T,_T,_T,_Z,_Z,_Z,_Z,_Z,2021,0.05,,,,,,,,,HE_EMP_NUM,PERSON,0.01,A,GNB_EHCVM2021_LEGACY_v1,
dataflow,WB.AFW360:AFW360_HH(0.3.0),R,A,GNB,GW04,SURVEY,HE_HH_OWNER,_Z,_Z,_T,_T,_T,_T,_T,_T,_Z,_Z,_Z,_Z,_Z,2021,0.32,,,,,,,,,HE_HH_OWNER,SHARE,0.01,A,GNB_EHCVM2021_LEGACY_v1,
dataflow,WB.AFW360:AFW360_HH(0.3.0),R,A,GNB,GW04,SURVEY,HE_HOME_BASED,_Z,_Z,_T,_T,_T,_T,_T,_T,_Z,_Z,_Z,_Z,_Z,2021,0.54,,,,,,,,,HE_HOME_BASED,SHARE,0.01,A,GNB_EHCVM2021_LEGACY_v1,
dataflow,WB.AFW360:AFW360_HH(0.3.0),R,A,GNB,GW04,SURVEY,HE_PHONE,_Z,_Z,_T,_T,_T,_T,_T,_T,_Z,_Z,_Z,_Z,_Z,2021,1,,,,,,,,,HE_PHONE,SHARE,0.01,A,GNB_EHCVM2021_LEGACY_v1,
dataflow,WB.AFW360:AFW360_HH(0.3.0),R,A,GNB,GW04,SURVEY,HE_PREMISES_FORMAL,_Z,_Z,_T,_T,_T,_T,_T,_T,_Z,_Z,_Z,_Z,_Z,2021,0.05,,,,,,,,,HE_PREMISES_FORMAL,SHARE,0.01,A,GNB_EHCVM2021_LEGACY_v1,
dataflow,WB.AFW360:AFW360_HH(0.3.0),R,A,GNB,GW04,SURVEY,HE_PROFIT,_Z,_Z,_T,_T,_T,_T,_T,_T,_Z,_Z,_Z,_Z,_Z,2021,2674.39,,,,,,,,,HE_PROFIT,XOF,0.01,A,GNB_EHCVM2021_LEGACY_v1,
dataflow,WB.AFW360:AFW360_HH(0.3.0),R,A,GNB,GW04,SURVEY,HE_RENT,_Z,_Z,_T,_T,_T,_T,_T,_T,_Z,_Z,_Z,_Z,_Z,2021,1,,,,,,,,,HE_RENT,SHARE,0.01,A,GNB_EHCVM2021_LEGACY_v1,
dataflow,WB.AFW360:AFW360_HH(0.3.0),R,A,GNB,GW04,SURVEY,HE_REV_PER_WORKER,_Z,_Z,_T,_T,_T,_T,_T,_T,_Z,_Z,_Z,_Z,_Z,2021,650000,,,,,,,,,HE_REV_PER_WORKER,XOF,0.01,A,GNB_EHCVM2021_LEGACY_v1,
dataflow,WB.AFW360:AFW360_HH(0.3.0),R,A,GNB,GW04,SURVEY,HE_SELL_FIRMS,_Z,_Z,_T,_T,_T,_T,_T,_T,_Z,_Z,_Z,_Z,_Z,2021,0.16,,,,,,,,,HE_SELL_FIRMS,SHARE,0.01,A,GNB_EHCVM2021_LEGACY_v1,
dataflow,WB.AFW360:AFW360_HH(0.3.0),R,A,GNB,GW04,SURVEY,HE_TAX_ID,_Z,_Z,_T,_T,_T,_T,_T,_T,_Z,_Z,_Z,_Z,_Z,2021,0.08,,,,,,,,,HE_TAX_ID,SHARE,0.01,A,GNB_EHCVM2021_LEGACY_v1,
dataflow,WB.AFW360:AFW360_HH(0.3.0),R,A,GNB,GW04,SURVEY,HE_WATER,_Z,_Z,_T,_T,_T,_T,_T,_T,_Z,_Z,_Z,_Z,_Z,2021,0,,,,,,,,,HE_WATER,SHARE,0.01,A,GNB_EHCVM2021_LEGACY_v1,
dataflow,WB.AFW360:AFW360_HH(0.3.0),R,A,GNB,GW04,SURVEY,HOUS_FLOOR_DURABLE,_Z,_Z,_T,_T,_T,_T,_T,_T,_Z,_Z,_Z,_Z,_Z,2021,0.47,,,,,,,,,HOUS_FLOOR_DURABLE,SHARE,0.01,A,GNB_EHCVM2021_LEGACY_v1,
dataflow,WB.AFW360:AFW360_HH(0.3.0),R,A,GNB,GW04,SURVEY,HOUS_ROOF_DURABLE,_Z,_Z,_T,_T,_T,_T,_T,_T,_Z,_Z,_Z,_Z,_Z,2021,0.94,,,,,,,,,HOUS_ROOF_DURABLE,SHARE,0.01,A,GNB_EHCVM2021_LEGACY_v1,
dataflow,WB.AFW360:AFW360_HH(0.3.0),R,A,GNB,GW04,SURVEY,HOUS_SANIT_IMPROVED,_Z,_Z,_T,_T,_T,_T,_T,_T,_Z,_Z,_Z,_Z,_Z,2021,0.2,,,,,,,,,HOUS_SANIT_IMPROVED,SHARE,0.01,A,GNB_EHCVM2021_LEGACY_v1,
dataflow,WB.AFW360:AFW360_HH(0.3.0),R,A,GNB,GW04,SURVEY,HOUS_WALL_DURABLE,_Z,_Z,_T,_T,_T,_T,_T,_T,_Z,_Z,_Z,_Z,_Z,2021,0.26,,,,,,,,,HOUS_WALL_DURABLE,SHARE,0.01,A,GNB_EHCVM2021_LEGACY_v1,
dataflow,WB.AFW360:AFW360_HH(0.3.0),R,A,GNB,GW04,SURVEY,HOUS_WATER_SAFE_DRY,_Z,_Z,_T,_T,_T,_T,_T,_T,_Z,_Z,_Z,_Z,_Z,2021,0.75,,,,,,,,,HOUS_WATER_SAFE_DRY,SHARE,0.01,A,GNB_EHCVM2021_LEGACY_v1,
dataflow,WB.AFW360:AFW360_HH(0.3.0),R,A,GNB,GW04,SURVEY,POP_HE_SH,_Z,_Z,_T,HEO_MSTAT_MARRIED,_T,_T,_T,_T,_Z,_Z,_Z,_Z,_Z,2021,0.24,,,,,,,,,POP_HE_SH.HEO_MSTAT_MARRIED,SHARE,0.01,A,GNB_EHCVM2021_LEGACY_v1,
dataflow,WB.AFW360:AFW360_HH(0.3.0),R,A,GNB,GW04,SURVEY,POP_HE_SH,_Z,_Z,_T,HEO_SEX_F,_T,_T,_T,_T,_Z,_Z,_Z,_Z,_Z,2021,0.71,,,,,,,,,POP_HE_SH.HEO_SEX_F,SHARE,0.01,A,GNB_EHCVM2021_LEGACY_v1,
dataflow,WB.AFW360:AFW360_HH(0.3.0),R,A,GNB,GW04,SURVEY,POP_HH_SH,_Z,_Z,_T,HE_COUNT_0,_T,_T,_T,_T,_Z,_Z,_Z,_Z,_Z,2021,0.46,,,,,,,,,POP_HH_SH.HE_COUNT_0,SHARE,0.01,A,GNB_EHCVM2021_LEGACY_v1,
dataflow,WB.AFW360:AFW360_HH(0.3.0),R,A,GNB,GW04,SURVEY,POP_HH_SH,_Z,_Z,_T,HE_COUNT_1,_T,_T,_T,_T,_Z,_Z,_Z,_Z,_Z,2021,0.46,,,,,,,,,POP_HH_SH.HE_COUNT_1,SHARE,0.01,A,GNB_EHCVM2021_LEGACY_v1,
dataflow,WB.AFW360:AFW360_HH(0.3.0),R,A,GNB,GW04,SURVEY,POP_HH_SH,_Z,_Z,_T,HE_COUNT_2,_T,_T,_T,_T,_Z,_Z,_Z,_Z,_Z,2021,0.09,,,,,,,,,POP_HH_SH.HE_COUNT_2,SHARE,0.01,A,GNB_EHCVM2021_LEGACY_v1,
dataflow,WB.AFW360:AFW360_HH(0.3.0),R,A,GNB,GW04,SURVEY,POP_HH_SH,_Z,_Z,_T,HE_COUNT_3,_T,_T,_T,_T,_Z,_Z,_Z,_Z,_Z,2021,0,,,,,,,,,POP_HH_SH.HE_COUNT_3,SHARE,0.01,A,GNB_EHCVM2021_LEGACY_v1,
dataflow,WB.AFW360:AFW360_HH(0.3.0),R,A,GNB,GW04,SURVEY,POP_HH_SH,_Z,_Z,_T,HE_COUNT_4P,_T,_T,_T,_T,_Z,_Z,_Z,_Z,_Z,2021,0,,,,,,,,,POP_HH_SH.HE_COUNT_4P,SHARE,0.01,A,GNB_EHCVM2021_LEGACY_v1,
dataflow,WB.AFW360:AFW360_HH(0.3.0),R,A,GNB,GW04,SURVEY,POP_SH,_T,_T,_T,EMP_FORMAL_N,_T,_T,_T,_T,_Z,_Z,_Z,_Z,_Z,2021,0.8,,,,,,,,,POP_SH.EMP_FORMAL_N,SHARE,0.01,A,GNB_EHCVM2021_LEGACY_v1,
dataflow,WB.AFW360:AFW360_HH(0.3.0),R,A,GNB,GW04,SURVEY,POP_SH,_T,_T,_T,EMP_ISIC_G,_T,_T,_T,_T,_Z,_Z,_Z,_Z,_Z,2021,0.09,,,,,,,,,POP_SH.EMP_ISIC_G,SHARE,0.01,A,GNB_EHCVM2021_LEGACY_v1,
dataflow,WB.AFW360:AFW360_HH(0.3.0),R,A,GNB,GW04,SURVEY,POP_SH,_T,_T,_T,EMP_ISIC_H,_T,_T,_T,_T,_Z,_Z,_Z,_Z,_Z,2021,0.03,,,,,,,,,POP_SH.EMP_ISIC_H,SHARE,0.01,A,GNB_EHCVM2021_LEGACY_v1,
dataflow,WB.AFW360:AFW360_HH(0.3.0),R,A,GNB,GW04,SURVEY,POP_SH,_T,_T,_T,EMP_SECTOR_AGR,_T,_T,_T,_T,_Z,_Z,_Z,_Z,_Z,2021,0.74,,,,,,,,,POP_SH.EMP_SECTOR_AGR,SHARE,0.01,A,GNB_EHCVM2021_LEGACY_v1,
dataflow,WB.AFW360:AFW360_HH(0.3.0),R,A,GNB,GW04,SURVEY,POP_SH,_T,_T,_T,EMP_SECTOR_IND,_T,_T,_T,_T,_Z,_Z,_Z,_Z,_Z,2021,0.08,,,,,,,,,POP_SH.EMP_SECTOR_IND,SHARE,0.01,A,GNB_EHCVM2021_LEGACY_v1,
dataflow,WB.AFW360:AFW360_HH(0.3.0),R,A,GNB,GW04,SURVEY,POP_SH,_T,_T,_T,EMP_SECTOR_SER,_T,_T,_T,_T,_Z,_Z,_Z,_Z,_Z,2021,0.18,,,,,,,,,POP_SH.EMP_SECTOR_SER,SHARE,0.01,A,GNB_EHCVM2021_LEGACY_v1,
dataflow,WB.AFW360:AFW360_HH(0.3.0),R,A,GNB,GW04,SURVEY,POP_SH,_T,_T,_T,EMP_STATUS_EMPLOYED,_T,_T,_T,_T,_Z,_Z,_Z,_Z,_Z,2021,0.72,,,,,,,,,POP_SH.EMP_STATUS_EMPLOYED,SHARE,0.01,A,GNB_EHCVM2021_LEGACY_v1,
dataflow,WB.AFW360:AFW360_HH(0.3.0),R,A,GNB,GW04,SURVEY,POP_SH,_T,_T,_T,EMP_TYPE_NONWAGE,_T,_T,_T,_T,_Z,_Z,_Z,_Z,_Z,2021,0.83,,,,,,,,,POP_SH.EMP_TYPE_NONWAGE,SHARE,0.01,A,GNB_EHCVM2021_LEGACY_v1,
dataflow,WB.AFW360:AFW360_HH(0.3.0),R,A,GNB,GW04,SURVEY,POP_SH,_T,_T,_T,EMP_TYPE_WAGE,_T,_T,_T,_T,_Z,_Z,_Z,_Z,_Z,2021,0.17,,,,,,,,,POP_SH.EMP_TYPE_WAGE,SHARE,0.01,A,GNB_EHCVM2021_LEGACY_v1,
dataflow,WB.AFW360:AFW360_HH(0.3.0),R,A,GNB,GW04,SURVEY,POV_HC,_T,_T,_T,_T,_T,_T,_T,_T,POVLINE_PL300,PPP_2021,_Z,_Z,_Z,2021,0.41,,,,,,,,,POV_HC.POVLINE_PL300.PPP_2021,SHARE,0.01,A,GNB_EHCVM2021_LEGACY_v1,
dataflow,WB.AFW360:AFW360_HH(0.3.0),R,A,GNB,GW04,SURVEY,POV_HC,_T,_T,_T,_T,_T,_T,_T,_T,POVLINE_PL420,PPP_2021,_Z,_Z,_Z,2021,0.69,,,,,,,,,POV_HC.POVLINE_PL420.PPP_2021,SHARE,0.01,A,GNB_EHCVM2021_LEGACY_v1,
dataflow,WB.AFW360:AFW360_HH(0.3.0),R,A,GNB,GW04,SURVEY,POV_NUM,_T,_T,_T,_T,_T,_T,_T,_T,POVLINE_PL300,PPP_2021,_Z,_Z,_Z,2021,90000,,,,,,,,,POV_NUM.POVLINE_PL300.PPP_2021,PERSON,10000,A,GNB_EHCVM2021_LEGACY_v1,
dataflow,WB.AFW360:AFW360_HH(0.3.0),R,A,GNB,GW04,SURVEY,POV_NUM,_T,_T,_T,_T,_T,_T,_T,_T,POVLINE_PL420,PPP_2021,_Z,_Z,_Z,2021,150000,,,,,,,,,POV_NUM.POVLINE_PL420.PPP_2021,PERSON,10000,A,GNB_EHCVM2021_LEGACY_v1,
dataflow,WB.AFW360:AFW360_HH(0.3.0),R,A,GNB,GW04,SURVEY,SHK_ANY,_Z,_Z,_T,_T,_T,_T,_T,_T,_Z,_Z,_Z,_Z,_Z,2021,0.87,,,,,,,,,SHK_ANY,SHARE,0.01,A,GNB_EHCVM2021_LEGACY_v1,
dataflow,WB.AFW360:AFW360_HH(0.3.0),R,A,GNB,GW04,SURVEY,SHK_COV_CONFLICT,_Z,_Z,_T,_T,_T,_T,_T,_T,_Z,_Z,_Z,_Z,_Z,2021,0.06,,,,,,,,,SHK_COV_CONFLICT,SHARE,0.01,A,GNB_EHCVM2021_LEGACY_v1,
dataflow,WB.AFW360:AFW360_HH(0.3.0),R,A,GNB,GW04,SURVEY,SHK_COV_ECON,_Z,_Z,_T,_T,_T,_T,_T,_T,_Z,_Z,_Z,_Z,_Z,2021,0.66,,,,,,,,,SHK_COV_ECON,SHARE,0.01,A,GNB_EHCVM2021_LEGACY_v1,
dataflow,WB.AFW360:AFW360_HH(0.3.0),R,A,GNB,GW04,SURVEY,SHK_COV_NATURAL,_Z,_Z,_T,_T,_T,_T,_T,_T,_Z,_Z,_Z,_Z,_Z,2021,0.47,,,,,,,,,SHK_COV_NATURAL,SHARE,0.01,A,GNB_EHCVM2021_LEGACY_v1,
dataflow,WB.AFW360:AFW360_HH(0.3.0),R,A,GNB,GW04,SURVEY,SHK_IDIO_ECON,_Z,_Z,_T,_T,_T,_T,_T,_T,_Z,_Z,_Z,_Z,_Z,2021,0.28,,,,,,,,,SHK_IDIO_ECON,SHARE,0.01,A,GNB_EHCVM2021_LEGACY_v1,
dataflow,WB.AFW360:AFW360_HH(0.3.0),R,A,GNB,GW04,SURVEY,SP_HEALTH_COV,_T,_T,_T,_T,_T,_T,_T,_T,_Z,_Z,_Z,_Z,_Z,2021,0,,,,,,,,,SP_HEALTH_COV,SHARE,0.01,A,GNB_EHCVM2021_LEGACY_v1,
dataflow,WB.AFW360:AFW360_HH(0.3.0),R,A,GNB,GW04,SURVEY,SP_HEALTH_COV_HH,_Z,_Z,_T,_T,_T,_T,_T,_T,_Z,_Z,_Z,_Z,_Z,2021,0,,,,,,,,,SP_HEALTH_COV_HH,SHARE,0.01,A,GNB_EHCVM2021_LEGACY_v1,
dataflow,WB.AFW360:AFW360_HH(0.3.0),R,A,GNB,GW05,SURVEY,AGR_CULTIVATES,_Z,_Z,_T,_T,_T,_T,_T,_T,_Z,_Z,_Z,_Z,_Z,2021,0.85,,,,,,,,,AGR_CULTIVATES,SHARE,0.01,A,GNB_EHCVM2021_LEGACY_v1,
dataflow,WB.AFW360:AFW360_HH(0.3.0),R,A,GNB,GW05,SURVEY,AGR_CULT_AREA,_Z,_Z,_T,_T,_T,_T,_T,_T,_Z,_Z,_Z,_Z,_Z,2021,2.19,,,,,,,,,AGR_CULT_AREA,HA,0.01,A,GNB_EHCVM2021_LEGACY_v1,
dataflow,WB.AFW360:AFW360_HH(0.3.0),R,A,GNB,GW05,SURVEY,AGR_LIVESTOCK_ANY,_Z,_Z,_T,_T,_T,_T,_T,_T,_Z,_Z,_Z,_Z,_Z,2021,0.8,,,,,,,,,AGR_LIVESTOCK_ANY,SHARE,0.01,A,GNB_EHCVM2021_LEGACY_v1,
dataflow,WB.AFW360:AFW360_HH(0.3.0),R,A,GNB,GW05,SURVEY,AGR_TLU,_Z,_Z,_T,_T,_T,_T,_T,_T,_Z,_Z,_Z,_Z,_Z,2021,4.63,,,,,,,,,AGR_TLU,TLU,0.01,A,GNB_EHCVM2021_LEGACY_v1,
dataflow,WB.AFW360:AFW360_HH(0.3.0),R,A,GNB,GW05,SURVEY,CONS_SH,_Z,_Z,_T,_T,_T,_T,_T,_T,COICOP_CP01,ACQ_OWNPROD,_Z,_Z,_Z,2021,0.13,,,,,,,,,CONS_SH.COICOP_CP01.ACQ_OWNPROD,SHARE,0.01,A,GNB_EHCVM2021_LEGACY_v1,
dataflow,WB.AFW360:AFW360_HH(0.3.0),R,A,GNB,GW05,SURVEY,CONS_SH,_Z,_Z,_T,_T,_T,_T,_T,_T,COICOP_CP01,ACQ_PURCH,_Z,_Z,_Z,2021,0.29,,,,,,,,,CONS_SH.COICOP_CP01.ACQ_PURCH,SHARE,0.01,A,GNB_EHCVM2021_LEGACY_v1,
dataflow,WB.AFW360:AFW360_HH(0.3.0),R,A,GNB,GW05,SURVEY,CONS_SH,_Z,_Z,_T,_T,_T,_T,_T,_T,COICOP_CP01,_Z,_Z,_Z,_Z,2021,0.45,,,,,,,,,CONS_SH.COICOP_CP01,SHARE,0.01,A,GNB_EHCVM2021_LEGACY_v1,
dataflow,WB.AFW360:AFW360_HH(0.3.0),R,A,GNB,GW05,SURVEY,CONS_SH,_Z,_Z,_T,_T,_T,_T,_T,_T,COICOP_CP02,_Z,_Z,_Z,_Z,2021,0.01,,,,,,,,,CONS_SH.COICOP_CP02,SHARE,0.01,A,GNB_EHCVM2021_LEGACY_v1,
dataflow,WB.AFW360:AFW360_HH(0.3.0),R,A,GNB,GW05,SURVEY,CONS_SH,_Z,_Z,_T,_T,_T,_T,_T,_T,COICOP_CP03,_Z,_Z,_Z,_Z,2021,0.06,,,,,,,,,CONS_SH.COICOP_CP03,SHARE,0.01,A,GNB_EHCVM2021_LEGACY_v1,
dataflow,WB.AFW360:AFW360_HH(0.3.0),R,A,GNB,GW05,SURVEY,CONS_SH,_Z,_Z,_T,_T,_T,_T,_T,_T,COICOP_CP04,_Z,_Z,_Z,_Z,2021,0.14,,,,,,,,,CONS_SH.COICOP_CP04,SHARE,0.01,A,GNB_EHCVM2021_LEGACY_v1,
dataflow,WB.AFW360:AFW360_HH(0.3.0),R,A,GNB,GW05,SURVEY,CONS_SH,_Z,_Z,_T,_T,_T,_T,_T,_T,COICOP_CP05,_Z,_Z,_Z,_Z,2021,0.04,,,,,,,,,CONS_SH.COICOP_CP05,SHARE,0.01,A,GNB_EHCVM2021_LEGACY_v1,
dataflow,WB.AFW360:AFW360_HH(0.3.0),R,A,GNB,GW05,SURVEY,CONS_SH,_Z,_Z,_T,_T,_T,_T,_T,_T,COICOP_CP06,_Z,_Z,_Z,_Z,2021,0.05,,,,,,,,,CONS_SH.COICOP_CP06,SHARE,0.01,A,GNB_EHCVM2021_LEGACY_v1,
dataflow,WB.AFW360:AFW360_HH(0.3.0),R,A,GNB,GW05,SURVEY,CONS_SH,_Z,_Z,_T,_T,_T,_T,_T,_T,COICOP_CP07,_Z,_Z,_Z,_Z,2021,0.05,,,,,,,,,CONS_SH.COICOP_CP07,SHARE,0.01,A,GNB_EHCVM2021_LEGACY_v1,
dataflow,WB.AFW360:AFW360_HH(0.3.0),R,A,GNB,GW05,SURVEY,CONS_SH,_Z,_Z,_T,_T,_T,_T,_T,_T,COICOP_CP08,_Z,_Z,_Z,_Z,2021,0.06,,,,,,,,,CONS_SH.COICOP_CP08,SHARE,0.01,A,GNB_EHCVM2021_LEGACY_v1,
dataflow,WB.AFW360:AFW360_HH(0.3.0),R,A,GNB,GW05,SURVEY,CONS_SH,_Z,_Z,_T,_T,_T,_T,_T,_T,COICOP_CP09,_Z,_Z,_Z,_Z,2021,0,,,,,,,,,CONS_SH.COICOP_CP09,SHARE,0.01,A,GNB_EHCVM2021_LEGACY_v1,
dataflow,WB.AFW360:AFW360_HH(0.3.0),R,A,GNB,GW05,SURVEY,CONS_SH,_Z,_Z,_T,_T,_T,_T,_T,_T,COICOP_CP10,_Z,_Z,_Z,_Z,2021,0.02,,,,,,,,,CONS_SH.COICOP_CP10,SHARE,0.01,A,GNB_EHCVM2021_LEGACY_v1,
dataflow,WB.AFW360:AFW360_HH(0.3.0),R,A,GNB,GW05,SURVEY,CONS_SH,_Z,_Z,_T,_T,_T,_T,_T,_T,COICOP_CP11,_Z,_Z,_Z,_Z,2021,0.12,,,,,,,,,CONS_SH.COICOP_CP11,SHARE,0.01,A,GNB_EHCVM2021_LEGACY_v1,
dataflow,WB.AFW360:AFW360_HH(0.3.0),R,A,GNB,GW05,SURVEY,CONS_SH,_Z,_Z,_T,_T,_T,_T,_T,_T,COICOP_CP12,_Z,_Z,_Z,_Z,2021,0,,,,,,,,,CONS_SH.COICOP_CP12,SHARE,0.01,A,GNB_EHCVM2021_LEGACY_v1,
dataflow,WB.AFW360:AFW360_HH(0.3.0),R,A,GNB,GW05,SURVEY,CONS_SH,_Z,_Z,_T,_T,_T,_T,_T,_T,COICOP_CP13,_Z,_Z,_Z,_Z,2021,0.02,,,,,,,,,CONS_SH.COICOP_CP13,SHARE,0.01,A,GNB_EHCVM2021_LEGACY_v1,
dataflow,WB.AFW360:AFW360_HH(0.3.0),R,A,GNB,GW05,SURVEY,EN_ASSET_AC,_Z,_Z,_T,_T,_T,_T,_T,_T,_Z,_Z,_Z,_Z,_Z,2021,0,,,,,,,,,EN_ASSET_AC,SHARE,0.01,A,GNB_EHCVM2021_LEGACY_v1,
dataflow,WB.AFW360:AFW360_HH(0.3.0),R,A,GNB,GW05,SURVEY,EN_ASSET_COOKER,_Z,_Z,_T,_T,_T,_T,_T,_T,_Z,_Z,_Z,_Z,_Z,2021,0.01,,,,,,,,,EN_ASSET_COOKER,SHARE,0.01,A,GNB_EHCVM2021_LEGACY_v1,
dataflow,WB.AFW360:AFW360_HH(0.3.0),R,A,GNB,GW05,SURVEY,EN_ASSET_FAN,_Z,_Z,_T,_T,_T,_T,_T,_T,_Z,_Z,_Z,_Z,_Z,2021,0,,,,,,,,,EN_ASSET_FAN,SHARE,0.01,A,GNB_EHCVM2021_LEGACY_v1,
dataflow,WB.AFW360:AFW360_HH(0.3.0),R,A,GNB,GW05,SURVEY,EN_ASSET_WATER_HEATER,_Z,_Z,_T,_T,_T,_T,_T,_T,_Z,_Z,_Z,_Z,_Z,2021,0,,,,,,,,,EN_ASSET_WATER_HEATER,SHARE,0.01,A,GNB_EHCVM2021_LEGACY_v1,
dataflow,WB.AFW360:AFW360_HH(0.3.0),R,A,GNB,GW05,SURVEY,EN_COOK_BIOMASS,_Z,_Z,_T,_T,_T,_T,_T,_T,_Z,_Z,_Z,_Z,_Z,2021,0.99,,,,,,,,,EN_COOK_BIOMASS,SHARE,0.01,A,GNB_EHCVM2021_LEGACY_v1,
dataflow,WB.AFW360:AFW360_HH(0.3.0),R,A,GNB,GW05,SURVEY,EN_COOK_CLEAN,_Z,_Z,_T,_T,_T,_T,_T,_T,_Z,_Z,_Z,_Z,_Z,2021,0,,,,,,,,,EN_COOK_CLEAN,SHARE,0.01,A,GNB_EHCVM2021_LEGACY_v1,
dataflow,WB.AFW360:AFW360_HH(0.3.0),R,A,GNB,GW05,SURVEY,EN_ELEC_ACCESS,_Z,_Z,_T,_T,_T,_T,_T,_T,_Z,_Z,_Z,_Z,_Z,2021,0.05,,,,,,,,,EN_ELEC_ACCESS,SHARE,0.01,A,GNB_EHCVM2021_LEGACY_v1,
dataflow,WB.AFW360:AFW360_HH(0.3.0),R,A,GNB,GW05,SURVEY,EN_ELEC_INFORMAL,_Z,_Z,_T,_T,_T,_T,_T,_T,_Z,_Z,_Z,_Z,_Z,2021,0,,,,,,,,,EN_ELEC_INFORMAL,SHARE,0.01,A,GNB_EHCVM2021_LEGACY_v1,
dataflow,WB.AFW360:AFW360_HH(0.3.0),R,A,GNB,GW05,SURVEY,EN_ELEC_SPEND,_Z,_Z,_T,_T,_T,_T,_T,_T,_Z,_Z,_Z,_Z,_Z,2021,21387.1,,,,,,,,,EN_ELEC_SPEND,XOF,0.01,A,GNB_EHCVM2021_LEGACY_v1,
dataflow,WB.AFW360:AFW360_HH(0.3.0),R,A,GNB,GW05,SURVEY,EN_GRID_CONN,_Z,_Z,_T,_T,_T,_T,_T,_T,_Z,_Z,_Z,_Z,_Z,2021,0.05,,,,,,,,,EN_GRID_CONN,SHARE,0.01,A,GNB_EHCVM2021_LEGACY_v1,
dataflow,WB.AFW360:AFW360_HH(0.3.0),R,A,GNB,GW05,SURVEY,EN_GRID_USE,_Z,_Z,_T,_T,_T,_T,_T,_T,_Z,_Z,_Z,_Z,_Z,2021,0.05,,,,,,,,,EN_GRID_USE,SHARE,0.01,A,GNB_EHCVM2021_LEGACY_v1,
dataflow,WB.AFW360:AFW360_HH(0.3.0),R,A,GNB,GW05,SURVEY,EN_LIGHT_IMPROVED,_Z,_Z,_T,_T,_T,_T,_T,_T,_Z,_Z,_Z,_Z,_Z,2021,0.07,,,,,,,,,EN_LIGHT_IMPROVED,SHARE,0.01,A,GNB_EHCVM2021_LEGACY_v1,
dataflow,WB.AFW360:AFW360_HH(0.3.0),R,A,GNB,GW05,SURVEY,EN_OFFGRID_USE,_Z,_Z,_T,_T,_T,_T,_T,_T,_Z,_Z,_Z,_Z,_Z,2021,0.7,,,,,,,,,EN_OFFGRID_USE,SHARE,0.01,A,GNB_EHCVM2021_LEGACY_v1,
dataflow,WB.AFW360:AFW360_HH(0.3.0),R,A,GNB,GW05,SURVEY,EN_OUTAGE_ANY,_Z,_Z,_T,_T,_T,_T,_T,_T,_Z,_Z,_Z,_Z,_Z,2021,0.07,,,,,,,,,EN_OUTAGE_ANY,SHARE,0.01,A,GNB_EHCVM2021_LEGACY_v1,
dataflow,WB.AFW360:AFW360_HH(0.3.0),R,A,GNB,GW05,SURVEY,EN_OUTAGE_DAYS,_Z,_Z,_T,_T,_T,_T,_T,_T,_Z,_Z,_Z,_Z,_Z,2021,2,,,,,,,,,EN_OUTAGE_DAYS,DAY,0.01,A,GNB_EHCVM2021_LEGACY_v1,
dataflow,WB.AFW360:AFW360_HH(0.3.0),R,A,GNB,GW05,SURVEY,EN_OUTAGE_DUR_CODE,_Z,_Z,_T,_T,_T,_T,_T,_T,_Z,_Z,_Z,_Z,_Z,2021,NaN,,,,,,,,,EN_OUTAGE_DUR_CODE,INDEX,0.01,O,GNB_EHCVM2021_LEGACY_v1,"LEGACY_EMPTY: empty cell in sheet 'ADM 1', column 'estimateGabú'"
dataflow,WB.AFW360:AFW360_HH(0.3.0),R,A,GNB,GW05,SURVEY,EN_PREPAID_METER,_Z,_Z,_T,_T,_T,_T,_T,_T,_Z,_Z,_Z,_Z,_Z,2021,0.19,,,,,,,,,EN_PREPAID_METER,SHARE,0.01,A,GNB_EHCVM2021_LEGACY_v1,
dataflow,WB.AFW360:AFW360_HH(0.3.0),R,A,GNB,GW05,SURVEY,HE_ACCOUNTS,_Z,_Z,_T,_T,_T,_T,_T,_T,_Z,_Z,_Z,_Z,_Z,2021,0.12,,,,,,,,,HE_ACCOUNTS,SHARE,0.01,A,GNB_EHCVM2021_LEGACY_v1,
dataflow,WB.AFW360:AFW360_HH(0.3.0),R,A,GNB,GW05,SURVEY,HE_AGE,_Z,_Z,_T,_T,_T,_T,_T,_T,_Z,_Z,_Z,_Z,_Z,2021,4.56,,,,,,,,,HE_AGE,YEAR,0.01,A,GNB_EHCVM2021_LEGACY_v1,
dataflow,WB.AFW360:AFW360_HH(0.3.0),R,A,GNB,GW05,SURVEY,HE_BUY_FIRMS,_Z,_Z,_T,_T,_T,_T,_T,_T,_Z,_Z,_Z,_Z,_Z,2021,0.24,,,,,,,,,HE_BUY_FIRMS,SHARE,0.01,A,GNB_EHCVM2021_LEGACY_v1,
dataflow,WB.AFW360:AFW360_HH(0.3.0),R,A,GNB,GW05,SURVEY,HE_CAPITAL,_Z,_Z,_T,_T,_T,_T,_T,_T,_Z,_Z,_Z,_Z,_Z,2021,29886.95,,,,,,,,,HE_CAPITAL,XOF,0.01,A,GNB_EHCVM2021_LEGACY_v1,
dataflow,WB.AFW360:AFW360_HH(0.3.0),R,A,GNB,GW05,SURVEY,HE_COSTS,_Z,_Z,_T,_T,_T,_T,_T,_T,_Z,_Z,_Z,_Z,_Z,2021,2952.83,,,,,,,,,HE_COSTS,XOF,0.01,A,GNB_EHCVM2021_LEGACY_v1,
dataflow,WB.AFW360:AFW360_HH(0.3.0),R,A,GNB,GW05,SURVEY,HE_CREDIT_ANY,_Z,_Z,_T,_T,_T,_T,_T,_T,_Z,_Z,_Z,_Z,_Z,2021,0.29,,,,,,,,,HE_CREDIT_ANY,SHARE,0.01,A,GNB_EHCVM2021_LEGACY_v1,
dataflow,WB.AFW360:AFW360_HH(0.3.0),R,A,GNB,GW05,SURVEY,HE_CREDIT_FORMAL,_Z,_Z,_T,_T,_T,_T,_T,_T,_Z,_Z,_Z,_Z,_Z,2021,0,,,,,,,,,HE_CREDIT_FORMAL,SHARE,0.01,A,GNB_EHCVM2021_LEGACY_v1,
dataflow,WB.AFW360:AFW360_HH(0.3.0),R,A,GNB,GW05,SURVEY,HE_CREDIT_INFORMAL,_Z,_Z,_T,_T,_T,_T,_T,_T,_Z,_Z,_Z,_Z,_Z,2021,0.29,,,,,,,,,HE_CREDIT_INFORMAL,SHARE,0.01,A,GNB_EHCVM2021_LEGACY_v1,
dataflow,WB.AFW360:AFW360_HH(0.3.0),R,A,GNB,GW05,SURVEY,HE_ELEC,_Z,_Z,_T,_T,_T,_T,_T,_T,_Z,_Z,_Z,_Z,_Z,2021,1,,,,,,,,,HE_ELEC,SHARE,0.01,A,GNB_EHCVM2021_LEGACY_v1,
dataflow,WB.AFW360:AFW360_HH(0.3.0),R,A,GNB,GW05,SURVEY,HE_EMP_EXT_ANY,_Z,_Z,_T,_T,_T,_T,_T,_T,_Z,_Z,_Z,_Z,_Z,2021,1,,,,,,,,,HE_EMP_EXT_ANY,SHARE,0.01,A,GNB_EHCVM2021_LEGACY_v1,LEGACY_SUSPECT: Implausible: share 1.00 while mean non-HH employees is 0.48.
dataflow,WB.AFW360:AFW360_HH(0.3.0),R,A,GNB,GW05,SURVEY,HE_EMP_HH_NUM,_Z,_Z,_T,_T,_T,_T,_T,_T,_Z,_Z,_Z,_Z,_Z,2021,0,,,,,,,,,HE_EMP_HH_NUM,PERSON,0.01,A,GNB_EHCVM2021_LEGACY_v1,
dataflow,WB.AFW360:AFW360_HH(0.3.0),R,A,GNB,GW05,SURVEY,HE_EMP_NONHH_NUM,_Z,_Z,_T,_T,_T,_T,_T,_T,_Z,_Z,_Z,_Z,_Z,2021,0.57,,,,,,,,,HE_EMP_NONHH_NUM,PERSON,0.01,A,GNB_EHCVM2021_LEGACY_v1,
dataflow,WB.AFW360:AFW360_HH(0.3.0),R,A,GNB,GW05,SURVEY,HE_EMP_NUM,_Z,_Z,_T,_T,_T,_T,_T,_T,_Z,_Z,_Z,_Z,_Z,2021,0,,,,,,,,,HE_EMP_NUM,PERSON,0.01,A,GNB_EHCVM2021_LEGACY_v1,
dataflow,WB.AFW360:AFW360_HH(0.3.0),R,A,GNB,GW05,SURVEY,HE_HH_OWNER,_Z,_Z,_T,_T,_T,_T,_T,_T,_Z,_Z,_Z,_Z,_Z,2021,0.34,,,,,,,,,HE_HH_OWNER,SHARE,0.01,A,GNB_EHCVM2021_LEGACY_v1,
dataflow,WB.AFW360:AFW360_HH(0.3.0),R,A,GNB,GW05,SURVEY,HE_HOME_BASED,_Z,_Z,_T,_T,_T,_T,_T,_T,_Z,_Z,_Z,_Z,_Z,2021,0.43,,,,,,,,,HE_HOME_BASED,SHARE,0.01,A,GNB_EHCVM2021_LEGACY_v1,
dataflow,WB.AFW360:AFW360_HH(0.3.0),R,A,GNB,GW05,SURVEY,HE_PHONE,_Z,_Z,_T,_T,_T,_T,_T,_T,_Z,_Z,_Z,_Z,_Z,2021,1,,,,,,,,,HE_PHONE,SHARE,0.01,A,GNB_EHCVM2021_LEGACY_v1,
dataflow,WB.AFW360:AFW360_HH(0.3.0),R,A,GNB,GW05,SURVEY,HE_PREMISES_FORMAL,_Z,_Z,_T,_T,_T,_T,_T,_T,_Z,_Z,_Z,_Z,_Z,2021,0.04,,,,,,,,,HE_PREMISES_FORMAL,SHARE,0.01,A,GNB_EHCVM2021_LEGACY_v1,
dataflow,WB.AFW360:AFW360_HH(0.3.0),R,A,GNB,GW05,SURVEY,HE_PROFIT,_Z,_Z,_T,_T,_T,_T,_T,_T,_Z,_Z,_Z,_Z,_Z,2021,3714.32,,,,,,,,,HE_PROFIT,XOF,0.01,A,GNB_EHCVM2021_LEGACY_v1,
dataflow,WB.AFW360:AFW360_HH(0.3.0),R,A,GNB,GW05,SURVEY,HE_RENT,_Z,_Z,_T,_T,_T,_T,_T,_T,_Z,_Z,_Z,_Z,_Z,2021,1,,,,,,,,,HE_RENT,SHARE,0.01,A,GNB_EHCVM2021_LEGACY_v1,
dataflow,WB.AFW360:AFW360_HH(0.3.0),R,A,GNB,GW05,SURVEY,HE_REV_PER_WORKER,_Z,_Z,_T,_T,_T,_T,_T,_T,_Z,_Z,_Z,_Z,_Z,2021,NaN,,,,,,,,,HE_REV_PER_WORKER,XOF,0.01,O,GNB_EHCVM2021_LEGACY_v1,"LEGACY_EMPTY: empty cell in sheet 'ADM 1', column 'estimateGabú'"
dataflow,WB.AFW360:AFW360_HH(0.3.0),R,A,GNB,GW05,SURVEY,HE_SELL_FIRMS,_Z,_Z,_T,_T,_T,_T,_T,_T,_Z,_Z,_Z,_Z,_Z,2021,0.05,,,,,,,,,HE_SELL_FIRMS,SHARE,0.01,A,GNB_EHCVM2021_LEGACY_v1,
dataflow,WB.AFW360:AFW360_HH(0.3.0),R,A,GNB,GW05,SURVEY,HE_TAX_ID,_Z,_Z,_T,_T,_T,_T,_T,_T,_Z,_Z,_Z,_Z,_Z,2021,0.06,,,,,,,,,HE_TAX_ID,SHARE,0.01,A,GNB_EHCVM2021_LEGACY_v1,
dataflow,WB.AFW360:AFW360_HH(0.3.0),R,A,GNB,GW05,SURVEY,HE_WATER,_Z,_Z,_T,_T,_T,_T,_T,_T,_Z,_Z,_Z,_Z,_Z,2021,0.57,,,,,,,,,HE_WATER,SHARE,0.01,A,GNB_EHCVM2021_LEGACY_v1,
dataflow,WB.AFW360:AFW360_HH(0.3.0),R,A,GNB,GW05,SURVEY,HOUS_FLOOR_DURABLE,_Z,_Z,_T,_T,_T,_T,_T,_T,_Z,_Z,_Z,_Z,_Z,2021,0.5,,,,,,,,,HOUS_FLOOR_DURABLE,SHARE,0.01,A,GNB_EHCVM2021_LEGACY_v1,
dataflow,WB.AFW360:AFW360_HH(0.3.0),R,A,GNB,GW05,SURVEY,HOUS_ROOF_DURABLE,_Z,_Z,_T,_T,_T,_T,_T,_T,_Z,_Z,_Z,_Z,_Z,2021,0.93,,,,,,,,,HOUS_ROOF_DURABLE,SHARE,0.01,A,GNB_EHCVM2021_LEGACY_v1,
dataflow,WB.AFW360:AFW360_HH(0.3.0),R,A,GNB,GW05,SURVEY,HOUS_SANIT_IMPROVED,_Z,_Z,_T,_T,_T,_T,_T,_T,_Z,_Z,_Z,_Z,_Z,2021,0.15,,,,,,,,,HOUS_SANIT_IMPROVED,SHARE,0.01,A,GNB_EHCVM2021_LEGACY_v1,
dataflow,WB.AFW360:AFW360_HH(0.3.0),R,A,GNB,GW05,SURVEY,HOUS_WALL_DURABLE,_Z,_Z,_T,_T,_T,_T,_T,_T,_Z,_Z,_Z,_Z,_Z,2021,0.42,,,,,,,,,HOUS_WALL_DURABLE,SHARE,0.01,A,GNB_EHCVM2021_LEGACY_v1,
dataflow,WB.AFW360:AFW360_HH(0.3.0),R,A,GNB,GW05,SURVEY,HOUS_WATER_SAFE_DRY,_Z,_Z,_T,_T,_T,_T,_T,_T,_Z,_Z,_Z,_Z,_Z,2021,0.78,,,,,,,,,HOUS_WATER_SAFE_DRY,SHARE,0.01,A,GNB_EHCVM2021_LEGACY_v1,
dataflow,WB.AFW360:AFW360_HH(0.3.0),R,A,GNB,GW05,SURVEY,POP_HE_SH,_Z,_Z,_T,HEO_MSTAT_MARRIED,_T,_T,_T,_T,_Z,_Z,_Z,_Z,_Z,2021,0.61,,,,,,,,,POP_HE_SH.HEO_MSTAT_MARRIED,SHARE,0.01,A,GNB_EHCVM2021_LEGACY_v1,
dataflow,WB.AFW360:AFW360_HH(0.3.0),R,A,GNB,GW05,SURVEY,POP_HE_SH,_Z,_Z,_T,HEO_SEX_F,_T,_T,_T,_T,_Z,_Z,_Z,_Z,_Z,2021,0.62,,,,,,,,,POP_HE_SH.HEO_SEX_F,SHARE,0.01,A,GNB_EHCVM2021_LEGACY_v1,
dataflow,WB.AFW360:AFW360_HH(0.3.0),R,A,GNB,GW05,SURVEY,POP_HH_SH,_Z,_Z,_T,HE_COUNT_0,_T,_T,_T,_T,_Z,_Z,_Z,_Z,_Z,2021,0.51,,,,,,,,,POP_HH_SH.HE_COUNT_0,SHARE,0.01,A,GNB_EHCVM2021_LEGACY_v1,
dataflow,WB.AFW360:AFW360_HH(0.3.0),R,A,GNB,GW05,SURVEY,POP_HH_SH,_Z,_Z,_T,HE_COUNT_1,_T,_T,_T,_T,_Z,_Z,_Z,_Z,_Z,2021,0.38,,,,,,,,,POP_HH_SH.HE_COUNT_1,SHARE,0.01,A,GNB_EHCVM2021_LEGACY_v1,
dataflow,WB.AFW360:AFW360_HH(0.3.0),R,A,GNB,GW05,SURVEY,POP_HH_SH,_Z,_Z,_T,HE_COUNT_2,_T,_T,_T,_T,_Z,_Z,_Z,_Z,_Z,2021,0.1,,,,,,,,,POP_HH_SH.HE_COUNT_2,SHARE,0.01,A,GNB_EHCVM2021_LEGACY_v1,
dataflow,WB.AFW360:AFW360_HH(0.3.0),R,A,GNB,GW05,SURVEY,POP_HH_SH,_Z,_Z,_T,HE_COUNT_3,_T,_T,_T,_T,_Z,_Z,_Z,_Z,_Z,2021,0.01,,,,,,,,,POP_HH_SH.HE_COUNT_3,SHARE,0.01,A,GNB_EHCVM2021_LEGACY_v1,
dataflow,WB.AFW360:AFW360_HH(0.3.0),R,A,GNB,GW05,SURVEY,POP_HH_SH,_Z,_Z,_T,HE_COUNT_4P,_T,_T,_T,_T,_Z,_Z,_Z,_Z,_Z,2021,0,,,,,,,,,POP_HH_SH.HE_COUNT_4P,SHARE,0.01,A,GNB_EHCVM2021_LEGACY_v1,
dataflow,WB.AFW360:AFW360_HH(0.3.0),R,A,GNB,GW05,SURVEY,POP_SH,_T,_T,_T,EMP_FORMAL_N,_T,_T,_T,_T,_Z,_Z,_Z,_Z,_Z,2021,0.84,,,,,,,,,POP_SH.EMP_FORMAL_N,SHARE,0.01,A,GNB_EHCVM2021_LEGACY_v1,
dataflow,WB.AFW360:AFW360_HH(0.3.0),R,A,GNB,GW05,SURVEY,POP_SH,_T,_T,_T,EMP_ISIC_G,_T,_T,_T,_T,_Z,_Z,_Z,_Z,_Z,2021,0.1,,,,,,,,,POP_SH.EMP_ISIC_G,SHARE,0.01,A,GNB_EHCVM2021_LEGACY_v1,
dataflow,WB.AFW360:AFW360_HH(0.3.0),R,A,GNB,GW05,SURVEY,POP_SH,_T,_T,_T,EMP_ISIC_H,_T,_T,_T,_T,_Z,_Z,_Z,_Z,_Z,2021,0.02,,,,,,,,,POP_SH.EMP_ISIC_H,SHARE,0.01,A,GNB_EHCVM2021_LEGACY_v1,
dataflow,WB.AFW360:AFW360_HH(0.3.0),R,A,GNB,GW05,SURVEY,POP_SH,_T,_T,_T,EMP_SECTOR_AGR,_T,_T,_T,_T,_Z,_Z,_Z,_Z,_Z,2021,0.78,,,,,,,,,POP_SH.EMP_SECTOR_AGR,SHARE,0.01,A,GNB_EHCVM2021_LEGACY_v1,
dataflow,WB.AFW360:AFW360_HH(0.3.0),R,A,GNB,GW05,SURVEY,POP_SH,_T,_T,_T,EMP_SECTOR_IND,_T,_T,_T,_T,_Z,_Z,_Z,_Z,_Z,2021,0.06,,,,,,,,,POP_SH.EMP_SECTOR_IND,SHARE,0.01,A,GNB_EHCVM2021_LEGACY_v1,
dataflow,WB.AFW360:AFW360_HH(0.3.0),R,A,GNB,GW05,SURVEY,POP_SH,_T,_T,_T,EMP_SECTOR_SER,_T,_T,_T,_T,_Z,_Z,_Z,_Z,_Z,2021,0.16,,,,,,,,,POP_SH.EMP_SECTOR_SER,SHARE,0.01,A,GNB_EHCVM2021_LEGACY_v1,
dataflow,WB.AFW360:AFW360_HH(0.3.0),R,A,GNB,GW05,SURVEY,POP_SH,_T,_T,_T,EMP_STATUS_EMPLOYED,_T,_T,_T,_T,_Z,_Z,_Z,_Z,_Z,2021,0.75,,,,,,,,,POP_SH.EMP_STATUS_EMPLOYED,SHARE,0.01,A,GNB_EHCVM2021_LEGACY_v1,
dataflow,WB.AFW360:AFW360_HH(0.3.0),R,A,GNB,GW05,SURVEY,POP_SH,_T,_T,_T,EMP_TYPE_NONWAGE,_T,_T,_T,_T,_Z,_Z,_Z,_Z,_Z,2021,0.86,,,,,,,,,POP_SH.EMP_TYPE_NONWAGE,SHARE,0.01,A,GNB_EHCVM2021_LEGACY_v1,
dataflow,WB.AFW360:AFW360_HH(0.3.0),R,A,GNB,GW05,SURVEY,POP_SH,_T,_T,_T,EMP_TYPE_WAGE,_T,_T,_T,_T,_Z,_Z,_Z,_Z,_Z,2021,0.14,,,,,,,,,POP_SH.EMP_TYPE_WAGE,SHARE,0.01,A,GNB_EHCVM2021_LEGACY_v1,
dataflow,WB.AFW360:AFW360_HH(0.3.0),R,A,GNB,GW05,SURVEY,POV_HC,_T,_T,_T,_T,_T,_T,_T,_T,POVLINE_PL300,PPP_2021,_Z,_Z,_Z,2021,0.59,,,,,,,,,POV_HC.POVLINE_PL300.PPP_2021,SHARE,0.01,A,GNB_EHCVM2021_LEGACY_v1,
dataflow,WB.AFW360:AFW360_HH(0.3.0),R,A,GNB,GW05,SURVEY,POV_HC,_T,_T,_T,_T,_T,_T,_T,_T,POVLINE_PL420,PPP_2021,_Z,_Z,_Z,2021,0.79,,,,,,,,,POV_HC.POVLINE_PL420.PPP_2021,SHARE,0.01,A,GNB_EHCVM2021_LEGACY_v1,
dataflow,WB.AFW360:AFW360_HH(0.3.0),R,A,GNB,GW05,SURVEY,POV_NUM,_T,_T,_T,_T,_T,_T,_T,_T,POVLINE_PL300,PPP_2021,_Z,_Z,_Z,2021,130000,,,,,,,,,POV_NUM.POVLINE_PL300.PPP_2021,PERSON,10000,A,GNB_EHCVM2021_LEGACY_v1,
dataflow,WB.AFW360:AFW360_HH(0.3.0),R,A,GNB,GW05,SURVEY,POV_NUM,_T,_T,_T,_T,_T,_T,_T,_T,POVLINE_PL420,PPP_2021,_Z,_Z,_Z,2021,180000,,,,,,,,,POV_NUM.POVLINE_PL420.PPP_2021,PERSON,10000,A,GNB_EHCVM2021_LEGACY_v1,
dataflow,WB.AFW360:AFW360_HH(0.3.0),R,A,GNB,GW05,SURVEY,SHK_ANY,_Z,_Z,_T,_T,_T,_T,_T,_T,_Z,_Z,_Z,_Z,_Z,2021,0.92,,,,,,,,,SHK_ANY,SHARE,0.01,A,GNB_EHCVM2021_LEGACY_v1,
dataflow,WB.AFW360:AFW360_HH(0.3.0),R,A,GNB,GW05,SURVEY,SHK_COV_CONFLICT,_Z,_Z,_T,_T,_T,_T,_T,_T,_Z,_Z,_Z,_Z,_Z,2021,0.08,,,,,,,,,SHK_COV_CONFLICT,SHARE,0.01,A,GNB_EHCVM2021_LEGACY_v1,
dataflow,WB.AFW360:AFW360_HH(0.3.0),R,A,GNB,GW05,SURVEY,SHK_COV_ECON,_Z,_Z,_T,_T,_T,_T,_T,_T,_Z,_Z,_Z,_Z,_Z,2021,0.71,,,,,,,,,SHK_COV_ECON,SHARE,0.01,A,GNB_EHCVM2021_LEGACY_v1,
dataflow,WB.AFW360:AFW360_HH(0.3.0),R,A,GNB,GW05,SURVEY,SHK_COV_NATURAL,_Z,_Z,_T,_T,_T,_T,_T,_T,_Z,_Z,_Z,_Z,_Z,2021,0.5,,,,,,,,,SHK_COV_NATURAL,SHARE,0.01,A,GNB_EHCVM2021_LEGACY_v1,
dataflow,WB.AFW360:AFW360_HH(0.3.0),R,A,GNB,GW05,SURVEY,SHK_IDIO_ECON,_Z,_Z,_T,_T,_T,_T,_T,_T,_Z,_Z,_Z,_Z,_Z,2021,0.29,,,,,,,,,SHK_IDIO_ECON,SHARE,0.01,A,GNB_EHCVM2021_LEGACY_v1,
dataflow,WB.AFW360:AFW360_HH(0.3.0),R,A,GNB,GW05,SURVEY,SP_HEALTH_COV,_T,_T,_T,_T,_T,_T,_T,_T,_Z,_Z,_Z,_Z,_Z,2021,0,,,,,,,,,SP_HEALTH_COV,SHARE,0.01,A,GNB_EHCVM2021_LEGACY_v1,
dataflow,WB.AFW360:AFW360_HH(0.3.0),R,A,GNB,GW05,SURVEY,SP_HEALTH_COV_HH,_Z,_Z,_T,_T,_T,_T,_T,_T,_Z,_Z,_Z,_Z,_Z,2021,0,,,,,,,,,SP_HEALTH_COV_HH,SHARE,0.01,A,GNB_EHCVM2021_LEGACY_v1,
dataflow,WB.AFW360:AFW360_HH(0.3.0),R,A,GNB,GW06,SURVEY,AGR_CULTIVATES,_Z,_Z,_T,_T,_T,_T,_T,_T,_Z,_Z,_Z,_Z,_Z,2021,0.91,,,,,,,,,AGR_CULTIVATES,SHARE,0.01,A,GNB_EHCVM2021_LEGACY_v1,
dataflow,WB.AFW360:AFW360_HH(0.3.0),R,A,GNB,GW06,SURVEY,AGR_CULT_AREA,_Z,_Z,_T,_T,_T,_T,_T,_T,_Z,_Z,_Z,_Z,_Z,2021,2.82,,,,,,,,,AGR_CULT_AREA,HA,0.01,A,GNB_EHCVM2021_LEGACY_v1,
dataflow,WB.AFW360:AFW360_HH(0.3.0),R,A,GNB,GW06,SURVEY,AGR_LIVESTOCK_ANY,_Z,_Z,_T,_T,_T,_T,_T,_T,_Z,_Z,_Z,_Z,_Z,2021,0.84,,,,,,,,,AGR_LIVESTOCK_ANY,SHARE,0.01,A,GNB_EHCVM2021_LEGACY_v1,
dataflow,WB.AFW360:AFW360_HH(0.3.0),R,A,GNB,GW06,SURVEY,AGR_TLU,_Z,_Z,_T,_T,_T,_T,_T,_T,_Z,_Z,_Z,_Z,_Z,2021,3.55,,,,,,,,,AGR_TLU,TLU,0.01,A,GNB_EHCVM2021_LEGACY_v1,
dataflow,WB.AFW360:AFW360_HH(0.3.0),R,A,GNB,GW06,SURVEY,CONS_SH,_Z,_Z,_T,_T,_T,_T,_T,_T,COICOP_CP01,ACQ_OWNPROD,_Z,_Z,_Z,2021,0.13,,,,,,,,,CONS_SH.COICOP_CP01.ACQ_OWNPROD,SHARE,0.01,A,GNB_EHCVM2021_LEGACY_v1,
dataflow,WB.AFW360:AFW360_HH(0.3.0),R,A,GNB,GW06,SURVEY,CONS_SH,_Z,_Z,_T,_T,_T,_T,_T,_T,COICOP_CP01,ACQ_PURCH,_Z,_Z,_Z,2021,0.26,,,,,,,,,CONS_SH.COICOP_CP01.ACQ_PURCH,SHARE,0.01,A,GNB_EHCVM2021_LEGACY_v1,
dataflow,WB.AFW360:AFW360_HH(0.3.0),R,A,GNB,GW06,SURVEY,CONS_SH,_Z,_Z,_T,_T,_T,_T,_T,_T,COICOP_CP01,_Z,_Z,_Z,_Z,2021,0.43,,,,,,,,,CONS_SH.COICOP_CP01,SHARE,0.01,A,GNB_EHCVM2021_LEGACY_v1,
dataflow,WB.AFW360:AFW360_HH(0.3.0),R,A,GNB,GW06,SURVEY,CONS_SH,_Z,_Z,_T,_T,_T,_T,_T,_T,COICOP_CP02,_Z,_Z,_Z,_Z,2021,0.01,,,,,,,,,CONS_SH.COICOP_CP02,SHARE,0.01,A,GNB_EHCVM2021_LEGACY_v1,
dataflow,WB.AFW360:AFW360_HH(0.3.0),R,A,GNB,GW06,SURVEY,CONS_SH,_Z,_Z,_T,_T,_T,_T,_T,_T,COICOP_CP03,_Z,_Z,_Z,_Z,2021,0.06,,,,,,,,,CONS_SH.COICOP_CP03,SHARE,0.01,A,GNB_EHCVM2021_LEGACY_v1,
dataflow,WB.AFW360:AFW360_HH(0.3.0),R,A,GNB,GW06,SURVEY,CONS_SH,_Z,_Z,_T,_T,_T,_T,_T,_T,COICOP_CP04,_Z,_Z,_Z,_Z,2021,0.14,,,,,,,,,CONS_SH.COICOP_CP04,SHARE,0.01,A,GNB_EHCVM2021_LEGACY_v1,
dataflow,WB.AFW360:AFW360_HH(0.3.0),R,A,GNB,GW06,SURVEY,CONS_SH,_Z,_Z,_T,_T,_T,_T,_T,_T,COICOP_CP05,_Z,_Z,_Z,_Z,2021,0.05,,,,,,,,,CONS_SH.COICOP_CP05,SHARE,0.01,A,GNB_EHCVM2021_LEGACY_v1,
dataflow,WB.AFW360:AFW360_HH(0.3.0),R,A,GNB,GW06,SURVEY,CONS_SH,_Z,_Z,_T,_T,_T,_T,_T,_T,COICOP_CP06,_Z,_Z,_Z,_Z,2021,0.04,,,,,,,,,CONS_SH.COICOP_CP06,SHARE,0.01,A,GNB_EHCVM2021_LEGACY_v1,
dataflow,WB.AFW360:AFW360_HH(0.3.0),R,A,GNB,GW06,SURVEY,CONS_SH,_Z,_Z,_T,_T,_T,_T,_T,_T,COICOP_CP07,_Z,_Z,_Z,_Z,2021,0.04,,,,,,,,,CONS_SH.COICOP_CP07,SHARE,0.01,A,GNB_EHCVM2021_LEGACY_v1,
dataflow,WB.AFW360:AFW360_HH(0.3.0),R,A,GNB,GW06,SURVEY,CONS_SH,_Z,_Z,_T,_T,_T,_T,_T,_T,COICOP_CP08,_Z,_Z,_Z,_Z,2021,0.08,,,,,,,,,CONS_SH.COICOP_CP08,SHARE,0.01,A,GNB_EHCVM2021_LEGACY_v1,
dataflow,WB.AFW360:AFW360_HH(0.3.0),R,A,GNB,GW06,SURVEY,CONS_SH,_Z,_Z,_T,_T,_T,_T,_T,_T,COICOP_CP09,_Z,_Z,_Z,_Z,2021,0,,,,,,,,,CONS_SH.COICOP_CP09,SHARE,0.01,A,GNB_EHCVM2021_LEGACY_v1,
dataflow,WB.AFW360:AFW360_HH(0.3.0),R,A,GNB,GW06,SURVEY,CONS_SH,_Z,_Z,_T,_T,_T,_T,_T,_T,COICOP_CP10,_Z,_Z,_Z,_Z,2021,0.02,,,,,,,,,CONS_SH.COICOP_CP10,SHARE,0.01,A,GNB_EHCVM2021_LEGACY_v1,
dataflow,WB.AFW360:AFW360_HH(0.3.0),R,A,GNB,GW06,SURVEY,CONS_SH,_Z,_Z,_T,_T,_T,_T,_T,_T,COICOP_CP11,_Z,_Z,_Z,_Z,2021,0.12,,,,,,,,,CONS_SH.COICOP_CP11,SHARE,0.01,A,GNB_EHCVM2021_LEGACY_v1,
dataflow,WB.AFW360:AFW360_HH(0.3.0),R,A,GNB,GW06,SURVEY,CONS_SH,_Z,_Z,_T,_T,_T,_T,_T,_T,COICOP_CP12,_Z,_Z,_Z,_Z,2021,0,,,,,,,,,CONS_SH.COICOP_CP12,SHARE,0.01,A,GNB_EHCVM2021_LEGACY_v1,
dataflow,WB.AFW360:AFW360_HH(0.3.0),R,A,GNB,GW06,SURVEY,CONS_SH,_Z,_Z,_T,_T,_T,_T,_T,_T,COICOP_CP13,_Z,_Z,_Z,_Z,2021,0.01,,,,,,,,,CONS_SH.COICOP_CP13,SHARE,0.01,A,GNB_EHCVM2021_LEGACY_v1,
dataflow,WB.AFW360:AFW360_HH(0.3.0),R,A,GNB,GW06,SURVEY,EN_ASSET_AC,_Z,_Z,_T,_T,_T,_T,_T,_T,_Z,_Z,_Z,_Z,_Z,2021,0,,,,,,,,,EN_ASSET_AC,SHARE,0.01,A,GNB_EHCVM2021_LEGACY_v1,
dataflow,WB.AFW360:AFW360_HH(0.3.0),R,A,GNB,GW06,SURVEY,EN_ASSET_COOKER,_Z,_Z,_T,_T,_T,_T,_T,_T,_Z,_Z,_Z,_Z,_Z,2021,0.01,,,,,,,,,EN_ASSET_COOKER,SHARE,0.01,A,GNB_EHCVM2021_LEGACY_v1,
dataflow,WB.AFW360:AFW360_HH(0.3.0),R,A,GNB,GW06,SURVEY,EN_ASSET_FAN,_Z,_Z,_T,_T,_T,_T,_T,_T,_Z,_Z,_Z,_Z,_Z,2021,0,,,,,,,,,EN_ASSET_FAN,SHARE,0.01,A,GNB_EHCVM2021_LEGACY_v1,
dataflow,WB.AFW360:AFW360_HH(0.3.0),R,A,GNB,GW06,SURVEY,EN_ASSET_WATER_HEATER,_Z,_Z,_T,_T,_T,_T,_T,_T,_Z,_Z,_Z,_Z,_Z,2021,0,,,,,,,,,EN_ASSET_WATER_HEATER,SHARE,0.01,A,GNB_EHCVM2021_LEGACY_v1,
dataflow,WB.AFW360:AFW360_HH(0.3.0),R,A,GNB,GW06,SURVEY,EN_COOK_BIOMASS,_Z,_Z,_T,_T,_T,_T,_T,_T,_Z,_Z,_Z,_Z,_Z,2021,1,,,,,,,,,EN_COOK_BIOMASS,SHARE,0.01,A,GNB_EHCVM2021_LEGACY_v1,
dataflow,WB.AFW360:AFW360_HH(0.3.0),R,A,GNB,GW06,SURVEY,EN_COOK_CLEAN,_Z,_Z,_T,_T,_T,_T,_T,_T,_Z,_Z,_Z,_Z,_Z,2021,0,,,,,,,,,EN_COOK_CLEAN,SHARE,0.01,A,GNB_EHCVM2021_LEGACY_v1,
dataflow,WB.AFW360:AFW360_HH(0.3.0),R,A,GNB,GW06,SURVEY,EN_ELEC_ACCESS,_Z,_Z,_T,_T,_T,_T,_T,_T,_Z,_Z,_Z,_Z,_Z,2021,0.03,,,,,,,,,EN_ELEC_ACCESS,SHARE,0.01,A,GNB_EHCVM2021_LEGACY_v1,
dataflow,WB.AFW360:AFW360_HH(0.3.0),R,A,GNB,GW06,SURVEY,EN_ELEC_INFORMAL,_Z,_Z,_T,_T,_T,_T,_T,_T,_Z,_Z,_Z,_Z,_Z,2021,0.03,,,,,,,,,EN_ELEC_INFORMAL,SHARE,0.01,A,GNB_EHCVM2021_LEGACY_v1,
dataflow,WB.AFW360:AFW360_HH(0.3.0),R,A,GNB,GW06,SURVEY,EN_ELEC_SPEND,_Z,_Z,_T,_T,_T,_T,_T,_T,_Z,_Z,_Z,_Z,_Z,2021,4673.13,,,,,,,,,EN_ELEC_SPEND,XOF,0.01,A,GNB_EHCVM2021_LEGACY_v1,
dataflow,WB.AFW360:AFW360_HH(0.3.0),R,A,GNB,GW06,SURVEY,EN_GRID_CONN,_Z,_Z,_T,_T,_T,_T,_T,_T,_Z,_Z,_Z,_Z,_Z,2021,0.03,,,,,,,,,EN_GRID_CONN,SHARE,0.01,A,GNB_EHCVM2021_LEGACY_v1,
dataflow,WB.AFW360:AFW360_HH(0.3.0),R,A,GNB,GW06,SURVEY,EN_GRID_USE,_Z,_Z,_T,_T,_T,_T,_T,_T,_Z,_Z,_Z,_Z,_Z,2021,0.04,,,,,,,,,EN_GRID_USE,SHARE,0.01,A,GNB_EHCVM2021_LEGACY_v1,
dataflow,WB.AFW360:AFW360_HH(0.3.0),R,A,GNB,GW06,SURVEY,EN_LIGHT_IMPROVED,_Z,_Z,_T,_T,_T,_T,_T,_T,_Z,_Z,_Z,_Z,_Z,2021,0.06,,,,,,,,,EN_LIGHT_IMPROVED,SHARE,0.01,A,GNB_EHCVM2021_LEGACY_v1,
dataflow,WB.AFW360:AFW360_HH(0.3.0),R,A,GNB,GW06,SURVEY,EN_OFFGRID_USE,_Z,_Z,_T,_T,_T,_T,_T,_T,_Z,_Z,_Z,_Z,_Z,2021,0.65,,,,,,,,,EN_OFFGRID_USE,SHARE,0.01,A,GNB_EHCVM2021_LEGACY_v1,
dataflow,WB.AFW360:AFW360_HH(0.3.0),R,A,GNB,GW06,SURVEY,EN_OUTAGE_ANY,_Z,_Z,_T,_T,_T,_T,_T,_T,_Z,_Z,_Z,_Z,_Z,2021,1,,,,,,,,,EN_OUTAGE_ANY,SHARE,0.01,A,GNB_EHCVM2021_LEGACY_v1,
dataflow,WB.AFW360:AFW360_HH(0.3.0),R,A,GNB,GW06,SURVEY,EN_OUTAGE_DAYS,_Z,_Z,_T,_T,_T,_T,_T,_T,_Z,_Z,_Z,_Z,_Z,2021,3.75,,,,,,,,,EN_OUTAGE_DAYS,DAY,0.01,A,GNB_EHCVM2021_LEGACY_v1,
dataflow,WB.AFW360:AFW360_HH(0.3.0),R,A,GNB,GW06,SURVEY,EN_OUTAGE_DUR_CODE,_Z,_Z,_T,_T,_T,_T,_T,_T,_Z,_Z,_Z,_Z,_Z,2021,1.47,,,,,,,,,EN_OUTAGE_DUR_CODE,INDEX,0.01,A,GNB_EHCVM2021_LEGACY_v1,
dataflow,WB.AFW360:AFW360_HH(0.3.0),R,A,GNB,GW06,SURVEY,EN_PREPAID_METER,_Z,_Z,_T,_T,_T,_T,_T,_T,_Z,_Z,_Z,_Z,_Z,2021,0.19,,,,,,,,,EN_PREPAID_METER,SHARE,0.01,A,GNB_EHCVM2021_LEGACY_v1,
dataflow,WB.AFW360:AFW360_HH(0.3.0),R,A,GNB,GW06,SURVEY,HE_ACCOUNTS,_Z,_Z,_T,_T,_T,_T,_T,_T,_Z,_Z,_Z,_Z,_Z,2021,0.07,,,,,,,,,HE_ACCOUNTS,SHARE,0.01,A,GNB_EHCVM2021_LEGACY_v1,
dataflow,WB.AFW360:AFW360_HH(0.3.0),R,A,GNB,GW06,SURVEY,HE_AGE,_Z,_Z,_T,_T,_T,_T,_T,_T,_Z,_Z,_Z,_Z,_Z,2021,5.32,,,,,,,,,HE_AGE,YEAR,0.01,A,GNB_EHCVM2021_LEGACY_v1,
dataflow,WB.AFW360:AFW360_HH(0.3.0),R,A,GNB,GW06,SURVEY,HE_BUY_FIRMS,_Z,_Z,_T,_T,_T,_T,_T,_T,_Z,_Z,_Z,_Z,_Z,2021,0.07,,,,,,,,,HE_BUY_FIRMS,SHARE,0.01,A,GNB_EHCVM2021_LEGACY_v1,
dataflow,WB.AFW360:AFW360_HH(0.3.0),R,A,GNB,GW06,SURVEY,HE_CAPITAL,_Z,_Z,_T,_T,_T,_T,_T,_T,_Z,_Z,_Z,_Z,_Z,2021,42104.62,,,,,,,,,HE_CAPITAL,XOF,0.01,A,GNB_EHCVM2021_LEGACY_v1,
dataflow,WB.AFW360:AFW360_HH(0.3.0),R,A,GNB,GW06,SURVEY,HE_COSTS,_Z,_Z,_T,_T,_T,_T,_T,_T,_Z,_Z,_Z,_Z,_Z,2021,1240.62,,,,,,,,,HE_COSTS,XOF,0.01,A,GNB_EHCVM2021_LEGACY_v1,
dataflow,WB.AFW360:AFW360_HH(0.3.0),R,A,GNB,GW06,SURVEY,HE_CREDIT_ANY,_Z,_Z,_T,_T,_T,_T,_T,_T,_Z,_Z,_Z,_Z,_Z,2021,0.26,,,,,,,,,HE_CREDIT_ANY,SHARE,0.01,A,GNB_EHCVM2021_LEGACY_v1,
dataflow,WB.AFW360:AFW360_HH(0.3.0),R,A,GNB,GW06,SURVEY,HE_CREDIT_FORMAL,_Z,_Z,_T,_T,_T,_T,_T,_T,_Z,_Z,_Z,_Z,_Z,2021,0.03,,,,,,,,,HE_CREDIT_FORMAL,SHARE,0.01,A,GNB_EHCVM2021_LEGACY_v1,
dataflow,WB.AFW360:AFW360_HH(0.3.0),R,A,GNB,GW06,SURVEY,HE_CREDIT_INFORMAL,_Z,_Z,_T,_T,_T,_T,_T,_T,_Z,_Z,_Z,_Z,_Z,2021,0.26,,,,,,,,,HE_CREDIT_INFORMAL,SHARE,0.01,A,GNB_EHCVM2021_LEGACY_v1,
dataflow,WB.AFW360:AFW360_HH(0.3.0),R,A,GNB,GW06,SURVEY,HE_ELEC,_Z,_Z,_T,_T,_T,_T,_T,_T,_Z,_Z,_Z,_Z,_Z,2021,1,,,,,,,,,HE_ELEC,SHARE,0.01,A,GNB_EHCVM2021_LEGACY_v1,
dataflow,WB.AFW360:AFW360_HH(0.3.0),R,A,GNB,GW06,SURVEY,HE_EMP_EXT_ANY,_Z,_Z,_T,_T,_T,_T,_T,_T,_Z,_Z,_Z,_Z,_Z,2021,1,,,,,,,,,HE_EMP_EXT_ANY,SHARE,0.01,A,GNB_EHCVM2021_LEGACY_v1,LEGACY_SUSPECT: Implausible: share 1.00 while mean non-HH employees is 0.48.
dataflow,WB.AFW360:AFW360_HH(0.3.0),R,A,GNB,GW06,SURVEY,HE_EMP_HH_NUM,_Z,_Z,_T,_T,_T,_T,_T,_T,_Z,_Z,_Z,_Z,_Z,2021,0,,,,,,,,,HE_EMP_HH_NUM,PERSON,0.01,A,GNB_EHCVM2021_LEGACY_v1,
dataflow,WB.AFW360:AFW360_HH(0.3.0),R,A,GNB,GW06,SURVEY,HE_EMP_NONHH_NUM,_Z,_Z,_T,_T,_T,_T,_T,_T,_Z,_Z,_Z,_Z,_Z,2021,0.22,,,,,,,,,HE_EMP_NONHH_NUM,PERSON,0.01,A,GNB_EHCVM2021_LEGACY_v1,
dataflow,WB.AFW360:AFW360_HH(0.3.0),R,A,GNB,GW06,SURVEY,HE_EMP_NUM,_Z,_Z,_T,_T,_T,_T,_T,_T,_Z,_Z,_Z,_Z,_Z,2021,0,,,,,,,,,HE_EMP_NUM,PERSON,0.01,A,GNB_EHCVM2021_LEGACY_v1,
dataflow,WB.AFW360:AFW360_HH(0.3.0),R,A,GNB,GW06,SURVEY,HE_HH_OWNER,_Z,_Z,_T,_T,_T,_T,_T,_T,_Z,_Z,_Z,_Z,_Z,2021,0.22,,,,,,,,,HE_HH_OWNER,SHARE,0.01,A,GNB_EHCVM2021_LEGACY_v1,
dataflow,WB.AFW360:AFW360_HH(0.3.0),R,A,GNB,GW06,SURVEY,HE_HOME_BASED,_Z,_Z,_T,_T,_T,_T,_T,_T,_Z,_Z,_Z,_Z,_Z,2021,0.62,,,,,,,,,HE_HOME_BASED,SHARE,0.01,A,GNB_EHCVM2021_LEGACY_v1,
dataflow,WB.AFW360:AFW360_HH(0.3.0),R,A,GNB,GW06,SURVEY,HE_PHONE,_Z,_Z,_T,_T,_T,_T,_T,_T,_Z,_Z,_Z,_Z,_Z,2021,1,,,,,,,,,HE_PHONE,SHARE,0.01,A,GNB_EHCVM2021_LEGACY_v1,
dataflow,WB.AFW360:AFW360_HH(0.3.0),R,A,GNB,GW06,SURVEY,HE_PREMISES_FORMAL,_Z,_Z,_T,_T,_T,_T,_T,_T,_Z,_Z,_Z,_Z,_Z,2021,0.03,,,,,,,,,HE_PREMISES_FORMAL,SHARE,0.01,A,GNB_EHCVM2021_LEGACY_v1,
dataflow,WB.AFW360:AFW360_HH(0.3.0),R,A,GNB,GW06,SURVEY,HE_PROFIT,_Z,_Z,_T,_T,_T,_T,_T,_T,_Z,_Z,_Z,_Z,_Z,2021,912.53,,,,,,,,,HE_PROFIT,XOF,0.01,A,GNB_EHCVM2021_LEGACY_v1,
dataflow,WB.AFW360:AFW360_HH(0.3.0),R,A,GNB,GW06,SURVEY,HE_RENT,_Z,_Z,_T,_T,_T,_T,_T,_T,_Z,_Z,_Z,_Z,_Z,2021,1,,,,,,,,,HE_RENT,SHARE,0.01,A,GNB_EHCVM2021_LEGACY_v1,
dataflow,WB.AFW360:AFW360_HH(0.3.0),R,A,GNB,GW06,SURVEY,HE_REV_PER_WORKER,_Z,_Z,_T,_T,_T,_T,_T,_T,_Z,_Z,_Z,_Z,_Z,2021,NaN,,,,,,,,,HE_REV_PER_WORKER,XOF,0.01,O,GNB_EHCVM2021_LEGACY_v1,"LEGACY_EMPTY: empty cell in sheet 'ADM 1', column 'estimateOio'"
dataflow,WB.AFW360:AFW360_HH(0.3.0),R,A,GNB,GW06,SURVEY,HE_SELL_FIRMS,_Z,_Z,_T,_T,_T,_T,_T,_T,_Z,_Z,_Z,_Z,_Z,2021,0.03,,,,,,,,,HE_SELL_FIRMS,SHARE,0.01,A,GNB_EHCVM2021_LEGACY_v1,
dataflow,WB.AFW360:AFW360_HH(0.3.0),R,A,GNB,GW06,SURVEY,HE_TAX_ID,_Z,_Z,_T,_T,_T,_T,_T,_T,_Z,_Z,_Z,_Z,_Z,2021,0.07,,,,,,,,,HE_TAX_ID,SHARE,0.01,A,GNB_EHCVM2021_LEGACY_v1,
dataflow,WB.AFW360:AFW360_HH(0.3.0),R,A,GNB,GW06,SURVEY,HE_WATER,_Z,_Z,_T,_T,_T,_T,_T,_T,_Z,_Z,_Z,_Z,_Z,2021,1,,,,,,,,,HE_WATER,SHARE,0.01,A,GNB_EHCVM2021_LEGACY_v1,
dataflow,WB.AFW360:AFW360_HH(0.3.0),R,A,GNB,GW06,SURVEY,HOUS_FLOOR_DURABLE,_Z,_Z,_T,_T,_T,_T,_T,_T,_Z,_Z,_Z,_Z,_Z,2021,0.29,,,,,,,,,HOUS_FLOOR_DURABLE,SHARE,0.01,A,GNB_EHCVM2021_LEGACY_v1,
dataflow,WB.AFW360:AFW360_HH(0.3.0),R,A,GNB,GW06,SURVEY,HOUS_ROOF_DURABLE,_Z,_Z,_T,_T,_T,_T,_T,_T,_Z,_Z,_Z,_Z,_Z,2021,0.93,,,,,,,,,HOUS_ROOF_DURABLE,SHARE,0.01,A,GNB_EHCVM2021_LEGACY_v1,
dataflow,WB.AFW360:AFW360_HH(0.3.0),R,A,GNB,GW06,SURVEY,HOUS_SANIT_IMPROVED,_Z,_Z,_T,_T,_T,_T,_T,_T,_Z,_Z,_Z,_Z,_Z,2021,0.07,,,,,,,,,HOUS_SANIT_IMPROVED,SHARE,0.01,A,GNB_EHCVM2021_LEGACY_v1,
dataflow,WB.AFW360:AFW360_HH(0.3.0),R,A,GNB,GW06,SURVEY,HOUS_WALL_DURABLE,_Z,_Z,_T,_T,_T,_T,_T,_T,_Z,_Z,_Z,_Z,_Z,2021,0.23,,,,,,,,,HOUS_WALL_DURABLE,SHARE,0.01,A,GNB_EHCVM2021_LEGACY_v1,
dataflow,WB.AFW360:AFW360_HH(0.3.0),R,A,GNB,GW06,SURVEY,HOUS_WATER_SAFE_DRY,_Z,_Z,_T,_T,_T,_T,_T,_T,_Z,_Z,_Z,_Z,_Z,2021,0.57,,,,,,,,,HOUS_WATER_SAFE_DRY,SHARE,0.01,A,GNB_EHCVM2021_LEGACY_v1,
dataflow,WB.AFW360:AFW360_HH(0.3.0),R,A,GNB,GW06,SURVEY,POP_HE_SH,_Z,_Z,_T,HEO_MSTAT_MARRIED,_T,_T,_T,_T,_Z,_Z,_Z,_Z,_Z,2021,0.66,,,,,,,,,POP_HE_SH.HEO_MSTAT_MARRIED,SHARE,0.01,A,GNB_EHCVM2021_LEGACY_v1,
dataflow,WB.AFW360:AFW360_HH(0.3.0),R,A,GNB,GW06,SURVEY,POP_HE_SH,_Z,_Z,_T,HEO_SEX_F,_T,_T,_T,_T,_Z,_Z,_Z,_Z,_Z,2021,0.72,,,,,,,,,POP_HE_SH.HEO_SEX_F,SHARE,0.01,A,GNB_EHCVM2021_LEGACY_v1,
dataflow,WB.AFW360:AFW360_HH(0.3.0),R,A,GNB,GW06,SURVEY,POP_HH_SH,_Z,_Z,_T,HE_COUNT_0,_T,_T,_T,_T,_Z,_Z,_Z,_Z,_Z,2021,0.52,,,,,,,,,POP_HH_SH.HE_COUNT_0,SHARE,0.01,A,GNB_EHCVM2021_LEGACY_v1,
dataflow,WB.AFW360:AFW360_HH(0.3.0),R,A,GNB,GW06,SURVEY,POP_HH_SH,_Z,_Z,_T,HE_COUNT_1,_T,_T,_T,_T,_Z,_Z,_Z,_Z,_Z,2021,0.36,,,,,,,,,POP_HH_SH.HE_COUNT_1,SHARE,0.01,A,GNB_EHCVM2021_LEGACY_v1,
dataflow,WB.AFW360:AFW360_HH(0.3.0),R,A,GNB,GW06,SURVEY,POP_HH_SH,_Z,_Z,_T,HE_COUNT_2,_T,_T,_T,_T,_Z,_Z,_Z,_Z,_Z,2021,0.11,,,,,,,,,POP_HH_SH.HE_COUNT_2,SHARE,0.01,A,GNB_EHCVM2021_LEGACY_v1,
dataflow,WB.AFW360:AFW360_HH(0.3.0),R,A,GNB,GW06,SURVEY,POP_HH_SH,_Z,_Z,_T,HE_COUNT_3,_T,_T,_T,_T,_Z,_Z,_Z,_Z,_Z,2021,0.01,,,,,,,,,POP_HH_SH.HE_COUNT_3,SHARE,0.01,A,GNB_EHCVM2021_LEGACY_v1,
dataflow,WB.AFW360:AFW360_HH(0.3.0),R,A,GNB,GW06,SURVEY,POP_HH_SH,_Z,_Z,_T,HE_COUNT_4P,_T,_T,_T,_T,_Z,_Z,_Z,_Z,_Z,2021,0,,,,,,,,,POP_HH_SH.HE_COUNT_4P,SHARE,0.01,A,GNB_EHCVM2021_LEGACY_v1,
dataflow,WB.AFW360:AFW360_HH(0.3.0),R,A,GNB,GW06,SURVEY,POP_SH,_T,_T,_T,EMP_FORMAL_N,_T,_T,_T,_T,_Z,_Z,_Z,_Z,_Z,2021,0.81,,,,,,,,,POP_SH.EMP_FORMAL_N,SHARE,0.01,A,GNB_EHCVM2021_LEGACY_v1,
dataflow,WB.AFW360:AFW360_HH(0.3.0),R,A,GNB,GW06,SURVEY,POP_SH,_T,_T,_T,EMP_ISIC_G,_T,_T,_T,_T,_Z,_Z,_Z,_Z,_Z,2021,0.07,,,,,,,,,POP_SH.EMP_ISIC_G,SHARE,0.01,A,GNB_EHCVM2021_LEGACY_v1,
dataflow,WB.AFW360:AFW360_HH(0.3.0),R,A,GNB,GW06,SURVEY,POP_SH,_T,_T,_T,EMP_ISIC_H,_T,_T,_T,_T,_Z,_Z,_Z,_Z,_Z,2021,0.02,,,,,,,,,POP_SH.EMP_ISIC_H,SHARE,0.01,A,GNB_EHCVM2021_LEGACY_v1,
dataflow,WB.AFW360:AFW360_HH(0.3.0),R,A,GNB,GW06,SURVEY,POP_SH,_T,_T,_T,EMP_SECTOR_AGR,_T,_T,_T,_T,_Z,_Z,_Z,_Z,_Z,2021,0.84,,,,,,,,,POP_SH.EMP_SECTOR_AGR,SHARE,0.01,A,GNB_EHCVM2021_LEGACY_v1,
dataflow,WB.AFW360:AFW360_HH(0.3.0),R,A,GNB,GW06,SURVEY,POP_SH,_T,_T,_T,EMP_SECTOR_IND,_T,_T,_T,_T,_Z,_Z,_Z,_Z,_Z,2021,0.06,,,,,,,,,POP_SH.EMP_SECTOR_IND,SHARE,0.01,A,GNB_EHCVM2021_LEGACY_v1,
dataflow,WB.AFW360:AFW360_HH(0.3.0),R,A,GNB,GW06,SURVEY,POP_SH,_T,_T,_T,EMP_SECTOR_SER,_T,_T,_T,_T,_Z,_Z,_Z,_Z,_Z,2021,0.1,,,,,,,,,POP_SH.EMP_SECTOR_SER,SHARE,0.01,A,GNB_EHCVM2021_LEGACY_v1,
dataflow,WB.AFW360:AFW360_HH(0.3.0),R,A,GNB,GW06,SURVEY,POP_SH,_T,_T,_T,EMP_STATUS_EMPLOYED,_T,_T,_T,_T,_Z,_Z,_Z,_Z,_Z,2021,0.82,,,,,,,,,POP_SH.EMP_STATUS_EMPLOYED,SHARE,0.01,A,GNB_EHCVM2021_LEGACY_v1,
dataflow,WB.AFW360:AFW360_HH(0.3.0),R,A,GNB,GW06,SURVEY,POP_SH,_T,_T,_T,EMP_TYPE_NONWAGE,_T,_T,_T,_T,_Z,_Z,_Z,_Z,_Z,2021,0.83,,,,,,,,,POP_SH.EMP_TYPE_NONWAGE,SHARE,0.01,A,GNB_EHCVM2021_LEGACY_v1,
dataflow,WB.AFW360:AFW360_HH(0.3.0),R,A,GNB,GW06,SURVEY,POP_SH,_T,_T,_T,EMP_TYPE_WAGE,_T,_T,_T,_T,_Z,_Z,_Z,_Z,_Z,2021,0.17,,,,,,,,,POP_SH.EMP_TYPE_WAGE,SHARE,0.01,A,GNB_EHCVM2021_LEGACY_v1,
dataflow,WB.AFW360:AFW360_HH(0.3.0),R,A,GNB,GW06,SURVEY,POV_HC,_T,_T,_T,_T,_T,_T,_T,_T,POVLINE_PL300,PPP_2021,_Z,_Z,_Z,2021,0.66,,,,,,,,,POV_HC.POVLINE_PL300.PPP_2021,SHARE,0.01,A,GNB_EHCVM2021_LEGACY_v1,
dataflow,WB.AFW360:AFW360_HH(0.3.0),R,A,GNB,GW06,SURVEY,POV_HC,_T,_T,_T,_T,_T,_T,_T,_T,POVLINE_PL420,PPP_2021,_Z,_Z,_Z,2021,0.86,,,,,,,,,POV_HC.POVLINE_PL420.PPP_2021,SHARE,0.01,A,GNB_EHCVM2021_LEGACY_v1,
dataflow,WB.AFW360:AFW360_HH(0.3.0),R,A,GNB,GW06,SURVEY,POV_NUM,_T,_T,_T,_T,_T,_T,_T,_T,POVLINE_PL300,PPP_2021,_Z,_Z,_Z,2021,190000,,,,,,,,,POV_NUM.POVLINE_PL300.PPP_2021,PERSON,10000,A,GNB_EHCVM2021_LEGACY_v1,
dataflow,WB.AFW360:AFW360_HH(0.3.0),R,A,GNB,GW06,SURVEY,POV_NUM,_T,_T,_T,_T,_T,_T,_T,_T,POVLINE_PL420,PPP_2021,_Z,_Z,_Z,2021,250000,,,,,,,,,POV_NUM.POVLINE_PL420.PPP_2021,PERSON,10000,A,GNB_EHCVM2021_LEGACY_v1,
dataflow,WB.AFW360:AFW360_HH(0.3.0),R,A,GNB,GW06,SURVEY,SHK_ANY,_Z,_Z,_T,_T,_T,_T,_T,_T,_Z,_Z,_Z,_Z,_Z,2021,0.94,,,,,,,,,SHK_ANY,SHARE,0.01,A,GNB_EHCVM2021_LEGACY_v1,
dataflow,WB.AFW360:AFW360_HH(0.3.0),R,A,GNB,GW06,SURVEY,SHK_COV_CONFLICT,_Z,_Z,_T,_T,_T,_T,_T,_T,_Z,_Z,_Z,_Z,_Z,2021,0.03,,,,,,,,,SHK_COV_CONFLICT,SHARE,0.01,A,GNB_EHCVM2021_LEGACY_v1,
dataflow,WB.AFW360:AFW360_HH(0.3.0),R,A,GNB,GW06,SURVEY,SHK_COV_ECON,_Z,_Z,_T,_T,_T,_T,_T,_T,_Z,_Z,_Z,_Z,_Z,2021,0.55,,,,,,,,,SHK_COV_ECON,SHARE,0.01,A,GNB_EHCVM2021_LEGACY_v1,
dataflow,WB.AFW360:AFW360_HH(0.3.0),R,A,GNB,GW06,SURVEY,SHK_COV_NATURAL,_Z,_Z,_T,_T,_T,_T,_T,_T,_Z,_Z,_Z,_Z,_Z,2021,0.39,,,,,,,,,SHK_COV_NATURAL,SHARE,0.01,A,GNB_EHCVM2021_LEGACY_v1,
dataflow,WB.AFW360:AFW360_HH(0.3.0),R,A,GNB,GW06,SURVEY,SHK_IDIO_ECON,_Z,_Z,_T,_T,_T,_T,_T,_T,_Z,_Z,_Z,_Z,_Z,2021,0.36,,,,,,,,,SHK_IDIO_ECON,SHARE,0.01,A,GNB_EHCVM2021_LEGACY_v1,
dataflow,WB.AFW360:AFW360_HH(0.3.0),R,A,GNB,GW06,SURVEY,SP_HEALTH_COV,_T,_T,_T,_T,_T,_T,_T,_T,_Z,_Z,_Z,_Z,_Z,2021,0,,,,,,,,,SP_HEALTH_COV,SHARE,0.01,A,GNB_EHCVM2021_LEGACY_v1,
dataflow,WB.AFW360:AFW360_HH(0.3.0),R,A,GNB,GW06,SURVEY,SP_HEALTH_COV_HH,_Z,_Z,_T,_T,_T,_T,_T,_T,_Z,_Z,_Z,_Z,_Z,2021,0,,,,,,,,,SP_HEALTH_COV_HH,SHARE,0.01,A,GNB_EHCVM2021_LEGACY_v1,
dataflow,WB.AFW360:AFW360_HH(0.3.0),R,A,GNB,GW07,SURVEY,AGR_CULTIVATES,_Z,_Z,_T,_T,_T,_T,_T,_T,_Z,_Z,_Z,_Z,_Z,2021,0.87,,,,,,,,,AGR_CULTIVATES,SHARE,0.01,A,GNB_EHCVM2021_LEGACY_v1,
dataflow,WB.AFW360:AFW360_HH(0.3.0),R,A,GNB,GW07,SURVEY,AGR_LIVESTOCK_ANY,_Z,_Z,_T,_T,_T,_T,_T,_T,_Z,_Z,_Z,_Z,_Z,2021,0.84,,,,,,,,,AGR_LIVESTOCK_ANY,SHARE,0.01,A,GNB_EHCVM2021_LEGACY_v1,
dataflow,WB.AFW360:AFW360_HH(0.3.0),R,A,GNB,GW07,SURVEY,AGR_TLU,_Z,_Z,_T,_T,_T,_T,_T,_T,_Z,_Z,_Z,_Z,_Z,2021,2.31,,,,,,,,,AGR_TLU,TLU,0.01,A,GNB_EHCVM2021_LEGACY_v1,
dataflow,WB.AFW360:AFW360_HH(0.3.0),R,A,GNB,GW07,SURVEY,CONS_SH,_Z,_Z,_T,_T,_T,_T,_T,_T,COICOP_CP01,ACQ_OWNPROD,_Z,_Z,_Z,2021,0.2,,,,,,,,,CONS_SH.COICOP_CP01.ACQ_OWNPROD,SHARE,0.01,A,GNB_EHCVM2021_LEGACY_v1,
dataflow,WB.AFW360:AFW360_HH(0.3.0),R,A,GNB,GW07,SURVEY,CONS_SH,_Z,_Z,_T,_T,_T,_T,_T,_T,COICOP_CP01,ACQ_PURCH,_Z,_Z,_Z,2021,0.24,,,,,,,,,CONS_SH.COICOP_CP01.ACQ_PURCH,SHARE,0.01,A,GNB_EHCVM2021_LEGACY_v1,
dataflow,WB.AFW360:AFW360_HH(0.3.0),R,A,GNB,GW07,SURVEY,CONS_SH,_Z,_Z,_T,_T,_T,_T,_T,_T,COICOP_CP01,_Z,_Z,_Z,_Z,2021,0.5,,,,,,,,,CONS_SH.COICOP_CP01,SHARE,0.01,A,GNB_EHCVM2021_LEGACY_v1,
dataflow,WB.AFW360:AFW360_HH(0.3.0),R,A,GNB,GW07,SURVEY,CONS_SH,_Z,_Z,_T,_T,_T,_T,_T,_T,COICOP_CP02,_Z,_Z,_Z,_Z,2021,0.01,,,,,,,,,CONS_SH.COICOP_CP02,SHARE,0.01,A,GNB_EHCVM2021_LEGACY_v1,
dataflow,WB.AFW360:AFW360_HH(0.3.0),R,A,GNB,GW07,SURVEY,CONS_SH,_Z,_Z,_T,_T,_T,_T,_T,_T,COICOP_CP03,_Z,_Z,_Z,_Z,2021,0.06,,,,,,,,,CONS_SH.COICOP_CP03,SHARE,0.01,A,GNB_EHCVM2021_LEGACY_v1,
dataflow,WB.AFW360:AFW360_HH(0.3.0),R,A,GNB,GW07,SURVEY,CONS_SH,_Z,_Z,_T,_T,_T,_T,_T,_T,COICOP_CP04,_Z,_Z,_Z,_Z,2021,0.11,,,,,,,,,CONS_SH.COICOP_CP04,SHARE,0.01,A,GNB_EHCVM2021_LEGACY_v1,
dataflow,WB.AFW360:AFW360_HH(0.3.0),R,A,GNB,GW07,SURVEY,CONS_SH,_Z,_Z,_T,_T,_T,_T,_T,_T,COICOP_CP05,_Z,_Z,_Z,_Z,2021,0.05,,,,,,,,,CONS_SH.COICOP_CP05,SHARE,0.01,A,GNB_EHCVM2021_LEGACY_v1,
dataflow,WB.AFW360:AFW360_HH(0.3.0),R,A,GNB,GW07,SURVEY,CONS_SH,_Z,_Z,_T,_T,_T,_T,_T,_T,COICOP_CP06,_Z,_Z,_Z,_Z,2021,0.03,,,,,,,,,CONS_SH.COICOP_CP06,SHARE,0.01,A,GNB_EHCVM2021_LEGACY_v1,
dataflow,WB.AFW360:AFW360_HH(0.3.0),R,A,GNB,GW07,SURVEY,CONS_SH,_Z,_Z,_T,_T,_T,_T,_T,_T,COICOP_CP07,_Z,_Z,_Z,_Z,2021,0.04,,,,,,,,,CONS_SH.COICOP_CP07,SHARE,0.01,A,GNB_EHCVM2021_LEGACY_v1,
dataflow,WB.AFW360:AFW360_HH(0.3.0),R,A,GNB,GW07,SURVEY,CONS_SH,_Z,_Z,_T,_T,_T,_T,_T,_T,COICOP_CP08,_Z,_Z,_Z,_Z,2021,0.07,,,,,,,,,CONS_SH.COICOP_CP08,SHARE,0.01,A,GNB_EHCVM2021_LEGACY_v1,
dataflow,WB.AFW360:AFW360_HH(0.3.0),R,A,GNB,GW07,SURVEY,CONS_SH,_Z,_Z,_T,_T,_T,_T,_T,_T,COICOP_CP09,_Z,_Z,_Z,_Z,2021,0,,,,,,,,,CONS_SH.COICOP_CP09,SHARE,0.01,A,GNB_EHCVM2021_LEGACY_v1,
dataflow,WB.AFW360:AFW360_HH(0.3.0),R,A,GNB,GW07,SURVEY,CONS_SH,_Z,_Z,_T,_T,_T,_T,_T,_T,COICOP_CP10,_Z,_Z,_Z,_Z,2021,0.03,,,,,,,,,CONS_SH.COICOP_CP10,SHARE,0.01,A,GNB_EHCVM2021_LEGACY_v1,
dataflow,WB.AFW360:AFW360_HH(0.3.0),R,A,GNB,GW07,SURVEY,CONS_SH,_Z,_Z,_T,_T,_T,_T,_T,_T,COICOP_CP11,_Z,_Z,_Z,_Z,2021,0.09,,,,,,,,,CONS_SH.COICOP_CP11,SHARE,0.01,A,GNB_EHCVM2021_LEGACY_v1,
dataflow,WB.AFW360:AFW360_HH(0.3.0),R,A,GNB,GW07,SURVEY,CONS_SH,_Z,_Z,_T,_T,_T,_T,_T,_T,COICOP_CP12,_Z,_Z,_Z,_Z,2021,0,,,,,,,,,CONS_SH.COICOP_CP12,SHARE,0.01,A,GNB_EHCVM2021_LEGACY_v1,
dataflow,WB.AFW360:AFW360_HH(0.3.0),R,A,GNB,GW07,SURVEY,CONS_SH,_Z,_Z,_T,_T,_T,_T,_T,_T,COICOP_CP13,_Z,_Z,_Z,_Z,2021,0.01,,,,,,,,,CONS_SH.COICOP_CP13,SHARE,0.01,A,GNB_EHCVM2021_LEGACY_v1,
dataflow,WB.AFW360:AFW360_HH(0.3.0),R,A,GNB,GW07,SURVEY,EN_ASSET_AC,_Z,_Z,_T,_T,_T,_T,_T,_T,_Z,_Z,_Z,_Z,_Z,2021,0,,,,,,,,,EN_ASSET_AC,SHARE,0.01,A,GNB_EHCVM2021_LEGACY_v1,
dataflow,WB.AFW360:AFW360_HH(0.3.0),R,A,GNB,GW07,SURVEY,EN_ASSET_COOKER,_Z,_Z,_T,_T,_T,_T,_T,_T,_Z,_Z,_Z,_Z,_Z,2021,0.01,,,,,,,,,EN_ASSET_COOKER,SHARE,0.01,A,GNB_EHCVM2021_LEGACY_v1,
dataflow,WB.AFW360:AFW360_HH(0.3.0),R,A,GNB,GW07,SURVEY,EN_ASSET_FAN,_Z,_Z,_T,_T,_T,_T,_T,_T,_Z,_Z,_Z,_Z,_Z,2021,0,,,,,,,,,EN_ASSET_FAN,SHARE,0.01,A,GNB_EHCVM2021_LEGACY_v1,
dataflow,WB.AFW360:AFW360_HH(0.3.0),R,A,GNB,GW07,SURVEY,EN_ASSET_WATER_HEATER,_Z,_Z,_T,_T,_T,_T,_T,_T,_Z,_Z,_Z,_Z,_Z,2021,0,,,,,,,,,EN_ASSET_WATER_HEATER,SHARE,0.01,A,GNB_EHCVM2021_LEGACY_v1,
dataflow,WB.AFW360:AFW360_HH(0.3.0),R,A,GNB,GW07,SURVEY,EN_COOK_BIOMASS,_Z,_Z,_T,_T,_T,_T,_T,_T,_Z,_Z,_Z,_Z,_Z,2021,0.99,,,,,,,,,EN_COOK_BIOMASS,SHARE,0.01,A,GNB_EHCVM2021_LEGACY_v1,
dataflow,WB.AFW360:AFW360_HH(0.3.0),R,A,GNB,GW07,SURVEY,EN_COOK_CLEAN,_Z,_Z,_T,_T,_T,_T,_T,_T,_Z,_Z,_Z,_Z,_Z,2021,0,,,,,,,,,EN_COOK_CLEAN,SHARE,0.01,A,GNB_EHCVM2021_LEGACY_v1,
dataflow,WB.AFW360:AFW360_HH(0.3.0),R,A,GNB,GW07,SURVEY,EN_ELEC_ACCESS,_Z,_Z,_T,_T,_T,_T,_T,_T,_Z,_Z,_Z,_Z,_Z,2021,0,,,,,,,,,EN_ELEC_ACCESS,SHARE,0.01,A,GNB_EHCVM2021_LEGACY_v1,
dataflow,WB.AFW360:AFW360_HH(0.3.0),R,A,GNB,GW07,SURVEY,EN_ELEC_INFORMAL,_Z,_Z,_T,_T,_T,_T,_T,_T,_Z,_Z,_Z,_Z,_Z,2021,0,,,,,,,,,EN_ELEC_INFORMAL,SHARE,0.01,A,GNB_EHCVM2021_LEGACY_v1,
dataflow,WB.AFW360:AFW360_HH(0.3.0),R,A,GNB,GW07,SURVEY,EN_ELEC_SPEND,_Z,_Z,_T,_T,_T,_T,_T,_T,_Z,_Z,_Z,_Z,_Z,2021,12000,,,,,,,,,EN_ELEC_SPEND,XOF,0.01,A,GNB_EHCVM2021_LEGACY_v1,
dataflow,WB.AFW360:AFW360_HH(0.3.0),R,A,GNB,GW07,SURVEY,EN_GRID_CONN,_Z,_Z,_T,_T,_T,_T,_T,_T,_Z,_Z,_Z,_Z,_Z,2021,0.01,,,,,,,,,EN_GRID_CONN,SHARE,0.01,A,GNB_EHCVM2021_LEGACY_v1,
dataflow,WB.AFW360:AFW360_HH(0.3.0),R,A,GNB,GW07,SURVEY,EN_GRID_USE,_Z,_Z,_T,_T,_T,_T,_T,_T,_Z,_Z,_Z,_Z,_Z,2021,0.01,,,,,,,,,EN_GRID_USE,SHARE,0.01,A,GNB_EHCVM2021_LEGACY_v1,
dataflow,WB.AFW360:AFW360_HH(0.3.0),R,A,GNB,GW07,SURVEY,EN_LIGHT_IMPROVED,_Z,_Z,_T,_T,_T,_T,_T,_T,_Z,_Z,_Z,_Z,_Z,2021,0.02,,,,,,,,,EN_LIGHT_IMPROVED,SHARE,0.01,A,GNB_EHCVM2021_LEGACY_v1,
dataflow,WB.AFW360:AFW360_HH(0.3.0),R,A,GNB,GW07,SURVEY,EN_OFFGRID_USE,_Z,_Z,_T,_T,_T,_T,_T,_T,_Z,_Z,_Z,_Z,_Z,2021,0.72,,,,,,,,,EN_OFFGRID_USE,SHARE,0.01,A,GNB_EHCVM2021_LEGACY_v1,
dataflow,WB.AFW360:AFW360_HH(0.3.0),R,A,GNB,GW07,SURVEY,EN_OUTAGE_ANY,_Z,_Z,_T,_T,_T,_T,_T,_T,_Z,_Z,_Z,_Z,_Z,2021,0,,,,,,,,,EN_OUTAGE_ANY,SHARE,0.01,A,GNB_EHCVM2021_LEGACY_v1,
dataflow,WB.AFW360:AFW360_HH(0.3.0),R,A,GNB,GW07,SURVEY,EN_OUTAGE_DAYS,_Z,_Z,_T,_T,_T,_T,_T,_T,_Z,_Z,_Z,_Z,_Z,2021,NaN,,,,,,,,,EN_OUTAGE_DAYS,DAY,0.01,O,GNB_EHCVM2021_LEGACY_v1,"LEGACY_EMPTY: empty cell in sheet 'ADM 1', column 'estimateQuinara'"
dataflow,WB.AFW360:AFW360_HH(0.3.0),R,A,GNB,GW07,SURVEY,EN_OUTAGE_DUR_CODE,_Z,_Z,_T,_T,_T,_T,_T,_T,_Z,_Z,_Z,_Z,_Z,2021,NaN,,,,,,,,,EN_OUTAGE_DUR_CODE,INDEX,0.01,O,GNB_EHCVM2021_LEGACY_v1,"LEGACY_EMPTY: empty cell in sheet 'ADM 1', column 'estimateQuinara'"
dataflow,WB.AFW360:AFW360_HH(0.3.0),R,A,GNB,GW07,SURVEY,EN_PREPAID_METER,_Z,_Z,_T,_T,_T,_T,_T,_T,_Z,_Z,_Z,_Z,_Z,2021,0,,,,,,,,,EN_PREPAID_METER,SHARE,0.01,A,GNB_EHCVM2021_LEGACY_v1,
dataflow,WB.AFW360:AFW360_HH(0.3.0),R,A,GNB,GW07,SURVEY,HE_ACCOUNTS,_Z,_Z,_T,_T,_T,_T,_T,_T,_Z,_Z,_Z,_Z,_Z,2021,0.05,,,,,,,,,HE_ACCOUNTS,SHARE,0.01,A,GNB_EHCVM2021_LEGACY_v1,
dataflow,WB.AFW360:AFW360_HH(0.3.0),R,A,GNB,GW07,SURVEY,HE_AGE,_Z,_Z,_T,_T,_T,_T,_T,_T,_Z,_Z,_Z,_Z,_Z,2021,5.73,,,,,,,,,HE_AGE,YEAR,0.01,A,GNB_EHCVM2021_LEGACY_v1,
dataflow,WB.AFW360:AFW360_HH(0.3.0),R,A,GNB,GW07,SURVEY,HE_BUY_FIRMS,_Z,_Z,_T,_T,_T,_T,_T,_T,_Z,_Z,_Z,_Z,_Z,2021,0.05,,,,,,,,,HE_BUY_FIRMS,SHARE,0.01,A,GNB_EHCVM2021_LEGACY_v1,
dataflow,WB.AFW360:AFW360_HH(0.3.0),R,A,GNB,GW07,SURVEY,HE_CAPITAL,_Z,_Z,_T,_T,_T,_T,_T,_T,_Z,_Z,_Z,_Z,_Z,2021,8941.88,,,,,,,,,HE_CAPITAL,XOF,0.01,A,GNB_EHCVM2021_LEGACY_v1,
dataflow,WB.AFW360:AFW360_HH(0.3.0),R,A,GNB,GW07,SURVEY,HE_COSTS,_Z,_Z,_T,_T,_T,_T,_T,_T,_Z,_Z,_Z,_Z,_Z,2021,2652.54,,,,,,,,,HE_COSTS,XOF,0.01,A,GNB_EHCVM2021_LEGACY_v1,
dataflow,WB.AFW360:AFW360_HH(0.3.0),R,A,GNB,GW07,SURVEY,HE_CREDIT_ANY,_Z,_Z,_T,_T,_T,_T,_T,_T,_Z,_Z,_Z,_Z,_Z,2021,0.35,,,,,,,,,HE_CREDIT_ANY,SHARE,0.01,A,GNB_EHCVM2021_LEGACY_v1,
dataflow,WB.AFW360:AFW360_HH(0.3.0),R,A,GNB,GW07,SURVEY,HE_CREDIT_FORMAL,_Z,_Z,_T,_T,_T,_T,_T,_T,_Z,_Z,_Z,_Z,_Z,2021,0.03,,,,,,,,,HE_CREDIT_FORMAL,SHARE,0.01,A,GNB_EHCVM2021_LEGACY_v1,
dataflow,WB.AFW360:AFW360_HH(0.3.0),R,A,GNB,GW07,SURVEY,HE_CREDIT_INFORMAL,_Z,_Z,_T,_T,_T,_T,_T,_T,_Z,_Z,_Z,_Z,_Z,2021,0.32,,,,,,,,,HE_CREDIT_INFORMAL,SHARE,0.01,A,GNB_EHCVM2021_LEGACY_v1,
dataflow,WB.AFW360:AFW360_HH(0.3.0),R,A,GNB,GW07,SURVEY,HE_ELEC,_Z,_Z,_T,_T,_T,_T,_T,_T,_Z,_Z,_Z,_Z,_Z,2021,0,,,,,,,,,HE_ELEC,SHARE,0.01,A,GNB_EHCVM2021_LEGACY_v1,
dataflow,WB.AFW360:AFW360_HH(0.3.0),R,A,GNB,GW07,SURVEY,HE_EMP_EXT_ANY,_Z,_Z,_T,_T,_T,_T,_T,_T,_Z,_Z,_Z,_Z,_Z,2021,1,,,,,,,,,HE_EMP_EXT_ANY,SHARE,0.01,A,GNB_EHCVM2021_LEGACY_v1,LEGACY_SUSPECT: Implausible: share 1.00 while mean non-HH employees is 0.48.
dataflow,WB.AFW360:AFW360_HH(0.3.0),R,A,GNB,GW07,SURVEY,HE_EMP_HH_NUM,_Z,_Z,_T,_T,_T,_T,_T,_T,_Z,_Z,_Z,_Z,_Z,2021,0,,,,,,,,,HE_EMP_HH_NUM,PERSON,0.01,A,GNB_EHCVM2021_LEGACY_v1,
dataflow,WB.AFW360:AFW360_HH(0.3.0),R,A,GNB,GW07,SURVEY,HE_EMP_NONHH_NUM,_Z,_Z,_T,_T,_T,_T,_T,_T,_Z,_Z,_Z,_Z,_Z,2021,0.18,,,,,,,,,HE_EMP_NONHH_NUM,PERSON,0.01,A,GNB_EHCVM2021_LEGACY_v1,
dataflow,WB.AFW360:AFW360_HH(0.3.0),R,A,GNB,GW07,SURVEY,HE_EMP_NUM,_Z,_Z,_T,_T,_T,_T,_T,_T,_Z,_Z,_Z,_Z,_Z,2021,0,,,,,,,,,HE_EMP_NUM,PERSON,0.01,A,GNB_EHCVM2021_LEGACY_v1,
dataflow,WB.AFW360:AFW360_HH(0.3.0),R,A,GNB,GW07,SURVEY,HE_HH_OWNER,_Z,_Z,_T,_T,_T,_T,_T,_T,_Z,_Z,_Z,_Z,_Z,2021,0.29,,,,,,,,,HE_HH_OWNER,SHARE,0.01,A,GNB_EHCVM2021_LEGACY_v1,
dataflow,WB.AFW360:AFW360_HH(0.3.0),R,A,GNB,GW07,SURVEY,HE_HOME_BASED,_Z,_Z,_T,_T,_T,_T,_T,_T,_Z,_Z,_Z,_Z,_Z,2021,0.6,,,,,,,,,HE_HOME_BASED,SHARE,0.01,A,GNB_EHCVM2021_LEGACY_v1,
dataflow,WB.AFW360:AFW360_HH(0.3.0),R,A,GNB,GW07,SURVEY,HE_PHONE,_Z,_Z,_T,_T,_T,_T,_T,_T,_Z,_Z,_Z,_Z,_Z,2021,0.91,,,,,,,,,HE_PHONE,SHARE,0.01,A,GNB_EHCVM2021_LEGACY_v1,
dataflow,WB.AFW360:AFW360_HH(0.3.0),R,A,GNB,GW07,SURVEY,HE_PREMISES_FORMAL,_Z,_Z,_T,_T,_T,_T,_T,_T,_Z,_Z,_Z,_Z,_Z,2021,0.1,,,,,,,,,HE_PREMISES_FORMAL,SHARE,0.01,A,GNB_EHCVM2021_LEGACY_v1,
dataflow,WB.AFW360:AFW360_HH(0.3.0),R,A,GNB,GW07,SURVEY,HE_PROFIT,_Z,_Z,_T,_T,_T,_T,_T,_T,_Z,_Z,_Z,_Z,_Z,2021,2375.69,,,,,,,,,HE_PROFIT,XOF,0.01,A,GNB_EHCVM2021_LEGACY_v1,
dataflow,WB.AFW360:AFW360_HH(0.3.0),R,A,GNB,GW07,SURVEY,HE_RENT,_Z,_Z,_T,_T,_T,_T,_T,_T,_Z,_Z,_Z,_Z,_Z,2021,1,,,,,,,,,HE_RENT,SHARE,0.01,A,GNB_EHCVM2021_LEGACY_v1,
dataflow,WB.AFW360:AFW360_HH(0.3.0),R,A,GNB,GW07,SURVEY,HE_REV_PER_WORKER,_Z,_Z,_T,_T,_T,_T,_T,_T,_Z,_Z,_Z,_Z,_Z,2021,NaN,,,,,,,,,HE_REV_PER_WORKER,XOF,0.01,O,GNB_EHCVM2021_LEGACY_v1,"LEGACY_EMPTY: empty cell in sheet 'ADM 1', column 'estimateQuinara'"
dataflow,WB.AFW360:AFW360_HH(0.3.0),R,A,GNB,GW07,SURVEY,HE_SELL_FIRMS,_Z,_Z,_T,_T,_T,_T,_T,_T,_Z,_Z,_Z,_Z,_Z,2021,0,,,,,,,,,HE_SELL_FIRMS,SHARE,0.01,A,GNB_EHCVM2021_LEGACY_v1,
dataflow,WB.AFW360:AFW360_HH(0.3.0),R,A,GNB,GW07,SURVEY,HE_TAX_ID,_Z,_Z,_T,_T,_T,_T,_T,_T,_Z,_Z,_Z,_Z,_Z,2021,0.08,,,,,,,,,HE_TAX_ID,SHARE,0.01,A,GNB_EHCVM2021_LEGACY_v1,
dataflow,WB.AFW360:AFW360_HH(0.3.0),R,A,GNB,GW07,SURVEY,HE_WATER,_Z,_Z,_T,_T,_T,_T,_T,_T,_Z,_Z,_Z,_Z,_Z,2021,0,,,,,,,,,HE_WATER,SHARE,0.01,A,GNB_EHCVM2021_LEGACY_v1,
dataflow,WB.AFW360:AFW360_HH(0.3.0),R,A,GNB,GW07,SURVEY,HOUS_FLOOR_DURABLE,_Z,_Z,_T,_T,_T,_T,_T,_T,_Z,_Z,_Z,_Z,_Z,2021,0.41,,,,,,,,,HOUS_FLOOR_DURABLE,SHARE,0.01,A,GNB_EHCVM2021_LEGACY_v1,
dataflow,WB.AFW360:AFW360_HH(0.3.0),R,A,GNB,GW07,SURVEY,HOUS_ROOF_DURABLE,_Z,_Z,_T,_T,_T,_T,_T,_T,_Z,_Z,_Z,_Z,_Z,2021,0.83,,,,,,,,,HOUS_ROOF_DURABLE,SHARE,0.01,A,GNB_EHCVM2021_LEGACY_v1,
dataflow,WB.AFW360:AFW360_HH(0.3.0),R,A,GNB,GW07,SURVEY,HOUS_SANIT_IMPROVED,_Z,_Z,_T,_T,_T,_T,_T,_T,_Z,_Z,_Z,_Z,_Z,2021,0.05,,,,,,,,,HOUS_SANIT_IMPROVED,SHARE,0.01,A,GNB_EHCVM2021_LEGACY_v1,
dataflow,WB.AFW360:AFW360_HH(0.3.0),R,A,GNB,GW07,SURVEY,HOUS_WALL_DURABLE,_Z,_Z,_T,_T,_T,_T,_T,_T,_Z,_Z,_Z,_Z,_Z,2021,0.34,,,,,,,,,HOUS_WALL_DURABLE,SHARE,0.01,A,GNB_EHCVM2021_LEGACY_v1,
dataflow,WB.AFW360:AFW360_HH(0.3.0),R,A,GNB,GW07,SURVEY,HOUS_WATER_SAFE_DRY,_Z,_Z,_T,_T,_T,_T,_T,_T,_Z,_Z,_Z,_Z,_Z,2021,0.67,,,,,,,,,HOUS_WATER_SAFE_DRY,SHARE,0.01,A,GNB_EHCVM2021_LEGACY_v1,
dataflow,WB.AFW360:AFW360_HH(0.3.0),R,A,GNB,GW07,SURVEY,POP_HE_SH,_Z,_Z,_T,HEO_MSTAT_MARRIED,_T,_T,_T,_T,_Z,_Z,_Z,_Z,_Z,2021,0.3,,,,,,,,,POP_HE_SH.HEO_MSTAT_MARRIED,SHARE,0.01,A,GNB_EHCVM2021_LEGACY_v1,
dataflow,WB.AFW360:AFW360_HH(0.3.0),R,A,GNB,GW07,SURVEY,POP_HE_SH,_Z,_Z,_T,HEO_SEX_F,_T,_T,_T,_T,_Z,_Z,_Z,_Z,_Z,2021,0.53,,,,,,,,,POP_HE_SH.HEO_SEX_F,SHARE,0.01,A,GNB_EHCVM2021_LEGACY_v1,
dataflow,WB.AFW360:AFW360_HH(0.3.0),R,A,GNB,GW07,SURVEY,POP_HH_SH,_Z,_Z,_T,HE_COUNT_0,_T,_T,_T,_T,_Z,_Z,_Z,_Z,_Z,2021,0.34,,,,,,,,,POP_HH_SH.HE_COUNT_0,SHARE,0.01,A,GNB_EHCVM2021_LEGACY_v1,
dataflow,WB.AFW360:AFW360_HH(0.3.0),R,A,GNB,GW07,SURVEY,POP_HH_SH,_Z,_Z,_T,HE_COUNT_1,_T,_T,_T,_T,_Z,_Z,_Z,_Z,_Z,2021,0.49,,,,,,,,,POP_HH_SH.HE_COUNT_1,SHARE,0.01,A,GNB_EHCVM2021_LEGACY_v1,
dataflow,WB.AFW360:AFW360_HH(0.3.0),R,A,GNB,GW07,SURVEY,POP_HH_SH,_Z,_Z,_T,HE_COUNT_2,_T,_T,_T,_T,_Z,_Z,_Z,_Z,_Z,2021,0.17,,,,,,,,,POP_HH_SH.HE_COUNT_2,SHARE,0.01,A,GNB_EHCVM2021_LEGACY_v1,
dataflow,WB.AFW360:AFW360_HH(0.3.0),R,A,GNB,GW07,SURVEY,POP_HH_SH,_Z,_Z,_T,HE_COUNT_3,_T,_T,_T,_T,_Z,_Z,_Z,_Z,_Z,2021,0,,,,,,,,,POP_HH_SH.HE_COUNT_3,SHARE,0.01,A,GNB_EHCVM2021_LEGACY_v1,
dataflow,WB.AFW360:AFW360_HH(0.3.0),R,A,GNB,GW07,SURVEY,POP_HH_SH,_Z,_Z,_T,HE_COUNT_4P,_T,_T,_T,_T,_Z,_Z,_Z,_Z,_Z,2021,0.01,,,,,,,,,POP_HH_SH.HE_COUNT_4P,SHARE,0.01,A,GNB_EHCVM2021_LEGACY_v1,
dataflow,WB.AFW360:AFW360_HH(0.3.0),R,A,GNB,GW07,SURVEY,POP_SH,_T,_T,_T,EMP_FORMAL_N,_T,_T,_T,_T,_Z,_Z,_Z,_Z,_Z,2021,0.9,,,,,,,,,POP_SH.EMP_FORMAL_N,SHARE,0.01,A,GNB_EHCVM2021_LEGACY_v1,
dataflow,WB.AFW360:AFW360_HH(0.3.0),R,A,GNB,GW07,SURVEY,POP_SH,_T,_T,_T,EMP_ISIC_G,_T,_T,_T,_T,_Z,_Z,_Z,_Z,_Z,2021,0.08,,,,,,,,,POP_SH.EMP_ISIC_G,SHARE,0.01,A,GNB_EHCVM2021_LEGACY_v1,
dataflow,WB.AFW360:AFW360_HH(0.3.0),R,A,GNB,GW07,SURVEY,POP_SH,_T,_T,_T,EMP_ISIC_H,_T,_T,_T,_T,_Z,_Z,_Z,_Z,_Z,2021,0,,,,,,,,,POP_SH.EMP_ISIC_H,SHARE,0.01,A,GNB_EHCVM2021_LEGACY_v1,
dataflow,WB.AFW360:AFW360_HH(0.3.0),R,A,GNB,GW07,SURVEY,POP_SH,_T,_T,_T,EMP_SECTOR_AGR,_T,_T,_T,_T,_Z,_Z,_Z,_Z,_Z,2021,0.84,,,,,,,,,POP_SH.EMP_SECTOR_AGR,SHARE,0.01,A,GNB_EHCVM2021_LEGACY_v1,
dataflow,WB.AFW360:AFW360_HH(0.3.0),R,A,GNB,GW07,SURVEY,POP_SH,_T,_T,_T,EMP_SECTOR_IND,_T,_T,_T,_T,_Z,_Z,_Z,_Z,_Z,2021,0.04,,,,,,,,,POP_SH.EMP_SECTOR_IND,SHARE,0.01,A,GNB_EHCVM2021_LEGACY_v1,
dataflow,WB.AFW360:AFW360_HH(0.3.0),R,A,GNB,GW07,SURVEY,POP_SH,_T,_T,_T,EMP_SECTOR_SER,_T,_T,_T,_T,_Z,_Z,_Z,_Z,_Z,2021,0.11,,,,,,,,,POP_SH.EMP_SECTOR_SER,SHARE,0.01,A,GNB_EHCVM2021_LEGACY_v1,
dataflow,WB.AFW360:AFW360_HH(0.3.0),R,A,GNB,GW07,SURVEY,POP_SH,_T,_T,_T,EMP_STATUS_EMPLOYED,_T,_T,_T,_T,_Z,_Z,_Z,_Z,_Z,2021,0.83,,,,,,,,,POP_SH.EMP_STATUS_EMPLOYED,SHARE,0.01,A,GNB_EHCVM2021_LEGACY_v1,
dataflow,WB.AFW360:AFW360_HH(0.3.0),R,A,GNB,GW07,SURVEY,POP_SH,_T,_T,_T,EMP_TYPE_NONWAGE,_T,_T,_T,_T,_Z,_Z,_Z,_Z,_Z,2021,0.94,,,,,,,,,POP_SH.EMP_TYPE_NONWAGE,SHARE,0.01,A,GNB_EHCVM2021_LEGACY_v1,
dataflow,WB.AFW360:AFW360_HH(0.3.0),R,A,GNB,GW07,SURVEY,POP_SH,_T,_T,_T,EMP_TYPE_WAGE,_T,_T,_T,_T,_Z,_Z,_Z,_Z,_Z,2021,0.06,,,,,,,,,POP_SH.EMP_TYPE_WAGE,SHARE,0.01,A,GNB_EHCVM2021_LEGACY_v1,
dataflow,WB.AFW360:AFW360_HH(0.3.0),R,A,GNB,GW07,SURVEY,POV_HC,_T,_T,_T,_T,_T,_T,_T,_T,POVLINE_PL300,PPP_2021,_Z,_Z,_Z,2021,0.59,,,,,,,,,POV_HC.POVLINE_PL300.PPP_2021,SHARE,0.01,A,GNB_EHCVM2021_LEGACY_v1,
dataflow,WB.AFW360:AFW360_HH(0.3.0),R,A,GNB,GW07,SURVEY,POV_HC,_T,_T,_T,_T,_T,_T,_T,_T,POVLINE_PL420,PPP_2021,_Z,_Z,_Z,2021,0.85,,,,,,,,,POV_HC.POVLINE_PL420.PPP_2021,SHARE,0.01,A,GNB_EHCVM2021_LEGACY_v1,
dataflow,WB.AFW360:AFW360_HH(0.3.0),R,A,GNB,GW07,SURVEY,POV_NUM,_T,_T,_T,_T,_T,_T,_T,_T,POVLINE_PL300,PPP_2021,_Z,_Z,_Z,2021,50000,,,,,,,,,POV_NUM.POVLINE_PL300.PPP_2021,PERSON,10000,A,GNB_EHCVM2021_LEGACY_v1,
dataflow,WB.AFW360:AFW360_HH(0.3.0),R,A,GNB,GW07,SURVEY,POV_NUM,_T,_T,_T,_T,_T,_T,_T,_T,POVLINE_PL420,PPP_2021,_Z,_Z,_Z,2021,70000,,,,,,,,,POV_NUM.POVLINE_PL420.PPP_2021,PERSON,10000,A,GNB_EHCVM2021_LEGACY_v1,
dataflow,WB.AFW360:AFW360_HH(0.3.0),R,A,GNB,GW07,SURVEY,SHK_ANY,_Z,_Z,_T,_T,_T,_T,_T,_T,_Z,_Z,_Z,_Z,_Z,2021,0.96,,,,,,,,,SHK_ANY,SHARE,0.01,A,GNB_EHCVM2021_LEGACY_v1,
dataflow,WB.AFW360:AFW360_HH(0.3.0),R,A,GNB,GW07,SURVEY,SHK_COV_CONFLICT,_Z,_Z,_T,_T,_T,_T,_T,_T,_Z,_Z,_Z,_Z,_Z,2021,0.07,,,,,,,,,SHK_COV_CONFLICT,SHARE,0.01,A,GNB_EHCVM2021_LEGACY_v1,
dataflow,WB.AFW360:AFW360_HH(0.3.0),R,A,GNB,GW07,SURVEY,SHK_COV_ECON,_Z,_Z,_T,_T,_T,_T,_T,_T,_Z,_Z,_Z,_Z,_Z,2021,0.66,,,,,,,,,SHK_COV_ECON,SHARE,0.01,A,GNB_EHCVM2021_LEGACY_v1,
dataflow,WB.AFW360:AFW360_HH(0.3.0),R,A,GNB,GW07,SURVEY,SHK_COV_NATURAL,_Z,_Z,_T,_T,_T,_T,_T,_T,_Z,_Z,_Z,_Z,_Z,2021,0.49,,,,,,,,,SHK_COV_NATURAL,SHARE,0.01,A,GNB_EHCVM2021_LEGACY_v1,
dataflow,WB.AFW360:AFW360_HH(0.3.0),R,A,GNB,GW07,SURVEY,SHK_IDIO_ECON,_Z,_Z,_T,_T,_T,_T,_T,_T,_Z,_Z,_Z,_Z,_Z,2021,0.39,,,,,,,,,SHK_IDIO_ECON,SHARE,0.01,A,GNB_EHCVM2021_LEGACY_v1,
dataflow,WB.AFW360:AFW360_HH(0.3.0),R,A,GNB,GW07,SURVEY,SP_HEALTH_COV,_T,_T,_T,_T,_T,_T,_T,_T,_Z,_Z,_Z,_Z,_Z,2021,0,,,,,,,,,SP_HEALTH_COV,SHARE,0.01,A,GNB_EHCVM2021_LEGACY_v1,
dataflow,WB.AFW360:AFW360_HH(0.3.0),R,A,GNB,GW07,SURVEY,SP_HEALTH_COV_HH,_Z,_Z,_T,_T,_T,_T,_T,_T,_Z,_Z,_Z,_Z,_Z,2021,0,,,,,,,,,SP_HEALTH_COV_HH,SHARE,0.01,A,GNB_EHCVM2021_LEGACY_v1,
dataflow,WB.AFW360:AFW360_HH(0.3.0),R,A,GNB,GW08,SURVEY,AGR_CULTIVATES,_Z,_Z,_T,_T,_T,_T,_T,_T,_Z,_Z,_Z,_Z,_Z,2021,0.08,,,,,,,,,AGR_CULTIVATES,SHARE,0.01,A,GNB_EHCVM2021_LEGACY_v1,
dataflow,WB.AFW360:AFW360_HH(0.3.0),R,A,GNB,GW08,SURVEY,AGR_CULT_AREA,_Z,_Z,_T,_T,_T,_T,_T,_T,_Z,_Z,_Z,_Z,_Z,2021,1.3,,,,,,,,,AGR_CULT_AREA,HA,0.01,A,GNB_EHCVM2021_LEGACY_v1,
dataflow,WB.AFW360:AFW360_HH(0.3.0),R,A,GNB,GW08,SURVEY,AGR_LIVESTOCK_ANY,_Z,_Z,_T,_T,_T,_T,_T,_T,_Z,_Z,_Z,_Z,_Z,2021,0.22,,,,,,,,,AGR_LIVESTOCK_ANY,SHARE,0.01,A,GNB_EHCVM2021_LEGACY_v1,
dataflow,WB.AFW360:AFW360_HH(0.3.0),R,A,GNB,GW08,SURVEY,AGR_TLU,_Z,_Z,_T,_T,_T,_T,_T,_T,_Z,_Z,_Z,_Z,_Z,2021,0.13,,,,,,,,,AGR_TLU,TLU,0.01,A,GNB_EHCVM2021_LEGACY_v1,
dataflow,WB.AFW360:AFW360_HH(0.3.0),R,A,GNB,GW08,SURVEY,CONS_SH,_Z,_Z,_T,_T,_T,_T,_T,_T,COICOP_CP01,ACQ_OWNPROD,_Z,_Z,_Z,2021,0.01,,,,,,,,,CONS_SH.COICOP_CP01.ACQ_OWNPROD,SHARE,0.01,A,GNB_EHCVM2021_LEGACY_v1,
dataflow,WB.AFW360:AFW360_HH(0.3.0),R,A,GNB,GW08,SURVEY,CONS_SH,_Z,_Z,_T,_T,_T,_T,_T,_T,COICOP_CP01,ACQ_PURCH,_Z,_Z,_Z,2021,0.29,,,,,,,,,CONS_SH.COICOP_CP01.ACQ_PURCH,SHARE,0.01,A,GNB_EHCVM2021_LEGACY_v1,
dataflow,WB.AFW360:AFW360_HH(0.3.0),R,A,GNB,GW08,SURVEY,CONS_SH,_Z,_Z,_T,_T,_T,_T,_T,_T,COICOP_CP01,_Z,_Z,_Z,_Z,2021,0.33,,,,,,,,,CONS_SH.COICOP_CP01,SHARE,0.01,A,GNB_EHCVM2021_LEGACY_v1,
dataflow,WB.AFW360:AFW360_HH(0.3.0),R,A,GNB,GW08,SURVEY,CONS_SH,_Z,_Z,_T,_T,_T,_T,_T,_T,COICOP_CP02,_Z,_Z,_Z,_Z,2021,0.01,,,,,,,,,CONS_SH.COICOP_CP02,SHARE,0.01,A,GNB_EHCVM2021_LEGACY_v1,
dataflow,WB.AFW360:AFW360_HH(0.3.0),R,A,GNB,GW08,SURVEY,CONS_SH,_Z,_Z,_T,_T,_T,_T,_T,_T,COICOP_CP03,_Z,_Z,_Z,_Z,2021,0.05,,,,,,,,,CONS_SH.COICOP_CP03,SHARE,0.01,A,GNB_EHCVM2021_LEGACY_v1,
dataflow,WB.AFW360:AFW360_HH(0.3.0),R,A,GNB,GW08,SURVEY,CONS_SH,_Z,_Z,_T,_T,_T,_T,_T,_T,COICOP_CP04,_Z,_Z,_Z,_Z,2021,0.17,,,,,,,,,CONS_SH.COICOP_CP04,SHARE,0.01,A,GNB_EHCVM2021_LEGACY_v1,
dataflow,WB.AFW360:AFW360_HH(0.3.0),R,A,GNB,GW08,SURVEY,CONS_SH,_Z,_Z,_T,_T,_T,_T,_T,_T,COICOP_CP05,_Z,_Z,_Z,_Z,2021,0.05,,,,,,,,,CONS_SH.COICOP_CP05,SHARE,0.01,A,GNB_EHCVM2021_LEGACY_v1,
dataflow,WB.AFW360:AFW360_HH(0.3.0),R,A,GNB,GW08,SURVEY,CONS_SH,_Z,_Z,_T,_T,_T,_T,_T,_T,COICOP_CP06,_Z,_Z,_Z,_Z,2021,0.03,,,,,,,,,CONS_SH.COICOP_CP06,SHARE,0.01,A,GNB_EHCVM2021_LEGACY_v1,
dataflow,WB.AFW360:AFW360_HH(0.3.0),R,A,GNB,GW08,SURVEY,CONS_SH,_Z,_Z,_T,_T,_T,_T,_T,_T,COICOP_CP07,_Z,_Z,_Z,_Z,2021,0.06,,,,,,,,,CONS_SH.COICOP_CP07,SHARE,0.01,A,GNB_EHCVM2021_LEGACY_v1,
dataflow,WB.AFW360:AFW360_HH(0.3.0),R,A,GNB,GW08,SURVEY,CONS_SH,_Z,_Z,_T,_T,_T,_T,_T,_T,COICOP_CP08,_Z,_Z,_Z,_Z,2021,0.09,,,,,,,,,CONS_SH.COICOP_CP08,SHARE,0.01,A,GNB_EHCVM2021_LEGACY_v1,
dataflow,WB.AFW360:AFW360_HH(0.3.0),R,A,GNB,GW08,SURVEY,CONS_SH,_Z,_Z,_T,_T,_T,_T,_T,_T,COICOP_CP09,_Z,_Z,_Z,_Z,2021,0.01,,,,,,,,,CONS_SH.COICOP_CP09,SHARE,0.01,A,GNB_EHCVM2021_LEGACY_v1,
dataflow,WB.AFW360:AFW360_HH(0.3.0),R,A,GNB,GW08,SURVEY,CONS_SH,_Z,_Z,_T,_T,_T,_T,_T,_T,COICOP_CP10,_Z,_Z,_Z,_Z,2021,0.05,,,,,,,,,CONS_SH.COICOP_CP10,SHARE,0.01,A,GNB_EHCVM2021_LEGACY_v1,
dataflow,WB.AFW360:AFW360_HH(0.3.0),R,A,GNB,GW08,SURVEY,CONS_SH,_Z,_Z,_T,_T,_T,_T,_T,_T,COICOP_CP11,_Z,_Z,_Z,_Z,2021,0.14,,,,,,,,,CONS_SH.COICOP_CP11,SHARE,0.01,A,GNB_EHCVM2021_LEGACY_v1,
dataflow,WB.AFW360:AFW360_HH(0.3.0),R,A,GNB,GW08,SURVEY,CONS_SH,_Z,_Z,_T,_T,_T,_T,_T,_T,COICOP_CP12,_Z,_Z,_Z,_Z,2021,0,,,,,,,,,CONS_SH.COICOP_CP12,SHARE,0.01,A,GNB_EHCVM2021_LEGACY_v1,
dataflow,WB.AFW360:AFW360_HH(0.3.0),R,A,GNB,GW08,SURVEY,CONS_SH,_Z,_Z,_T,_T,_T,_T,_T,_T,COICOP_CP13,_Z,_Z,_Z,_Z,2021,0.02,,,,,,,,,CONS_SH.COICOP_CP13,SHARE,0.01,A,GNB_EHCVM2021_LEGACY_v1,
dataflow,WB.AFW360:AFW360_HH(0.3.0),R,A,GNB,GW08,SURVEY,EN_ASSET_AC,_Z,_Z,_T,_T,_T,_T,_T,_T,_Z,_Z,_Z,_Z,_Z,2021,0.03,,,,,,,,,EN_ASSET_AC,SHARE,0.01,A,GNB_EHCVM2021_LEGACY_v1,
dataflow,WB.AFW360:AFW360_HH(0.3.0),R,A,GNB,GW08,SURVEY,EN_ASSET_COOKER,_Z,_Z,_T,_T,_T,_T,_T,_T,_Z,_Z,_Z,_Z,_Z,2021,0.13,,,,,,,,,EN_ASSET_COOKER,SHARE,0.01,A,GNB_EHCVM2021_LEGACY_v1,
dataflow,WB.AFW360:AFW360_HH(0.3.0),R,A,GNB,GW08,SURVEY,EN_ASSET_FAN,_Z,_Z,_T,_T,_T,_T,_T,_T,_Z,_Z,_Z,_Z,_Z,2021,0.07,,,,,,,,,EN_ASSET_FAN,SHARE,0.01,A,GNB_EHCVM2021_LEGACY_v1,
dataflow,WB.AFW360:AFW360_HH(0.3.0),R,A,GNB,GW08,SURVEY,EN_ASSET_WATER_HEATER,_Z,_Z,_T,_T,_T,_T,_T,_T,_Z,_Z,_Z,_Z,_Z,2021,0.07,,,,,,,,,EN_ASSET_WATER_HEATER,SHARE,0.01,A,GNB_EHCVM2021_LEGACY_v1,
dataflow,WB.AFW360:AFW360_HH(0.3.0),R,A,GNB,GW08,SURVEY,EN_COOK_BIOMASS,_Z,_Z,_T,_T,_T,_T,_T,_T,_Z,_Z,_Z,_Z,_Z,2021,0.94,,,,,,,,,EN_COOK_BIOMASS,SHARE,0.01,A,GNB_EHCVM2021_LEGACY_v1,
dataflow,WB.AFW360:AFW360_HH(0.3.0),R,A,GNB,GW08,SURVEY,EN_COOK_CLEAN,_Z,_Z,_T,_T,_T,_T,_T,_T,_Z,_Z,_Z,_Z,_Z,2021,0.05,,,,,,,,,EN_COOK_CLEAN,SHARE,0.01,A,GNB_EHCVM2021_LEGACY_v1,
dataflow,WB.AFW360:AFW360_HH(0.3.0),R,A,GNB,GW08,SURVEY,EN_ELEC_ACCESS,_Z,_Z,_T,_T,_T,_T,_T,_T,_Z,_Z,_Z,_Z,_Z,2021,0.7,,,,,,,,,EN_ELEC_ACCESS,SHARE,0.01,A,GNB_EHCVM2021_LEGACY_v1,
dataflow,WB.AFW360:AFW360_HH(0.3.0),R,A,GNB,GW08,SURVEY,EN_ELEC_INFORMAL,_Z,_Z,_T,_T,_T,_T,_T,_T,_Z,_Z,_Z,_Z,_Z,2021,0.04,,,,,,,,,EN_ELEC_INFORMAL,SHARE,0.01,A,GNB_EHCVM2021_LEGACY_v1,
dataflow,WB.AFW360:AFW360_HH(0.3.0),R,A,GNB,GW08,SURVEY,EN_ELEC_SPEND,_Z,_Z,_T,_T,_T,_T,_T,_T,_Z,_Z,_Z,_Z,_Z,2021,14097.7,,,,,,,,,EN_ELEC_SPEND,XOF,0.01,A,GNB_EHCVM2021_LEGACY_v1,
dataflow,WB.AFW360:AFW360_HH(0.3.0),R,A,GNB,GW08,SURVEY,EN_GRID_CONN,_Z,_Z,_T,_T,_T,_T,_T,_T,_Z,_Z,_Z,_Z,_Z,2021,0.71,,,,,,,,,EN_GRID_CONN,SHARE,0.01,A,GNB_EHCVM2021_LEGACY_v1,
dataflow,WB.AFW360:AFW360_HH(0.3.0),R,A,GNB,GW08,SURVEY,EN_GRID_USE,_Z,_Z,_T,_T,_T,_T,_T,_T,_Z,_Z,_Z,_Z,_Z,2021,0.8,,,,,,,,,EN_GRID_USE,SHARE,0.01,A,GNB_EHCVM2021_LEGACY_v1,
dataflow,WB.AFW360:AFW360_HH(0.3.0),R,A,GNB,GW08,SURVEY,EN_LIGHT_IMPROVED,_Z,_Z,_T,_T,_T,_T,_T,_T,_Z,_Z,_Z,_Z,_Z,2021,0.8,,,,,,,,,EN_LIGHT_IMPROVED,SHARE,0.01,A,GNB_EHCVM2021_LEGACY_v1,
dataflow,WB.AFW360:AFW360_HH(0.3.0),R,A,GNB,GW08,SURVEY,EN_OFFGRID_USE,_Z,_Z,_T,_T,_T,_T,_T,_T,_Z,_Z,_Z,_Z,_Z,2021,0.04,,,,,,,,,EN_OFFGRID_USE,SHARE,0.01,A,GNB_EHCVM2021_LEGACY_v1,
dataflow,WB.AFW360:AFW360_HH(0.3.0),R,A,GNB,GW08,SURVEY,EN_OUTAGE_ANY,_Z,_Z,_T,_T,_T,_T,_T,_T,_Z,_Z,_Z,_Z,_Z,2021,0.27,,,,,,,,,EN_OUTAGE_ANY,SHARE,0.01,A,GNB_EHCVM2021_LEGACY_v1,
dataflow,WB.AFW360:AFW360_HH(0.3.0),R,A,GNB,GW08,SURVEY,EN_OUTAGE_DAYS,_Z,_Z,_T,_T,_T,_T,_T,_T,_Z,_Z,_Z,_Z,_Z,2021,2.02,,,,,,,,,EN_OUTAGE_DAYS,DAY,0.01,A,GNB_EHCVM2021_LEGACY_v1,
dataflow,WB.AFW360:AFW360_HH(0.3.0),R,A,GNB,GW08,SURVEY,EN_OUTAGE_DUR_CODE,_Z,_Z,_T,_T,_T,_T,_T,_T,_Z,_Z,_Z,_Z,_Z,2021,2.85,,,,,,,,,EN_OUTAGE_DUR_CODE,INDEX,0.01,A,GNB_EHCVM2021_LEGACY_v1,
dataflow,WB.AFW360:AFW360_HH(0.3.0),R,A,GNB,GW08,SURVEY,EN_PREPAID_METER,_Z,_Z,_T,_T,_T,_T,_T,_T,_Z,_Z,_Z,_Z,_Z,2021,0.65,,,,,,,,,EN_PREPAID_METER,SHARE,0.01,A,GNB_EHCVM2021_LEGACY_v1,
dataflow,WB.AFW360:AFW360_HH(0.3.0),R,A,GNB,GW08,SURVEY,HE_ACCOUNTS,_Z,_Z,_T,_T,_T,_T,_T,_T,_Z,_Z,_Z,_Z,_Z,2021,0.04,,,,,,,,,HE_ACCOUNTS,SHARE,0.01,A,GNB_EHCVM2021_LEGACY_v1,
dataflow,WB.AFW360:AFW360_HH(0.3.0),R,A,GNB,GW08,SURVEY,HE_AGE,_Z,_Z,_T,_T,_T,_T,_T,_T,_Z,_Z,_Z,_Z,_Z,2021,5.88,,,,,,,,,HE_AGE,YEAR,0.01,A,GNB_EHCVM2021_LEGACY_v1,
dataflow,WB.AFW360:AFW360_HH(0.3.0),R,A,GNB,GW08,SURVEY,HE_BUY_FIRMS,_Z,_Z,_T,_T,_T,_T,_T,_T,_Z,_Z,_Z,_Z,_Z,2021,0.19,,,,,,,,,HE_BUY_FIRMS,SHARE,0.01,A,GNB_EHCVM2021_LEGACY_v1,
dataflow,WB.AFW360:AFW360_HH(0.3.0),R,A,GNB,GW08,SURVEY,HE_CAPITAL,_Z,_Z,_T,_T,_T,_T,_T,_T,_Z,_Z,_Z,_Z,_Z,2021,7170.22,,,,,,,,,HE_CAPITAL,XOF,0.01,A,GNB_EHCVM2021_LEGACY_v1,
dataflow,WB.AFW360:AFW360_HH(0.3.0),R,A,GNB,GW08,SURVEY,HE_COSTS,_Z,_Z,_T,_T,_T,_T,_T,_T,_Z,_Z,_Z,_Z,_Z,2021,5762.63,,,,,,,,,HE_COSTS,XOF,0.01,A,GNB_EHCVM2021_LEGACY_v1,
dataflow,WB.AFW360:AFW360_HH(0.3.0),R,A,GNB,GW08,SURVEY,HE_CREDIT_ANY,_Z,_Z,_T,_T,_T,_T,_T,_T,_Z,_Z,_Z,_Z,_Z,2021,0.26,,,,,,,,,HE_CREDIT_ANY,SHARE,0.01,A,GNB_EHCVM2021_LEGACY_v1,
dataflow,WB.AFW360:AFW360_HH(0.3.0),R,A,GNB,GW08,SURVEY,HE_CREDIT_FORMAL,_Z,_Z,_T,_T,_T,_T,_T,_T,_Z,_Z,_Z,_Z,_Z,2021,0.01,,,,,,,,,HE_CREDIT_FORMAL,SHARE,0.01,A,GNB_EHCVM2021_LEGACY_v1,
dataflow,WB.AFW360:AFW360_HH(0.3.0),R,A,GNB,GW08,SURVEY,HE_CREDIT_INFORMAL,_Z,_Z,_T,_T,_T,_T,_T,_T,_Z,_Z,_Z,_Z,_Z,2021,0.24,,,,,,,,,HE_CREDIT_INFORMAL,SHARE,0.01,A,GNB_EHCVM2021_LEGACY_v1,
dataflow,WB.AFW360:AFW360_HH(0.3.0),R,A,GNB,GW08,SURVEY,HE_ELEC,_Z,_Z,_T,_T,_T,_T,_T,_T,_Z,_Z,_Z,_Z,_Z,2021,0.83,,,,,,,,,HE_ELEC,SHARE,0.01,A,GNB_EHCVM2021_LEGACY_v1,
dataflow,WB.AFW360:AFW360_HH(0.3.0),R,A,GNB,GW08,SURVEY,HE_EMP_EXT_ANY,_Z,_Z,_T,_T,_T,_T,_T,_T,_Z,_Z,_Z,_Z,_Z,2021,1,,,,,,,,,HE_EMP_EXT_ANY,SHARE,0.01,A,GNB_EHCVM2021_LEGACY_v1,LEGACY_SUSPECT: Implausible: share 1.00 while mean non-HH employees is 0.48.
dataflow,WB.AFW360:AFW360_HH(0.3.0),R,A,GNB,GW08,SURVEY,HE_EMP_HH_NUM,_Z,_Z,_T,_T,_T,_T,_T,_T,_Z,_Z,_Z,_Z,_Z,2021,0,,,,,,,,,HE_EMP_HH_NUM,PERSON,0.01,A,GNB_EHCVM2021_LEGACY_v1,
dataflow,WB.AFW360:AFW360_HH(0.3.0),R,A,GNB,GW08,SURVEY,HE_EMP_NONHH_NUM,_Z,_Z,_T,_T,_T,_T,_T,_T,_Z,_Z,_Z,_Z,_Z,2021,0.64,,,,,,,,,HE_EMP_NONHH_NUM,PERSON,0.01,A,GNB_EHCVM2021_LEGACY_v1,
dataflow,WB.AFW360:AFW360_HH(0.3.0),R,A,GNB,GW08,SURVEY,HE_EMP_NUM,_Z,_Z,_T,_T,_T,_T,_T,_T,_Z,_Z,_Z,_Z,_Z,2021,0.46,,,,,,,,,HE_EMP_NUM,PERSON,0.01,A,GNB_EHCVM2021_LEGACY_v1,
dataflow,WB.AFW360:AFW360_HH(0.3.0),R,A,GNB,GW08,SURVEY,HE_HH_OWNER,_Z,_Z,_T,_T,_T,_T,_T,_T,_Z,_Z,_Z,_Z,_Z,2021,0.67,,,,,,,,,HE_HH_OWNER,SHARE,0.01,A,GNB_EHCVM2021_LEGACY_v1,
dataflow,WB.AFW360:AFW360_HH(0.3.0),R,A,GNB,GW08,SURVEY,HE_HOME_BASED,_Z,_Z,_T,_T,_T,_T,_T,_T,_Z,_Z,_Z,_Z,_Z,2021,0.59,,,,,,,,,HE_HOME_BASED,SHARE,0.01,A,GNB_EHCVM2021_LEGACY_v1,
dataflow,WB.AFW360:AFW360_HH(0.3.0),R,A,GNB,GW08,SURVEY,HE_PHONE,_Z,_Z,_T,_T,_T,_T,_T,_T,_Z,_Z,_Z,_Z,_Z,2021,0.98,,,,,,,,,HE_PHONE,SHARE,0.01,A,GNB_EHCVM2021_LEGACY_v1,
dataflow,WB.AFW360:AFW360_HH(0.3.0),R,A,GNB,GW08,SURVEY,HE_PREMISES_FORMAL,_Z,_Z,_T,_T,_T,_T,_T,_T,_Z,_Z,_Z,_Z,_Z,2021,0.05,,,,,,,,,HE_PREMISES_FORMAL,SHARE,0.01,A,GNB_EHCVM2021_LEGACY_v1,
dataflow,WB.AFW360:AFW360_HH(0.3.0),R,A,GNB,GW08,SURVEY,HE_PROFIT,_Z,_Z,_T,_T,_T,_T,_T,_T,_Z,_Z,_Z,_Z,_Z,2021,8735.7,,,,,,,,,HE_PROFIT,XOF,0.01,A,GNB_EHCVM2021_LEGACY_v1,
dataflow,WB.AFW360:AFW360_HH(0.3.0),R,A,GNB,GW08,SURVEY,HE_RENT,_Z,_Z,_T,_T,_T,_T,_T,_T,_Z,_Z,_Z,_Z,_Z,2021,1,,,,,,,,,HE_RENT,SHARE,0.01,A,GNB_EHCVM2021_LEGACY_v1,
dataflow,WB.AFW360:AFW360_HH(0.3.0),R,A,GNB,GW08,SURVEY,HE_REV_PER_WORKER,_Z,_Z,_T,_T,_T,_T,_T,_T,_Z,_Z,_Z,_Z,_Z,2021,156896.88,,,,,,,,,HE_REV_PER_WORKER,XOF,0.01,A,GNB_EHCVM2021_LEGACY_v1,
dataflow,WB.AFW360:AFW360_HH(0.3.0),R,A,GNB,GW08,SURVEY,HE_SELL_FIRMS,_Z,_Z,_T,_T,_T,_T,_T,_T,_Z,_Z,_Z,_Z,_Z,2021,0.06,,,,,,,,,HE_SELL_FIRMS,SHARE,0.01,A,GNB_EHCVM2021_LEGACY_v1,
dataflow,WB.AFW360:AFW360_HH(0.3.0),R,A,GNB,GW08,SURVEY,HE_TAX_ID,_Z,_Z,_T,_T,_T,_T,_T,_T,_Z,_Z,_Z,_Z,_Z,2021,0.1,,,,,,,,,HE_TAX_ID,SHARE,0.01,A,GNB_EHCVM2021_LEGACY_v1,
dataflow,WB.AFW360:AFW360_HH(0.3.0),R,A,GNB,GW08,SURVEY,HE_WATER,_Z,_Z,_T,_T,_T,_T,_T,_T,_Z,_Z,_Z,_Z,_Z,2021,0.3,,,,,,,,,HE_WATER,SHARE,0.01,A,GNB_EHCVM2021_LEGACY_v1,
dataflow,WB.AFW360:AFW360_HH(0.3.0),R,A,GNB,GW08,SURVEY,HOUS_FLOOR_DURABLE,_Z,_Z,_T,_T,_T,_T,_T,_T,_Z,_Z,_Z,_Z,_Z,2021,0.97,,,,,,,,,HOUS_FLOOR_DURABLE,SHARE,0.01,A,GNB_EHCVM2021_LEGACY_v1,
dataflow,WB.AFW360:AFW360_HH(0.3.0),R,A,GNB,GW08,SURVEY,HOUS_ROOF_DURABLE,_Z,_Z,_T,_T,_T,_T,_T,_T,_Z,_Z,_Z,_Z,_Z,2021,1,,,,,,,,,HOUS_ROOF_DURABLE,SHARE,0.01,A,GNB_EHCVM2021_LEGACY_v1,
dataflow,WB.AFW360:AFW360_HH(0.3.0),R,A,GNB,GW08,SURVEY,HOUS_SANIT_IMPROVED,_Z,_Z,_T,_T,_T,_T,_T,_T,_Z,_Z,_Z,_Z,_Z,2021,0.57,,,,,,,,,HOUS_SANIT_IMPROVED,SHARE,0.01,A,GNB_EHCVM2021_LEGACY_v1,
dataflow,WB.AFW360:AFW360_HH(0.3.0),R,A,GNB,GW08,SURVEY,HOUS_WALL_DURABLE,_Z,_Z,_T,_T,_T,_T,_T,_T,_Z,_Z,_Z,_Z,_Z,2021,0.46,,,,,,,,,HOUS_WALL_DURABLE,SHARE,0.01,A,GNB_EHCVM2021_LEGACY_v1,
dataflow,WB.AFW360:AFW360_HH(0.3.0),R,A,GNB,GW08,SURVEY,HOUS_WATER_SAFE_DRY,_Z,_Z,_T,_T,_T,_T,_T,_T,_Z,_Z,_Z,_Z,_Z,2021,0.96,,,,,,,,,HOUS_WATER_SAFE_DRY,SHARE,0.01,A,GNB_EHCVM2021_LEGACY_v1,
dataflow,WB.AFW360:AFW360_HH(0.3.0),R,A,GNB,GW08,SURVEY,POP_HE_SH,_Z,_Z,_T,HEO_MSTAT_MARRIED,_T,_T,_T,_T,_Z,_Z,_Z,_Z,_Z,2021,0.25,,,,,,,,,POP_HE_SH.HEO_MSTAT_MARRIED,SHARE,0.01,A,GNB_EHCVM2021_LEGACY_v1,
dataflow,WB.AFW360:AFW360_HH(0.3.0),R,A,GNB,GW08,SURVEY,POP_HE_SH,_Z,_Z,_T,HEO_SEX_F,_T,_T,_T,_T,_Z,_Z,_Z,_Z,_Z,2021,0.62,,,,,,,,,POP_HE_SH.HEO_SEX_F,SHARE,0.01,A,GNB_EHCVM2021_LEGACY_v1,
dataflow,WB.AFW360:AFW360_HH(0.3.0),R,A,GNB,GW08,SURVEY,POP_HH_SH,_Z,_Z,_T,HE_COUNT_0,_T,_T,_T,_T,_Z,_Z,_Z,_Z,_Z,2021,0.3,,,,,,,,,POP_HH_SH.HE_COUNT_0,SHARE,0.01,A,GNB_EHCVM2021_LEGACY_v1,
dataflow,WB.AFW360:AFW360_HH(0.3.0),R,A,GNB,GW08,SURVEY,POP_HH_SH,_Z,_Z,_T,HE_COUNT_1,_T,_T,_T,_T,_Z,_Z,_Z,_Z,_Z,2021,0.54,,,,,,,,,POP_HH_SH.HE_COUNT_1,SHARE,0.01,A,GNB_EHCVM2021_LEGACY_v1,
dataflow,WB.AFW360:AFW360_HH(0.3.0),R,A,GNB,GW08,SURVEY,POP_HH_SH,_Z,_Z,_T,HE_COUNT_2,_T,_T,_T,_T,_Z,_Z,_Z,_Z,_Z,2021,0.13,,,,,,,,,POP_HH_SH.HE_COUNT_2,SHARE,0.01,A,GNB_EHCVM2021_LEGACY_v1,
dataflow,WB.AFW360:AFW360_HH(0.3.0),R,A,GNB,GW08,SURVEY,POP_HH_SH,_Z,_Z,_T,HE_COUNT_3,_T,_T,_T,_T,_Z,_Z,_Z,_Z,_Z,2021,0.02,,,,,,,,,POP_HH_SH.HE_COUNT_3,SHARE,0.01,A,GNB_EHCVM2021_LEGACY_v1,
dataflow,WB.AFW360:AFW360_HH(0.3.0),R,A,GNB,GW08,SURVEY,POP_HH_SH,_Z,_Z,_T,HE_COUNT_4P,_T,_T,_T,_T,_Z,_Z,_Z,_Z,_Z,2021,0,,,,,,,,,POP_HH_SH.HE_COUNT_4P,SHARE,0.01,A,GNB_EHCVM2021_LEGACY_v1,
dataflow,WB.AFW360:AFW360_HH(0.3.0),R,A,GNB,GW08,SURVEY,POP_SH,_T,_T,_T,EMP_FORMAL_N,_T,_T,_T,_T,_Z,_Z,_Z,_Z,_Z,2021,0.47,,,,,,,,,POP_SH.EMP_FORMAL_N,SHARE,0.01,A,GNB_EHCVM2021_LEGACY_v1,
dataflow,WB.AFW360:AFW360_HH(0.3.0),R,A,GNB,GW08,SURVEY,POP_SH,_T,_T,_T,EMP_ISIC_G,_T,_T,_T,_T,_Z,_Z,_Z,_Z,_Z,2021,0.26,,,,,,,,,POP_SH.EMP_ISIC_G,SHARE,0.01,A,GNB_EHCVM2021_LEGACY_v1,
dataflow,WB.AFW360:AFW360_HH(0.3.0),R,A,GNB,GW08,SURVEY,POP_SH,_T,_T,_T,EMP_ISIC_H,_T,_T,_T,_T,_Z,_Z,_Z,_Z,_Z,2021,0.06,,,,,,,,,POP_SH.EMP_ISIC_H,SHARE,0.01,A,GNB_EHCVM2021_LEGACY_v1,
dataflow,WB.AFW360:AFW360_HH(0.3.0),R,A,GNB,GW08,SURVEY,POP_SH,_T,_T,_T,EMP_SECTOR_AGR,_T,_T,_T,_T,_Z,_Z,_Z,_Z,_Z,2021,0.06,,,,,,,,,POP_SH.EMP_SECTOR_AGR,SHARE,0.01,A,GNB_EHCVM2021_LEGACY_v1,
dataflow,WB.AFW360:AFW360_HH(0.3.0),R,A,GNB,GW08,SURVEY,POP_SH,_T,_T,_T,EMP_SECTOR_IND,_T,_T,_T,_T,_Z,_Z,_Z,_Z,_Z,2021,0.26,,,,,,,,,POP_SH.EMP_SECTOR_IND,SHARE,0.01,A,GNB_EHCVM2021_LEGACY_v1,
dataflow,WB.AFW360:AFW360_HH(0.3.0),R,A,GNB,GW08,SURVEY,POP_SH,_T,_T,_T,EMP_SECTOR_SER,_T,_T,_T,_T,_Z,_Z,_Z,_Z,_Z,2021,0.68,,,,,,,,,POP_SH.EMP_SECTOR_SER,SHARE,0.01,A,GNB_EHCVM2021_LEGACY_v1,
dataflow,WB.AFW360:AFW360_HH(0.3.0),R,A,GNB,GW08,SURVEY,POP_SH,_T,_T,_T,EMP_STATUS_EMPLOYED,_T,_T,_T,_T,_Z,_Z,_Z,_Z,_Z,2021,0.48,,,,,,,,,POP_SH.EMP_STATUS_EMPLOYED,SHARE,0.01,A,GNB_EHCVM2021_LEGACY_v1,
dataflow,WB.AFW360:AFW360_HH(0.3.0),R,A,GNB,GW08,SURVEY,POP_SH,_T,_T,_T,EMP_TYPE_NONWAGE,_T,_T,_T,_T,_Z,_Z,_Z,_Z,_Z,2021,0.48,,,,,,,,,POP_SH.EMP_TYPE_NONWAGE,SHARE,0.01,A,GNB_EHCVM2021_LEGACY_v1,
dataflow,WB.AFW360:AFW360_HH(0.3.0),R,A,GNB,GW08,SURVEY,POP_SH,_T,_T,_T,EMP_TYPE_WAGE,_T,_T,_T,_T,_Z,_Z,_Z,_Z,_Z,2021,0.52,,,,,,,,,POP_SH.EMP_TYPE_WAGE,SHARE,0.01,A,GNB_EHCVM2021_LEGACY_v1,
dataflow,WB.AFW360:AFW360_HH(0.3.0),R,A,GNB,GW08,SURVEY,POV_HC,_T,_T,_T,_T,_T,_T,_T,_T,POVLINE_PL300,PPP_2021,_Z,_Z,_Z,2021,0.04,,,,,,,,,POV_HC.POVLINE_PL300.PPP_2021,SHARE,0.01,A,GNB_EHCVM2021_LEGACY_v1,
dataflow,WB.AFW360:AFW360_HH(0.3.0),R,A,GNB,GW08,SURVEY,POV_HC,_T,_T,_T,_T,_T,_T,_T,_T,POVLINE_PL420,PPP_2021,_Z,_Z,_Z,2021,0.21,,,,,,,,,POV_HC.POVLINE_PL420.PPP_2021,SHARE,0.01,A,GNB_EHCVM2021_LEGACY_v1,
dataflow,WB.AFW360:AFW360_HH(0.3.0),R,A,GNB,GW08,SURVEY,POV_NUM,_T,_T,_T,_T,_T,_T,_T,_T,POVLINE_PL300,PPP_2021,_Z,_Z,_Z,2021,20000,,,,,,,,,POV_NUM.POVLINE_PL300.PPP_2021,PERSON,10000,A,GNB_EHCVM2021_LEGACY_v1,
dataflow,WB.AFW360:AFW360_HH(0.3.0),R,A,GNB,GW08,SURVEY,POV_NUM,_T,_T,_T,_T,_T,_T,_T,_T,POVLINE_PL420,PPP_2021,_Z,_Z,_Z,2021,100000,,,,,,,,,POV_NUM.POVLINE_PL420.PPP_2021,PERSON,10000,A,GNB_EHCVM2021_LEGACY_v1,
dataflow,WB.AFW360:AFW360_HH(0.3.0),R,A,GNB,GW08,SURVEY,SHK_ANY,_Z,_Z,_T,_T,_T,_T,_T,_T,_Z,_Z,_Z,_Z,_Z,2021,0.88,,,,,,,,,SHK_ANY,SHARE,0.01,A,GNB_EHCVM2021_LEGACY_v1,
dataflow,WB.AFW360:AFW360_HH(0.3.0),R,A,GNB,GW08,SURVEY,SHK_COV_CONFLICT,_Z,_Z,_T,_T,_T,_T,_T,_T,_Z,_Z,_Z,_Z,_Z,2021,0.01,,,,,,,,,SHK_COV_CONFLICT,SHARE,0.01,A,GNB_EHCVM2021_LEGACY_v1,
dataflow,WB.AFW360:AFW360_HH(0.3.0),R,A,GNB,GW08,SURVEY,SHK_COV_ECON,_Z,_Z,_T,_T,_T,_T,_T,_T,_Z,_Z,_Z,_Z,_Z,2021,0.69,,,,,,,,,SHK_COV_ECON,SHARE,0.01,A,GNB_EHCVM2021_LEGACY_v1,
dataflow,WB.AFW360:AFW360_HH(0.3.0),R,A,GNB,GW08,SURVEY,SHK_COV_NATURAL,_Z,_Z,_T,_T,_T,_T,_T,_T,_Z,_Z,_Z,_Z,_Z,2021,0.11,,,,,,,,,SHK_COV_NATURAL,SHARE,0.01,A,GNB_EHCVM2021_LEGACY_v1,
dataflow,WB.AFW360:AFW360_HH(0.3.0),R,A,GNB,GW08,SURVEY,SHK_IDIO_ECON,_Z,_Z,_T,_T,_T,_T,_T,_T,_Z,_Z,_Z,_Z,_Z,2021,0.31,,,,,,,,,SHK_IDIO_ECON,SHARE,0.01,A,GNB_EHCVM2021_LEGACY_v1,
dataflow,WB.AFW360:AFW360_HH(0.3.0),R,A,GNB,GW08,SURVEY,SP_HEALTH_COV,_T,_T,_T,_T,_T,_T,_T,_T,_Z,_Z,_Z,_Z,_Z,2021,0.01,,,,,,,,,SP_HEALTH_COV,SHARE,0.01,A,GNB_EHCVM2021_LEGACY_v1,
dataflow,WB.AFW360:AFW360_HH(0.3.0),R,A,GNB,GW08,SURVEY,SP_HEALTH_COV_HH,_Z,_Z,_T,_T,_T,_T,_T,_T,_Z,_Z,_Z,_Z,_Z,2021,0.03,,,,,,,,,SP_HEALTH_COV_HH,SHARE,0.01,A,GNB_EHCVM2021_LEGACY_v1,
dataflow,WB.AFW360:AFW360_HH(0.3.0),R,A,GNB,GW09,SURVEY,AGR_CULTIVATES,_Z,_Z,_T,_T,_T,_T,_T,_T,_Z,_Z,_Z,_Z,_Z,2021,0.93,,,,,,,,,AGR_CULTIVATES,SHARE,0.01,A,GNB_EHCVM2021_LEGACY_v1,
dataflow,WB.AFW360:AFW360_HH(0.3.0),R,A,GNB,GW09,SURVEY,AGR_CULT_AREA,_Z,_Z,_T,_T,_T,_T,_T,_T,_Z,_Z,_Z,_Z,_Z,2021,2.08,,,,,,,,,AGR_CULT_AREA,HA,0.01,A,GNB_EHCVM2021_LEGACY_v1,
dataflow,WB.AFW360:AFW360_HH(0.3.0),R,A,GNB,GW09,SURVEY,AGR_LIVESTOCK_ANY,_Z,_Z,_T,_T,_T,_T,_T,_T,_Z,_Z,_Z,_Z,_Z,2021,0.87,,,,,,,,,AGR_LIVESTOCK_ANY,SHARE,0.01,A,GNB_EHCVM2021_LEGACY_v1,
dataflow,WB.AFW360:AFW360_HH(0.3.0),R,A,GNB,GW09,SURVEY,AGR_TLU,_Z,_Z,_T,_T,_T,_T,_T,_T,_Z,_Z,_Z,_Z,_Z,2021,2.35,,,,,,,,,AGR_TLU,TLU,0.01,A,GNB_EHCVM2021_LEGACY_v1,
dataflow,WB.AFW360:AFW360_HH(0.3.0),R,A,GNB,GW09,SURVEY,CONS_SH,_Z,_Z,_T,_T,_T,_T,_T,_T,COICOP_CP01,ACQ_OWNPROD,_Z,_Z,_Z,2021,0.26,,,,,,,,,CONS_SH.COICOP_CP01.ACQ_OWNPROD,SHARE,0.01,A,GNB_EHCVM2021_LEGACY_v1,
dataflow,WB.AFW360:AFW360_HH(0.3.0),R,A,GNB,GW09,SURVEY,CONS_SH,_Z,_Z,_T,_T,_T,_T,_T,_T,COICOP_CP01,ACQ_PURCH,_Z,_Z,_Z,2021,0.18,,,,,,,,,CONS_SH.COICOP_CP01.ACQ_PURCH,SHARE,0.01,A,GNB_EHCVM2021_LEGACY_v1,
dataflow,WB.AFW360:AFW360_HH(0.3.0),R,A,GNB,GW09,SURVEY,CONS_SH,_Z,_Z,_T,_T,_T,_T,_T,_T,COICOP_CP01,_Z,_Z,_Z,_Z,2021,0.5,,,,,,,,,CONS_SH.COICOP_CP01,SHARE,0.01,A,GNB_EHCVM2021_LEGACY_v1,
dataflow,WB.AFW360:AFW360_HH(0.3.0),R,A,GNB,GW09,SURVEY,CONS_SH,_Z,_Z,_T,_T,_T,_T,_T,_T,COICOP_CP02,_Z,_Z,_Z,_Z,2021,0.01,,,,,,,,,CONS_SH.COICOP_CP02,SHARE,0.01,A,GNB_EHCVM2021_LEGACY_v1,
dataflow,WB.AFW360:AFW360_HH(0.3.0),R,A,GNB,GW09,SURVEY,CONS_SH,_Z,_Z,_T,_T,_T,_T,_T,_T,COICOP_CP03,_Z,_Z,_Z,_Z,2021,0.06,,,,,,,,,CONS_SH.COICOP_CP03,SHARE,0.01,A,GNB_EHCVM2021_LEGACY_v1,
dataflow,WB.AFW360:AFW360_HH(0.3.0),R,A,GNB,GW09,SURVEY,CONS_SH,_Z,_Z,_T,_T,_T,_T,_T,_T,COICOP_CP04,_Z,_Z,_Z,_Z,2021,0.14,,,,,,,,,CONS_SH.COICOP_CP04,SHARE,0.01,A,GNB_EHCVM2021_LEGACY_v1,
dataflow,WB.AFW360:AFW360_HH(0.3.0),R,A,GNB,GW09,SURVEY,CONS_SH,_Z,_Z,_T,_T,_T,_T,_T,_T,COICOP_CP05,_Z,_Z,_Z,_Z,2021,0.03,,,,,,,,,CONS_SH.COICOP_CP05,SHARE,0.01,A,GNB_EHCVM2021_LEGACY_v1,
dataflow,WB.AFW360:AFW360_HH(0.3.0),R,A,GNB,GW09,SURVEY,CONS_SH,_Z,_Z,_T,_T,_T,_T,_T,_T,COICOP_CP06,_Z,_Z,_Z,_Z,2021,0.03,,,,,,,,,CONS_SH.COICOP_CP06,SHARE,0.01,A,GNB_EHCVM2021_LEGACY_v1,
dataflow,WB.AFW360:AFW360_HH(0.3.0),R,A,GNB,GW09,SURVEY,CONS_SH,_Z,_Z,_T,_T,_T,_T,_T,_T,COICOP_CP07,_Z,_Z,_Z,_Z,2021,0.04,,,,,,,,,CONS_SH.COICOP_CP07,SHARE,0.01,A,GNB_EHCVM2021_LEGACY_v1,
dataflow,WB.AFW360:AFW360_HH(0.3.0),R,A,GNB,GW09,SURVEY,CONS_SH,_Z,_Z,_T,_T,_T,_T,_T,_T,COICOP_CP08,_Z,_Z,_Z,_Z,2021,0.05,,,,,,,,,CONS_SH.COICOP_CP08,SHARE,0.01,A,GNB_EHCVM2021_LEGACY_v1,
dataflow,WB.AFW360:AFW360_HH(0.3.0),R,A,GNB,GW09,SURVEY,CONS_SH,_Z,_Z,_T,_T,_T,_T,_T,_T,COICOP_CP09,_Z,_Z,_Z,_Z,2021,0,,,,,,,,,CONS_SH.COICOP_CP09,SHARE,0.01,A,GNB_EHCVM2021_LEGACY_v1,
dataflow,WB.AFW360:AFW360_HH(0.3.0),R,A,GNB,GW09,SURVEY,CONS_SH,_Z,_Z,_T,_T,_T,_T,_T,_T,COICOP_CP10,_Z,_Z,_Z,_Z,2021,0.02,,,,,,,,,CONS_SH.COICOP_CP10,SHARE,0.01,A,GNB_EHCVM2021_LEGACY_v1,
dataflow,WB.AFW360:AFW360_HH(0.3.0),R,A,GNB,GW09,SURVEY,CONS_SH,_Z,_Z,_T,_T,_T,_T,_T,_T,COICOP_CP11,_Z,_Z,_Z,_Z,2021,0.1,,,,,,,,,CONS_SH.COICOP_CP11,SHARE,0.01,A,GNB_EHCVM2021_LEGACY_v1,
dataflow,WB.AFW360:AFW360_HH(0.3.0),R,A,GNB,GW09,SURVEY,CONS_SH,_Z,_Z,_T,_T,_T,_T,_T,_T,COICOP_CP12,_Z,_Z,_Z,_Z,2021,0,,,,,,,,,CONS_SH.COICOP_CP12,SHARE,0.01,A,GNB_EHCVM2021_LEGACY_v1,
dataflow,WB.AFW360:AFW360_HH(0.3.0),R,A,GNB,GW09,SURVEY,CONS_SH,_Z,_Z,_T,_T,_T,_T,_T,_T,COICOP_CP13,_Z,_Z,_Z,_Z,2021,0.01,,,,,,,,,CONS_SH.COICOP_CP13,SHARE,0.01,A,GNB_EHCVM2021_LEGACY_v1,
dataflow,WB.AFW360:AFW360_HH(0.3.0),R,A,GNB,GW09,SURVEY,EN_ASSET_AC,_Z,_Z,_T,_T,_T,_T,_T,_T,_Z,_Z,_Z,_Z,_Z,2021,0,,,,,,,,,EN_ASSET_AC,SHARE,0.01,A,GNB_EHCVM2021_LEGACY_v1,
dataflow,WB.AFW360:AFW360_HH(0.3.0),R,A,GNB,GW09,SURVEY,EN_ASSET_COOKER,_Z,_Z,_T,_T,_T,_T,_T,_T,_Z,_Z,_Z,_Z,_Z,2021,0,,,,,,,,,EN_ASSET_COOKER,SHARE,0.01,A,GNB_EHCVM2021_LEGACY_v1,
dataflow,WB.AFW360:AFW360_HH(0.3.0),R,A,GNB,GW09,SURVEY,EN_ASSET_FAN,_Z,_Z,_T,_T,_T,_T,_T,_T,_Z,_Z,_Z,_Z,_Z,2021,0,,,,,,,,,EN_ASSET_FAN,SHARE,0.01,A,GNB_EHCVM2021_LEGACY_v1,
dataflow,WB.AFW360:AFW360_HH(0.3.0),R,A,GNB,GW09,SURVEY,EN_ASSET_WATER_HEATER,_Z,_Z,_T,_T,_T,_T,_T,_T,_Z,_Z,_Z,_Z,_Z,2021,0,,,,,,,,,EN_ASSET_WATER_HEATER,SHARE,0.01,A,GNB_EHCVM2021_LEGACY_v1,
dataflow,WB.AFW360:AFW360_HH(0.3.0),R,A,GNB,GW09,SURVEY,EN_COOK_BIOMASS,_Z,_Z,_T,_T,_T,_T,_T,_T,_Z,_Z,_Z,_Z,_Z,2021,1,,,,,,,,,EN_COOK_BIOMASS,SHARE,0.01,A,GNB_EHCVM2021_LEGACY_v1,
dataflow,WB.AFW360:AFW360_HH(0.3.0),R,A,GNB,GW09,SURVEY,EN_COOK_CLEAN,_Z,_Z,_T,_T,_T,_T,_T,_T,_Z,_Z,_Z,_Z,_Z,2021,0,,,,,,,,,EN_COOK_CLEAN,SHARE,0.01,A,GNB_EHCVM2021_LEGACY_v1,
dataflow,WB.AFW360:AFW360_HH(0.3.0),R,A,GNB,GW09,SURVEY,EN_ELEC_ACCESS,_Z,_Z,_T,_T,_T,_T,_T,_T,_Z,_Z,_Z,_Z,_Z,2021,0,,,,,,,,,EN_ELEC_ACCESS,SHARE,0.01,A,GNB_EHCVM2021_LEGACY_v1,
dataflow,WB.AFW360:AFW360_HH(0.3.0),R,A,GNB,GW09,SURVEY,EN_ELEC_INFORMAL,_Z,_Z,_T,_T,_T,_T,_T,_T,_Z,_Z,_Z,_Z,_Z,2021,0,,,,,,,,,EN_ELEC_INFORMAL,SHARE,0.01,A,GNB_EHCVM2021_LEGACY_v1,
dataflow,WB.AFW360:AFW360_HH(0.3.0),R,A,GNB,GW09,SURVEY,EN_ELEC_SPEND,_Z,_Z,_T,_T,_T,_T,_T,_T,_Z,_Z,_Z,_Z,_Z,2021,NaN,,,,,,,,,EN_ELEC_SPEND,XOF,0.01,O,GNB_EHCVM2021_LEGACY_v1,"LEGACY_EMPTY: empty cell in sheet 'ADM 1', column 'estimateTombali'"
dataflow,WB.AFW360:AFW360_HH(0.3.0),R,A,GNB,GW09,SURVEY,EN_GRID_CONN,_Z,_Z,_T,_T,_T,_T,_T,_T,_Z,_Z,_Z,_Z,_Z,2021,0,,,,,,,,,EN_GRID_CONN,SHARE,0.01,A,GNB_EHCVM2021_LEGACY_v1,
dataflow,WB.AFW360:AFW360_HH(0.3.0),R,A,GNB,GW09,SURVEY,EN_GRID_USE,_Z,_Z,_T,_T,_T,_T,_T,_T,_Z,_Z,_Z,_Z,_Z,2021,0,,,,,,,,,EN_GRID_USE,SHARE,0.01,A,GNB_EHCVM2021_LEGACY_v1,
dataflow,WB.AFW360:AFW360_HH(0.3.0),R,A,GNB,GW09,SURVEY,EN_LIGHT_IMPROVED,_Z,_Z,_T,_T,_T,_T,_T,_T,_Z,_Z,_Z,_Z,_Z,2021,0,,,,,,,,,EN_LIGHT_IMPROVED,SHARE,0.01,A,GNB_EHCVM2021_LEGACY_v1,
dataflow,WB.AFW360:AFW360_HH(0.3.0),R,A,GNB,GW09,SURVEY,EN_OFFGRID_USE,_Z,_Z,_T,_T,_T,_T,_T,_T,_Z,_Z,_Z,_Z,_Z,2021,0.69,,,,,,,,,EN_OFFGRID_USE,SHARE,0.01,A,GNB_EHCVM2021_LEGACY_v1,
dataflow,WB.AFW360:AFW360_HH(0.3.0),R,A,GNB,GW09,SURVEY,EN_OUTAGE_ANY,_Z,_Z,_T,_T,_T,_T,_T,_T,_Z,_Z,_Z,_Z,_Z,2021,NaN,,,,,,,,,EN_OUTAGE_ANY,SHARE,0.01,O,GNB_EHCVM2021_LEGACY_v1,"LEGACY_EMPTY: empty cell in sheet 'ADM 1', column 'estimateTombali'"
dataflow,WB.AFW360:AFW360_HH(0.3.0),R,A,GNB,GW09,SURVEY,EN_OUTAGE_DAYS,_Z,_Z,_T,_T,_T,_T,_T,_T,_Z,_Z,_Z,_Z,_Z,2021,NaN,,,,,,,,,EN_OUTAGE_DAYS,DAY,0.01,O,GNB_EHCVM2021_LEGACY_v1,"LEGACY_EMPTY: empty cell in sheet 'ADM 1', column 'estimateTombali'"
dataflow,WB.AFW360:AFW360_HH(0.3.0),R,A,GNB,GW09,SURVEY,EN_OUTAGE_DUR_CODE,_Z,_Z,_T,_T,_T,_T,_T,_T,_Z,_Z,_Z,_Z,_Z,2021,NaN,,,,,,,,,EN_OUTAGE_DUR_CODE,INDEX,0.01,O,GNB_EHCVM2021_LEGACY_v1,"LEGACY_EMPTY: empty cell in sheet 'ADM 1', column 'estimateTombali'"
dataflow,WB.AFW360:AFW360_HH(0.3.0),R,A,GNB,GW09,SURVEY,EN_PREPAID_METER,_Z,_Z,_T,_T,_T,_T,_T,_T,_Z,_Z,_Z,_Z,_Z,2021,NaN,,,,,,,,,EN_PREPAID_METER,SHARE,0.01,O,GNB_EHCVM2021_LEGACY_v1,"LEGACY_EMPTY: empty cell in sheet 'ADM 1', column 'estimateTombali'"
dataflow,WB.AFW360:AFW360_HH(0.3.0),R,A,GNB,GW09,SURVEY,HE_ACCOUNTS,_Z,_Z,_T,_T,_T,_T,_T,_T,_Z,_Z,_Z,_Z,_Z,2021,0,,,,,,,,,HE_ACCOUNTS,SHARE,0.01,A,GNB_EHCVM2021_LEGACY_v1,
dataflow,WB.AFW360:AFW360_HH(0.3.0),R,A,GNB,GW09,SURVEY,HE_AGE,_Z,_Z,_T,_T,_T,_T,_T,_T,_Z,_Z,_Z,_Z,_Z,2021,5.84,,,,,,,,,HE_AGE,YEAR,0.01,A,GNB_EHCVM2021_LEGACY_v1,
dataflow,WB.AFW360:AFW360_HH(0.3.0),R,A,GNB,GW09,SURVEY,HE_BUY_FIRMS,_Z,_Z,_T,_T,_T,_T,_T,_T,_Z,_Z,_Z,_Z,_Z,2021,0.03,,,,,,,,,HE_BUY_FIRMS,SHARE,0.01,A,GNB_EHCVM2021_LEGACY_v1,
dataflow,WB.AFW360:AFW360_HH(0.3.0),R,A,GNB,GW09,SURVEY,HE_CAPITAL,_Z,_Z,_T,_T,_T,_T,_T,_T,_Z,_Z,_Z,_Z,_Z,2021,146256.84,,,,,,,,,HE_CAPITAL,XOF,0.01,A,GNB_EHCVM2021_LEGACY_v1,
dataflow,WB.AFW360:AFW360_HH(0.3.0),R,A,GNB,GW09,SURVEY,HE_COSTS,_Z,_Z,_T,_T,_T,_T,_T,_T,_Z,_Z,_Z,_Z,_Z,2021,660.73,,,,,,,,,HE_COSTS,XOF,0.01,A,GNB_EHCVM2021_LEGACY_v1,
dataflow,WB.AFW360:AFW360_HH(0.3.0),R,A,GNB,GW09,SURVEY,HE_CREDIT_ANY,_Z,_Z,_T,_T,_T,_T,_T,_T,_Z,_Z,_Z,_Z,_Z,2021,0.27,,,,,,,,,HE_CREDIT_ANY,SHARE,0.01,A,GNB_EHCVM2021_LEGACY_v1,
dataflow,WB.AFW360:AFW360_HH(0.3.0),R,A,GNB,GW09,SURVEY,HE_CREDIT_FORMAL,_Z,_Z,_T,_T,_T,_T,_T,_T,_Z,_Z,_Z,_Z,_Z,2021,0.1,,,,,,,,,HE_CREDIT_FORMAL,SHARE,0.01,A,GNB_EHCVM2021_LEGACY_v1,
dataflow,WB.AFW360:AFW360_HH(0.3.0),R,A,GNB,GW09,SURVEY,HE_CREDIT_INFORMAL,_Z,_Z,_T,_T,_T,_T,_T,_T,_Z,_Z,_Z,_Z,_Z,2021,0.17,,,,,,,,,HE_CREDIT_INFORMAL,SHARE,0.01,A,GNB_EHCVM2021_LEGACY_v1,
dataflow,WB.AFW360:AFW360_HH(0.3.0),R,A,GNB,GW09,SURVEY,HE_ELEC,_Z,_Z,_T,_T,_T,_T,_T,_T,_Z,_Z,_Z,_Z,_Z,2021,NaN,,,,,,,,,HE_ELEC,SHARE,0.01,O,GNB_EHCVM2021_LEGACY_v1,"LEGACY_EMPTY: empty cell in sheet 'ADM 1', column 'estimateTombali'"
dataflow,WB.AFW360:AFW360_HH(0.3.0),R,A,GNB,GW09,SURVEY,HE_EMP_EXT_ANY,_Z,_Z,_T,_T,_T,_T,_T,_T,_Z,_Z,_Z,_Z,_Z,2021,1,,,,,,,,,HE_EMP_EXT_ANY,SHARE,0.01,A,GNB_EHCVM2021_LEGACY_v1,LEGACY_SUSPECT: Implausible: share 1.00 while mean non-HH employees is 0.48.
dataflow,WB.AFW360:AFW360_HH(0.3.0),R,A,GNB,GW09,SURVEY,HE_EMP_HH_NUM,_Z,_Z,_T,_T,_T,_T,_T,_T,_Z,_Z,_Z,_Z,_Z,2021,0,,,,,,,,,HE_EMP_HH_NUM,PERSON,0.01,A,GNB_EHCVM2021_LEGACY_v1,
dataflow,WB.AFW360:AFW360_HH(0.3.0),R,A,GNB,GW09,SURVEY,HE_EMP_NONHH_NUM,_Z,_Z,_T,_T,_T,_T,_T,_T,_Z,_Z,_Z,_Z,_Z,2021,0.04,,,,,,,,,HE_EMP_NONHH_NUM,PERSON,0.01,A,GNB_EHCVM2021_LEGACY_v1,
dataflow,WB.AFW360:AFW360_HH(0.3.0),R,A,GNB,GW09,SURVEY,HE_EMP_NUM,_Z,_Z,_T,_T,_T,_T,_T,_T,_Z,_Z,_Z,_Z,_Z,2021,0,,,,,,,,,HE_EMP_NUM,PERSON,0.01,A,GNB_EHCVM2021_LEGACY_v1,
dataflow,WB.AFW360:AFW360_HH(0.3.0),R,A,GNB,GW09,SURVEY,HE_HH_OWNER,_Z,_Z,_T,_T,_T,_T,_T,_T,_Z,_Z,_Z,_Z,_Z,2021,0.23,,,,,,,,,HE_HH_OWNER,SHARE,0.01,A,GNB_EHCVM2021_LEGACY_v1,
dataflow,WB.AFW360:AFW360_HH(0.3.0),R,A,GNB,GW09,SURVEY,HE_HOME_BASED,_Z,_Z,_T,_T,_T,_T,_T,_T,_Z,_Z,_Z,_Z,_Z,2021,0.72,,,,,,,,,HE_HOME_BASED,SHARE,0.01,A,GNB_EHCVM2021_LEGACY_v1,
dataflow,WB.AFW360:AFW360_HH(0.3.0),R,A,GNB,GW09,SURVEY,HE_PHONE,_Z,_Z,_T,_T,_T,_T,_T,_T,_Z,_Z,_Z,_Z,_Z,2021,0.97,,,,,,,,,HE_PHONE,SHARE,0.01,A,GNB_EHCVM2021_LEGACY_v1,
dataflow,WB.AFW360:AFW360_HH(0.3.0),R,A,GNB,GW09,SURVEY,HE_PREMISES_FORMAL,_Z,_Z,_T,_T,_T,_T,_T,_T,_Z,_Z,_Z,_Z,_Z,2021,0,,,,,,,,,HE_PREMISES_FORMAL,SHARE,0.01,A,GNB_EHCVM2021_LEGACY_v1,
dataflow,WB.AFW360:AFW360_HH(0.3.0),R,A,GNB,GW09,SURVEY,HE_PROFIT,_Z,_Z,_T,_T,_T,_T,_T,_T,_Z,_Z,_Z,_Z,_Z,2021,1391.61,,,,,,,,,HE_PROFIT,XOF,0.01,A,GNB_EHCVM2021_LEGACY_v1,
dataflow,WB.AFW360:AFW360_HH(0.3.0),R,A,GNB,GW09,SURVEY,HE_RENT,_Z,_Z,_T,_T,_T,_T,_T,_T,_Z,_Z,_Z,_Z,_Z,2021,NaN,,,,,,,,,HE_RENT,SHARE,0.01,O,GNB_EHCVM2021_LEGACY_v1,"LEGACY_EMPTY: empty cell in sheet 'ADM 1', column 'estimateTombali'"
dataflow,WB.AFW360:AFW360_HH(0.3.0),R,A,GNB,GW09,SURVEY,HE_REV_PER_WORKER,_Z,_Z,_T,_T,_T,_T,_T,_T,_Z,_Z,_Z,_Z,_Z,2021,NaN,,,,,,,,,HE_REV_PER_WORKER,XOF,0.01,O,GNB_EHCVM2021_LEGACY_v1,"LEGACY_EMPTY: empty cell in sheet 'ADM 1', column 'estimateTombali'"
dataflow,WB.AFW360:AFW360_HH(0.3.0),R,A,GNB,GW09,SURVEY,HE_SELL_FIRMS,_Z,_Z,_T,_T,_T,_T,_T,_T,_Z,_Z,_Z,_Z,_Z,2021,0.13,,,,,,,,,HE_SELL_FIRMS,SHARE,0.01,A,GNB_EHCVM2021_LEGACY_v1,
dataflow,WB.AFW360:AFW360_HH(0.3.0),R,A,GNB,GW09,SURVEY,HE_TAX_ID,_Z,_Z,_T,_T,_T,_T,_T,_T,_Z,_Z,_Z,_Z,_Z,2021,0.03,,,,,,,,,HE_TAX_ID,SHARE,0.01,A,GNB_EHCVM2021_LEGACY_v1,
dataflow,WB.AFW360:AFW360_HH(0.3.0),R,A,GNB,GW09,SURVEY,HE_WATER,_Z,_Z,_T,_T,_T,_T,_T,_T,_Z,_Z,_Z,_Z,_Z,2021,NaN,,,,,,,,,HE_WATER,SHARE,0.01,O,GNB_EHCVM2021_LEGACY_v1,"LEGACY_EMPTY: empty cell in sheet 'ADM 1', column 'estimateTombali'"
dataflow,WB.AFW360:AFW360_HH(0.3.0),R,A,GNB,GW09,SURVEY,HOUS_FLOOR_DURABLE,_Z,_Z,_T,_T,_T,_T,_T,_T,_Z,_Z,_Z,_Z,_Z,2021,0.29,,,,,,,,,HOUS_FLOOR_DURABLE,SHARE,0.01,A,GNB_EHCVM2021_LEGACY_v1,
dataflow,WB.AFW360:AFW360_HH(0.3.0),R,A,GNB,GW09,SURVEY,HOUS_ROOF_DURABLE,_Z,_Z,_T,_T,_T,_T,_T,_T,_Z,_Z,_Z,_Z,_Z,2021,0.69,,,,,,,,,HOUS_ROOF_DURABLE,SHARE,0.01,A,GNB_EHCVM2021_LEGACY_v1,
dataflow,WB.AFW360:AFW360_HH(0.3.0),R,A,GNB,GW09,SURVEY,HOUS_SANIT_IMPROVED,_Z,_Z,_T,_T,_T,_T,_T,_T,_Z,_Z,_Z,_Z,_Z,2021,0.11,,,,,,,,,HOUS_SANIT_IMPROVED,SHARE,0.01,A,GNB_EHCVM2021_LEGACY_v1,
dataflow,WB.AFW360:AFW360_HH(0.3.0),R,A,GNB,GW09,SURVEY,HOUS_WALL_DURABLE,_Z,_Z,_T,_T,_T,_T,_T,_T,_Z,_Z,_Z,_Z,_Z,2021,0.22,,,,,,,,,HOUS_WALL_DURABLE,SHARE,0.01,A,GNB_EHCVM2021_LEGACY_v1,
dataflow,WB.AFW360:AFW360_HH(0.3.0),R,A,GNB,GW09,SURVEY,HOUS_WATER_SAFE_DRY,_Z,_Z,_T,_T,_T,_T,_T,_T,_Z,_Z,_Z,_Z,_Z,2021,0.5,,,,,,,,,HOUS_WATER_SAFE_DRY,SHARE,0.01,A,GNB_EHCVM2021_LEGACY_v1,
dataflow,WB.AFW360:AFW360_HH(0.3.0),R,A,GNB,GW09,SURVEY,POP_HE_SH,_Z,_Z,_T,HEO_MSTAT_MARRIED,_T,_T,_T,_T,_Z,_Z,_Z,_Z,_Z,2021,0.34,,,,,,,,,POP_HE_SH.HEO_MSTAT_MARRIED,SHARE,0.01,A,GNB_EHCVM2021_LEGACY_v1,
dataflow,WB.AFW360:AFW360_HH(0.3.0),R,A,GNB,GW09,SURVEY,POP_HE_SH,_Z,_Z,_T,HEO_SEX_F,_T,_T,_T,_T,_Z,_Z,_Z,_Z,_Z,2021,0.5,,,,,,,,,POP_HE_SH.HEO_SEX_F,SHARE,0.01,A,GNB_EHCVM2021_LEGACY_v1,
dataflow,WB.AFW360:AFW360_HH(0.3.0),R,A,GNB,GW09,SURVEY,POP_HH_SH,_Z,_Z,_T,HE_COUNT_0,_T,_T,_T,_T,_Z,_Z,_Z,_Z,_Z,2021,0.43,,,,,,,,,POP_HH_SH.HE_COUNT_0,SHARE,0.01,A,GNB_EHCVM2021_LEGACY_v1,
dataflow,WB.AFW360:AFW360_HH(0.3.0),R,A,GNB,GW09,SURVEY,POP_HH_SH,_Z,_Z,_T,HE_COUNT_1,_T,_T,_T,_T,_Z,_Z,_Z,_Z,_Z,2021,0.5,,,,,,,,,POP_HH_SH.HE_COUNT_1,SHARE,0.01,A,GNB_EHCVM2021_LEGACY_v1,
dataflow,WB.AFW360:AFW360_HH(0.3.0),R,A,GNB,GW09,SURVEY,POP_HH_SH,_Z,_Z,_T,HE_COUNT_2,_T,_T,_T,_T,_Z,_Z,_Z,_Z,_Z,2021,0.05,,,,,,,,,POP_HH_SH.HE_COUNT_2,SHARE,0.01,A,GNB_EHCVM2021_LEGACY_v1,
dataflow,WB.AFW360:AFW360_HH(0.3.0),R,A,GNB,GW09,SURVEY,POP_HH_SH,_Z,_Z,_T,HE_COUNT_3,_T,_T,_T,_T,_Z,_Z,_Z,_Z,_Z,2021,0.01,,,,,,,,,POP_HH_SH.HE_COUNT_3,SHARE,0.01,A,GNB_EHCVM2021_LEGACY_v1,
dataflow,WB.AFW360:AFW360_HH(0.3.0),R,A,GNB,GW09,SURVEY,POP_HH_SH,_Z,_Z,_T,HE_COUNT_4P,_T,_T,_T,_T,_Z,_Z,_Z,_Z,_Z,2021,0,,,,,,,,,POP_HH_SH.HE_COUNT_4P,SHARE,0.01,A,GNB_EHCVM2021_LEGACY_v1,
dataflow,WB.AFW360:AFW360_HH(0.3.0),R,A,GNB,GW09,SURVEY,POP_SH,_T,_T,_T,EMP_FORMAL_N,_T,_T,_T,_T,_Z,_Z,_Z,_Z,_Z,2021,0.92,,,,,,,,,POP_SH.EMP_FORMAL_N,SHARE,0.01,A,GNB_EHCVM2021_LEGACY_v1,
dataflow,WB.AFW360:AFW360_HH(0.3.0),R,A,GNB,GW09,SURVEY,POP_SH,_T,_T,_T,EMP_ISIC_G,_T,_T,_T,_T,_Z,_Z,_Z,_Z,_Z,2021,0.04,,,,,,,,,POP_SH.EMP_ISIC_G,SHARE,0.01,A,GNB_EHCVM2021_LEGACY_v1,
dataflow,WB.AFW360:AFW360_HH(0.3.0),R,A,GNB,GW09,SURVEY,POP_SH,_T,_T,_T,EMP_ISIC_H,_T,_T,_T,_T,_Z,_Z,_Z,_Z,_Z,2021,0,,,,,,,,,POP_SH.EMP_ISIC_H,SHARE,0.01,A,GNB_EHCVM2021_LEGACY_v1,
dataflow,WB.AFW360:AFW360_HH(0.3.0),R,A,GNB,GW09,SURVEY,POP_SH,_T,_T,_T,EMP_SECTOR_AGR,_T,_T,_T,_T,_Z,_Z,_Z,_Z,_Z,2021,0.84,,,,,,,,,POP_SH.EMP_SECTOR_AGR,SHARE,0.01,A,GNB_EHCVM2021_LEGACY_v1,
dataflow,WB.AFW360:AFW360_HH(0.3.0),R,A,GNB,GW09,SURVEY,POP_SH,_T,_T,_T,EMP_SECTOR_IND,_T,_T,_T,_T,_Z,_Z,_Z,_Z,_Z,2021,0.05,,,,,,,,,POP_SH.EMP_SECTOR_IND,SHARE,0.01,A,GNB_EHCVM2021_LEGACY_v1,
dataflow,WB.AFW360:AFW360_HH(0.3.0),R,A,GNB,GW09,SURVEY,POP_SH,_T,_T,_T,EMP_SECTOR_SER,_T,_T,_T,_T,_Z,_Z,_Z,_Z,_Z,2021,0.11,,,,,,,,,POP_SH.EMP_SECTOR_SER,SHARE,0.01,A,GNB_EHCVM2021_LEGACY_v1,
dataflow,WB.AFW360:AFW360_HH(0.3.0),R,A,GNB,GW09,SURVEY,POP_SH,_T,_T,_T,EMP_STATUS_EMPLOYED,_T,_T,_T,_T,_Z,_Z,_Z,_Z,_Z,2021,0.84,,,,,,,,,POP_SH.EMP_STATUS_EMPLOYED,SHARE,0.01,A,GNB_EHCVM2021_LEGACY_v1,
dataflow,WB.AFW360:AFW360_HH(0.3.0),R,A,GNB,GW09,SURVEY,POP_SH,_T,_T,_T,EMP_TYPE_NONWAGE,_T,_T,_T,_T,_Z,_Z,_Z,_Z,_Z,2021,0.93,,,,,,,,,POP_SH.EMP_TYPE_NONWAGE,SHARE,0.01,A,GNB_EHCVM2021_LEGACY_v1,
dataflow,WB.AFW360:AFW360_HH(0.3.0),R,A,GNB,GW09,SURVEY,POP_SH,_T,_T,_T,EMP_TYPE_WAGE,_T,_T,_T,_T,_Z,_Z,_Z,_Z,_Z,2021,0.07,,,,,,,,,POP_SH.EMP_TYPE_WAGE,SHARE,0.01,A,GNB_EHCVM2021_LEGACY_v1,
dataflow,WB.AFW360:AFW360_HH(0.3.0),R,A,GNB,GW09,SURVEY,POV_HC,_T,_T,_T,_T,_T,_T,_T,_T,POVLINE_PL300,PPP_2021,_Z,_Z,_Z,2021,0.48,,,,,,,,,POV_HC.POVLINE_PL300.PPP_2021,SHARE,0.01,A,GNB_EHCVM2021_LEGACY_v1,
dataflow,WB.AFW360:AFW360_HH(0.3.0),R,A,GNB,GW09,SURVEY,POV_HC,_T,_T,_T,_T,_T,_T,_T,_T,POVLINE_PL420,PPP_2021,_Z,_Z,_Z,2021,0.77,,,,,,,,,POV_HC.POVLINE_PL420.PPP_2021,SHARE,0.01,A,GNB_EHCVM2021_LEGACY_v1,
dataflow,WB.AFW360:AFW360_HH(0.3.0),R,A,GNB,GW09,SURVEY,POV_NUM,_T,_T,_T,_T,_T,_T,_T,_T,POVLINE_PL300,PPP_2021,_Z,_Z,_Z,2021,50000,,,,,,,,,POV_NUM.POVLINE_PL300.PPP_2021,PERSON,10000,A,GNB_EHCVM2021_LEGACY_v1,
dataflow,WB.AFW360:AFW360_HH(0.3.0),R,A,GNB,GW09,SURVEY,POV_NUM,_T,_T,_T,_T,_T,_T,_T,_T,POVLINE_PL420,PPP_2021,_Z,_Z,_Z,2021,80000,,,,,,,,,POV_NUM.POVLINE_PL420.PPP_2021,PERSON,10000,A,GNB_EHCVM2021_LEGACY_v1,
dataflow,WB.AFW360:AFW360_HH(0.3.0),R,A,GNB,GW09,SURVEY,SHK_ANY,_Z,_Z,_T,_T,_T,_T,_T,_T,_Z,_Z,_Z,_Z,_Z,2021,0.91,,,,,,,,,SHK_ANY,SHARE,0.01,A,GNB_EHCVM2021_LEGACY_v1,
dataflow,WB.AFW360:AFW360_HH(0.3.0),R,A,GNB,GW09,SURVEY,SHK_COV_CONFLICT,_Z,_Z,_T,_T,_T,_T,_T,_T,_Z,_Z,_Z,_Z,_Z,2021,0.09,,,,,,,,,SHK_COV_CONFLICT,SHARE,0.01,A,GNB_EHCVM2021_LEGACY_v1,
dataflow,WB.AFW360:AFW360_HH(0.3.0),R,A,GNB,GW09,SURVEY,SHK_COV_ECON,_Z,_Z,_T,_T,_T,_T,_T,_T,_Z,_Z,_Z,_Z,_Z,2021,0.64,,,,,,,,,SHK_COV_ECON,SHARE,0.01,A,GNB_EHCVM2021_LEGACY_v1,
dataflow,WB.AFW360:AFW360_HH(0.3.0),R,A,GNB,GW09,SURVEY,SHK_COV_NATURAL,_Z,_Z,_T,_T,_T,_T,_T,_T,_Z,_Z,_Z,_Z,_Z,2021,0.58,,,,,,,,,SHK_COV_NATURAL,SHARE,0.01,A,GNB_EHCVM2021_LEGACY_v1,
dataflow,WB.AFW360:AFW360_HH(0.3.0),R,A,GNB,GW09,SURVEY,SHK_IDIO_ECON,_Z,_Z,_T,_T,_T,_T,_T,_T,_Z,_Z,_Z,_Z,_Z,2021,0.41,,,,,,,,,SHK_IDIO_ECON,SHARE,0.01,A,GNB_EHCVM2021_LEGACY_v1,
dataflow,WB.AFW360:AFW360_HH(0.3.0),R,A,GNB,GW09,SURVEY,SP_HEALTH_COV,_T,_T,_T,_T,_T,_T,_T,_T,_Z,_Z,_Z,_Z,_Z,2021,0,,,,,,,,,SP_HEALTH_COV,SHARE,0.01,A,GNB_EHCVM2021_LEGACY_v1,
dataflow,WB.AFW360:AFW360_HH(0.3.0),R,A,GNB,GW09,SURVEY,SP_HEALTH_COV_HH,_Z,_Z,_T,_T,_T,_T,_T,_T,_Z,_Z,_Z,_Z,_Z,2021,0,,,,,,,,,SP_HEALTH_COV_HH,SHARE,0.01,A,GNB_EHCVM2021_LEGACY_v1,
dataflow,WB.AFW360:AFW360_HH(0.3.0),R,A,GNB,GW_AEZ01,SURVEY,AGR_CULTIVATES,_Z,_Z,_T,_T,_T,_T,_T,_T,_Z,_Z,_Z,_Z,_Z,2021,0.08,,,,,,,,,AGR_CULTIVATES,SHARE,0.01,A,GNB_EHCVM2021_LEGACY_v1,
dataflow,WB.AFW360:AFW360_HH(0.3.0),R,A,GNB,GW_AEZ01,SURVEY,AGR_CULT_AREA,_Z,_Z,_T,_T,_T,_T,_T,_T,_Z,_Z,_Z,_Z,_Z,2021,1.3,,,,,,,,,AGR_CULT_AREA,HA,0.01,A,GNB_EHCVM2021_LEGACY_v1,
dataflow,WB.AFW360:AFW360_HH(0.3.0),R,A,GNB,GW_AEZ01,SURVEY,AGR_LIVESTOCK_ANY,_Z,_Z,_T,_T,_T,_T,_T,_T,_Z,_Z,_Z,_Z,_Z,2021,0.22,,,,,,,,,AGR_LIVESTOCK_ANY,SHARE,0.01,A,GNB_EHCVM2021_LEGACY_v1,
dataflow,WB.AFW360:AFW360_HH(0.3.0),R,A,GNB,GW_AEZ01,SURVEY,AGR_TLU,_Z,_Z,_T,_T,_T,_T,_T,_T,_Z,_Z,_Z,_Z,_Z,2021,0.13,,,,,,,,,AGR_TLU,TLU,0.01,A,GNB_EHCVM2021_LEGACY_v1,
dataflow,WB.AFW360:AFW360_HH(0.3.0),R,A,GNB,GW_AEZ01,SURVEY,CONS_SH,_Z,_Z,_T,_T,_T,_T,_T,_T,COICOP_CP01,ACQ_OWNPROD,_Z,_Z,_Z,2021,0.01,,,,,,,,,CONS_SH.COICOP_CP01.ACQ_OWNPROD,SHARE,0.01,A,GNB_EHCVM2021_LEGACY_v1,
dataflow,WB.AFW360:AFW360_HH(0.3.0),R,A,GNB,GW_AEZ01,SURVEY,CONS_SH,_Z,_Z,_T,_T,_T,_T,_T,_T,COICOP_CP01,ACQ_PURCH,_Z,_Z,_Z,2021,0.29,,,,,,,,,CONS_SH.COICOP_CP01.ACQ_PURCH,SHARE,0.01,A,GNB_EHCVM2021_LEGACY_v1,
dataflow,WB.AFW360:AFW360_HH(0.3.0),R,A,GNB,GW_AEZ01,SURVEY,CONS_SH,_Z,_Z,_T,_T,_T,_T,_T,_T,COICOP_CP01,_Z,_Z,_Z,_Z,2021,0.33,,,,,,,,,CONS_SH.COICOP_CP01,SHARE,0.01,A,GNB_EHCVM2021_LEGACY_v1,
dataflow,WB.AFW360:AFW360_HH(0.3.0),R,A,GNB,GW_AEZ01,SURVEY,CONS_SH,_Z,_Z,_T,_T,_T,_T,_T,_T,COICOP_CP02,_Z,_Z,_Z,_Z,2021,0.01,,,,,,,,,CONS_SH.COICOP_CP02,SHARE,0.01,A,GNB_EHCVM2021_LEGACY_v1,
dataflow,WB.AFW360:AFW360_HH(0.3.0),R,A,GNB,GW_AEZ01,SURVEY,CONS_SH,_Z,_Z,_T,_T,_T,_T,_T,_T,COICOP_CP03,_Z,_Z,_Z,_Z,2021,0.05,,,,,,,,,CONS_SH.COICOP_CP03,SHARE,0.01,A,GNB_EHCVM2021_LEGACY_v1,
dataflow,WB.AFW360:AFW360_HH(0.3.0),R,A,GNB,GW_AEZ01,SURVEY,CONS_SH,_Z,_Z,_T,_T,_T,_T,_T,_T,COICOP_CP04,_Z,_Z,_Z,_Z,2021,0.17,,,,,,,,,CONS_SH.COICOP_CP04,SHARE,0.01,A,GNB_EHCVM2021_LEGACY_v1,
dataflow,WB.AFW360:AFW360_HH(0.3.0),R,A,GNB,GW_AEZ01,SURVEY,CONS_SH,_Z,_Z,_T,_T,_T,_T,_T,_T,COICOP_CP05,_Z,_Z,_Z,_Z,2021,0.05,,,,,,,,,CONS_SH.COICOP_CP05,SHARE,0.01,A,GNB_EHCVM2021_LEGACY_v1,
dataflow,WB.AFW360:AFW360_HH(0.3.0),R,A,GNB,GW_AEZ01,SURVEY,CONS_SH,_Z,_Z,_T,_T,_T,_T,_T,_T,COICOP_CP06,_Z,_Z,_Z,_Z,2021,0.03,,,,,,,,,CONS_SH.COICOP_CP06,SHARE,0.01,A,GNB_EHCVM2021_LEGACY_v1,
dataflow,WB.AFW360:AFW360_HH(0.3.0),R,A,GNB,GW_AEZ01,SURVEY,CONS_SH,_Z,_Z,_T,_T,_T,_T,_T,_T,COICOP_CP07,_Z,_Z,_Z,_Z,2021,0.06,,,,,,,,,CONS_SH.COICOP_CP07,SHARE,0.01,A,GNB_EHCVM2021_LEGACY_v1,
dataflow,WB.AFW360:AFW360_HH(0.3.0),R,A,GNB,GW_AEZ01,SURVEY,CONS_SH,_Z,_Z,_T,_T,_T,_T,_T,_T,COICOP_CP08,_Z,_Z,_Z,_Z,2021,0.09,,,,,,,,,CONS_SH.COICOP_CP08,SHARE,0.01,A,GNB_EHCVM2021_LEGACY_v1,
dataflow,WB.AFW360:AFW360_HH(0.3.0),R,A,GNB,GW_AEZ01,SURVEY,CONS_SH,_Z,_Z,_T,_T,_T,_T,_T,_T,COICOP_CP09,_Z,_Z,_Z,_Z,2021,0.01,,,,,,,,,CONS_SH.COICOP_CP09,SHARE,0.01,A,GNB_EHCVM2021_LEGACY_v1,
dataflow,WB.AFW360:AFW360_HH(0.3.0),R,A,GNB,GW_AEZ01,SURVEY,CONS_SH,_Z,_Z,_T,_T,_T,_T,_T,_T,COICOP_CP10,_Z,_Z,_Z,_Z,2021,0.05,,,,,,,,,CONS_SH.COICOP_CP10,SHARE,0.01,A,GNB_EHCVM2021_LEGACY_v1,
dataflow,WB.AFW360:AFW360_HH(0.3.0),R,A,GNB,GW_AEZ01,SURVEY,CONS_SH,_Z,_Z,_T,_T,_T,_T,_T,_T,COICOP_CP11,_Z,_Z,_Z,_Z,2021,0.14,,,,,,,,,CONS_SH.COICOP_CP11,SHARE,0.01,A,GNB_EHCVM2021_LEGACY_v1,
dataflow,WB.AFW360:AFW360_HH(0.3.0),R,A,GNB,GW_AEZ01,SURVEY,CONS_SH,_Z,_Z,_T,_T,_T,_T,_T,_T,COICOP_CP12,_Z,_Z,_Z,_Z,2021,0,,,,,,,,,CONS_SH.COICOP_CP12,SHARE,0.01,A,GNB_EHCVM2021_LEGACY_v1,
dataflow,WB.AFW360:AFW360_HH(0.3.0),R,A,GNB,GW_AEZ01,SURVEY,CONS_SH,_Z,_Z,_T,_T,_T,_T,_T,_T,COICOP_CP13,_Z,_Z,_Z,_Z,2021,0.02,,,,,,,,,CONS_SH.COICOP_CP13,SHARE,0.01,A,GNB_EHCVM2021_LEGACY_v1,
dataflow,WB.AFW360:AFW360_HH(0.3.0),R,A,GNB,GW_AEZ01,SURVEY,EN_ASSET_AC,_Z,_Z,_T,_T,_T,_T,_T,_T,_Z,_Z,_Z,_Z,_Z,2021,0.03,,,,,,,,,EN_ASSET_AC,SHARE,0.01,A,GNB_EHCVM2021_LEGACY_v1,
dataflow,WB.AFW360:AFW360_HH(0.3.0),R,A,GNB,GW_AEZ01,SURVEY,EN_ASSET_COOKER,_Z,_Z,_T,_T,_T,_T,_T,_T,_Z,_Z,_Z,_Z,_Z,2021,0.13,,,,,,,,,EN_ASSET_COOKER,SHARE,0.01,A,GNB_EHCVM2021_LEGACY_v1,
dataflow,WB.AFW360:AFW360_HH(0.3.0),R,A,GNB,GW_AEZ01,SURVEY,EN_ASSET_FAN,_Z,_Z,_T,_T,_T,_T,_T,_T,_Z,_Z,_Z,_Z,_Z,2021,0.07,,,,,,,,,EN_ASSET_FAN,SHARE,0.01,A,GNB_EHCVM2021_LEGACY_v1,
dataflow,WB.AFW360:AFW360_HH(0.3.0),R,A,GNB,GW_AEZ01,SURVEY,EN_ASSET_WATER_HEATER,_Z,_Z,_T,_T,_T,_T,_T,_T,_Z,_Z,_Z,_Z,_Z,2021,0.07,,,,,,,,,EN_ASSET_WATER_HEATER,SHARE,0.01,A,GNB_EHCVM2021_LEGACY_v1,
dataflow,WB.AFW360:AFW360_HH(0.3.0),R,A,GNB,GW_AEZ01,SURVEY,EN_COOK_BIOMASS,_Z,_Z,_T,_T,_T,_T,_T,_T,_Z,_Z,_Z,_Z,_Z,2021,0.94,,,,,,,,,EN_COOK_BIOMASS,SHARE,0.01,A,GNB_EHCVM2021_LEGACY_v1,
dataflow,WB.AFW360:AFW360_HH(0.3.0),R,A,GNB,GW_AEZ01,SURVEY,EN_COOK_CLEAN,_Z,_Z,_T,_T,_T,_T,_T,_T,_Z,_Z,_Z,_Z,_Z,2021,0.05,,,,,,,,,EN_COOK_CLEAN,SHARE,0.01,A,GNB_EHCVM2021_LEGACY_v1,
dataflow,WB.AFW360:AFW360_HH(0.3.0),R,A,GNB,GW_AEZ01,SURVEY,EN_ELEC_ACCESS,_Z,_Z,_T,_T,_T,_T,_T,_T,_Z,_Z,_Z,_Z,_Z,2021,0.7,,,,,,,,,EN_ELEC_ACCESS,SHARE,0.01,A,GNB_EHCVM2021_LEGACY_v1,
dataflow,WB.AFW360:AFW360_HH(0.3.0),R,A,GNB,GW_AEZ01,SURVEY,EN_ELEC_INFORMAL,_Z,_Z,_T,_T,_T,_T,_T,_T,_Z,_Z,_Z,_Z,_Z,2021,0.04,,,,,,,,,EN_ELEC_INFORMAL,SHARE,0.01,A,GNB_EHCVM2021_LEGACY_v1,
dataflow,WB.AFW360:AFW360_HH(0.3.0),R,A,GNB,GW_AEZ01,SURVEY,EN_ELEC_SPEND,_Z,_Z,_T,_T,_T,_T,_T,_T,_Z,_Z,_Z,_Z,_Z,2021,14097.7,,,,,,,,,EN_ELEC_SPEND,XOF,0.01,A,GNB_EHCVM2021_LEGACY_v1,
dataflow,WB.AFW360:AFW360_HH(0.3.0),R,A,GNB,GW_AEZ01,SURVEY,EN_GRID_CONN,_Z,_Z,_T,_T,_T,_T,_T,_T,_Z,_Z,_Z,_Z,_Z,2021,0.71,,,,,,,,,EN_GRID_CONN,SHARE,0.01,A,GNB_EHCVM2021_LEGACY_v1,
dataflow,WB.AFW360:AFW360_HH(0.3.0),R,A,GNB,GW_AEZ01,SURVEY,EN_GRID_USE,_Z,_Z,_T,_T,_T,_T,_T,_T,_Z,_Z,_Z,_Z,_Z,2021,0.8,,,,,,,,,EN_GRID_USE,SHARE,0.01,A,GNB_EHCVM2021_LEGACY_v1,
dataflow,WB.AFW360:AFW360_HH(0.3.0),R,A,GNB,GW_AEZ01,SURVEY,EN_LIGHT_IMPROVED,_Z,_Z,_T,_T,_T,_T,_T,_T,_Z,_Z,_Z,_Z,_Z,2021,0.8,,,,,,,,,EN_LIGHT_IMPROVED,SHARE,0.01,A,GNB_EHCVM2021_LEGACY_v1,
dataflow,WB.AFW360:AFW360_HH(0.3.0),R,A,GNB,GW_AEZ01,SURVEY,EN_OFFGRID_USE,_Z,_Z,_T,_T,_T,_T,_T,_T,_Z,_Z,_Z,_Z,_Z,2021,0.04,,,,,,,,,EN_OFFGRID_USE,SHARE,0.01,A,GNB_EHCVM2021_LEGACY_v1,
dataflow,WB.AFW360:AFW360_HH(0.3.0),R,A,GNB,GW_AEZ01,SURVEY,EN_OUTAGE_ANY,_Z,_Z,_T,_T,_T,_T,_T,_T,_Z,_Z,_Z,_Z,_Z,2021,0.27,,,,,,,,,EN_OUTAGE_ANY,SHARE,0.01,A,GNB_EHCVM2021_LEGACY_v1,
dataflow,WB.AFW360:AFW360_HH(0.3.0),R,A,GNB,GW_AEZ01,SURVEY,EN_OUTAGE_DAYS,_Z,_Z,_T,_T,_T,_T,_T,_T,_Z,_Z,_Z,_Z,_Z,2021,2.02,,,,,,,,,EN_OUTAGE_DAYS,DAY,0.01,A,GNB_EHCVM2021_LEGACY_v1,
dataflow,WB.AFW360:AFW360_HH(0.3.0),R,A,GNB,GW_AEZ01,SURVEY,EN_OUTAGE_DUR_CODE,_Z,_Z,_T,_T,_T,_T,_T,_T,_Z,_Z,_Z,_Z,_Z,2021,2.85,,,,,,,,,EN_OUTAGE_DUR_CODE,INDEX,0.01,A,GNB_EHCVM2021_LEGACY_v1,
dataflow,WB.AFW360:AFW360_HH(0.3.0),R,A,GNB,GW_AEZ01,SURVEY,EN_PREPAID_METER,_Z,_Z,_T,_T,_T,_T,_T,_T,_Z,_Z,_Z,_Z,_Z,2021,0.65,,,,,,,,,EN_PREPAID_METER,SHARE,0.01,A,GNB_EHCVM2021_LEGACY_v1,
dataflow,WB.AFW360:AFW360_HH(0.3.0),R,A,GNB,GW_AEZ01,SURVEY,HE_ACCOUNTS,_Z,_Z,_T,_T,_T,_T,_T,_T,_Z,_Z,_Z,_Z,_Z,2021,0.04,,,,,,,,,HE_ACCOUNTS,SHARE,0.01,A,GNB_EHCVM2021_LEGACY_v1,
dataflow,WB.AFW360:AFW360_HH(0.3.0),R,A,GNB,GW_AEZ01,SURVEY,HE_AGE,_Z,_Z,_T,_T,_T,_T,_T,_T,_Z,_Z,_Z,_Z,_Z,2021,5.88,,,,,,,,,HE_AGE,YEAR,0.01,A,GNB_EHCVM2021_LEGACY_v1,
dataflow,WB.AFW360:AFW360_HH(0.3.0),R,A,GNB,GW_AEZ01,SURVEY,HE_BUY_FIRMS,_Z,_Z,_T,_T,_T,_T,_T,_T,_Z,_Z,_Z,_Z,_Z,2021,0.19,,,,,,,,,HE_BUY_FIRMS,SHARE,0.01,A,GNB_EHCVM2021_LEGACY_v1,
dataflow,WB.AFW360:AFW360_HH(0.3.0),R,A,GNB,GW_AEZ01,SURVEY,HE_CAPITAL,_Z,_Z,_T,_T,_T,_T,_T,_T,_Z,_Z,_Z,_Z,_Z,2021,7170.22,,,,,,,,,HE_CAPITAL,XOF,0.01,A,GNB_EHCVM2021_LEGACY_v1,
dataflow,WB.AFW360:AFW360_HH(0.3.0),R,A,GNB,GW_AEZ01,SURVEY,HE_COSTS,_Z,_Z,_T,_T,_T,_T,_T,_T,_Z,_Z,_Z,_Z,_Z,2021,5762.63,,,,,,,,,HE_COSTS,XOF,0.01,A,GNB_EHCVM2021_LEGACY_v1,
dataflow,WB.AFW360:AFW360_HH(0.3.0),R,A,GNB,GW_AEZ01,SURVEY,HE_CREDIT_ANY,_Z,_Z,_T,_T,_T,_T,_T,_T,_Z,_Z,_Z,_Z,_Z,2021,0.26,,,,,,,,,HE_CREDIT_ANY,SHARE,0.01,A,GNB_EHCVM2021_LEGACY_v1,
dataflow,WB.AFW360:AFW360_HH(0.3.0),R,A,GNB,GW_AEZ01,SURVEY,HE_CREDIT_FORMAL,_Z,_Z,_T,_T,_T,_T,_T,_T,_Z,_Z,_Z,_Z,_Z,2021,0.01,,,,,,,,,HE_CREDIT_FORMAL,SHARE,0.01,A,GNB_EHCVM2021_LEGACY_v1,
dataflow,WB.AFW360:AFW360_HH(0.3.0),R,A,GNB,GW_AEZ01,SURVEY,HE_CREDIT_INFORMAL,_Z,_Z,_T,_T,_T,_T,_T,_T,_Z,_Z,_Z,_Z,_Z,2021,0.24,,,,,,,,,HE_CREDIT_INFORMAL,SHARE,0.01,A,GNB_EHCVM2021_LEGACY_v1,
dataflow,WB.AFW360:AFW360_HH(0.3.0),R,A,GNB,GW_AEZ01,SURVEY,HE_ELEC,_Z,_Z,_T,_T,_T,_T,_T,_T,_Z,_Z,_Z,_Z,_Z,2021,0.83,,,,,,,,,HE_ELEC,SHARE,0.01,A,GNB_EHCVM2021_LEGACY_v1,
dataflow,WB.AFW360:AFW360_HH(0.3.0),R,A,GNB,GW_AEZ01,SURVEY,HE_EMP_EXT_ANY,_Z,_Z,_T,_T,_T,_T,_T,_T,_Z,_Z,_Z,_Z,_Z,2021,1,,,,,,,,,HE_EMP_EXT_ANY,SHARE,0.01,A,GNB_EHCVM2021_LEGACY_v1,LEGACY_SUSPECT: Implausible: share 1.00 while mean non-HH employees is 0.48.
dataflow,WB.AFW360:AFW360_HH(0.3.0),R,A,GNB,GW_AEZ01,SURVEY,HE_EMP_HH_NUM,_Z,_Z,_T,_T,_T,_T,_T,_T,_Z,_Z,_Z,_Z,_Z,2021,0,,,,,,,,,HE_EMP_HH_NUM,PERSON,0.01,A,GNB_EHCVM2021_LEGACY_v1,
dataflow,WB.AFW360:AFW360_HH(0.3.0),R,A,GNB,GW_AEZ01,SURVEY,HE_EMP_NONHH_NUM,_Z,_Z,_T,_T,_T,_T,_T,_T,_Z,_Z,_Z,_Z,_Z,2021,0.64,,,,,,,,,HE_EMP_NONHH_NUM,PERSON,0.01,A,GNB_EHCVM2021_LEGACY_v1,
dataflow,WB.AFW360:AFW360_HH(0.3.0),R,A,GNB,GW_AEZ01,SURVEY,HE_EMP_NUM,_Z,_Z,_T,_T,_T,_T,_T,_T,_Z,_Z,_Z,_Z,_Z,2021,0.46,,,,,,,,,HE_EMP_NUM,PERSON,0.01,A,GNB_EHCVM2021_LEGACY_v1,
dataflow,WB.AFW360:AFW360_HH(0.3.0),R,A,GNB,GW_AEZ01,SURVEY,HE_HH_OWNER,_Z,_Z,_T,_T,_T,_T,_T,_T,_Z,_Z,_Z,_Z,_Z,2021,0.67,,,,,,,,,HE_HH_OWNER,SHARE,0.01,A,GNB_EHCVM2021_LEGACY_v1,
dataflow,WB.AFW360:AFW360_HH(0.3.0),R,A,GNB,GW_AEZ01,SURVEY,HE_HOME_BASED,_Z,_Z,_T,_T,_T,_T,_T,_T,_Z,_Z,_Z,_Z,_Z,2021,0.59,,,,,,,,,HE_HOME_BASED,SHARE,0.01,A,GNB_EHCVM2021_LEGACY_v1,
dataflow,WB.AFW360:AFW360_HH(0.3.0),R,A,GNB,GW_AEZ01,SURVEY,HE_PHONE,_Z,_Z,_T,_T,_T,_T,_T,_T,_Z,_Z,_Z,_Z,_Z,2021,0.98,,,,,,,,,HE_PHONE,SHARE,0.01,A,GNB_EHCVM2021_LEGACY_v1,
dataflow,WB.AFW360:AFW360_HH(0.3.0),R,A,GNB,GW_AEZ01,SURVEY,HE_PREMISES_FORMAL,_Z,_Z,_T,_T,_T,_T,_T,_T,_Z,_Z,_Z,_Z,_Z,2021,0.05,,,,,,,,,HE_PREMISES_FORMAL,SHARE,0.01,A,GNB_EHCVM2021_LEGACY_v1,
dataflow,WB.AFW360:AFW360_HH(0.3.0),R,A,GNB,GW_AEZ01,SURVEY,HE_PROFIT,_Z,_Z,_T,_T,_T,_T,_T,_T,_Z,_Z,_Z,_Z,_Z,2021,8735.7,,,,,,,,,HE_PROFIT,XOF,0.01,A,GNB_EHCVM2021_LEGACY_v1,
dataflow,WB.AFW360:AFW360_HH(0.3.0),R,A,GNB,GW_AEZ01,SURVEY,HE_RENT,_Z,_Z,_T,_T,_T,_T,_T,_T,_Z,_Z,_Z,_Z,_Z,2021,1,,,,,,,,,HE_RENT,SHARE,0.01,A,GNB_EHCVM2021_LEGACY_v1,
dataflow,WB.AFW360:AFW360_HH(0.3.0),R,A,GNB,GW_AEZ01,SURVEY,HE_REV_PER_WORKER,_Z,_Z,_T,_T,_T,_T,_T,_T,_Z,_Z,_Z,_Z,_Z,2021,156896.88,,,,,,,,,HE_REV_PER_WORKER,XOF,0.01,A,GNB_EHCVM2021_LEGACY_v1,
dataflow,WB.AFW360:AFW360_HH(0.3.0),R,A,GNB,GW_AEZ01,SURVEY,HE_SELL_FIRMS,_Z,_Z,_T,_T,_T,_T,_T,_T,_Z,_Z,_Z,_Z,_Z,2021,0.06,,,,,,,,,HE_SELL_FIRMS,SHARE,0.01,A,GNB_EHCVM2021_LEGACY_v1,
dataflow,WB.AFW360:AFW360_HH(0.3.0),R,A,GNB,GW_AEZ01,SURVEY,HE_TAX_ID,_Z,_Z,_T,_T,_T,_T,_T,_T,_Z,_Z,_Z,_Z,_Z,2021,0.1,,,,,,,,,HE_TAX_ID,SHARE,0.01,A,GNB_EHCVM2021_LEGACY_v1,
dataflow,WB.AFW360:AFW360_HH(0.3.0),R,A,GNB,GW_AEZ01,SURVEY,HE_WATER,_Z,_Z,_T,_T,_T,_T,_T,_T,_Z,_Z,_Z,_Z,_Z,2021,0.3,,,,,,,,,HE_WATER,SHARE,0.01,A,GNB_EHCVM2021_LEGACY_v1,
dataflow,WB.AFW360:AFW360_HH(0.3.0),R,A,GNB,GW_AEZ01,SURVEY,HOUS_FLOOR_DURABLE,_Z,_Z,_T,_T,_T,_T,_T,_T,_Z,_Z,_Z,_Z,_Z,2021,0.97,,,,,,,,,HOUS_FLOOR_DURABLE,SHARE,0.01,A,GNB_EHCVM2021_LEGACY_v1,
dataflow,WB.AFW360:AFW360_HH(0.3.0),R,A,GNB,GW_AEZ01,SURVEY,HOUS_ROOF_DURABLE,_Z,_Z,_T,_T,_T,_T,_T,_T,_Z,_Z,_Z,_Z,_Z,2021,1,,,,,,,,,HOUS_ROOF_DURABLE,SHARE,0.01,A,GNB_EHCVM2021_LEGACY_v1,
dataflow,WB.AFW360:AFW360_HH(0.3.0),R,A,GNB,GW_AEZ01,SURVEY,HOUS_SANIT_IMPROVED,_Z,_Z,_T,_T,_T,_T,_T,_T,_Z,_Z,_Z,_Z,_Z,2021,0.57,,,,,,,,,HOUS_SANIT_IMPROVED,SHARE,0.01,A,GNB_EHCVM2021_LEGACY_v1,
dataflow,WB.AFW360:AFW360_HH(0.3.0),R,A,GNB,GW_AEZ01,SURVEY,HOUS_WALL_DURABLE,_Z,_Z,_T,_T,_T,_T,_T,_T,_Z,_Z,_Z,_Z,_Z,2021,0.46,,,,,,,,,HOUS_WALL_DURABLE,SHARE,0.01,A,GNB_EHCVM2021_LEGACY_v1,
dataflow,WB.AFW360:AFW360_HH(0.3.0),R,A,GNB,GW_AEZ01,SURVEY,HOUS_WATER_SAFE_DRY,_Z,_Z,_T,_T,_T,_T,_T,_T,_Z,_Z,_Z,_Z,_Z,2021,0.96,,,,,,,,,HOUS_WATER_SAFE_DRY,SHARE,0.01,A,GNB_EHCVM2021_LEGACY_v1,
dataflow,WB.AFW360:AFW360_HH(0.3.0),R,A,GNB,GW_AEZ01,SURVEY,POP_HE_SH,_Z,_Z,_T,HEO_MSTAT_MARRIED,_T,_T,_T,_T,_Z,_Z,_Z,_Z,_Z,2021,0.25,,,,,,,,,POP_HE_SH.HEO_MSTAT_MARRIED,SHARE,0.01,A,GNB_EHCVM2021_LEGACY_v1,
dataflow,WB.AFW360:AFW360_HH(0.3.0),R,A,GNB,GW_AEZ01,SURVEY,POP_HE_SH,_Z,_Z,_T,HEO_SEX_F,_T,_T,_T,_T,_Z,_Z,_Z,_Z,_Z,2021,0.62,,,,,,,,,POP_HE_SH.HEO_SEX_F,SHARE,0.01,A,GNB_EHCVM2021_LEGACY_v1,
dataflow,WB.AFW360:AFW360_HH(0.3.0),R,A,GNB,GW_AEZ01,SURVEY,POP_HH_SH,_Z,_Z,_T,HE_COUNT_0,_T,_T,_T,_T,_Z,_Z,_Z,_Z,_Z,2021,0.3,,,,,,,,,POP_HH_SH.HE_COUNT_0,SHARE,0.01,A,GNB_EHCVM2021_LEGACY_v1,
dataflow,WB.AFW360:AFW360_HH(0.3.0),R,A,GNB,GW_AEZ01,SURVEY,POP_HH_SH,_Z,_Z,_T,HE_COUNT_1,_T,_T,_T,_T,_Z,_Z,_Z,_Z,_Z,2021,0.54,,,,,,,,,POP_HH_SH.HE_COUNT_1,SHARE,0.01,A,GNB_EHCVM2021_LEGACY_v1,
dataflow,WB.AFW360:AFW360_HH(0.3.0),R,A,GNB,GW_AEZ01,SURVEY,POP_HH_SH,_Z,_Z,_T,HE_COUNT_2,_T,_T,_T,_T,_Z,_Z,_Z,_Z,_Z,2021,0.13,,,,,,,,,POP_HH_SH.HE_COUNT_2,SHARE,0.01,A,GNB_EHCVM2021_LEGACY_v1,
dataflow,WB.AFW360:AFW360_HH(0.3.0),R,A,GNB,GW_AEZ01,SURVEY,POP_HH_SH,_Z,_Z,_T,HE_COUNT_3,_T,_T,_T,_T,_Z,_Z,_Z,_Z,_Z,2021,0.02,,,,,,,,,POP_HH_SH.HE_COUNT_3,SHARE,0.01,A,GNB_EHCVM2021_LEGACY_v1,
dataflow,WB.AFW360:AFW360_HH(0.3.0),R,A,GNB,GW_AEZ01,SURVEY,POP_HH_SH,_Z,_Z,_T,HE_COUNT_4P,_T,_T,_T,_T,_Z,_Z,_Z,_Z,_Z,2021,0,,,,,,,,,POP_HH_SH.HE_COUNT_4P,SHARE,0.01,A,GNB_EHCVM2021_LEGACY_v1,
dataflow,WB.AFW360:AFW360_HH(0.3.0),R,A,GNB,GW_AEZ01,SURVEY,POP_SH,_T,_T,_T,EMP_FORMAL_N,_T,_T,_T,_T,_Z,_Z,_Z,_Z,_Z,2021,0.47,,,,,,,,,POP_SH.EMP_FORMAL_N,SHARE,0.01,A,GNB_EHCVM2021_LEGACY_v1,
dataflow,WB.AFW360:AFW360_HH(0.3.0),R,A,GNB,GW_AEZ01,SURVEY,POP_SH,_T,_T,_T,EMP_ISIC_G,_T,_T,_T,_T,_Z,_Z,_Z,_Z,_Z,2021,0.26,,,,,,,,,POP_SH.EMP_ISIC_G,SHARE,0.01,A,GNB_EHCVM2021_LEGACY_v1,
dataflow,WB.AFW360:AFW360_HH(0.3.0),R,A,GNB,GW_AEZ01,SURVEY,POP_SH,_T,_T,_T,EMP_ISIC_H,_T,_T,_T,_T,_Z,_Z,_Z,_Z,_Z,2021,0.06,,,,,,,,,POP_SH.EMP_ISIC_H,SHARE,0.01,A,GNB_EHCVM2021_LEGACY_v1,
dataflow,WB.AFW360:AFW360_HH(0.3.0),R,A,GNB,GW_AEZ01,SURVEY,POP_SH,_T,_T,_T,EMP_SECTOR_AGR,_T,_T,_T,_T,_Z,_Z,_Z,_Z,_Z,2021,0.06,,,,,,,,,POP_SH.EMP_SECTOR_AGR,SHARE,0.01,A,GNB_EHCVM2021_LEGACY_v1,
dataflow,WB.AFW360:AFW360_HH(0.3.0),R,A,GNB,GW_AEZ01,SURVEY,POP_SH,_T,_T,_T,EMP_SECTOR_IND,_T,_T,_T,_T,_Z,_Z,_Z,_Z,_Z,2021,0.26,,,,,,,,,POP_SH.EMP_SECTOR_IND,SHARE,0.01,A,GNB_EHCVM2021_LEGACY_v1,
dataflow,WB.AFW360:AFW360_HH(0.3.0),R,A,GNB,GW_AEZ01,SURVEY,POP_SH,_T,_T,_T,EMP_SECTOR_SER,_T,_T,_T,_T,_Z,_Z,_Z,_Z,_Z,2021,0.68,,,,,,,,,POP_SH.EMP_SECTOR_SER,SHARE,0.01,A,GNB_EHCVM2021_LEGACY_v1,
dataflow,WB.AFW360:AFW360_HH(0.3.0),R,A,GNB,GW_AEZ01,SURVEY,POP_SH,_T,_T,_T,EMP_STATUS_EMPLOYED,_T,_T,_T,_T,_Z,_Z,_Z,_Z,_Z,2021,0.48,,,,,,,,,POP_SH.EMP_STATUS_EMPLOYED,SHARE,0.01,A,GNB_EHCVM2021_LEGACY_v1,
dataflow,WB.AFW360:AFW360_HH(0.3.0),R,A,GNB,GW_AEZ01,SURVEY,POP_SH,_T,_T,_T,EMP_TYPE_NONWAGE,_T,_T,_T,_T,_Z,_Z,_Z,_Z,_Z,2021,0.48,,,,,,,,,POP_SH.EMP_TYPE_NONWAGE,SHARE,0.01,A,GNB_EHCVM2021_LEGACY_v1,
dataflow,WB.AFW360:AFW360_HH(0.3.0),R,A,GNB,GW_AEZ01,SURVEY,POP_SH,_T,_T,_T,EMP_TYPE_WAGE,_T,_T,_T,_T,_Z,_Z,_Z,_Z,_Z,2021,0.52,,,,,,,,,POP_SH.EMP_TYPE_WAGE,SHARE,0.01,A,GNB_EHCVM2021_LEGACY_v1,
dataflow,WB.AFW360:AFW360_HH(0.3.0),R,A,GNB,GW_AEZ01,SURVEY,POV_HC,_T,_T,_T,_T,_T,_T,_T,_T,POVLINE_PL300,PPP_2021,_Z,_Z,_Z,2021,0.04,,,,,,,,,POV_HC.POVLINE_PL300.PPP_2021,SHARE,0.01,A,GNB_EHCVM2021_LEGACY_v1,
dataflow,WB.AFW360:AFW360_HH(0.3.0),R,A,GNB,GW_AEZ01,SURVEY,POV_HC,_T,_T,_T,_T,_T,_T,_T,_T,POVLINE_PL420,PPP_2021,_Z,_Z,_Z,2021,0.21,,,,,,,,,POV_HC.POVLINE_PL420.PPP_2021,SHARE,0.01,A,GNB_EHCVM2021_LEGACY_v1,
dataflow,WB.AFW360:AFW360_HH(0.3.0),R,A,GNB,GW_AEZ01,SURVEY,POV_NUM,_T,_T,_T,_T,_T,_T,_T,_T,POVLINE_PL300,PPP_2021,_Z,_Z,_Z,2021,20000,,,,,,,,,POV_NUM.POVLINE_PL300.PPP_2021,PERSON,10000,A,GNB_EHCVM2021_LEGACY_v1,
dataflow,WB.AFW360:AFW360_HH(0.3.0),R,A,GNB,GW_AEZ01,SURVEY,POV_NUM,_T,_T,_T,_T,_T,_T,_T,_T,POVLINE_PL420,PPP_2021,_Z,_Z,_Z,2021,100000,,,,,,,,,POV_NUM.POVLINE_PL420.PPP_2021,PERSON,10000,A,GNB_EHCVM2021_LEGACY_v1,
dataflow,WB.AFW360:AFW360_HH(0.3.0),R,A,GNB,GW_AEZ01,SURVEY,SHK_ANY,_Z,_Z,_T,_T,_T,_T,_T,_T,_Z,_Z,_Z,_Z,_Z,2021,0.88,,,,,,,,,SHK_ANY,SHARE,0.01,A,GNB_EHCVM2021_LEGACY_v1,
dataflow,WB.AFW360:AFW360_HH(0.3.0),R,A,GNB,GW_AEZ01,SURVEY,SHK_COV_CONFLICT,_Z,_Z,_T,_T,_T,_T,_T,_T,_Z,_Z,_Z,_Z,_Z,2021,0.01,,,,,,,,,SHK_COV_CONFLICT,SHARE,0.01,A,GNB_EHCVM2021_LEGACY_v1,
dataflow,WB.AFW360:AFW360_HH(0.3.0),R,A,GNB,GW_AEZ01,SURVEY,SHK_COV_ECON,_Z,_Z,_T,_T,_T,_T,_T,_T,_Z,_Z,_Z,_Z,_Z,2021,0.69,,,,,,,,,SHK_COV_ECON,SHARE,0.01,A,GNB_EHCVM2021_LEGACY_v1,
dataflow,WB.AFW360:AFW360_HH(0.3.0),R,A,GNB,GW_AEZ01,SURVEY,SHK_COV_NATURAL,_Z,_Z,_T,_T,_T,_T,_T,_T,_Z,_Z,_Z,_Z,_Z,2021,0.11,,,,,,,,,SHK_COV_NATURAL,SHARE,0.01,A,GNB_EHCVM2021_LEGACY_v1,
dataflow,WB.AFW360:AFW360_HH(0.3.0),R,A,GNB,GW_AEZ01,SURVEY,SHK_IDIO_ECON,_Z,_Z,_T,_T,_T,_T,_T,_T,_Z,_Z,_Z,_Z,_Z,2021,0.31,,,,,,,,,SHK_IDIO_ECON,SHARE,0.01,A,GNB_EHCVM2021_LEGACY_v1,
dataflow,WB.AFW360:AFW360_HH(0.3.0),R,A,GNB,GW_AEZ01,SURVEY,SP_HEALTH_COV,_T,_T,_T,_T,_T,_T,_T,_T,_Z,_Z,_Z,_Z,_Z,2021,0.01,,,,,,,,,SP_HEALTH_COV,SHARE,0.01,A,GNB_EHCVM2021_LEGACY_v1,
dataflow,WB.AFW360:AFW360_HH(0.3.0),R,A,GNB,GW_AEZ01,SURVEY,SP_HEALTH_COV_HH,_Z,_Z,_T,_T,_T,_T,_T,_T,_Z,_Z,_Z,_Z,_Z,2021,0.03,,,,,,,,,SP_HEALTH_COV_HH,SHARE,0.01,A,GNB_EHCVM2021_LEGACY_v1,
dataflow,WB.AFW360:AFW360_HH(0.3.0),R,A,GNB,GW_AEZ02,SURVEY,AGR_CULTIVATES,_Z,_Z,_T,_T,_T,_T,_T,_T,_Z,_Z,_Z,_Z,_Z,2021,0.88,,,,,,,,,AGR_CULTIVATES,SHARE,0.01,A,GNB_EHCVM2021_LEGACY_v1,
dataflow,WB.AFW360:AFW360_HH(0.3.0),R,A,GNB,GW_AEZ02,SURVEY,AGR_LIVESTOCK_ANY,_Z,_Z,_T,_T,_T,_T,_T,_T,_Z,_Z,_Z,_Z,_Z,2021,0.84,,,,,,,,,AGR_LIVESTOCK_ANY,SHARE,0.01,A,GNB_EHCVM2021_LEGACY_v1,
dataflow,WB.AFW360:AFW360_HH(0.3.0),R,A,GNB,GW_AEZ02,SURVEY,AGR_TLU,_Z,_Z,_T,_T,_T,_T,_T,_T,_Z,_Z,_Z,_Z,_Z,2021,2.16,,,,,,,,,AGR_TLU,TLU,0.01,A,GNB_EHCVM2021_LEGACY_v1,
dataflow,WB.AFW360:AFW360_HH(0.3.0),R,A,GNB,GW_AEZ02,SURVEY,CONS_SH,_Z,_Z,_T,_T,_T,_T,_T,_T,COICOP_CP01,ACQ_OWNPROD,_Z,_Z,_Z,2021,0.22,,,,,,,,,CONS_SH.COICOP_CP01.ACQ_OWNPROD,SHARE,0.01,A,GNB_EHCVM2021_LEGACY_v1,
dataflow,WB.AFW360:AFW360_HH(0.3.0),R,A,GNB,GW_AEZ02,SURVEY,CONS_SH,_Z,_Z,_T,_T,_T,_T,_T,_T,COICOP_CP01,ACQ_PURCH,_Z,_Z,_Z,2021,0.21,,,,,,,,,CONS_SH.COICOP_CP01.ACQ_PURCH,SHARE,0.01,A,GNB_EHCVM2021_LEGACY_v1,
dataflow,WB.AFW360:AFW360_HH(0.3.0),R,A,GNB,GW_AEZ02,SURVEY,CONS_SH,_Z,_Z,_T,_T,_T,_T,_T,_T,COICOP_CP01,_Z,_Z,_Z,_Z,2021,0.5,,,,,,,,,CONS_SH.COICOP_CP01,SHARE,0.01,A,GNB_EHCVM2021_LEGACY_v1,
dataflow,WB.AFW360:AFW360_HH(0.3.0),R,A,GNB,GW_AEZ02,SURVEY,CONS_SH,_Z,_Z,_T,_T,_T,_T,_T,_T,COICOP_CP02,_Z,_Z,_Z,_Z,2021,0.01,,,,,,,,,CONS_SH.COICOP_CP02,SHARE,0.01,A,GNB_EHCVM2021_LEGACY_v1,
dataflow,WB.AFW360:AFW360_HH(0.3.0),R,A,GNB,GW_AEZ02,SURVEY,CONS_SH,_Z,_Z,_T,_T,_T,_T,_T,_T,COICOP_CP03,_Z,_Z,_Z,_Z,2021,0.06,,,,,,,,,CONS_SH.COICOP_CP03,SHARE,0.01,A,GNB_EHCVM2021_LEGACY_v1,
dataflow,WB.AFW360:AFW360_HH(0.3.0),R,A,GNB,GW_AEZ02,SURVEY,CONS_SH,_Z,_Z,_T,_T,_T,_T,_T,_T,COICOP_CP04,_Z,_Z,_Z,_Z,2021,0.13,,,,,,,,,CONS_SH.COICOP_CP04,SHARE,0.01,A,GNB_EHCVM2021_LEGACY_v1,
dataflow,WB.AFW360:AFW360_HH(0.3.0),R,A,GNB,GW_AEZ02,SURVEY,CONS_SH,_Z,_Z,_T,_T,_T,_T,_T,_T,COICOP_CP05,_Z,_Z,_Z,_Z,2021,0.04,,,,,,,,,CONS_SH.COICOP_CP05,SHARE,0.01,A,GNB_EHCVM2021_LEGACY_v1,
dataflow,WB.AFW360:AFW360_HH(0.3.0),R,A,GNB,GW_AEZ02,SURVEY,CONS_SH,_Z,_Z,_T,_T,_T,_T,_T,_T,COICOP_CP06,_Z,_Z,_Z,_Z,2021,0.03,,,,,,,,,CONS_SH.COICOP_CP06,SHARE,0.01,A,GNB_EHCVM2021_LEGACY_v1,
dataflow,WB.AFW360:AFW360_HH(0.3.0),R,A,GNB,GW_AEZ02,SURVEY,CONS_SH,_Z,_Z,_T,_T,_T,_T,_T,_T,COICOP_CP07,_Z,_Z,_Z,_Z,2021,0.04,,,,,,,,,CONS_SH.COICOP_CP07,SHARE,0.01,A,GNB_EHCVM2021_LEGACY_v1,
dataflow,WB.AFW360:AFW360_HH(0.3.0),R,A,GNB,GW_AEZ02,SURVEY,CONS_SH,_Z,_Z,_T,_T,_T,_T,_T,_T,COICOP_CP08,_Z,_Z,_Z,_Z,2021,0.06,,,,,,,,,CONS_SH.COICOP_CP08,SHARE,0.01,A,GNB_EHCVM2021_LEGACY_v1,
dataflow,WB.AFW360:AFW360_HH(0.3.0),R,A,GNB,GW_AEZ02,SURVEY,CONS_SH,_Z,_Z,_T,_T,_T,_T,_T,_T,COICOP_CP09,_Z,_Z,_Z,_Z,2021,0,,,,,,,,,CONS_SH.COICOP_CP09,SHARE,0.01,A,GNB_EHCVM2021_LEGACY_v1,
dataflow,WB.AFW360:AFW360_HH(0.3.0),R,A,GNB,GW_AEZ02,SURVEY,CONS_SH,_Z,_Z,_T,_T,_T,_T,_T,_T,COICOP_CP10,_Z,_Z,_Z,_Z,2021,0.03,,,,,,,,,CONS_SH.COICOP_CP10,SHARE,0.01,A,GNB_EHCVM2021_LEGACY_v1,
dataflow,WB.AFW360:AFW360_HH(0.3.0),R,A,GNB,GW_AEZ02,SURVEY,CONS_SH,_Z,_Z,_T,_T,_T,_T,_T,_T,COICOP_CP11,_Z,_Z,_Z,_Z,2021,0.09,,,,,,,,,CONS_SH.COICOP_CP11,SHARE,0.01,A,GNB_EHCVM2021_LEGACY_v1,
dataflow,WB.AFW360:AFW360_HH(0.3.0),R,A,GNB,GW_AEZ02,SURVEY,CONS_SH,_Z,_Z,_T,_T,_T,_T,_T,_T,COICOP_CP12,_Z,_Z,_Z,_Z,2021,0,,,,,,,,,CONS_SH.COICOP_CP12,SHARE,0.01,A,GNB_EHCVM2021_LEGACY_v1,
dataflow,WB.AFW360:AFW360_HH(0.3.0),R,A,GNB,GW_AEZ02,SURVEY,CONS_SH,_Z,_Z,_T,_T,_T,_T,_T,_T,COICOP_CP13,_Z,_Z,_Z,_Z,2021,0.01,,,,,,,,,CONS_SH.COICOP_CP13,SHARE,0.01,A,GNB_EHCVM2021_LEGACY_v1,
dataflow,WB.AFW360:AFW360_HH(0.3.0),R,A,GNB,GW_AEZ02,SURVEY,EN_ASSET_AC,_Z,_Z,_T,_T,_T,_T,_T,_T,_Z,_Z,_Z,_Z,_Z,2021,0,,,,,,,,,EN_ASSET_AC,SHARE,0.01,A,GNB_EHCVM2021_LEGACY_v1,
dataflow,WB.AFW360:AFW360_HH(0.3.0),R,A,GNB,GW_AEZ02,SURVEY,EN_ASSET_COOKER,_Z,_Z,_T,_T,_T,_T,_T,_T,_Z,_Z,_Z,_Z,_Z,2021,0.01,,,,,,,,,EN_ASSET_COOKER,SHARE,0.01,A,GNB_EHCVM2021_LEGACY_v1,
dataflow,WB.AFW360:AFW360_HH(0.3.0),R,A,GNB,GW_AEZ02,SURVEY,EN_ASSET_FAN,_Z,_Z,_T,_T,_T,_T,_T,_T,_Z,_Z,_Z,_Z,_Z,2021,0,,,,,,,,,EN_ASSET_FAN,SHARE,0.01,A,GNB_EHCVM2021_LEGACY_v1,
dataflow,WB.AFW360:AFW360_HH(0.3.0),R,A,GNB,GW_AEZ02,SURVEY,EN_ASSET_WATER_HEATER,_Z,_Z,_T,_T,_T,_T,_T,_T,_Z,_Z,_Z,_Z,_Z,2021,0,,,,,,,,,EN_ASSET_WATER_HEATER,SHARE,0.01,A,GNB_EHCVM2021_LEGACY_v1,
dataflow,WB.AFW360:AFW360_HH(0.3.0),R,A,GNB,GW_AEZ02,SURVEY,EN_COOK_BIOMASS,_Z,_Z,_T,_T,_T,_T,_T,_T,_Z,_Z,_Z,_Z,_Z,2021,0.99,,,,,,,,,EN_COOK_BIOMASS,SHARE,0.01,A,GNB_EHCVM2021_LEGACY_v1,
dataflow,WB.AFW360:AFW360_HH(0.3.0),R,A,GNB,GW_AEZ02,SURVEY,EN_COOK_CLEAN,_Z,_Z,_T,_T,_T,_T,_T,_T,_Z,_Z,_Z,_Z,_Z,2021,0,,,,,,,,,EN_COOK_CLEAN,SHARE,0.01,A,GNB_EHCVM2021_LEGACY_v1,
dataflow,WB.AFW360:AFW360_HH(0.3.0),R,A,GNB,GW_AEZ02,SURVEY,EN_ELEC_ACCESS,_Z,_Z,_T,_T,_T,_T,_T,_T,_Z,_Z,_Z,_Z,_Z,2021,0.01,,,,,,,,,EN_ELEC_ACCESS,SHARE,0.01,A,GNB_EHCVM2021_LEGACY_v1,
dataflow,WB.AFW360:AFW360_HH(0.3.0),R,A,GNB,GW_AEZ02,SURVEY,EN_ELEC_INFORMAL,_Z,_Z,_T,_T,_T,_T,_T,_T,_Z,_Z,_Z,_Z,_Z,2021,0,,,,,,,,,EN_ELEC_INFORMAL,SHARE,0.01,A,GNB_EHCVM2021_LEGACY_v1,
dataflow,WB.AFW360:AFW360_HH(0.3.0),R,A,GNB,GW_AEZ02,SURVEY,EN_ELEC_SPEND,_Z,_Z,_T,_T,_T,_T,_T,_T,_Z,_Z,_Z,_Z,_Z,2021,13524.08,,,,,,,,,EN_ELEC_SPEND,XOF,0.01,A,GNB_EHCVM2021_LEGACY_v1,
dataflow,WB.AFW360:AFW360_HH(0.3.0),R,A,GNB,GW_AEZ02,SURVEY,EN_GRID_CONN,_Z,_Z,_T,_T,_T,_T,_T,_T,_Z,_Z,_Z,_Z,_Z,2021,0.01,,,,,,,,,EN_GRID_CONN,SHARE,0.01,A,GNB_EHCVM2021_LEGACY_v1,
dataflow,WB.AFW360:AFW360_HH(0.3.0),R,A,GNB,GW_AEZ02,SURVEY,EN_GRID_USE,_Z,_Z,_T,_T,_T,_T,_T,_T,_Z,_Z,_Z,_Z,_Z,2021,0.01,,,,,,,,,EN_GRID_USE,SHARE,0.01,A,GNB_EHCVM2021_LEGACY_v1,
dataflow,WB.AFW360:AFW360_HH(0.3.0),R,A,GNB,GW_AEZ02,SURVEY,EN_LIGHT_IMPROVED,_Z,_Z,_T,_T,_T,_T,_T,_T,_Z,_Z,_Z,_Z,_Z,2021,0.02,,,,,,,,,EN_LIGHT_IMPROVED,SHARE,0.01,A,GNB_EHCVM2021_LEGACY_v1,
dataflow,WB.AFW360:AFW360_HH(0.3.0),R,A,GNB,GW_AEZ02,SURVEY,EN_OFFGRID_USE,_Z,_Z,_T,_T,_T,_T,_T,_T,_Z,_Z,_Z,_Z,_Z,2021,0.66,,,,,,,,,EN_OFFGRID_USE,SHARE,0.01,A,GNB_EHCVM2021_LEGACY_v1,
dataflow,WB.AFW360:AFW360_HH(0.3.0),R,A,GNB,GW_AEZ02,SURVEY,EN_OUTAGE_ANY,_Z,_Z,_T,_T,_T,_T,_T,_T,_Z,_Z,_Z,_Z,_Z,2021,0.02,,,,,,,,,EN_OUTAGE_ANY,SHARE,0.01,A,GNB_EHCVM2021_LEGACY_v1,
dataflow,WB.AFW360:AFW360_HH(0.3.0),R,A,GNB,GW_AEZ02,SURVEY,EN_OUTAGE_DAYS,_Z,_Z,_T,_T,_T,_T,_T,_T,_Z,_Z,_Z,_Z,_Z,2021,3,,,,,,,,,EN_OUTAGE_DAYS,DAY,0.01,A,GNB_EHCVM2021_LEGACY_v1,
dataflow,WB.AFW360:AFW360_HH(0.3.0),R,A,GNB,GW_AEZ02,SURVEY,EN_OUTAGE_DUR_CODE,_Z,_Z,_T,_T,_T,_T,_T,_T,_Z,_Z,_Z,_Z,_Z,2021,2,,,,,,,,,EN_OUTAGE_DUR_CODE,INDEX,0.01,A,GNB_EHCVM2021_LEGACY_v1,
dataflow,WB.AFW360:AFW360_HH(0.3.0),R,A,GNB,GW_AEZ02,SURVEY,EN_PREPAID_METER,_Z,_Z,_T,_T,_T,_T,_T,_T,_Z,_Z,_Z,_Z,_Z,2021,0,,,,,,,,,EN_PREPAID_METER,SHARE,0.01,A,GNB_EHCVM2021_LEGACY_v1,
dataflow,WB.AFW360:AFW360_HH(0.3.0),R,A,GNB,GW_AEZ02,SURVEY,HE_ACCOUNTS,_Z,_Z,_T,_T,_T,_T,_T,_T,_Z,_Z,_Z,_Z,_Z,2021,0.02,,,,,,,,,HE_ACCOUNTS,SHARE,0.01,A,GNB_EHCVM2021_LEGACY_v1,
dataflow,WB.AFW360:AFW360_HH(0.3.0),R,A,GNB,GW_AEZ02,SURVEY,HE_AGE,_Z,_Z,_T,_T,_T,_T,_T,_T,_Z,_Z,_Z,_Z,_Z,2021,5.78,,,,,,,,,HE_AGE,YEAR,0.01,A,GNB_EHCVM2021_LEGACY_v1,
dataflow,WB.AFW360:AFW360_HH(0.3.0),R,A,GNB,GW_AEZ02,SURVEY,HE_BUY_FIRMS,_Z,_Z,_T,_T,_T,_T,_T,_T,_Z,_Z,_Z,_Z,_Z,2021,0.04,,,,,,,,,HE_BUY_FIRMS,SHARE,0.01,A,GNB_EHCVM2021_LEGACY_v1,
dataflow,WB.AFW360:AFW360_HH(0.3.0),R,A,GNB,GW_AEZ02,SURVEY,HE_CAPITAL,_Z,_Z,_T,_T,_T,_T,_T,_T,_Z,_Z,_Z,_Z,_Z,2021,60437.86,,,,,,,,,HE_CAPITAL,XOF,0.01,A,GNB_EHCVM2021_LEGACY_v1,
dataflow,WB.AFW360:AFW360_HH(0.3.0),R,A,GNB,GW_AEZ02,SURVEY,HE_COSTS,_Z,_Z,_T,_T,_T,_T,_T,_T,_Z,_Z,_Z,_Z,_Z,2021,1456.68,,,,,,,,,HE_COSTS,XOF,0.01,A,GNB_EHCVM2021_LEGACY_v1,
dataflow,WB.AFW360:AFW360_HH(0.3.0),R,A,GNB,GW_AEZ02,SURVEY,HE_CREDIT_ANY,_Z,_Z,_T,_T,_T,_T,_T,_T,_Z,_Z,_Z,_Z,_Z,2021,0.28,,,,,,,,,HE_CREDIT_ANY,SHARE,0.01,A,GNB_EHCVM2021_LEGACY_v1,
dataflow,WB.AFW360:AFW360_HH(0.3.0),R,A,GNB,GW_AEZ02,SURVEY,HE_CREDIT_FORMAL,_Z,_Z,_T,_T,_T,_T,_T,_T,_Z,_Z,_Z,_Z,_Z,2021,0.05,,,,,,,,,HE_CREDIT_FORMAL,SHARE,0.01,A,GNB_EHCVM2021_LEGACY_v1,
dataflow,WB.AFW360:AFW360_HH(0.3.0),R,A,GNB,GW_AEZ02,SURVEY,HE_CREDIT_INFORMAL,_Z,_Z,_T,_T,_T,_T,_T,_T,_Z,_Z,_Z,_Z,_Z,2021,0.23,,,,,,,,,HE_CREDIT_INFORMAL,SHARE,0.01,A,GNB_EHCVM2021_LEGACY_v1,
dataflow,WB.AFW360:AFW360_HH(0.3.0),R,A,GNB,GW_AEZ02,SURVEY,HE_ELEC,_Z,_Z,_T,_T,_T,_T,_T,_T,_Z,_Z,_Z,_Z,_Z,2021,0,,,,,,,,,HE_ELEC,SHARE,0.01,A,GNB_EHCVM2021_LEGACY_v1,
dataflow,WB.AFW360:AFW360_HH(0.3.0),R,A,GNB,GW_AEZ02,SURVEY,HE_EMP_EXT_ANY,_Z,_Z,_T,_T,_T,_T,_T,_T,_Z,_Z,_Z,_Z,_Z,2021,1,,,,,,,,,HE_EMP_EXT_ANY,SHARE,0.01,A,GNB_EHCVM2021_LEGACY_v1,LEGACY_SUSPECT: Implausible: share 1.00 while mean non-HH employees is 0.48.
dataflow,WB.AFW360:AFW360_HH(0.3.0),R,A,GNB,GW_AEZ02,SURVEY,HE_EMP_HH_NUM,_Z,_Z,_T,_T,_T,_T,_T,_T,_Z,_Z,_Z,_Z,_Z,2021,0,,,,,,,,,HE_EMP_HH_NUM,PERSON,0.01,A,GNB_EHCVM2021_LEGACY_v1,
dataflow,WB.AFW360:AFW360_HH(0.3.0),R,A,GNB,GW_AEZ02,SURVEY,HE_EMP_NONHH_NUM,_Z,_Z,_T,_T,_T,_T,_T,_T,_Z,_Z,_Z,_Z,_Z,2021,0.18,,,,,,,,,HE_EMP_NONHH_NUM,PERSON,0.01,A,GNB_EHCVM2021_LEGACY_v1,
dataflow,WB.AFW360:AFW360_HH(0.3.0),R,A,GNB,GW_AEZ02,SURVEY,HE_EMP_NUM,_Z,_Z,_T,_T,_T,_T,_T,_T,_Z,_Z,_Z,_Z,_Z,2021,0,,,,,,,,,HE_EMP_NUM,PERSON,0.01,A,GNB_EHCVM2021_LEGACY_v1,
dataflow,WB.AFW360:AFW360_HH(0.3.0),R,A,GNB,GW_AEZ02,SURVEY,HE_HH_OWNER,_Z,_Z,_T,_T,_T,_T,_T,_T,_Z,_Z,_Z,_Z,_Z,2021,0.25,,,,,,,,,HE_HH_OWNER,SHARE,0.01,A,GNB_EHCVM2021_LEGACY_v1,
dataflow,WB.AFW360:AFW360_HH(0.3.0),R,A,GNB,GW_AEZ02,SURVEY,HE_HOME_BASED,_Z,_Z,_T,_T,_T,_T,_T,_T,_Z,_Z,_Z,_Z,_Z,2021,0.6,,,,,,,,,HE_HOME_BASED,SHARE,0.01,A,GNB_EHCVM2021_LEGACY_v1,
dataflow,WB.AFW360:AFW360_HH(0.3.0),R,A,GNB,GW_AEZ02,SURVEY,HE_PHONE,_Z,_Z,_T,_T,_T,_T,_T,_T,_Z,_Z,_Z,_Z,_Z,2021,0.95,,,,,,,,,HE_PHONE,SHARE,0.01,A,GNB_EHCVM2021_LEGACY_v1,
dataflow,WB.AFW360:AFW360_HH(0.3.0),R,A,GNB,GW_AEZ02,SURVEY,HE_PREMISES_FORMAL,_Z,_Z,_T,_T,_T,_T,_T,_T,_Z,_Z,_Z,_Z,_Z,2021,0.04,,,,,,,,,HE_PREMISES_FORMAL,SHARE,0.01,A,GNB_EHCVM2021_LEGACY_v1,
dataflow,WB.AFW360:AFW360_HH(0.3.0),R,A,GNB,GW_AEZ02,SURVEY,HE_PROFIT,_Z,_Z,_T,_T,_T,_T,_T,_T,_Z,_Z,_Z,_Z,_Z,2021,1684.51,,,,,,,,,HE_PROFIT,XOF,0.01,A,GNB_EHCVM2021_LEGACY_v1,
dataflow,WB.AFW360:AFW360_HH(0.3.0),R,A,GNB,GW_AEZ02,SURVEY,HE_RENT,_Z,_Z,_T,_T,_T,_T,_T,_T,_Z,_Z,_Z,_Z,_Z,2021,1,,,,,,,,,HE_RENT,SHARE,0.01,A,GNB_EHCVM2021_LEGACY_v1,
dataflow,WB.AFW360:AFW360_HH(0.3.0),R,A,GNB,GW_AEZ02,SURVEY,HE_REV_PER_WORKER,_Z,_Z,_T,_T,_T,_T,_T,_T,_Z,_Z,_Z,_Z,_Z,2021,NaN,,,,,,,,,HE_REV_PER_WORKER,XOF,0.01,O,GNB_EHCVM2021_LEGACY_v1,"LEGACY_EMPTY: empty cell in sheet 'ZAE', column 'estimateZonas_Costeiras_do_Sul'"
dataflow,WB.AFW360:AFW360_HH(0.3.0),R,A,GNB,GW_AEZ02,SURVEY,HE_SELL_FIRMS,_Z,_Z,_T,_T,_T,_T,_T,_T,_Z,_Z,_Z,_Z,_Z,2021,0.06,,,,,,,,,HE_SELL_FIRMS,SHARE,0.01,A,GNB_EHCVM2021_LEGACY_v1,
dataflow,WB.AFW360:AFW360_HH(0.3.0),R,A,GNB,GW_AEZ02,SURVEY,HE_TAX_ID,_Z,_Z,_T,_T,_T,_T,_T,_T,_Z,_Z,_Z,_Z,_Z,2021,0.05,,,,,,,,,HE_TAX_ID,SHARE,0.01,A,GNB_EHCVM2021_LEGACY_v1,
dataflow,WB.AFW360:AFW360_HH(0.3.0),R,A,GNB,GW_AEZ02,SURVEY,HE_WATER,_Z,_Z,_T,_T,_T,_T,_T,_T,_Z,_Z,_Z,_Z,_Z,2021,0,,,,,,,,,HE_WATER,SHARE,0.01,A,GNB_EHCVM2021_LEGACY_v1,
dataflow,WB.AFW360:AFW360_HH(0.3.0),R,A,GNB,GW_AEZ02,SURVEY,HOUS_FLOOR_DURABLE,_Z,_Z,_T,_T,_T,_T,_T,_T,_Z,_Z,_Z,_Z,_Z,2021,0.33,,,,,,,,,HOUS_FLOOR_DURABLE,SHARE,0.01,A,GNB_EHCVM2021_LEGACY_v1,
dataflow,WB.AFW360:AFW360_HH(0.3.0),R,A,GNB,GW_AEZ02,SURVEY,HOUS_ROOF_DURABLE,_Z,_Z,_T,_T,_T,_T,_T,_T,_Z,_Z,_Z,_Z,_Z,2021,0.72,,,,,,,,,HOUS_ROOF_DURABLE,SHARE,0.01,A,GNB_EHCVM2021_LEGACY_v1,
dataflow,WB.AFW360:AFW360_HH(0.3.0),R,A,GNB,GW_AEZ02,SURVEY,HOUS_SANIT_IMPROVED,_Z,_Z,_T,_T,_T,_T,_T,_T,_Z,_Z,_Z,_Z,_Z,2021,0.09,,,,,,,,,HOUS_SANIT_IMPROVED,SHARE,0.01,A,GNB_EHCVM2021_LEGACY_v1,
dataflow,WB.AFW360:AFW360_HH(0.3.0),R,A,GNB,GW_AEZ02,SURVEY,HOUS_WALL_DURABLE,_Z,_Z,_T,_T,_T,_T,_T,_T,_Z,_Z,_Z,_Z,_Z,2021,0.26,,,,,,,,,HOUS_WALL_DURABLE,SHARE,0.01,A,GNB_EHCVM2021_LEGACY_v1,
dataflow,WB.AFW360:AFW360_HH(0.3.0),R,A,GNB,GW_AEZ02,SURVEY,HOUS_WATER_SAFE_DRY,_Z,_Z,_T,_T,_T,_T,_T,_T,_Z,_Z,_Z,_Z,_Z,2021,0.58,,,,,,,,,HOUS_WATER_SAFE_DRY,SHARE,0.01,A,GNB_EHCVM2021_LEGACY_v1,
dataflow,WB.AFW360:AFW360_HH(0.3.0),R,A,GNB,GW_AEZ02,SURVEY,POP_HE_SH,_Z,_Z,_T,HEO_MSTAT_MARRIED,_T,_T,_T,_T,_Z,_Z,_Z,_Z,_Z,2021,0.31,,,,,,,,,POP_HE_SH.HEO_MSTAT_MARRIED,SHARE,0.01,A,GNB_EHCVM2021_LEGACY_v1,
dataflow,WB.AFW360:AFW360_HH(0.3.0),R,A,GNB,GW_AEZ02,SURVEY,POP_HE_SH,_Z,_Z,_T,HEO_SEX_F,_T,_T,_T,_T,_Z,_Z,_Z,_Z,_Z,2021,0.53,,,,,,,,,POP_HE_SH.HEO_SEX_F,SHARE,0.01,A,GNB_EHCVM2021_LEGACY_v1,
dataflow,WB.AFW360:AFW360_HH(0.3.0),R,A,GNB,GW_AEZ02,SURVEY,POP_HH_SH,_Z,_Z,_T,HE_COUNT_0,_T,_T,_T,_T,_Z,_Z,_Z,_Z,_Z,2021,0.42,,,,,,,,,POP_HH_SH.HE_COUNT_0,SHARE,0.01,A,GNB_EHCVM2021_LEGACY_v1,
dataflow,WB.AFW360:AFW360_HH(0.3.0),R,A,GNB,GW_AEZ02,SURVEY,POP_HH_SH,_Z,_Z,_T,HE_COUNT_1,_T,_T,_T,_T,_Z,_Z,_Z,_Z,_Z,2021,0.48,,,,,,,,,POP_HH_SH.HE_COUNT_1,SHARE,0.01,A,GNB_EHCVM2021_LEGACY_v1,
dataflow,WB.AFW360:AFW360_HH(0.3.0),R,A,GNB,GW_AEZ02,SURVEY,POP_HH_SH,_Z,_Z,_T,HE_COUNT_2,_T,_T,_T,_T,_Z,_Z,_Z,_Z,_Z,2021,0.09,,,,,,,,,POP_HH_SH.HE_COUNT_2,SHARE,0.01,A,GNB_EHCVM2021_LEGACY_v1,
dataflow,WB.AFW360:AFW360_HH(0.3.0),R,A,GNB,GW_AEZ02,SURVEY,POP_HH_SH,_Z,_Z,_T,HE_COUNT_3,_T,_T,_T,_T,_Z,_Z,_Z,_Z,_Z,2021,0,,,,,,,,,POP_HH_SH.HE_COUNT_3,SHARE,0.01,A,GNB_EHCVM2021_LEGACY_v1,
dataflow,WB.AFW360:AFW360_HH(0.3.0),R,A,GNB,GW_AEZ02,SURVEY,POP_HH_SH,_Z,_Z,_T,HE_COUNT_4P,_T,_T,_T,_T,_Z,_Z,_Z,_Z,_Z,2021,0,,,,,,,,,POP_HH_SH.HE_COUNT_4P,SHARE,0.01,A,GNB_EHCVM2021_LEGACY_v1,
dataflow,WB.AFW360:AFW360_HH(0.3.0),R,A,GNB,GW_AEZ02,SURVEY,POP_SH,_T,_T,_T,EMP_FORMAL_N,_T,_T,_T,_T,_Z,_Z,_Z,_Z,_Z,2021,0.89,,,,,,,,,POP_SH.EMP_FORMAL_N,SHARE,0.01,A,GNB_EHCVM2021_LEGACY_v1,
dataflow,WB.AFW360:AFW360_HH(0.3.0),R,A,GNB,GW_AEZ02,SURVEY,POP_SH,_T,_T,_T,EMP_ISIC_G,_T,_T,_T,_T,_Z,_Z,_Z,_Z,_Z,2021,0.06,,,,,,,,,POP_SH.EMP_ISIC_G,SHARE,0.01,A,GNB_EHCVM2021_LEGACY_v1,
dataflow,WB.AFW360:AFW360_HH(0.3.0),R,A,GNB,GW_AEZ02,SURVEY,POP_SH,_T,_T,_T,EMP_ISIC_H,_T,_T,_T,_T,_Z,_Z,_Z,_Z,_Z,2021,0.01,,,,,,,,,POP_SH.EMP_ISIC_H,SHARE,0.01,A,GNB_EHCVM2021_LEGACY_v1,
dataflow,WB.AFW360:AFW360_HH(0.3.0),R,A,GNB,GW_AEZ02,SURVEY,POP_SH,_T,_T,_T,EMP_SECTOR_AGR,_T,_T,_T,_T,_Z,_Z,_Z,_Z,_Z,2021,0.83,,,,,,,,,POP_SH.EMP_SECTOR_AGR,SHARE,0.01,A,GNB_EHCVM2021_LEGACY_v1,
dataflow,WB.AFW360:AFW360_HH(0.3.0),R,A,GNB,GW_AEZ02,SURVEY,POP_SH,_T,_T,_T,EMP_SECTOR_IND,_T,_T,_T,_T,_Z,_Z,_Z,_Z,_Z,2021,0.05,,,,,,,,,POP_SH.EMP_SECTOR_IND,SHARE,0.01,A,GNB_EHCVM2021_LEGACY_v1,
dataflow,WB.AFW360:AFW360_HH(0.3.0),R,A,GNB,GW_AEZ02,SURVEY,POP_SH,_T,_T,_T,EMP_SECTOR_SER,_T,_T,_T,_T,_Z,_Z,_Z,_Z,_Z,2021,0.12,,,,,,,,,POP_SH.EMP_SECTOR_SER,SHARE,0.01,A,GNB_EHCVM2021_LEGACY_v1,
dataflow,WB.AFW360:AFW360_HH(0.3.0),R,A,GNB,GW_AEZ02,SURVEY,POP_SH,_T,_T,_T,EMP_STATUS_EMPLOYED,_T,_T,_T,_T,_Z,_Z,_Z,_Z,_Z,2021,0.81,,,,,,,,,POP_SH.EMP_STATUS_EMPLOYED,SHARE,0.01,A,GNB_EHCVM2021_LEGACY_v1,
dataflow,WB.AFW360:AFW360_HH(0.3.0),R,A,GNB,GW_AEZ02,SURVEY,POP_SH,_T,_T,_T,EMP_TYPE_NONWAGE,_T,_T,_T,_T,_Z,_Z,_Z,_Z,_Z,2021,0.91,,,,,,,,,POP_SH.EMP_TYPE_NONWAGE,SHARE,0.01,A,GNB_EHCVM2021_LEGACY_v1,
dataflow,WB.AFW360:AFW360_HH(0.3.0),R,A,GNB,GW_AEZ02,SURVEY,POP_SH,_T,_T,_T,EMP_TYPE_WAGE,_T,_T,_T,_T,_Z,_Z,_Z,_Z,_Z,2021,0.09,,,,,,,,,POP_SH.EMP_TYPE_WAGE,SHARE,0.01,A,GNB_EHCVM2021_LEGACY_v1,
dataflow,WB.AFW360:AFW360_HH(0.3.0),R,A,GNB,GW_AEZ02,SURVEY,POV_HC,_T,_T,_T,_T,_T,_T,_T,_T,POVLINE_PL300,PPP_2021,_Z,_Z,_Z,2021,0.52,,,,,,,,,POV_HC.POVLINE_PL300.PPP_2021,SHARE,0.01,A,GNB_EHCVM2021_LEGACY_v1,
dataflow,WB.AFW360:AFW360_HH(0.3.0),R,A,GNB,GW_AEZ02,SURVEY,POV_HC,_T,_T,_T,_T,_T,_T,_T,_T,POVLINE_PL420,PPP_2021,_Z,_Z,_Z,2021,0.79,,,,,,,,,POV_HC.POVLINE_PL420.PPP_2021,SHARE,0.01,A,GNB_EHCVM2021_LEGACY_v1,
dataflow,WB.AFW360:AFW360_HH(0.3.0),R,A,GNB,GW_AEZ02,SURVEY,POV_NUM,_T,_T,_T,_T,_T,_T,_T,_T,POVLINE_PL300,PPP_2021,_Z,_Z,_Z,2021,110000,,,,,,,,,POV_NUM.POVLINE_PL300.PPP_2021,PERSON,10000,A,GNB_EHCVM2021_LEGACY_v1,
dataflow,WB.AFW360:AFW360_HH(0.3.0),R,A,GNB,GW_AEZ02,SURVEY,POV_NUM,_T,_T,_T,_T,_T,_T,_T,_T,POVLINE_PL420,PPP_2021,_Z,_Z,_Z,2021,170000,,,,,,,,,POV_NUM.POVLINE_PL420.PPP_2021,PERSON,10000,A,GNB_EHCVM2021_LEGACY_v1,
dataflow,WB.AFW360:AFW360_HH(0.3.0),R,A,GNB,GW_AEZ02,SURVEY,SHK_ANY,_Z,_Z,_T,_T,_T,_T,_T,_T,_Z,_Z,_Z,_Z,_Z,2021,0.91,,,,,,,,,SHK_ANY,SHARE,0.01,A,GNB_EHCVM2021_LEGACY_v1,
dataflow,WB.AFW360:AFW360_HH(0.3.0),R,A,GNB,GW_AEZ02,SURVEY,SHK_COV_CONFLICT,_Z,_Z,_T,_T,_T,_T,_T,_T,_Z,_Z,_Z,_Z,_Z,2021,0.07,,,,,,,,,SHK_COV_CONFLICT,SHARE,0.01,A,GNB_EHCVM2021_LEGACY_v1,
dataflow,WB.AFW360:AFW360_HH(0.3.0),R,A,GNB,GW_AEZ02,SURVEY,SHK_COV_ECON,_Z,_Z,_T,_T,_T,_T,_T,_T,_Z,_Z,_Z,_Z,_Z,2021,0.61,,,,,,,,,SHK_COV_ECON,SHARE,0.01,A,GNB_EHCVM2021_LEGACY_v1,
dataflow,WB.AFW360:AFW360_HH(0.3.0),R,A,GNB,GW_AEZ02,SURVEY,SHK_COV_NATURAL,_Z,_Z,_T,_T,_T,_T,_T,_T,_Z,_Z,_Z,_Z,_Z,2021,0.49,,,,,,,,,SHK_COV_NATURAL,SHARE,0.01,A,GNB_EHCVM2021_LEGACY_v1,
dataflow,WB.AFW360:AFW360_HH(0.3.0),R,A,GNB,GW_AEZ02,SURVEY,SHK_IDIO_ECON,_Z,_Z,_T,_T,_T,_T,_T,_T,_Z,_Z,_Z,_Z,_Z,2021,0.38,,,,,,,,,SHK_IDIO_ECON,SHARE,0.01,A,GNB_EHCVM2021_LEGACY_v1,
dataflow,WB.AFW360:AFW360_HH(0.3.0),R,A,GNB,GW_AEZ02,SURVEY,SP_HEALTH_COV,_T,_T,_T,_T,_T,_T,_T,_T,_Z,_Z,_Z,_Z,_Z,2021,0,,,,,,,,,SP_HEALTH_COV,SHARE,0.01,A,GNB_EHCVM2021_LEGACY_v1,
dataflow,WB.AFW360:AFW360_HH(0.3.0),R,A,GNB,GW_AEZ02,SURVEY,SP_HEALTH_COV_HH,_Z,_Z,_T,_T,_T,_T,_T,_T,_Z,_Z,_Z,_Z,_Z,2021,0,,,,,,,,,SP_HEALTH_COV_HH,SHARE,0.01,A,GNB_EHCVM2021_LEGACY_v1,
dataflow,WB.AFW360:AFW360_HH(0.3.0),R,A,GNB,GW_AEZ03,SURVEY,AGR_CULTIVATES,_Z,_Z,_T,_T,_T,_T,_T,_T,_Z,_Z,_Z,_Z,_Z,2021,0.86,,,,,,,,,AGR_CULTIVATES,SHARE,0.01,A,GNB_EHCVM2021_LEGACY_v1,
dataflow,WB.AFW360:AFW360_HH(0.3.0),R,A,GNB,GW_AEZ03,SURVEY,AGR_CULT_AREA,_Z,_Z,_T,_T,_T,_T,_T,_T,_Z,_Z,_Z,_Z,_Z,2021,2.9,,,,,,,,,AGR_CULT_AREA,HA,0.01,A,GNB_EHCVM2021_LEGACY_v1,
dataflow,WB.AFW360:AFW360_HH(0.3.0),R,A,GNB,GW_AEZ03,SURVEY,AGR_LIVESTOCK_ANY,_Z,_Z,_T,_T,_T,_T,_T,_T,_Z,_Z,_Z,_Z,_Z,2021,0.8,,,,,,,,,AGR_LIVESTOCK_ANY,SHARE,0.01,A,GNB_EHCVM2021_LEGACY_v1,
dataflow,WB.AFW360:AFW360_HH(0.3.0),R,A,GNB,GW_AEZ03,SURVEY,AGR_TLU,_Z,_Z,_T,_T,_T,_T,_T,_T,_Z,_Z,_Z,_Z,_Z,2021,4.86,,,,,,,,,AGR_TLU,TLU,0.01,A,GNB_EHCVM2021_LEGACY_v1,
dataflow,WB.AFW360:AFW360_HH(0.3.0),R,A,GNB,GW_AEZ03,SURVEY,CONS_SH,_Z,_Z,_T,_T,_T,_T,_T,_T,COICOP_CP01,ACQ_OWNPROD,_Z,_Z,_Z,2021,0.14,,,,,,,,,CONS_SH.COICOP_CP01.ACQ_OWNPROD,SHARE,0.01,A,GNB_EHCVM2021_LEGACY_v1,
dataflow,WB.AFW360:AFW360_HH(0.3.0),R,A,GNB,GW_AEZ03,SURVEY,CONS_SH,_Z,_Z,_T,_T,_T,_T,_T,_T,COICOP_CP01,ACQ_PURCH,_Z,_Z,_Z,2021,0.29,,,,,,,,,CONS_SH.COICOP_CP01.ACQ_PURCH,SHARE,0.01,A,GNB_EHCVM2021_LEGACY_v1,
dataflow,WB.AFW360:AFW360_HH(0.3.0),R,A,GNB,GW_AEZ03,SURVEY,CONS_SH,_Z,_Z,_T,_T,_T,_T,_T,_T,COICOP_CP01,_Z,_Z,_Z,_Z,2021,0.46,,,,,,,,,CONS_SH.COICOP_CP01,SHARE,0.01,A,GNB_EHCVM2021_LEGACY_v1,
dataflow,WB.AFW360:AFW360_HH(0.3.0),R,A,GNB,GW_AEZ03,SURVEY,CONS_SH,_Z,_Z,_T,_T,_T,_T,_T,_T,COICOP_CP02,_Z,_Z,_Z,_Z,2021,0.01,,,,,,,,,CONS_SH.COICOP_CP02,SHARE,0.01,A,GNB_EHCVM2021_LEGACY_v1,
dataflow,WB.AFW360:AFW360_HH(0.3.0),R,A,GNB,GW_AEZ03,SURVEY,CONS_SH,_Z,_Z,_T,_T,_T,_T,_T,_T,COICOP_CP03,_Z,_Z,_Z,_Z,2021,0.06,,,,,,,,,CONS_SH.COICOP_CP03,SHARE,0.01,A,GNB_EHCVM2021_LEGACY_v1,
dataflow,WB.AFW360:AFW360_HH(0.3.0),R,A,GNB,GW_AEZ03,SURVEY,CONS_SH,_Z,_Z,_T,_T,_T,_T,_T,_T,COICOP_CP04,_Z,_Z,_Z,_Z,2021,0.13,,,,,,,,,CONS_SH.COICOP_CP04,SHARE,0.01,A,GNB_EHCVM2021_LEGACY_v1,
dataflow,WB.AFW360:AFW360_HH(0.3.0),R,A,GNB,GW_AEZ03,SURVEY,CONS_SH,_Z,_Z,_T,_T,_T,_T,_T,_T,COICOP_CP05,_Z,_Z,_Z,_Z,2021,0.04,,,,,,,,,CONS_SH.COICOP_CP05,SHARE,0.01,A,GNB_EHCVM2021_LEGACY_v1,
dataflow,WB.AFW360:AFW360_HH(0.3.0),R,A,GNB,GW_AEZ03,SURVEY,CONS_SH,_Z,_Z,_T,_T,_T,_T,_T,_T,COICOP_CP06,_Z,_Z,_Z,_Z,2021,0.04,,,,,,,,,CONS_SH.COICOP_CP06,SHARE,0.01,A,GNB_EHCVM2021_LEGACY_v1,
dataflow,WB.AFW360:AFW360_HH(0.3.0),R,A,GNB,GW_AEZ03,SURVEY,CONS_SH,_Z,_Z,_T,_T,_T,_T,_T,_T,COICOP_CP07,_Z,_Z,_Z,_Z,2021,0.05,,,,,,,,,CONS_SH.COICOP_CP07,SHARE,0.01,A,GNB_EHCVM2021_LEGACY_v1,
dataflow,WB.AFW360:AFW360_HH(0.3.0),R,A,GNB,GW_AEZ03,SURVEY,CONS_SH,_Z,_Z,_T,_T,_T,_T,_T,_T,COICOP_CP08,_Z,_Z,_Z,_Z,2021,0.06,,,,,,,,,CONS_SH.COICOP_CP08,SHARE,0.01,A,GNB_EHCVM2021_LEGACY_v1,
dataflow,WB.AFW360:AFW360_HH(0.3.0),R,A,GNB,GW_AEZ03,SURVEY,CONS_SH,_Z,_Z,_T,_T,_T,_T,_T,_T,COICOP_CP09,_Z,_Z,_Z,_Z,2021,0,,,,,,,,,CONS_SH.COICOP_CP09,SHARE,0.01,A,GNB_EHCVM2021_LEGACY_v1,
dataflow,WB.AFW360:AFW360_HH(0.3.0),R,A,GNB,GW_AEZ03,SURVEY,CONS_SH,_Z,_Z,_T,_T,_T,_T,_T,_T,COICOP_CP10,_Z,_Z,_Z,_Z,2021,0.02,,,,,,,,,CONS_SH.COICOP_CP10,SHARE,0.01,A,GNB_EHCVM2021_LEGACY_v1,
dataflow,WB.AFW360:AFW360_HH(0.3.0),R,A,GNB,GW_AEZ03,SURVEY,CONS_SH,_Z,_Z,_T,_T,_T,_T,_T,_T,COICOP_CP11,_Z,_Z,_Z,_Z,2021,0.11,,,,,,,,,CONS_SH.COICOP_CP11,SHARE,0.01,A,GNB_EHCVM2021_LEGACY_v1,
dataflow,WB.AFW360:AFW360_HH(0.3.0),R,A,GNB,GW_AEZ03,SURVEY,CONS_SH,_Z,_Z,_T,_T,_T,_T,_T,_T,COICOP_CP12,_Z,_Z,_Z,_Z,2021,0,,,,,,,,,CONS_SH.COICOP_CP12,SHARE,0.01,A,GNB_EHCVM2021_LEGACY_v1,
dataflow,WB.AFW360:AFW360_HH(0.3.0),R,A,GNB,GW_AEZ03,SURVEY,CONS_SH,_Z,_Z,_T,_T,_T,_T,_T,_T,COICOP_CP13,_Z,_Z,_Z,_Z,2021,0.01,,,,,,,,,CONS_SH.COICOP_CP13,SHARE,0.01,A,GNB_EHCVM2021_LEGACY_v1,
dataflow,WB.AFW360:AFW360_HH(0.3.0),R,A,GNB,GW_AEZ03,SURVEY,EN_ASSET_AC,_Z,_Z,_T,_T,_T,_T,_T,_T,_Z,_Z,_Z,_Z,_Z,2021,0,,,,,,,,,EN_ASSET_AC,SHARE,0.01,A,GNB_EHCVM2021_LEGACY_v1,
dataflow,WB.AFW360:AFW360_HH(0.3.0),R,A,GNB,GW_AEZ03,SURVEY,EN_ASSET_COOKER,_Z,_Z,_T,_T,_T,_T,_T,_T,_Z,_Z,_Z,_Z,_Z,2021,0.01,,,,,,,,,EN_ASSET_COOKER,SHARE,0.01,A,GNB_EHCVM2021_LEGACY_v1,
dataflow,WB.AFW360:AFW360_HH(0.3.0),R,A,GNB,GW_AEZ03,SURVEY,EN_ASSET_FAN,_Z,_Z,_T,_T,_T,_T,_T,_T,_Z,_Z,_Z,_Z,_Z,2021,0,,,,,,,,,EN_ASSET_FAN,SHARE,0.01,A,GNB_EHCVM2021_LEGACY_v1,
dataflow,WB.AFW360:AFW360_HH(0.3.0),R,A,GNB,GW_AEZ03,SURVEY,EN_ASSET_WATER_HEATER,_Z,_Z,_T,_T,_T,_T,_T,_T,_Z,_Z,_Z,_Z,_Z,2021,0,,,,,,,,,EN_ASSET_WATER_HEATER,SHARE,0.01,A,GNB_EHCVM2021_LEGACY_v1,
dataflow,WB.AFW360:AFW360_HH(0.3.0),R,A,GNB,GW_AEZ03,SURVEY,EN_COOK_BIOMASS,_Z,_Z,_T,_T,_T,_T,_T,_T,_Z,_Z,_Z,_Z,_Z,2021,0.99,,,,,,,,,EN_COOK_BIOMASS,SHARE,0.01,A,GNB_EHCVM2021_LEGACY_v1,
dataflow,WB.AFW360:AFW360_HH(0.3.0),R,A,GNB,GW_AEZ03,SURVEY,EN_COOK_CLEAN,_Z,_Z,_T,_T,_T,_T,_T,_T,_Z,_Z,_Z,_Z,_Z,2021,0,,,,,,,,,EN_COOK_CLEAN,SHARE,0.01,A,GNB_EHCVM2021_LEGACY_v1,
dataflow,WB.AFW360:AFW360_HH(0.3.0),R,A,GNB,GW_AEZ03,SURVEY,EN_ELEC_ACCESS,_Z,_Z,_T,_T,_T,_T,_T,_T,_Z,_Z,_Z,_Z,_Z,2021,0.05,,,,,,,,,EN_ELEC_ACCESS,SHARE,0.01,A,GNB_EHCVM2021_LEGACY_v1,
dataflow,WB.AFW360:AFW360_HH(0.3.0),R,A,GNB,GW_AEZ03,SURVEY,EN_ELEC_INFORMAL,_Z,_Z,_T,_T,_T,_T,_T,_T,_Z,_Z,_Z,_Z,_Z,2021,0.01,,,,,,,,,EN_ELEC_INFORMAL,SHARE,0.01,A,GNB_EHCVM2021_LEGACY_v1,
dataflow,WB.AFW360:AFW360_HH(0.3.0),R,A,GNB,GW_AEZ03,SURVEY,EN_ELEC_SPEND,_Z,_Z,_T,_T,_T,_T,_T,_T,_Z,_Z,_Z,_Z,_Z,2021,19409.33,,,,,,,,,EN_ELEC_SPEND,XOF,0.01,A,GNB_EHCVM2021_LEGACY_v1,
dataflow,WB.AFW360:AFW360_HH(0.3.0),R,A,GNB,GW_AEZ03,SURVEY,EN_GRID_CONN,_Z,_Z,_T,_T,_T,_T,_T,_T,_Z,_Z,_Z,_Z,_Z,2021,0.05,,,,,,,,,EN_GRID_CONN,SHARE,0.01,A,GNB_EHCVM2021_LEGACY_v1,
dataflow,WB.AFW360:AFW360_HH(0.3.0),R,A,GNB,GW_AEZ03,SURVEY,EN_GRID_USE,_Z,_Z,_T,_T,_T,_T,_T,_T,_Z,_Z,_Z,_Z,_Z,2021,0.06,,,,,,,,,EN_GRID_USE,SHARE,0.01,A,GNB_EHCVM2021_LEGACY_v1,
dataflow,WB.AFW360:AFW360_HH(0.3.0),R,A,GNB,GW_AEZ03,SURVEY,EN_LIGHT_IMPROVED,_Z,_Z,_T,_T,_T,_T,_T,_T,_Z,_Z,_Z,_Z,_Z,2021,0.07,,,,,,,,,EN_LIGHT_IMPROVED,SHARE,0.01,A,GNB_EHCVM2021_LEGACY_v1,
dataflow,WB.AFW360:AFW360_HH(0.3.0),R,A,GNB,GW_AEZ03,SURVEY,EN_OFFGRID_USE,_Z,_Z,_T,_T,_T,_T,_T,_T,_Z,_Z,_Z,_Z,_Z,2021,0.71,,,,,,,,,EN_OFFGRID_USE,SHARE,0.01,A,GNB_EHCVM2021_LEGACY_v1,
dataflow,WB.AFW360:AFW360_HH(0.3.0),R,A,GNB,GW_AEZ03,SURVEY,EN_OUTAGE_ANY,_Z,_Z,_T,_T,_T,_T,_T,_T,_Z,_Z,_Z,_Z,_Z,2021,0.15,,,,,,,,,EN_OUTAGE_ANY,SHARE,0.01,A,GNB_EHCVM2021_LEGACY_v1,
dataflow,WB.AFW360:AFW360_HH(0.3.0),R,A,GNB,GW_AEZ03,SURVEY,EN_OUTAGE_DAYS,_Z,_Z,_T,_T,_T,_T,_T,_T,_Z,_Z,_Z,_Z,_Z,2021,5.03,,,,,,,,,EN_OUTAGE_DAYS,DAY,0.01,A,GNB_EHCVM2021_LEGACY_v1,
dataflow,WB.AFW360:AFW360_HH(0.3.0),R,A,GNB,GW_AEZ03,SURVEY,EN_OUTAGE_DUR_CODE,_Z,_Z,_T,_T,_T,_T,_T,_T,_Z,_Z,_Z,_Z,_Z,2021,NaN,,,,,,,,,EN_OUTAGE_DUR_CODE,INDEX,0.01,O,GNB_EHCVM2021_LEGACY_v1,"LEGACY_EMPTY: empty cell in sheet 'ZAE', column 'estimateZonas_Montanhosas_de_Les'"
dataflow,WB.AFW360:AFW360_HH(0.3.0),R,A,GNB,GW_AEZ03,SURVEY,EN_PREPAID_METER,_Z,_Z,_T,_T,_T,_T,_T,_T,_Z,_Z,_Z,_Z,_Z,2021,0.33,,,,,,,,,EN_PREPAID_METER,SHARE,0.01,A,GNB_EHCVM2021_LEGACY_v1,
dataflow,WB.AFW360:AFW360_HH(0.3.0),R,A,GNB,GW_AEZ03,SURVEY,HE_ACCOUNTS,_Z,_Z,_T,_T,_T,_T,_T,_T,_Z,_Z,_Z,_Z,_Z,2021,0.11,,,,,,,,,HE_ACCOUNTS,SHARE,0.01,A,GNB_EHCVM2021_LEGACY_v1,
dataflow,WB.AFW360:AFW360_HH(0.3.0),R,A,GNB,GW_AEZ03,SURVEY,HE_AGE,_Z,_Z,_T,_T,_T,_T,_T,_T,_Z,_Z,_Z,_Z,_Z,2021,5.18,,,,,,,,,HE_AGE,YEAR,0.01,A,GNB_EHCVM2021_LEGACY_v1,
dataflow,WB.AFW360:AFW360_HH(0.3.0),R,A,GNB,GW_AEZ03,SURVEY,HE_BUY_FIRMS,_Z,_Z,_T,_T,_T,_T,_T,_T,_Z,_Z,_Z,_Z,_Z,2021,0.17,,,,,,,,,HE_BUY_FIRMS,SHARE,0.01,A,GNB_EHCVM2021_LEGACY_v1,
dataflow,WB.AFW360:AFW360_HH(0.3.0),R,A,GNB,GW_AEZ03,SURVEY,HE_CAPITAL,_Z,_Z,_T,_T,_T,_T,_T,_T,_Z,_Z,_Z,_Z,_Z,2021,24812.29,,,,,,,,,HE_CAPITAL,XOF,0.01,A,GNB_EHCVM2021_LEGACY_v1,
dataflow,WB.AFW360:AFW360_HH(0.3.0),R,A,GNB,GW_AEZ03,SURVEY,HE_COSTS,_Z,_Z,_T,_T,_T,_T,_T,_T,_Z,_Z,_Z,_Z,_Z,2021,2975.68,,,,,,,,,HE_COSTS,XOF,0.01,A,GNB_EHCVM2021_LEGACY_v1,
dataflow,WB.AFW360:AFW360_HH(0.3.0),R,A,GNB,GW_AEZ03,SURVEY,HE_CREDIT_ANY,_Z,_Z,_T,_T,_T,_T,_T,_T,_Z,_Z,_Z,_Z,_Z,2021,0.3,,,,,,,,,HE_CREDIT_ANY,SHARE,0.01,A,GNB_EHCVM2021_LEGACY_v1,
dataflow,WB.AFW360:AFW360_HH(0.3.0),R,A,GNB,GW_AEZ03,SURVEY,HE_CREDIT_FORMAL,_Z,_Z,_T,_T,_T,_T,_T,_T,_Z,_Z,_Z,_Z,_Z,2021,0,,,,,,,,,HE_CREDIT_FORMAL,SHARE,0.01,A,GNB_EHCVM2021_LEGACY_v1,
dataflow,WB.AFW360:AFW360_HH(0.3.0),R,A,GNB,GW_AEZ03,SURVEY,HE_CREDIT_INFORMAL,_Z,_Z,_T,_T,_T,_T,_T,_T,_Z,_Z,_Z,_Z,_Z,2021,0.3,,,,,,,,,HE_CREDIT_INFORMAL,SHARE,0.01,A,GNB_EHCVM2021_LEGACY_v1,
dataflow,WB.AFW360:AFW360_HH(0.3.0),R,A,GNB,GW_AEZ03,SURVEY,HE_ELEC,_Z,_Z,_T,_T,_T,_T,_T,_T,_Z,_Z,_Z,_Z,_Z,2021,1,,,,,,,,,HE_ELEC,SHARE,0.01,A,GNB_EHCVM2021_LEGACY_v1,
dataflow,WB.AFW360:AFW360_HH(0.3.0),R,A,GNB,GW_AEZ03,SURVEY,HE_EMP_EXT_ANY,_Z,_Z,_T,_T,_T,_T,_T,_T,_Z,_Z,_Z,_Z,_Z,2021,1,,,,,,,,,HE_EMP_EXT_ANY,SHARE,0.01,A,GNB_EHCVM2021_LEGACY_v1,LEGACY_SUSPECT: Implausible: share 1.00 while mean non-HH employees is 0.48.
dataflow,WB.AFW360:AFW360_HH(0.3.0),R,A,GNB,GW_AEZ03,SURVEY,HE_EMP_HH_NUM,_Z,_Z,_T,_T,_T,_T,_T,_T,_Z,_Z,_Z,_Z,_Z,2021,0,,,,,,,,,HE_EMP_HH_NUM,PERSON,0.01,A,GNB_EHCVM2021_LEGACY_v1,
dataflow,WB.AFW360:AFW360_HH(0.3.0),R,A,GNB,GW_AEZ03,SURVEY,HE_EMP_NONHH_NUM,_Z,_Z,_T,_T,_T,_T,_T,_T,_Z,_Z,_Z,_Z,_Z,2021,0.54,,,,,,,,,HE_EMP_NONHH_NUM,PERSON,0.01,A,GNB_EHCVM2021_LEGACY_v1,
dataflow,WB.AFW360:AFW360_HH(0.3.0),R,A,GNB,GW_AEZ03,SURVEY,HE_EMP_NUM,_Z,_Z,_T,_T,_T,_T,_T,_T,_Z,_Z,_Z,_Z,_Z,2021,0,,,,,,,,,HE_EMP_NUM,PERSON,0.01,A,GNB_EHCVM2021_LEGACY_v1,
dataflow,WB.AFW360:AFW360_HH(0.3.0),R,A,GNB,GW_AEZ03,SURVEY,HE_HH_OWNER,_Z,_Z,_T,_T,_T,_T,_T,_T,_Z,_Z,_Z,_Z,_Z,2021,0.36,,,,,,,,,HE_HH_OWNER,SHARE,0.01,A,GNB_EHCVM2021_LEGACY_v1,
dataflow,WB.AFW360:AFW360_HH(0.3.0),R,A,GNB,GW_AEZ03,SURVEY,HE_HOME_BASED,_Z,_Z,_T,_T,_T,_T,_T,_T,_Z,_Z,_Z,_Z,_Z,2021,0.56,,,,,,,,,HE_HOME_BASED,SHARE,0.01,A,GNB_EHCVM2021_LEGACY_v1,
dataflow,WB.AFW360:AFW360_HH(0.3.0),R,A,GNB,GW_AEZ03,SURVEY,HE_PHONE,_Z,_Z,_T,_T,_T,_T,_T,_T,_Z,_Z,_Z,_Z,_Z,2021,1,,,,,,,,,HE_PHONE,SHARE,0.01,A,GNB_EHCVM2021_LEGACY_v1,
dataflow,WB.AFW360:AFW360_HH(0.3.0),R,A,GNB,GW_AEZ03,SURVEY,HE_PREMISES_FORMAL,_Z,_Z,_T,_T,_T,_T,_T,_T,_Z,_Z,_Z,_Z,_Z,2021,0.02,,,,,,,,,HE_PREMISES_FORMAL,SHARE,0.01,A,GNB_EHCVM2021_LEGACY_v1,
dataflow,WB.AFW360:AFW360_HH(0.3.0),R,A,GNB,GW_AEZ03,SURVEY,HE_PROFIT,_Z,_Z,_T,_T,_T,_T,_T,_T,_Z,_Z,_Z,_Z,_Z,2021,3316.5,,,,,,,,,HE_PROFIT,XOF,0.01,A,GNB_EHCVM2021_LEGACY_v1,
dataflow,WB.AFW360:AFW360_HH(0.3.0),R,A,GNB,GW_AEZ03,SURVEY,HE_RENT,_Z,_Z,_T,_T,_T,_T,_T,_T,_Z,_Z,_Z,_Z,_Z,2021,1,,,,,,,,,HE_RENT,SHARE,0.01,A,GNB_EHCVM2021_LEGACY_v1,
dataflow,WB.AFW360:AFW360_HH(0.3.0),R,A,GNB,GW_AEZ03,SURVEY,HE_REV_PER_WORKER,_Z,_Z,_T,_T,_T,_T,_T,_T,_Z,_Z,_Z,_Z,_Z,2021,NaN,,,,,,,,,HE_REV_PER_WORKER,XOF,0.01,O,GNB_EHCVM2021_LEGACY_v1,"LEGACY_EMPTY: empty cell in sheet 'ZAE', column 'estimateZonas_Montanhosas_de_Les'"
dataflow,WB.AFW360:AFW360_HH(0.3.0),R,A,GNB,GW_AEZ03,SURVEY,HE_SELL_FIRMS,_Z,_Z,_T,_T,_T,_T,_T,_T,_Z,_Z,_Z,_Z,_Z,2021,0.06,,,,,,,,,HE_SELL_FIRMS,SHARE,0.01,A,GNB_EHCVM2021_LEGACY_v1,
dataflow,WB.AFW360:AFW360_HH(0.3.0),R,A,GNB,GW_AEZ03,SURVEY,HE_TAX_ID,_Z,_Z,_T,_T,_T,_T,_T,_T,_Z,_Z,_Z,_Z,_Z,2021,0.06,,,,,,,,,HE_TAX_ID,SHARE,0.01,A,GNB_EHCVM2021_LEGACY_v1,
dataflow,WB.AFW360:AFW360_HH(0.3.0),R,A,GNB,GW_AEZ03,SURVEY,HE_WATER,_Z,_Z,_T,_T,_T,_T,_T,_T,_Z,_Z,_Z,_Z,_Z,2021,0.57,,,,,,,,,HE_WATER,SHARE,0.01,A,GNB_EHCVM2021_LEGACY_v1,
dataflow,WB.AFW360:AFW360_HH(0.3.0),R,A,GNB,GW_AEZ03,SURVEY,HOUS_FLOOR_DURABLE,_Z,_Z,_T,_T,_T,_T,_T,_T,_Z,_Z,_Z,_Z,_Z,2021,0.52,,,,,,,,,HOUS_FLOOR_DURABLE,SHARE,0.01,A,GNB_EHCVM2021_LEGACY_v1,
dataflow,WB.AFW360:AFW360_HH(0.3.0),R,A,GNB,GW_AEZ03,SURVEY,HOUS_ROOF_DURABLE,_Z,_Z,_T,_T,_T,_T,_T,_T,_Z,_Z,_Z,_Z,_Z,2021,0.95,,,,,,,,,HOUS_ROOF_DURABLE,SHARE,0.01,A,GNB_EHCVM2021_LEGACY_v1,
dataflow,WB.AFW360:AFW360_HH(0.3.0),R,A,GNB,GW_AEZ03,SURVEY,HOUS_SANIT_IMPROVED,_Z,_Z,_T,_T,_T,_T,_T,_T,_Z,_Z,_Z,_Z,_Z,2021,0.15,,,,,,,,,HOUS_SANIT_IMPROVED,SHARE,0.01,A,GNB_EHCVM2021_LEGACY_v1,
dataflow,WB.AFW360:AFW360_HH(0.3.0),R,A,GNB,GW_AEZ03,SURVEY,HOUS_WALL_DURABLE,_Z,_Z,_T,_T,_T,_T,_T,_T,_Z,_Z,_Z,_Z,_Z,2021,0.33,,,,,,,,,HOUS_WALL_DURABLE,SHARE,0.01,A,GNB_EHCVM2021_LEGACY_v1,
dataflow,WB.AFW360:AFW360_HH(0.3.0),R,A,GNB,GW_AEZ03,SURVEY,HOUS_WATER_SAFE_DRY,_Z,_Z,_T,_T,_T,_T,_T,_T,_Z,_Z,_Z,_Z,_Z,2021,0.74,,,,,,,,,HOUS_WATER_SAFE_DRY,SHARE,0.01,A,GNB_EHCVM2021_LEGACY_v1,
dataflow,WB.AFW360:AFW360_HH(0.3.0),R,A,GNB,GW_AEZ03,SURVEY,POP_HE_SH,_Z,_Z,_T,HEO_MSTAT_MARRIED,_T,_T,_T,_T,_Z,_Z,_Z,_Z,_Z,2021,0.56,,,,,,,,,POP_HE_SH.HEO_MSTAT_MARRIED,SHARE,0.01,A,GNB_EHCVM2021_LEGACY_v1,
dataflow,WB.AFW360:AFW360_HH(0.3.0),R,A,GNB,GW_AEZ03,SURVEY,POP_HE_SH,_Z,_Z,_T,HEO_SEX_F,_T,_T,_T,_T,_Z,_Z,_Z,_Z,_Z,2021,0.6,,,,,,,,,POP_HE_SH.HEO_SEX_F,SHARE,0.01,A,GNB_EHCVM2021_LEGACY_v1,
dataflow,WB.AFW360:AFW360_HH(0.3.0),R,A,GNB,GW_AEZ03,SURVEY,POP_HH_SH,_Z,_Z,_T,HE_COUNT_0,_T,_T,_T,_T,_Z,_Z,_Z,_Z,_Z,2021,0.47,,,,,,,,,POP_HH_SH.HE_COUNT_0,SHARE,0.01,A,GNB_EHCVM2021_LEGACY_v1,
dataflow,WB.AFW360:AFW360_HH(0.3.0),R,A,GNB,GW_AEZ03,SURVEY,POP_HH_SH,_Z,_Z,_T,HE_COUNT_1,_T,_T,_T,_T,_Z,_Z,_Z,_Z,_Z,2021,0.4,,,,,,,,,POP_HH_SH.HE_COUNT_1,SHARE,0.01,A,GNB_EHCVM2021_LEGACY_v1,
dataflow,WB.AFW360:AFW360_HH(0.3.0),R,A,GNB,GW_AEZ03,SURVEY,POP_HH_SH,_Z,_Z,_T,HE_COUNT_2,_T,_T,_T,_T,_Z,_Z,_Z,_Z,_Z,2021,0.12,,,,,,,,,POP_HH_SH.HE_COUNT_2,SHARE,0.01,A,GNB_EHCVM2021_LEGACY_v1,
dataflow,WB.AFW360:AFW360_HH(0.3.0),R,A,GNB,GW_AEZ03,SURVEY,POP_HH_SH,_Z,_Z,_T,HE_COUNT_3,_T,_T,_T,_T,_Z,_Z,_Z,_Z,_Z,2021,0.01,,,,,,,,,POP_HH_SH.HE_COUNT_3,SHARE,0.01,A,GNB_EHCVM2021_LEGACY_v1,
dataflow,WB.AFW360:AFW360_HH(0.3.0),R,A,GNB,GW_AEZ03,SURVEY,POP_HH_SH,_Z,_Z,_T,HE_COUNT_4P,_T,_T,_T,_T,_Z,_Z,_Z,_Z,_Z,2021,0,,,,,,,,,POP_HH_SH.HE_COUNT_4P,SHARE,0.01,A,GNB_EHCVM2021_LEGACY_v1,
dataflow,WB.AFW360:AFW360_HH(0.3.0),R,A,GNB,GW_AEZ03,SURVEY,POP_SH,_T,_T,_T,EMP_FORMAL_N,_T,_T,_T,_T,_Z,_Z,_Z,_Z,_Z,2021,0.87,,,,,,,,,POP_SH.EMP_FORMAL_N,SHARE,0.01,A,GNB_EHCVM2021_LEGACY_v1,
dataflow,WB.AFW360:AFW360_HH(0.3.0),R,A,GNB,GW_AEZ03,SURVEY,POP_SH,_T,_T,_T,EMP_ISIC_G,_T,_T,_T,_T,_Z,_Z,_Z,_Z,_Z,2021,0.09,,,,,,,,,POP_SH.EMP_ISIC_G,SHARE,0.01,A,GNB_EHCVM2021_LEGACY_v1,
dataflow,WB.AFW360:AFW360_HH(0.3.0),R,A,GNB,GW_AEZ03,SURVEY,POP_SH,_T,_T,_T,EMP_ISIC_H,_T,_T,_T,_T,_Z,_Z,_Z,_Z,_Z,2021,0.02,,,,,,,,,POP_SH.EMP_ISIC_H,SHARE,0.01,A,GNB_EHCVM2021_LEGACY_v1,
dataflow,WB.AFW360:AFW360_HH(0.3.0),R,A,GNB,GW_AEZ03,SURVEY,POP_SH,_T,_T,_T,EMP_SECTOR_AGR,_T,_T,_T,_T,_Z,_Z,_Z,_Z,_Z,2021,0.79,,,,,,,,,POP_SH.EMP_SECTOR_AGR,SHARE,0.01,A,GNB_EHCVM2021_LEGACY_v1,
dataflow,WB.AFW360:AFW360_HH(0.3.0),R,A,GNB,GW_AEZ03,SURVEY,POP_SH,_T,_T,_T,EMP_SECTOR_IND,_T,_T,_T,_T,_Z,_Z,_Z,_Z,_Z,2021,0.07,,,,,,,,,POP_SH.EMP_SECTOR_IND,SHARE,0.01,A,GNB_EHCVM2021_LEGACY_v1,
dataflow,WB.AFW360:AFW360_HH(0.3.0),R,A,GNB,GW_AEZ03,SURVEY,POP_SH,_T,_T,_T,EMP_SECTOR_SER,_T,_T,_T,_T,_Z,_Z,_Z,_Z,_Z,2021,0.14,,,,,,,,,POP_SH.EMP_SECTOR_SER,SHARE,0.01,A,GNB_EHCVM2021_LEGACY_v1,
dataflow,WB.AFW360:AFW360_HH(0.3.0),R,A,GNB,GW_AEZ03,SURVEY,POP_SH,_T,_T,_T,EMP_STATUS_EMPLOYED,_T,_T,_T,_T,_Z,_Z,_Z,_Z,_Z,2021,0.78,,,,,,,,,POP_SH.EMP_STATUS_EMPLOYED,SHARE,0.01,A,GNB_EHCVM2021_LEGACY_v1,
dataflow,WB.AFW360:AFW360_HH(0.3.0),R,A,GNB,GW_AEZ03,SURVEY,POP_SH,_T,_T,_T,EMP_TYPE_NONWAGE,_T,_T,_T,_T,_Z,_Z,_Z,_Z,_Z,2021,0.89,,,,,,,,,POP_SH.EMP_TYPE_NONWAGE,SHARE,0.01,A,GNB_EHCVM2021_LEGACY_v1,
dataflow,WB.AFW360:AFW360_HH(0.3.0),R,A,GNB,GW_AEZ03,SURVEY,POP_SH,_T,_T,_T,EMP_TYPE_WAGE,_T,_T,_T,_T,_Z,_Z,_Z,_Z,_Z,2021,0.11,,,,,,,,,POP_SH.EMP_TYPE_WAGE,SHARE,0.01,A,GNB_EHCVM2021_LEGACY_v1,
dataflow,WB.AFW360:AFW360_HH(0.3.0),R,A,GNB,GW_AEZ03,SURVEY,POV_HC,_T,_T,_T,_T,_T,_T,_T,_T,POVLINE_PL300,PPP_2021,_Z,_Z,_Z,2021,0.55,,,,,,,,,POV_HC.POVLINE_PL300.PPP_2021,SHARE,0.01,A,GNB_EHCVM2021_LEGACY_v1,
dataflow,WB.AFW360:AFW360_HH(0.3.0),R,A,GNB,GW_AEZ03,SURVEY,POV_HC,_T,_T,_T,_T,_T,_T,_T,_T,POVLINE_PL420,PPP_2021,_Z,_Z,_Z,2021,0.77,,,,,,,,,POV_HC.POVLINE_PL420.PPP_2021,SHARE,0.01,A,GNB_EHCVM2021_LEGACY_v1,
dataflow,WB.AFW360:AFW360_HH(0.3.0),R,A,GNB,GW_AEZ03,SURVEY,POV_NUM,_T,_T,_T,_T,_T,_T,_T,_T,POVLINE_PL300,PPP_2021,_Z,_Z,_Z,2021,240000,,,,,,,,,POV_NUM.POVLINE_PL300.PPP_2021,PERSON,10000,A,GNB_EHCVM2021_LEGACY_v1,
dataflow,WB.AFW360:AFW360_HH(0.3.0),R,A,GNB,GW_AEZ03,SURVEY,POV_NUM,_T,_T,_T,_T,_T,_T,_T,_T,POVLINE_PL420,PPP_2021,_Z,_Z,_Z,2021,340000,,,,,,,,,POV_NUM.POVLINE_PL420.PPP_2021,PERSON,10000,A,GNB_EHCVM2021_LEGACY_v1,
dataflow,WB.AFW360:AFW360_HH(0.3.0),R,A,GNB,GW_AEZ03,SURVEY,SHK_ANY,_Z,_Z,_T,_T,_T,_T,_T,_T,_Z,_Z,_Z,_Z,_Z,2021,0.9,,,,,,,,,SHK_ANY,SHARE,0.01,A,GNB_EHCVM2021_LEGACY_v1,
dataflow,WB.AFW360:AFW360_HH(0.3.0),R,A,GNB,GW_AEZ03,SURVEY,SHK_COV_CONFLICT,_Z,_Z,_T,_T,_T,_T,_T,_T,_Z,_Z,_Z,_Z,_Z,2021,0.08,,,,,,,,,SHK_COV_CONFLICT,SHARE,0.01,A,GNB_EHCVM2021_LEGACY_v1,
dataflow,WB.AFW360:AFW360_HH(0.3.0),R,A,GNB,GW_AEZ03,SURVEY,SHK_COV_ECON,_Z,_Z,_T,_T,_T,_T,_T,_T,_Z,_Z,_Z,_Z,_Z,2021,0.66,,,,,,,,,SHK_COV_ECON,SHARE,0.01,A,GNB_EHCVM2021_LEGACY_v1,
dataflow,WB.AFW360:AFW360_HH(0.3.0),R,A,GNB,GW_AEZ03,SURVEY,SHK_COV_NATURAL,_Z,_Z,_T,_T,_T,_T,_T,_T,_Z,_Z,_Z,_Z,_Z,2021,0.46,,,,,,,,,SHK_COV_NATURAL,SHARE,0.01,A,GNB_EHCVM2021_LEGACY_v1,
dataflow,WB.AFW360:AFW360_HH(0.3.0),R,A,GNB,GW_AEZ03,SURVEY,SHK_IDIO_ECON,_Z,_Z,_T,_T,_T,_T,_T,_T,_Z,_Z,_Z,_Z,_Z,2021,0.27,,,,,,,,,SHK_IDIO_ECON,SHARE,0.01,A,GNB_EHCVM2021_LEGACY_v1,
dataflow,WB.AFW360:AFW360_HH(0.3.0),R,A,GNB,GW_AEZ03,SURVEY,SP_HEALTH_COV,_T,_T,_T,_T,_T,_T,_T,_T,_Z,_Z,_Z,_Z,_Z,2021,0,,,,,,,,,SP_HEALTH_COV,SHARE,0.01,A,GNB_EHCVM2021_LEGACY_v1,
dataflow,WB.AFW360:AFW360_HH(0.3.0),R,A,GNB,GW_AEZ03,SURVEY,SP_HEALTH_COV_HH,_Z,_Z,_T,_T,_T,_T,_T,_T,_Z,_Z,_Z,_Z,_Z,2021,0,,,,,,,,,SP_HEALTH_COV_HH,SHARE,0.01,A,GNB_EHCVM2021_LEGACY_v1,
dataflow,WB.AFW360:AFW360_HH(0.3.0),R,A,GNB,GW_AEZ04,SURVEY,AGR_CULTIVATES,_Z,_Z,_T,_T,_T,_T,_T,_T,_Z,_Z,_Z,_Z,_Z,2021,0.87,,,,,,,,,AGR_CULTIVATES,SHARE,0.01,A,GNB_EHCVM2021_LEGACY_v1,
dataflow,WB.AFW360:AFW360_HH(0.3.0),R,A,GNB,GW_AEZ04,SURVEY,AGR_CULT_AREA,_Z,_Z,_T,_T,_T,_T,_T,_T,_Z,_Z,_Z,_Z,_Z,2021,7.08,,,,,,,,,AGR_CULT_AREA,HA,0.01,A,GNB_EHCVM2021_LEGACY_v1,
dataflow,WB.AFW360:AFW360_HH(0.3.0),R,A,GNB,GW_AEZ04,SURVEY,AGR_LIVESTOCK_ANY,_Z,_Z,_T,_T,_T,_T,_T,_T,_Z,_Z,_Z,_Z,_Z,2021,0.82,,,,,,,,,AGR_LIVESTOCK_ANY,SHARE,0.01,A,GNB_EHCVM2021_LEGACY_v1,
dataflow,WB.AFW360:AFW360_HH(0.3.0),R,A,GNB,GW_AEZ04,SURVEY,AGR_TLU,_Z,_Z,_T,_T,_T,_T,_T,_T,_Z,_Z,_Z,_Z,_Z,2021,2.54,,,,,,,,,AGR_TLU,TLU,0.01,A,GNB_EHCVM2021_LEGACY_v1,
dataflow,WB.AFW360:AFW360_HH(0.3.0),R,A,GNB,GW_AEZ04,SURVEY,CONS_SH,_Z,_Z,_T,_T,_T,_T,_T,_T,COICOP_CP01,ACQ_OWNPROD,_Z,_Z,_Z,2021,0.11,,,,,,,,,CONS_SH.COICOP_CP01.ACQ_OWNPROD,SHARE,0.01,A,GNB_EHCVM2021_LEGACY_v1,
dataflow,WB.AFW360:AFW360_HH(0.3.0),R,A,GNB,GW_AEZ04,SURVEY,CONS_SH,_Z,_Z,_T,_T,_T,_T,_T,_T,COICOP_CP01,ACQ_PURCH,_Z,_Z,_Z,2021,0.27,,,,,,,,,CONS_SH.COICOP_CP01.ACQ_PURCH,SHARE,0.01,A,GNB_EHCVM2021_LEGACY_v1,
dataflow,WB.AFW360:AFW360_HH(0.3.0),R,A,GNB,GW_AEZ04,SURVEY,CONS_SH,_Z,_Z,_T,_T,_T,_T,_T,_T,COICOP_CP01,_Z,_Z,_Z,_Z,2021,0.43,,,,,,,,,CONS_SH.COICOP_CP01,SHARE,0.01,A,GNB_EHCVM2021_LEGACY_v1,
dataflow,WB.AFW360:AFW360_HH(0.3.0),R,A,GNB,GW_AEZ04,SURVEY,CONS_SH,_Z,_Z,_T,_T,_T,_T,_T,_T,COICOP_CP02,_Z,_Z,_Z,_Z,2021,0.01,,,,,,,,,CONS_SH.COICOP_CP02,SHARE,0.01,A,GNB_EHCVM2021_LEGACY_v1,
dataflow,WB.AFW360:AFW360_HH(0.3.0),R,A,GNB,GW_AEZ04,SURVEY,CONS_SH,_Z,_Z,_T,_T,_T,_T,_T,_T,COICOP_CP03,_Z,_Z,_Z,_Z,2021,0.06,,,,,,,,,CONS_SH.COICOP_CP03,SHARE,0.01,A,GNB_EHCVM2021_LEGACY_v1,
dataflow,WB.AFW360:AFW360_HH(0.3.0),R,A,GNB,GW_AEZ04,SURVEY,CONS_SH,_Z,_Z,_T,_T,_T,_T,_T,_T,COICOP_CP04,_Z,_Z,_Z,_Z,2021,0.14,,,,,,,,,CONS_SH.COICOP_CP04,SHARE,0.01,A,GNB_EHCVM2021_LEGACY_v1,
dataflow,WB.AFW360:AFW360_HH(0.3.0),R,A,GNB,GW_AEZ04,SURVEY,CONS_SH,_Z,_Z,_T,_T,_T,_T,_T,_T,COICOP_CP05,_Z,_Z,_Z,_Z,2021,0.05,,,,,,,,,CONS_SH.COICOP_CP05,SHARE,0.01,A,GNB_EHCVM2021_LEGACY_v1,
dataflow,WB.AFW360:AFW360_HH(0.3.0),R,A,GNB,GW_AEZ04,SURVEY,CONS_SH,_Z,_Z,_T,_T,_T,_T,_T,_T,COICOP_CP06,_Z,_Z,_Z,_Z,2021,0.03,,,,,,,,,CONS_SH.COICOP_CP06,SHARE,0.01,A,GNB_EHCVM2021_LEGACY_v1,
dataflow,WB.AFW360:AFW360_HH(0.3.0),R,A,GNB,GW_AEZ04,SURVEY,CONS_SH,_Z,_Z,_T,_T,_T,_T,_T,_T,COICOP_CP07,_Z,_Z,_Z,_Z,2021,0.04,,,,,,,,,CONS_SH.COICOP_CP07,SHARE,0.01,A,GNB_EHCVM2021_LEGACY_v1,
dataflow,WB.AFW360:AFW360_HH(0.3.0),R,A,GNB,GW_AEZ04,SURVEY,CONS_SH,_Z,_Z,_T,_T,_T,_T,_T,_T,COICOP_CP08,_Z,_Z,_Z,_Z,2021,0.08,,,,,,,,,CONS_SH.COICOP_CP08,SHARE,0.01,A,GNB_EHCVM2021_LEGACY_v1,
dataflow,WB.AFW360:AFW360_HH(0.3.0),R,A,GNB,GW_AEZ04,SURVEY,CONS_SH,_Z,_Z,_T,_T,_T,_T,_T,_T,COICOP_CP09,_Z,_Z,_Z,_Z,2021,0,,,,,,,,,CONS_SH.COICOP_CP09,SHARE,0.01,A,GNB_EHCVM2021_LEGACY_v1,
dataflow,WB.AFW360:AFW360_HH(0.3.0),R,A,GNB,GW_AEZ04,SURVEY,CONS_SH,_Z,_Z,_T,_T,_T,_T,_T,_T,COICOP_CP10,_Z,_Z,_Z,_Z,2021,0.03,,,,,,,,,CONS_SH.COICOP_CP10,SHARE,0.01,A,GNB_EHCVM2021_LEGACY_v1,
dataflow,WB.AFW360:AFW360_HH(0.3.0),R,A,GNB,GW_AEZ04,SURVEY,CONS_SH,_Z,_Z,_T,_T,_T,_T,_T,_T,COICOP_CP11,_Z,_Z,_Z,_Z,2021,0.12,,,,,,,,,CONS_SH.COICOP_CP11,SHARE,0.01,A,GNB_EHCVM2021_LEGACY_v1,
dataflow,WB.AFW360:AFW360_HH(0.3.0),R,A,GNB,GW_AEZ04,SURVEY,CONS_SH,_Z,_Z,_T,_T,_T,_T,_T,_T,COICOP_CP12,_Z,_Z,_Z,_Z,2021,0,,,,,,,,,CONS_SH.COICOP_CP12,SHARE,0.01,A,GNB_EHCVM2021_LEGACY_v1,
dataflow,WB.AFW360:AFW360_HH(0.3.0),R,A,GNB,GW_AEZ04,SURVEY,CONS_SH,_Z,_Z,_T,_T,_T,_T,_T,_T,COICOP_CP13,_Z,_Z,_Z,_Z,2021,0.02,,,,,,,,,CONS_SH.COICOP_CP13,SHARE,0.01,A,GNB_EHCVM2021_LEGACY_v1,
dataflow,WB.AFW360:AFW360_HH(0.3.0),R,A,GNB,GW_AEZ04,SURVEY,EN_ASSET_AC,_Z,_Z,_T,_T,_T,_T,_T,_T,_Z,_Z,_Z,_Z,_Z,2021,0,,,,,,,,,EN_ASSET_AC,SHARE,0.01,A,GNB_EHCVM2021_LEGACY_v1,
dataflow,WB.AFW360:AFW360_HH(0.3.0),R,A,GNB,GW_AEZ04,SURVEY,EN_ASSET_COOKER,_Z,_Z,_T,_T,_T,_T,_T,_T,_Z,_Z,_Z,_Z,_Z,2021,0.01,,,,,,,,,EN_ASSET_COOKER,SHARE,0.01,A,GNB_EHCVM2021_LEGACY_v1,
dataflow,WB.AFW360:AFW360_HH(0.3.0),R,A,GNB,GW_AEZ04,SURVEY,EN_ASSET_FAN,_Z,_Z,_T,_T,_T,_T,_T,_T,_Z,_Z,_Z,_Z,_Z,2021,0.01,,,,,,,,,EN_ASSET_FAN,SHARE,0.01,A,GNB_EHCVM2021_LEGACY_v1,
dataflow,WB.AFW360:AFW360_HH(0.3.0),R,A,GNB,GW_AEZ04,SURVEY,EN_ASSET_WATER_HEATER,_Z,_Z,_T,_T,_T,_T,_T,_T,_Z,_Z,_Z,_Z,_Z,2021,0,,,,,,,,,EN_ASSET_WATER_HEATER,SHARE,0.01,A,GNB_EHCVM2021_LEGACY_v1,
dataflow,WB.AFW360:AFW360_HH(0.3.0),R,A,GNB,GW_AEZ04,SURVEY,EN_COOK_BIOMASS,_Z,_Z,_T,_T,_T,_T,_T,_T,_Z,_Z,_Z,_Z,_Z,2021,0.99,,,,,,,,,EN_COOK_BIOMASS,SHARE,0.01,A,GNB_EHCVM2021_LEGACY_v1,
dataflow,WB.AFW360:AFW360_HH(0.3.0),R,A,GNB,GW_AEZ04,SURVEY,EN_COOK_CLEAN,_Z,_Z,_T,_T,_T,_T,_T,_T,_Z,_Z,_Z,_Z,_Z,2021,0,,,,,,,,,EN_COOK_CLEAN,SHARE,0.01,A,GNB_EHCVM2021_LEGACY_v1,
dataflow,WB.AFW360:AFW360_HH(0.3.0),R,A,GNB,GW_AEZ04,SURVEY,EN_ELEC_ACCESS,_Z,_Z,_T,_T,_T,_T,_T,_T,_Z,_Z,_Z,_Z,_Z,2021,0.05,,,,,,,,,EN_ELEC_ACCESS,SHARE,0.01,A,GNB_EHCVM2021_LEGACY_v1,
dataflow,WB.AFW360:AFW360_HH(0.3.0),R,A,GNB,GW_AEZ04,SURVEY,EN_ELEC_INFORMAL,_Z,_Z,_T,_T,_T,_T,_T,_T,_Z,_Z,_Z,_Z,_Z,2021,0.01,,,,,,,,,EN_ELEC_INFORMAL,SHARE,0.01,A,GNB_EHCVM2021_LEGACY_v1,
dataflow,WB.AFW360:AFW360_HH(0.3.0),R,A,GNB,GW_AEZ04,SURVEY,EN_ELEC_SPEND,_Z,_Z,_T,_T,_T,_T,_T,_T,_Z,_Z,_Z,_Z,_Z,2021,18152.77,,,,,,,,,EN_ELEC_SPEND,XOF,0.01,A,GNB_EHCVM2021_LEGACY_v1,
dataflow,WB.AFW360:AFW360_HH(0.3.0),R,A,GNB,GW_AEZ04,SURVEY,EN_GRID_CONN,_Z,_Z,_T,_T,_T,_T,_T,_T,_Z,_Z,_Z,_Z,_Z,2021,0.06,,,,,,,,,EN_GRID_CONN,SHARE,0.01,A,GNB_EHCVM2021_LEGACY_v1,
dataflow,WB.AFW360:AFW360_HH(0.3.0),R,A,GNB,GW_AEZ04,SURVEY,EN_GRID_USE,_Z,_Z,_T,_T,_T,_T,_T,_T,_Z,_Z,_Z,_Z,_Z,2021,0.06,,,,,,,,,EN_GRID_USE,SHARE,0.01,A,GNB_EHCVM2021_LEGACY_v1,
dataflow,WB.AFW360:AFW360_HH(0.3.0),R,A,GNB,GW_AEZ04,SURVEY,EN_LIGHT_IMPROVED,_Z,_Z,_T,_T,_T,_T,_T,_T,_Z,_Z,_Z,_Z,_Z,2021,0.08,,,,,,,,,EN_LIGHT_IMPROVED,SHARE,0.01,A,GNB_EHCVM2021_LEGACY_v1,
dataflow,WB.AFW360:AFW360_HH(0.3.0),R,A,GNB,GW_AEZ04,SURVEY,EN_OFFGRID_USE,_Z,_Z,_T,_T,_T,_T,_T,_T,_Z,_Z,_Z,_Z,_Z,2021,0.57,,,,,,,,,EN_OFFGRID_USE,SHARE,0.01,A,GNB_EHCVM2021_LEGACY_v1,
dataflow,WB.AFW360:AFW360_HH(0.3.0),R,A,GNB,GW_AEZ04,SURVEY,EN_OUTAGE_ANY,_Z,_Z,_T,_T,_T,_T,_T,_T,_Z,_Z,_Z,_Z,_Z,2021,0.61,,,,,,,,,EN_OUTAGE_ANY,SHARE,0.01,A,GNB_EHCVM2021_LEGACY_v1,
dataflow,WB.AFW360:AFW360_HH(0.3.0),R,A,GNB,GW_AEZ04,SURVEY,EN_OUTAGE_DAYS,_Z,_Z,_T,_T,_T,_T,_T,_T,_Z,_Z,_Z,_Z,_Z,2021,3.63,,,,,,,,,EN_OUTAGE_DAYS,DAY,0.01,A,GNB_EHCVM2021_LEGACY_v1,
dataflow,WB.AFW360:AFW360_HH(0.3.0),R,A,GNB,GW_AEZ04,SURVEY,EN_OUTAGE_DUR_CODE,_Z,_Z,_T,_T,_T,_T,_T,_T,_Z,_Z,_Z,_Z,_Z,2021,2.37,,,,,,,,,EN_OUTAGE_DUR_CODE,INDEX,0.01,A,GNB_EHCVM2021_LEGACY_v1,
dataflow,WB.AFW360:AFW360_HH(0.3.0),R,A,GNB,GW_AEZ04,SURVEY,EN_PREPAID_METER,_Z,_Z,_T,_T,_T,_T,_T,_T,_Z,_Z,_Z,_Z,_Z,2021,0.27,,,,,,,,,EN_PREPAID_METER,SHARE,0.01,A,GNB_EHCVM2021_LEGACY_v1,
dataflow,WB.AFW360:AFW360_HH(0.3.0),R,A,GNB,GW_AEZ04,SURVEY,HE_ACCOUNTS,_Z,_Z,_T,_T,_T,_T,_T,_T,_Z,_Z,_Z,_Z,_Z,2021,0.03,,,,,,,,,HE_ACCOUNTS,SHARE,0.01,A,GNB_EHCVM2021_LEGACY_v1,
dataflow,WB.AFW360:AFW360_HH(0.3.0),R,A,GNB,GW_AEZ04,SURVEY,HE_AGE,_Z,_Z,_T,_T,_T,_T,_T,_T,_Z,_Z,_Z,_Z,_Z,2021,6.92,,,,,,,,,HE_AGE,YEAR,0.01,A,GNB_EHCVM2021_LEGACY_v1,
dataflow,WB.AFW360:AFW360_HH(0.3.0),R,A,GNB,GW_AEZ04,SURVEY,HE_BUY_FIRMS,_Z,_Z,_T,_T,_T,_T,_T,_T,_Z,_Z,_Z,_Z,_Z,2021,0.14,,,,,,,,,HE_BUY_FIRMS,SHARE,0.01,A,GNB_EHCVM2021_LEGACY_v1,
dataflow,WB.AFW360:AFW360_HH(0.3.0),R,A,GNB,GW_AEZ04,SURVEY,HE_CAPITAL,_Z,_Z,_T,_T,_T,_T,_T,_T,_Z,_Z,_Z,_Z,_Z,2021,28849.33,,,,,,,,,HE_CAPITAL,XOF,0.01,A,GNB_EHCVM2021_LEGACY_v1,
dataflow,WB.AFW360:AFW360_HH(0.3.0),R,A,GNB,GW_AEZ04,SURVEY,HE_COSTS,_Z,_Z,_T,_T,_T,_T,_T,_T,_Z,_Z,_Z,_Z,_Z,2021,2112.96,,,,,,,,,HE_COSTS,XOF,0.01,A,GNB_EHCVM2021_LEGACY_v1,
dataflow,WB.AFW360:AFW360_HH(0.3.0),R,A,GNB,GW_AEZ04,SURVEY,HE_CREDIT_ANY,_Z,_Z,_T,_T,_T,_T,_T,_T,_Z,_Z,_Z,_Z,_Z,2021,0.32,,,,,,,,,HE_CREDIT_ANY,SHARE,0.01,A,GNB_EHCVM2021_LEGACY_v1,
dataflow,WB.AFW360:AFW360_HH(0.3.0),R,A,GNB,GW_AEZ04,SURVEY,HE_CREDIT_FORMAL,_Z,_Z,_T,_T,_T,_T,_T,_T,_Z,_Z,_Z,_Z,_Z,2021,0.05,,,,,,,,,HE_CREDIT_FORMAL,SHARE,0.01,A,GNB_EHCVM2021_LEGACY_v1,
dataflow,WB.AFW360:AFW360_HH(0.3.0),R,A,GNB,GW_AEZ04,SURVEY,HE_CREDIT_INFORMAL,_Z,_Z,_T,_T,_T,_T,_T,_T,_Z,_Z,_Z,_Z,_Z,2021,0.28,,,,,,,,,HE_CREDIT_INFORMAL,SHARE,0.01,A,GNB_EHCVM2021_LEGACY_v1,
dataflow,WB.AFW360:AFW360_HH(0.3.0),R,A,GNB,GW_AEZ04,SURVEY,HE_ELEC,_Z,_Z,_T,_T,_T,_T,_T,_T,_Z,_Z,_Z,_Z,_Z,2021,0.51,,,,,,,,,HE_ELEC,SHARE,0.01,A,GNB_EHCVM2021_LEGACY_v1,
dataflow,WB.AFW360:AFW360_HH(0.3.0),R,A,GNB,GW_AEZ04,SURVEY,HE_EMP_EXT_ANY,_Z,_Z,_T,_T,_T,_T,_T,_T,_Z,_Z,_Z,_Z,_Z,2021,1,,,,,,,,,HE_EMP_EXT_ANY,SHARE,0.01,A,GNB_EHCVM2021_LEGACY_v1,LEGACY_SUSPECT: Implausible: share 1.00 while mean non-HH employees is 0.48.
dataflow,WB.AFW360:AFW360_HH(0.3.0),R,A,GNB,GW_AEZ04,SURVEY,HE_EMP_HH_NUM,_Z,_Z,_T,_T,_T,_T,_T,_T,_Z,_Z,_Z,_Z,_Z,2021,0,,,,,,,,,HE_EMP_HH_NUM,PERSON,0.01,A,GNB_EHCVM2021_LEGACY_v1,
dataflow,WB.AFW360:AFW360_HH(0.3.0),R,A,GNB,GW_AEZ04,SURVEY,HE_EMP_NONHH_NUM,_Z,_Z,_T,_T,_T,_T,_T,_T,_Z,_Z,_Z,_Z,_Z,2021,0.3,,,,,,,,,HE_EMP_NONHH_NUM,PERSON,0.01,A,GNB_EHCVM2021_LEGACY_v1,
dataflow,WB.AFW360:AFW360_HH(0.3.0),R,A,GNB,GW_AEZ04,SURVEY,HE_EMP_NUM,_Z,_Z,_T,_T,_T,_T,_T,_T,_Z,_Z,_Z,_Z,_Z,2021,0.03,,,,,,,,,HE_EMP_NUM,PERSON,0.01,A,GNB_EHCVM2021_LEGACY_v1,
dataflow,WB.AFW360:AFW360_HH(0.3.0),R,A,GNB,GW_AEZ04,SURVEY,HE_HH_OWNER,_Z,_Z,_T,_T,_T,_T,_T,_T,_Z,_Z,_Z,_Z,_Z,2021,0.28,,,,,,,,,HE_HH_OWNER,SHARE,0.01,A,GNB_EHCVM2021_LEGACY_v1,
dataflow,WB.AFW360:AFW360_HH(0.3.0),R,A,GNB,GW_AEZ04,SURVEY,HE_HOME_BASED,_Z,_Z,_T,_T,_T,_T,_T,_T,_Z,_Z,_Z,_Z,_Z,2021,0.56,,,,,,,,,HE_HOME_BASED,SHARE,0.01,A,GNB_EHCVM2021_LEGACY_v1,
dataflow,WB.AFW360:AFW360_HH(0.3.0),R,A,GNB,GW_AEZ04,SURVEY,HE_PHONE,_Z,_Z,_T,_T,_T,_T,_T,_T,_Z,_Z,_Z,_Z,_Z,2021,1,,,,,,,,,HE_PHONE,SHARE,0.01,A,GNB_EHCVM2021_LEGACY_v1,
dataflow,WB.AFW360:AFW360_HH(0.3.0),R,A,GNB,GW_AEZ04,SURVEY,HE_PREMISES_FORMAL,_Z,_Z,_T,_T,_T,_T,_T,_T,_Z,_Z,_Z,_Z,_Z,2021,0.04,,,,,,,,,HE_PREMISES_FORMAL,SHARE,0.01,A,GNB_EHCVM2021_LEGACY_v1,
dataflow,WB.AFW360:AFW360_HH(0.3.0),R,A,GNB,GW_AEZ04,SURVEY,HE_PROFIT,_Z,_Z,_T,_T,_T,_T,_T,_T,_Z,_Z,_Z,_Z,_Z,2021,1796.12,,,,,,,,,HE_PROFIT,XOF,0.01,A,GNB_EHCVM2021_LEGACY_v1,
dataflow,WB.AFW360:AFW360_HH(0.3.0),R,A,GNB,GW_AEZ04,SURVEY,HE_RENT,_Z,_Z,_T,_T,_T,_T,_T,_T,_Z,_Z,_Z,_Z,_Z,2021,1,,,,,,,,,HE_RENT,SHARE,0.01,A,GNB_EHCVM2021_LEGACY_v1,
dataflow,WB.AFW360:AFW360_HH(0.3.0),R,A,GNB,GW_AEZ04,SURVEY,HE_REV_PER_WORKER,_Z,_Z,_T,_T,_T,_T,_T,_T,_Z,_Z,_Z,_Z,_Z,2021,650000,,,,,,,,,HE_REV_PER_WORKER,XOF,0.01,A,GNB_EHCVM2021_LEGACY_v1,
dataflow,WB.AFW360:AFW360_HH(0.3.0),R,A,GNB,GW_AEZ04,SURVEY,HE_SELL_FIRMS,_Z,_Z,_T,_T,_T,_T,_T,_T,_Z,_Z,_Z,_Z,_Z,2021,0.11,,,,,,,,,HE_SELL_FIRMS,SHARE,0.01,A,GNB_EHCVM2021_LEGACY_v1,
dataflow,WB.AFW360:AFW360_HH(0.3.0),R,A,GNB,GW_AEZ04,SURVEY,HE_TAX_ID,_Z,_Z,_T,_T,_T,_T,_T,_T,_Z,_Z,_Z,_Z,_Z,2021,0.08,,,,,,,,,HE_TAX_ID,SHARE,0.01,A,GNB_EHCVM2021_LEGACY_v1,
dataflow,WB.AFW360:AFW360_HH(0.3.0),R,A,GNB,GW_AEZ04,SURVEY,HE_WATER,_Z,_Z,_T,_T,_T,_T,_T,_T,_Z,_Z,_Z,_Z,_Z,2021,0.51,,,,,,,,,HE_WATER,SHARE,0.01,A,GNB_EHCVM2021_LEGACY_v1,
dataflow,WB.AFW360:AFW360_HH(0.3.0),R,A,GNB,GW_AEZ04,SURVEY,HOUS_FLOOR_DURABLE,_Z,_Z,_T,_T,_T,_T,_T,_T,_Z,_Z,_Z,_Z,_Z,2021,0.38,,,,,,,,,HOUS_FLOOR_DURABLE,SHARE,0.01,A,GNB_EHCVM2021_LEGACY_v1,
dataflow,WB.AFW360:AFW360_HH(0.3.0),R,A,GNB,GW_AEZ04,SURVEY,HOUS_ROOF_DURABLE,_Z,_Z,_T,_T,_T,_T,_T,_T,_Z,_Z,_Z,_Z,_Z,2021,0.94,,,,,,,,,HOUS_ROOF_DURABLE,SHARE,0.01,A,GNB_EHCVM2021_LEGACY_v1,
dataflow,WB.AFW360:AFW360_HH(0.3.0),R,A,GNB,GW_AEZ04,SURVEY,HOUS_SANIT_IMPROVED,_Z,_Z,_T,_T,_T,_T,_T,_T,_Z,_Z,_Z,_Z,_Z,2021,0.13,,,,,,,,,HOUS_SANIT_IMPROVED,SHARE,0.01,A,GNB_EHCVM2021_LEGACY_v1,
dataflow,WB.AFW360:AFW360_HH(0.3.0),R,A,GNB,GW_AEZ04,SURVEY,HOUS_WALL_DURABLE,_Z,_Z,_T,_T,_T,_T,_T,_T,_Z,_Z,_Z,_Z,_Z,2021,0.23,,,,,,,,,HOUS_WALL_DURABLE,SHARE,0.01,A,GNB_EHCVM2021_LEGACY_v1,
dataflow,WB.AFW360:AFW360_HH(0.3.0),R,A,GNB,GW_AEZ04,SURVEY,HOUS_WATER_SAFE_DRY,_Z,_Z,_T,_T,_T,_T,_T,_T,_Z,_Z,_Z,_Z,_Z,2021,0.64,,,,,,,,,HOUS_WATER_SAFE_DRY,SHARE,0.01,A,GNB_EHCVM2021_LEGACY_v1,
dataflow,WB.AFW360:AFW360_HH(0.3.0),R,A,GNB,GW_AEZ04,SURVEY,POP_HE_SH,_Z,_Z,_T,HEO_MSTAT_MARRIED,_T,_T,_T,_T,_Z,_Z,_Z,_Z,_Z,2021,0.42,,,,,,,,,POP_HE_SH.HEO_MSTAT_MARRIED,SHARE,0.01,A,GNB_EHCVM2021_LEGACY_v1,
dataflow,WB.AFW360:AFW360_HH(0.3.0),R,A,GNB,GW_AEZ04,SURVEY,POP_HE_SH,_Z,_Z,_T,HEO_SEX_F,_T,_T,_T,_T,_Z,_Z,_Z,_Z,_Z,2021,0.68,,,,,,,,,POP_HE_SH.HEO_SEX_F,SHARE,0.01,A,GNB_EHCVM2021_LEGACY_v1,
dataflow,WB.AFW360:AFW360_HH(0.3.0),R,A,GNB,GW_AEZ04,SURVEY,POP_HH_SH,_Z,_Z,_T,HE_COUNT_0,_T,_T,_T,_T,_Z,_Z,_Z,_Z,_Z,2021,0.48,,,,,,,,,POP_HH_SH.HE_COUNT_0,SHARE,0.01,A,GNB_EHCVM2021_LEGACY_v1,
dataflow,WB.AFW360:AFW360_HH(0.3.0),R,A,GNB,GW_AEZ04,SURVEY,POP_HH_SH,_Z,_Z,_T,HE_COUNT_1,_T,_T,_T,_T,_Z,_Z,_Z,_Z,_Z,2021,0.42,,,,,,,,,POP_HH_SH.HE_COUNT_1,SHARE,0.01,A,GNB_EHCVM2021_LEGACY_v1,
dataflow,WB.AFW360:AFW360_HH(0.3.0),R,A,GNB,GW_AEZ04,SURVEY,POP_HH_SH,_Z,_Z,_T,HE_COUNT_2,_T,_T,_T,_T,_Z,_Z,_Z,_Z,_Z,2021,0.1,,,,,,,,,POP_HH_SH.HE_COUNT_2,SHARE,0.01,A,GNB_EHCVM2021_LEGACY_v1,
dataflow,WB.AFW360:AFW360_HH(0.3.0),R,A,GNB,GW_AEZ04,SURVEY,POP_HH_SH,_Z,_Z,_T,HE_COUNT_3,_T,_T,_T,_T,_Z,_Z,_Z,_Z,_Z,2021,0.01,,,,,,,,,POP_HH_SH.HE_COUNT_3,SHARE,0.01,A,GNB_EHCVM2021_LEGACY_v1,
dataflow,WB.AFW360:AFW360_HH(0.3.0),R,A,GNB,GW_AEZ04,SURVEY,POP_HH_SH,_Z,_Z,_T,HE_COUNT_4P,_T,_T,_T,_T,_Z,_Z,_Z,_Z,_Z,2021,0,,,,,,,,,POP_HH_SH.HE_COUNT_4P,SHARE,0.01,A,GNB_EHCVM2021_LEGACY_v1,
dataflow,WB.AFW360:AFW360_HH(0.3.0),R,A,GNB,GW_AEZ04,SURVEY,POP_SH,_T,_T,_T,EMP_FORMAL_N,_T,_T,_T,_T,_Z,_Z,_Z,_Z,_Z,2021,0.8,,,,,,,,,POP_SH.EMP_FORMAL_N,SHARE,0.01,A,GNB_EHCVM2021_LEGACY_v1,
dataflow,WB.AFW360:AFW360_HH(0.3.0),R,A,GNB,GW_AEZ04,SURVEY,POP_SH,_T,_T,_T,EMP_ISIC_G,_T,_T,_T,_T,_Z,_Z,_Z,_Z,_Z,2021,0.08,,,,,,,,,POP_SH.EMP_ISIC_G,SHARE,0.01,A,GNB_EHCVM2021_LEGACY_v1,
dataflow,WB.AFW360:AFW360_HH(0.3.0),R,A,GNB,GW_AEZ04,SURVEY,POP_SH,_T,_T,_T,EMP_ISIC_H,_T,_T,_T,_T,_Z,_Z,_Z,_Z,_Z,2021,0.02,,,,,,,,,POP_SH.EMP_ISIC_H,SHARE,0.01,A,GNB_EHCVM2021_LEGACY_v1,
dataflow,WB.AFW360:AFW360_HH(0.3.0),R,A,GNB,GW_AEZ04,SURVEY,POP_SH,_T,_T,_T,EMP_SECTOR_AGR,_T,_T,_T,_T,_Z,_Z,_Z,_Z,_Z,2021,0.78,,,,,,,,,POP_SH.EMP_SECTOR_AGR,SHARE,0.01,A,GNB_EHCVM2021_LEGACY_v1,
dataflow,WB.AFW360:AFW360_HH(0.3.0),R,A,GNB,GW_AEZ04,SURVEY,POP_SH,_T,_T,_T,EMP_SECTOR_IND,_T,_T,_T,_T,_Z,_Z,_Z,_Z,_Z,2021,0.08,,,,,,,,,POP_SH.EMP_SECTOR_IND,SHARE,0.01,A,GNB_EHCVM2021_LEGACY_v1,
dataflow,WB.AFW360:AFW360_HH(0.3.0),R,A,GNB,GW_AEZ04,SURVEY,POP_SH,_T,_T,_T,EMP_SECTOR_SER,_T,_T,_T,_T,_Z,_Z,_Z,_Z,_Z,2021,0.14,,,,,,,,,POP_SH.EMP_SECTOR_SER,SHARE,0.01,A,GNB_EHCVM2021_LEGACY_v1,
dataflow,WB.AFW360:AFW360_HH(0.3.0),R,A,GNB,GW_AEZ04,SURVEY,POP_SH,_T,_T,_T,EMP_STATUS_EMPLOYED,_T,_T,_T,_T,_Z,_Z,_Z,_Z,_Z,2021,0.76,,,,,,,,,POP_SH.EMP_STATUS_EMPLOYED,SHARE,0.01,A,GNB_EHCVM2021_LEGACY_v1,
dataflow,WB.AFW360:AFW360_HH(0.3.0),R,A,GNB,GW_AEZ04,SURVEY,POP_SH,_T,_T,_T,EMP_TYPE_NONWAGE,_T,_T,_T,_T,_Z,_Z,_Z,_Z,_Z,2021,0.82,,,,,,,,,POP_SH.EMP_TYPE_NONWAGE,SHARE,0.01,A,GNB_EHCVM2021_LEGACY_v1,
dataflow,WB.AFW360:AFW360_HH(0.3.0),R,A,GNB,GW_AEZ04,SURVEY,POP_SH,_T,_T,_T,EMP_TYPE_WAGE,_T,_T,_T,_T,_Z,_Z,_Z,_Z,_Z,2021,0.18,,,,,,,,,POP_SH.EMP_TYPE_WAGE,SHARE,0.01,A,GNB_EHCVM2021_LEGACY_v1,
dataflow,WB.AFW360:AFW360_HH(0.3.0),R,A,GNB,GW_AEZ04,SURVEY,POV_HC,_T,_T,_T,_T,_T,_T,_T,_T,POVLINE_PL300,PPP_2021,_Z,_Z,_Z,2021,0.53,,,,,,,,,POV_HC.POVLINE_PL300.PPP_2021,SHARE,0.01,A,GNB_EHCVM2021_LEGACY_v1,
dataflow,WB.AFW360:AFW360_HH(0.3.0),R,A,GNB,GW_AEZ04,SURVEY,POV_HC,_T,_T,_T,_T,_T,_T,_T,_T,POVLINE_PL420,PPP_2021,_Z,_Z,_Z,2021,0.78,,,,,,,,,POV_HC.POVLINE_PL420.PPP_2021,SHARE,0.01,A,GNB_EHCVM2021_LEGACY_v1,
dataflow,WB.AFW360:AFW360_HH(0.3.0),R,A,GNB,GW_AEZ04,SURVEY,POV_NUM,_T,_T,_T,_T,_T,_T,_T,_T,POVLINE_PL300,PPP_2021,_Z,_Z,_Z,2021,320000,,,,,,,,,POV_NUM.POVLINE_PL300.PPP_2021,PERSON,10000,A,GNB_EHCVM2021_LEGACY_v1,
dataflow,WB.AFW360:AFW360_HH(0.3.0),R,A,GNB,GW_AEZ04,SURVEY,POV_NUM,_T,_T,_T,_T,_T,_T,_T,_T,POVLINE_PL420,PPP_2021,_Z,_Z,_Z,2021,470000,,,,,,,,,POV_NUM.POVLINE_PL420.PPP_2021,PERSON,10000,A,GNB_EHCVM2021_LEGACY_v1,
dataflow,WB.AFW360:AFW360_HH(0.3.0),R,A,GNB,GW_AEZ04,SURVEY,SHK_ANY,_Z,_Z,_T,_T,_T,_T,_T,_T,_Z,_Z,_Z,_Z,_Z,2021,0.9,,,,,,,,,SHK_ANY,SHARE,0.01,A,GNB_EHCVM2021_LEGACY_v1,
dataflow,WB.AFW360:AFW360_HH(0.3.0),R,A,GNB,GW_AEZ04,SURVEY,SHK_COV_CONFLICT,_Z,_Z,_T,_T,_T,_T,_T,_T,_Z,_Z,_Z,_Z,_Z,2021,0.05,,,,,,,,,SHK_COV_CONFLICT,SHARE,0.01,A,GNB_EHCVM2021_LEGACY_v1,
dataflow,WB.AFW360:AFW360_HH(0.3.0),R,A,GNB,GW_AEZ04,SURVEY,SHK_COV_ECON,_Z,_Z,_T,_T,_T,_T,_T,_T,_Z,_Z,_Z,_Z,_Z,2021,0.59,,,,,,,,,SHK_COV_ECON,SHARE,0.01,A,GNB_EHCVM2021_LEGACY_v1,
dataflow,WB.AFW360:AFW360_HH(0.3.0),R,A,GNB,GW_AEZ04,SURVEY,SHK_COV_NATURAL,_Z,_Z,_T,_T,_T,_T,_T,_T,_Z,_Z,_Z,_Z,_Z,2021,0.41,,,,,,,,,SHK_COV_NATURAL,SHARE,0.01,A,GNB_EHCVM2021_LEGACY_v1,
dataflow,WB.AFW360:AFW360_HH(0.3.0),R,A,GNB,GW_AEZ04,SURVEY,SHK_IDIO_ECON,_Z,_Z,_T,_T,_T,_T,_T,_T,_Z,_Z,_Z,_Z,_Z,2021,0.31,,,,,,,,,SHK_IDIO_ECON,SHARE,0.01,A,GNB_EHCVM2021_LEGACY_v1,
dataflow,WB.AFW360:AFW360_HH(0.3.0),R,A,GNB,GW_AEZ04,SURVEY,SP_HEALTH_COV,_T,_T,_T,_T,_T,_T,_T,_T,_Z,_Z,_Z,_Z,_Z,2021,0,,,,,,,,,SP_HEALTH_COV,SHARE,0.01,A,GNB_EHCVM2021_LEGACY_v1,
dataflow,WB.AFW360:AFW360_HH(0.3.0),R,A,GNB,GW_AEZ04,SURVEY,SP_HEALTH_COV_HH,_Z,_Z,_T,_T,_T,_T,_T,_T,_Z,_Z,_Z,_Z,_Z,2021,0,,,,,,,,,SP_HEALTH_COV_HH,SHARE,0.01,A,GNB_EHCVM2021_LEGACY_v1,
dataflow,WB.AFW360:AFW360_HH(0.3.0),R,A,GNB,_T,SURVEY,AGR_CULTIVATES,_Z,_Z,OU,_T,_T,_T,_T,_T,_Z,_Z,_Z,_Z,_Z,2021,0.22,,,,,,,,,AGR_CULTIVATES,SHARE,0.01,A,GNB_EHCVM2021_LEGACY_v1,
dataflow,WB.AFW360:AFW360_HH(0.3.0),R,A,GNB,_T,SURVEY,AGR_CULTIVATES,_Z,_Z,R,_T,_T,_T,_T,_T,_Z,_Z,_Z,_Z,_Z,2021,0.95,,,,,,,,,AGR_CULTIVATES,SHARE,0.01,A,GNB_EHCVM2021_LEGACY_v1,
dataflow,WB.AFW360:AFW360_HH(0.3.0),R,A,GNB,_T,SURVEY,AGR_CULTIVATES,_Z,_Z,_T,HHH_AGE_GE35,_T,_T,_T,_T,_Z,_Z,_Z,_Z,_Z,2021,0.65,,,,,,,,,AGR_CULTIVATES,SHARE,0.01,A,GNB_EHCVM2021_LEGACY_v1,
dataflow,WB.AFW360:AFW360_HH(0.3.0),R,A,GNB,_T,SURVEY,AGR_CULTIVATES,_Z,_Z,_T,HHH_AGE_LT35,_T,_T,_T,_T,_Z,_Z,_Z,_Z,_Z,2021,0.63,,,,,,,,,AGR_CULTIVATES,SHARE,0.01,A,GNB_EHCVM2021_LEGACY_v1,
dataflow,WB.AFW360:AFW360_HH(0.3.0),R,A,GNB,_T,SURVEY,AGR_CULTIVATES,_Z,_Z,_T,HHH_SEX_F,_T,_T,_T,_T,_Z,_Z,_Z,_Z,_Z,2021,0.41,,,,,,,,,AGR_CULTIVATES,SHARE,0.01,A,GNB_EHCVM2021_LEGACY_v1,
dataflow,WB.AFW360:AFW360_HH(0.3.0),R,A,GNB,_T,SURVEY,AGR_CULTIVATES,_Z,_Z,_T,HHH_SEX_M,_T,_T,_T,_T,_Z,_Z,_Z,_Z,_Z,2021,0.7,,,,,,,,,AGR_CULTIVATES,SHARE,0.01,A,GNB_EHCVM2021_LEGACY_v1,
dataflow,WB.AFW360:AFW360_HH(0.3.0),R,A,GNB,_T,SURVEY,AGR_CULTIVATES,_Z,_Z,_T,QUINT_Q1,_T,_T,_T,_T,_Z,_Z,_Z,_Z,_Z,2021,0.91,,,,,,,,,AGR_CULTIVATES,SHARE,0.01,A,GNB_EHCVM2021_LEGACY_v1,
dataflow,WB.AFW360:AFW360_HH(0.3.0),R,A,GNB,_T,SURVEY,AGR_CULTIVATES,_Z,_Z,_T,QUINT_Q2,_T,_T,_T,_T,_Z,_Z,_Z,_Z,_Z,2021,0.81,,,,,,,,,AGR_CULTIVATES,SHARE,0.01,A,GNB_EHCVM2021_LEGACY_v1,
dataflow,WB.AFW360:AFW360_HH(0.3.0),R,A,GNB,_T,SURVEY,AGR_CULTIVATES,_Z,_Z,_T,QUINT_Q3,_T,_T,_T,_T,_Z,_Z,_Z,_Z,_Z,2021,0.68,,,,,,,,,AGR_CULTIVATES,SHARE,0.01,A,GNB_EHCVM2021_LEGACY_v1,
dataflow,WB.AFW360:AFW360_HH(0.3.0),R,A,GNB,_T,SURVEY,AGR_CULTIVATES,_Z,_Z,_T,QUINT_Q4,_T,_T,_T,_T,_Z,_Z,_Z,_Z,_Z,2021,0.51,,,,,,,,,AGR_CULTIVATES,SHARE,0.01,A,GNB_EHCVM2021_LEGACY_v1,
dataflow,WB.AFW360:AFW360_HH(0.3.0),R,A,GNB,_T,SURVEY,AGR_CULTIVATES,_Z,_Z,_T,QUINT_Q5,_T,_T,_T,_T,_Z,_Z,_Z,_Z,_Z,2021,0.33,,,,,,,,,AGR_CULTIVATES,SHARE,0.01,A,GNB_EHCVM2021_LEGACY_v1,
dataflow,WB.AFW360:AFW360_HH(0.3.0),R,A,GNB,_T,SURVEY,AGR_CULTIVATES,_Z,_Z,_T,_T,_T,_T,_T,_T,_Z,_Z,_Z,_Z,_Z,2021,0.65,,,,,,,,,AGR_CULTIVATES,SHARE,0.01,A,GNB_EHCVM2021_LEGACY_v1,
dataflow,WB.AFW360:AFW360_HH(0.3.0),R,A,GNB,_T,SURVEY,AGR_CULT_AREA,_Z,_Z,OU,_T,_T,_T,_T,_T,_Z,_Z,_Z,_Z,_Z,2021,1.51,,,,,,,,,AGR_CULT_AREA,HA,0.01,A,GNB_EHCVM2021_LEGACY_v1,
dataflow,WB.AFW360:AFW360_HH(0.3.0),R,A,GNB,_T,SURVEY,AGR_CULT_AREA,_Z,_Z,_T,HHH_AGE_LT35,_T,_T,_T,_T,_Z,_Z,_Z,_Z,_Z,2021,2.1,,,,,,,,,AGR_CULT_AREA,HA,0.01,A,GNB_EHCVM2021_LEGACY_v1,
dataflow,WB.AFW360:AFW360_HH(0.3.0),R,A,GNB,_T,SURVEY,AGR_CULT_AREA,_Z,_Z,_T,HHH_SEX_F,_T,_T,_T,_T,_Z,_Z,_Z,_Z,_Z,2021,2.02,,,,,,,,,AGR_CULT_AREA,HA,0.01,A,GNB_EHCVM2021_LEGACY_v1,
dataflow,WB.AFW360:AFW360_HH(0.3.0),R,A,GNB,_T,SURVEY,AGR_CULT_AREA,_Z,_Z,_T,QUINT_Q1,_T,_T,_T,_T,_Z,_Z,_Z,_Z,_Z,2021,3.1,,,,,,,,,AGR_CULT_AREA,HA,0.01,A,GNB_EHCVM2021_LEGACY_v1,
dataflow,WB.AFW360:AFW360_HH(0.3.0),R,A,GNB,_T,SURVEY,AGR_CULT_AREA,_Z,_Z,_T,QUINT_Q2,_T,_T,_T,_T,_Z,_Z,_Z,_Z,_Z,2021,11.23,,,,,,,,,AGR_CULT_AREA,HA,0.01,A,GNB_EHCVM2021_LEGACY_v1,
dataflow,WB.AFW360:AFW360_HH(0.3.0),R,A,GNB,_T,SURVEY,AGR_CULT_AREA,_Z,_Z,_T,QUINT_Q3,_T,_T,_T,_T,_Z,_Z,_Z,_Z,_Z,2021,2.69,,,,,,,,,AGR_CULT_AREA,HA,0.01,A,GNB_EHCVM2021_LEGACY_v1,
dataflow,WB.AFW360:AFW360_HH(0.3.0),R,A,GNB,_T,SURVEY,AGR_CULT_AREA,_Z,_Z,_T,QUINT_Q5,_T,_T,_T,_T,_Z,_Z,_Z,_Z,_Z,2021,1.94,,,,,,,,,AGR_CULT_AREA,HA,0.01,A,GNB_EHCVM2021_LEGACY_v1,
dataflow,WB.AFW360:AFW360_HH(0.3.0),R,A,GNB,_T,SURVEY,AGR_LIVESTOCK_ANY,_Z,_Z,OU,_T,_T,_T,_T,_T,_Z,_Z,_Z,_Z,_Z,2021,0.34,,,,,,,,,AGR_LIVESTOCK_ANY,SHARE,0.01,A,GNB_EHCVM2021_LEGACY_v1,
dataflow,WB.AFW360:AFW360_HH(0.3.0),R,A,GNB,_T,SURVEY,AGR_LIVESTOCK_ANY,_Z,_Z,R,_T,_T,_T,_T,_T,_Z,_Z,_Z,_Z,_Z,2021,0.87,,,,,,,,,AGR_LIVESTOCK_ANY,SHARE,0.01,A,GNB_EHCVM2021_LEGACY_v1,
dataflow,WB.AFW360:AFW360_HH(0.3.0),R,A,GNB,_T,SURVEY,AGR_LIVESTOCK_ANY,_Z,_Z,_T,HHH_AGE_GE35,_T,_T,_T,_T,_Z,_Z,_Z,_Z,_Z,2021,0.66,,,,,,,,,AGR_LIVESTOCK_ANY,SHARE,0.01,A,GNB_EHCVM2021_LEGACY_v1,
dataflow,WB.AFW360:AFW360_HH(0.3.0),R,A,GNB,_T,SURVEY,AGR_LIVESTOCK_ANY,_Z,_Z,_T,HHH_AGE_LT35,_T,_T,_T,_T,_Z,_Z,_Z,_Z,_Z,2021,0.59,,,,,,,,,AGR_LIVESTOCK_ANY,SHARE,0.01,A,GNB_EHCVM2021_LEGACY_v1,
dataflow,WB.AFW360:AFW360_HH(0.3.0),R,A,GNB,_T,SURVEY,AGR_LIVESTOCK_ANY,_Z,_Z,_T,HHH_SEX_F,_T,_T,_T,_T,_Z,_Z,_Z,_Z,_Z,2021,0.5,,,,,,,,,AGR_LIVESTOCK_ANY,SHARE,0.01,A,GNB_EHCVM2021_LEGACY_v1,
dataflow,WB.AFW360:AFW360_HH(0.3.0),R,A,GNB,_T,SURVEY,AGR_LIVESTOCK_ANY,_Z,_Z,_T,HHH_SEX_M,_T,_T,_T,_T,_Z,_Z,_Z,_Z,_Z,2021,0.69,,,,,,,,,AGR_LIVESTOCK_ANY,SHARE,0.01,A,GNB_EHCVM2021_LEGACY_v1,
dataflow,WB.AFW360:AFW360_HH(0.3.0),R,A,GNB,_T,SURVEY,AGR_LIVESTOCK_ANY,_Z,_Z,_T,QUINT_Q1,_T,_T,_T,_T,_Z,_Z,_Z,_Z,_Z,2021,0.84,,,,,,,,,AGR_LIVESTOCK_ANY,SHARE,0.01,A,GNB_EHCVM2021_LEGACY_v1,
dataflow,WB.AFW360:AFW360_HH(0.3.0),R,A,GNB,_T,SURVEY,AGR_LIVESTOCK_ANY,_Z,_Z,_T,QUINT_Q2,_T,_T,_T,_T,_Z,_Z,_Z,_Z,_Z,2021,0.78,,,,,,,,,AGR_LIVESTOCK_ANY,SHARE,0.01,A,GNB_EHCVM2021_LEGACY_v1,
dataflow,WB.AFW360:AFW360_HH(0.3.0),R,A,GNB,_T,SURVEY,AGR_LIVESTOCK_ANY,_Z,_Z,_T,QUINT_Q3,_T,_T,_T,_T,_Z,_Z,_Z,_Z,_Z,2021,0.67,,,,,,,,,AGR_LIVESTOCK_ANY,SHARE,0.01,A,GNB_EHCVM2021_LEGACY_v1,
dataflow,WB.AFW360:AFW360_HH(0.3.0),R,A,GNB,_T,SURVEY,AGR_LIVESTOCK_ANY,_Z,_Z,_T,QUINT_Q4,_T,_T,_T,_T,_Z,_Z,_Z,_Z,_Z,2021,0.57,,,,,,,,,AGR_LIVESTOCK_ANY,SHARE,0.01,A,GNB_EHCVM2021_LEGACY_v1,
dataflow,WB.AFW360:AFW360_HH(0.3.0),R,A,GNB,_T,SURVEY,AGR_LIVESTOCK_ANY,_Z,_Z,_T,QUINT_Q5,_T,_T,_T,_T,_Z,_Z,_Z,_Z,_Z,2021,0.4,,,,,,,,,AGR_LIVESTOCK_ANY,SHARE,0.01,A,GNB_EHCVM2021_LEGACY_v1,
dataflow,WB.AFW360:AFW360_HH(0.3.0),R,A,GNB,_T,SURVEY,AGR_LIVESTOCK_ANY,_Z,_Z,_T,_T,_T,_T,_T,_T,_Z,_Z,_Z,_Z,_Z,2021,0.65,,,,,,,,,AGR_LIVESTOCK_ANY,SHARE,0.01,A,GNB_EHCVM2021_LEGACY_v1,
dataflow,WB.AFW360:AFW360_HH(0.3.0),R,A,GNB,_T,SURVEY,AGR_TLU,_Z,_Z,OU,_T,_T,_T,_T,_T,_Z,_Z,_Z,_Z,_Z,2021,0.37,,,,,,,,,AGR_TLU,TLU,0.01,A,GNB_EHCVM2021_LEGACY_v1,
dataflow,WB.AFW360:AFW360_HH(0.3.0),R,A,GNB,_T,SURVEY,AGR_TLU,_Z,_Z,R,_T,_T,_T,_T,_T,_Z,_Z,_Z,_Z,_Z,2021,3.89,,,,,,,,,AGR_TLU,TLU,0.01,A,GNB_EHCVM2021_LEGACY_v1,
dataflow,WB.AFW360:AFW360_HH(0.3.0),R,A,GNB,_T,SURVEY,AGR_TLU,_Z,_Z,_T,HHH_AGE_GE35,_T,_T,_T,_T,_Z,_Z,_Z,_Z,_Z,2021,2.52,,,,,,,,,AGR_TLU,TLU,0.01,A,GNB_EHCVM2021_LEGACY_v1,
dataflow,WB.AFW360:AFW360_HH(0.3.0),R,A,GNB,_T,SURVEY,AGR_TLU,_Z,_Z,_T,HHH_AGE_LT35,_T,_T,_T,_T,_Z,_Z,_Z,_Z,_Z,2021,1.7,,,,,,,,,AGR_TLU,TLU,0.01,A,GNB_EHCVM2021_LEGACY_v1,
dataflow,WB.AFW360:AFW360_HH(0.3.0),R,A,GNB,_T,SURVEY,AGR_TLU,_Z,_Z,_T,HHH_SEX_F,_T,_T,_T,_T,_Z,_Z,_Z,_Z,_Z,2021,0.79,,,,,,,,,AGR_TLU,TLU,0.01,A,GNB_EHCVM2021_LEGACY_v1,
dataflow,WB.AFW360:AFW360_HH(0.3.0),R,A,GNB,_T,SURVEY,AGR_TLU,_Z,_Z,_T,HHH_SEX_M,_T,_T,_T,_T,_Z,_Z,_Z,_Z,_Z,2021,2.8,,,,,,,,,AGR_TLU,TLU,0.01,A,GNB_EHCVM2021_LEGACY_v1,
dataflow,WB.AFW360:AFW360_HH(0.3.0),R,A,GNB,_T,SURVEY,AGR_TLU,_Z,_Z,_T,QUINT_Q1,_T,_T,_T,_T,_Z,_Z,_Z,_Z,_Z,2021,4.36,,,,,,,,,AGR_TLU,TLU,0.01,A,GNB_EHCVM2021_LEGACY_v1,
dataflow,WB.AFW360:AFW360_HH(0.3.0),R,A,GNB,_T,SURVEY,AGR_TLU,_Z,_Z,_T,QUINT_Q2,_T,_T,_T,_T,_Z,_Z,_Z,_Z,_Z,2021,2.96,,,,,,,,,AGR_TLU,TLU,0.01,A,GNB_EHCVM2021_LEGACY_v1,
dataflow,WB.AFW360:AFW360_HH(0.3.0),R,A,GNB,_T,SURVEY,AGR_TLU,_Z,_Z,_T,QUINT_Q3,_T,_T,_T,_T,_Z,_Z,_Z,_Z,_Z,2021,2.11,,,,,,,,,AGR_TLU,TLU,0.01,A,GNB_EHCVM2021_LEGACY_v1,
dataflow,WB.AFW360:AFW360_HH(0.3.0),R,A,GNB,_T,SURVEY,AGR_TLU,_Z,_Z,_T,QUINT_Q4,_T,_T,_T,_T,_Z,_Z,_Z,_Z,_Z,2021,1.7,,,,,,,,,AGR_TLU,TLU,0.01,A,GNB_EHCVM2021_LEGACY_v1,
dataflow,WB.AFW360:AFW360_HH(0.3.0),R,A,GNB,_T,SURVEY,AGR_TLU,_Z,_Z,_T,QUINT_Q5,_T,_T,_T,_T,_Z,_Z,_Z,_Z,_Z,2021,0.91,,,,,,,,,AGR_TLU,TLU,0.01,A,GNB_EHCVM2021_LEGACY_v1,
dataflow,WB.AFW360:AFW360_HH(0.3.0),R,A,GNB,_T,SURVEY,AGR_TLU,_Z,_Z,_T,_T,_T,_T,_T,_T,_Z,_Z,_Z,_Z,_Z,2021,2.41,,,,,,,,,AGR_TLU,TLU,0.01,A,GNB_EHCVM2021_LEGACY_v1,
dataflow,WB.AFW360:AFW360_HH(0.3.0),R,A,GNB,_T,SURVEY,CONS_SH,_Z,_Z,OU,_T,_T,_T,_T,_T,COICOP_CP01,ACQ_OWNPROD,_Z,_Z,_Z,2021,0.01,,,,,,,,,CONS_SH.COICOP_CP01.ACQ_OWNPROD,SHARE,0.01,A,GNB_EHCVM2021_LEGACY_v1,
dataflow,WB.AFW360:AFW360_HH(0.3.0),R,A,GNB,_T,SURVEY,CONS_SH,_Z,_Z,OU,_T,_T,_T,_T,_T,COICOP_CP01,ACQ_PURCH,_Z,_Z,_Z,2021,0.3,,,,,,,,,CONS_SH.COICOP_CP01.ACQ_PURCH,SHARE,0.01,A,GNB_EHCVM2021_LEGACY_v1,
dataflow,WB.AFW360:AFW360_HH(0.3.0),R,A,GNB,_T,SURVEY,CONS_SH,_Z,_Z,OU,_T,_T,_T,_T,_T,COICOP_CP01,_Z,_Z,_Z,_Z,2021,0.34,,,,,,,,,CONS_SH.COICOP_CP01,SHARE,0.01,A,GNB_EHCVM2021_LEGACY_v1,
dataflow,WB.AFW360:AFW360_HH(0.3.0),R,A,GNB,_T,SURVEY,CONS_SH,_Z,_Z,OU,_T,_T,_T,_T,_T,COICOP_CP02,_Z,_Z,_Z,_Z,2021,0.01,,,,,,,,,CONS_SH.COICOP_CP02,SHARE,0.01,A,GNB_EHCVM2021_LEGACY_v1,
dataflow,WB.AFW360:AFW360_HH(0.3.0),R,A,GNB,_T,SURVEY,CONS_SH,_Z,_Z,OU,_T,_T,_T,_T,_T,COICOP_CP03,_Z,_Z,_Z,_Z,2021,0.06,,,,,,,,,CONS_SH.COICOP_CP03,SHARE,0.01,A,GNB_EHCVM2021_LEGACY_v1,
dataflow,WB.AFW360:AFW360_HH(0.3.0),R,A,GNB,_T,SURVEY,CONS_SH,_Z,_Z,OU,_T,_T,_T,_T,_T,COICOP_CP04,_Z,_Z,_Z,_Z,2021,0.16,,,,,,,,,CONS_SH.COICOP_CP04,SHARE,0.01,A,GNB_EHCVM2021_LEGACY_v1,
dataflow,WB.AFW360:AFW360_HH(0.3.0),R,A,GNB,_T,SURVEY,CONS_SH,_Z,_Z,OU,_T,_T,_T,_T,_T,COICOP_CP05,_Z,_Z,_Z,_Z,2021,0.05,,,,,,,,,CONS_SH.COICOP_CP05,SHARE,0.01,A,GNB_EHCVM2021_LEGACY_v1,
dataflow,WB.AFW360:AFW360_HH(0.3.0),R,A,GNB,_T,SURVEY,CONS_SH,_Z,_Z,OU,_T,_T,_T,_T,_T,COICOP_CP06,_Z,_Z,_Z,_Z,2021,0.03,,,,,,,,,CONS_SH.COICOP_CP06,SHARE,0.01,A,GNB_EHCVM2021_LEGACY_v1,
dataflow,WB.AFW360:AFW360_HH(0.3.0),R,A,GNB,_T,SURVEY,CONS_SH,_Z,_Z,OU,_T,_T,_T,_T,_T,COICOP_CP07,_Z,_Z,_Z,_Z,2021,0.05,,,,,,,,,CONS_SH.COICOP_CP07,SHARE,0.01,A,GNB_EHCVM2021_LEGACY_v1,
dataflow,WB.AFW360:AFW360_HH(0.3.0),R,A,GNB,_T,SURVEY,CONS_SH,_Z,_Z,OU,_T,_T,_T,_T,_T,COICOP_CP08,_Z,_Z,_Z,_Z,2021,0.09,,,,,,,,,CONS_SH.COICOP_CP08,SHARE,0.01,A,GNB_EHCVM2021_LEGACY_v1,
dataflow,WB.AFW360:AFW360_HH(0.3.0),R,A,GNB,_T,SURVEY,CONS_SH,_Z,_Z,OU,_T,_T,_T,_T,_T,COICOP_CP09,_Z,_Z,_Z,_Z,2021,0,,,,,,,,,CONS_SH.COICOP_CP09,SHARE,0.01,A,GNB_EHCVM2021_LEGACY_v1,
dataflow,WB.AFW360:AFW360_HH(0.3.0),R,A,GNB,_T,SURVEY,CONS_SH,_Z,_Z,OU,_T,_T,_T,_T,_T,COICOP_CP10,_Z,_Z,_Z,_Z,2021,0.05,,,,,,,,,CONS_SH.COICOP_CP10,SHARE,0.01,A,GNB_EHCVM2021_LEGACY_v1,
dataflow,WB.AFW360:AFW360_HH(0.3.0),R,A,GNB,_T,SURVEY,CONS_SH,_Z,_Z,OU,_T,_T,_T,_T,_T,COICOP_CP11,_Z,_Z,_Z,_Z,2021,0.14,,,,,,,,,CONS_SH.COICOP_CP11,SHARE,0.01,A,GNB_EHCVM2021_LEGACY_v1,
dataflow,WB.AFW360:AFW360_HH(0.3.0),R,A,GNB,_T,SURVEY,CONS_SH,_Z,_Z,OU,_T,_T,_T,_T,_T,COICOP_CP12,_Z,_Z,_Z,_Z,2021,0,,,,,,,,,CONS_SH.COICOP_CP12,SHARE,0.01,A,GNB_EHCVM2021_LEGACY_v1,
dataflow,WB.AFW360:AFW360_HH(0.3.0),R,A,GNB,_T,SURVEY,CONS_SH,_Z,_Z,OU,_T,_T,_T,_T,_T,COICOP_CP13,_Z,_Z,_Z,_Z,2021,0.02,,,,,,,,,CONS_SH.COICOP_CP13,SHARE,0.01,A,GNB_EHCVM2021_LEGACY_v1,
dataflow,WB.AFW360:AFW360_HH(0.3.0),R,A,GNB,_T,SURVEY,CONS_SH,_Z,_Z,R,_T,_T,_T,_T,_T,COICOP_CP01,ACQ_OWNPROD,_Z,_Z,_Z,2021,0.17,,,,,,,,,CONS_SH.COICOP_CP01.ACQ_OWNPROD,SHARE,0.01,A,GNB_EHCVM2021_LEGACY_v1,
dataflow,WB.AFW360:AFW360_HH(0.3.0),R,A,GNB,_T,SURVEY,CONS_SH,_Z,_Z,R,_T,_T,_T,_T,_T,COICOP_CP01,ACQ_PURCH,_Z,_Z,_Z,2021,0.25,,,,,,,,,CONS_SH.COICOP_CP01.ACQ_PURCH,SHARE,0.01,A,GNB_EHCVM2021_LEGACY_v1,
dataflow,WB.AFW360:AFW360_HH(0.3.0),R,A,GNB,_T,SURVEY,CONS_SH,_Z,_Z,R,_T,_T,_T,_T,_T,COICOP_CP01,_Z,_Z,_Z,_Z,2021,0.47,,,,,,,,,CONS_SH.COICOP_CP01,SHARE,0.01,A,GNB_EHCVM2021_LEGACY_v1,
dataflow,WB.AFW360:AFW360_HH(0.3.0),R,A,GNB,_T,SURVEY,CONS_SH,_Z,_Z,R,_T,_T,_T,_T,_T,COICOP_CP02,_Z,_Z,_Z,_Z,2021,0.01,,,,,,,,,CONS_SH.COICOP_CP02,SHARE,0.01,A,GNB_EHCVM2021_LEGACY_v1,
dataflow,WB.AFW360:AFW360_HH(0.3.0),R,A,GNB,_T,SURVEY,CONS_SH,_Z,_Z,R,_T,_T,_T,_T,_T,COICOP_CP03,_Z,_Z,_Z,_Z,2021,0.06,,,,,,,,,CONS_SH.COICOP_CP03,SHARE,0.01,A,GNB_EHCVM2021_LEGACY_v1,
dataflow,WB.AFW360:AFW360_HH(0.3.0),R,A,GNB,_T,SURVEY,CONS_SH,_Z,_Z,R,_T,_T,_T,_T,_T,COICOP_CP04,_Z,_Z,_Z,_Z,2021,0.13,,,,,,,,,CONS_SH.COICOP_CP04,SHARE,0.01,A,GNB_EHCVM2021_LEGACY_v1,
dataflow,WB.AFW360:AFW360_HH(0.3.0),R,A,GNB,_T,SURVEY,CONS_SH,_Z,_Z,R,_T,_T,_T,_T,_T,COICOP_CP05,_Z,_Z,_Z,_Z,2021,0.04,,,,,,,,,CONS_SH.COICOP_CP05,SHARE,0.01,A,GNB_EHCVM2021_LEGACY_v1,
dataflow,WB.AFW360:AFW360_HH(0.3.0),R,A,GNB,_T,SURVEY,CONS_SH,_Z,_Z,R,_T,_T,_T,_T,_T,COICOP_CP06,_Z,_Z,_Z,_Z,2021,0.04,,,,,,,,,CONS_SH.COICOP_CP06,SHARE,0.01,A,GNB_EHCVM2021_LEGACY_v1,
dataflow,WB.AFW360:AFW360_HH(0.3.0),R,A,GNB,_T,SURVEY,CONS_SH,_Z,_Z,R,_T,_T,_T,_T,_T,COICOP_CP07,_Z,_Z,_Z,_Z,2021,0.04,,,,,,,,,CONS_SH.COICOP_CP07,SHARE,0.01,A,GNB_EHCVM2021_LEGACY_v1,
dataflow,WB.AFW360:AFW360_HH(0.3.0),R,A,GNB,_T,SURVEY,CONS_SH,_Z,_Z,R,_T,_T,_T,_T,_T,COICOP_CP08,_Z,_Z,_Z,_Z,2021,0.07,,,,,,,,,CONS_SH.COICOP_CP08,SHARE,0.01,A,GNB_EHCVM2021_LEGACY_v1,
dataflow,WB.AFW360:AFW360_HH(0.3.0),R,A,GNB,_T,SURVEY,CONS_SH,_Z,_Z,R,_T,_T,_T,_T,_T,COICOP_CP09,_Z,_Z,_Z,_Z,2021,0,,,,,,,,,CONS_SH.COICOP_CP09,SHARE,0.01,A,GNB_EHCVM2021_LEGACY_v1,
dataflow,WB.AFW360:AFW360_HH(0.3.0),R,A,GNB,_T,SURVEY,CONS_SH,_Z,_Z,R,_T,_T,_T,_T,_T,COICOP_CP10,_Z,_Z,_Z,_Z,2021,0.02,,,,,,,,,CONS_SH.COICOP_CP10,SHARE,0.01,A,GNB_EHCVM2021_LEGACY_v1,
dataflow,WB.AFW360:AFW360_HH(0.3.0),R,A,GNB,_T,SURVEY,CONS_SH,_Z,_Z,R,_T,_T,_T,_T,_T,COICOP_CP11,_Z,_Z,_Z,_Z,2021,0.11,,,,,,,,,CONS_SH.COICOP_CP11,SHARE,0.01,A,GNB_EHCVM2021_LEGACY_v1,
dataflow,WB.AFW360:AFW360_HH(0.3.0),R,A,GNB,_T,SURVEY,CONS_SH,_Z,_Z,R,_T,_T,_T,_T,_T,COICOP_CP12,_Z,_Z,_Z,_Z,2021,0,,,,,,,,,CONS_SH.COICOP_CP12,SHARE,0.01,A,GNB_EHCVM2021_LEGACY_v1,
dataflow,WB.AFW360:AFW360_HH(0.3.0),R,A,GNB,_T,SURVEY,CONS_SH,_Z,_Z,R,_T,_T,_T,_T,_T,COICOP_CP13,_Z,_Z,_Z,_Z,2021,0.01,,,,,,,,,CONS_SH.COICOP_CP13,SHARE,0.01,A,GNB_EHCVM2021_LEGACY_v1,
dataflow,WB.AFW360:AFW360_HH(0.3.0),R,A,GNB,_T,SURVEY,CONS_SH,_Z,_Z,_T,HHH_AGE_GE35,_T,_T,_T,_T,COICOP_CP01,ACQ_OWNPROD,_Z,_Z,_Z,2021,0.1,,,,,,,,,CONS_SH.COICOP_CP01.ACQ_OWNPROD,SHARE,0.01,A,GNB_EHCVM2021_LEGACY_v1,
dataflow,WB.AFW360:AFW360_HH(0.3.0),R,A,GNB,_T,SURVEY,CONS_SH,_Z,_Z,_T,HHH_AGE_GE35,_T,_T,_T,_T,COICOP_CP01,ACQ_PURCH,_Z,_Z,_Z,2021,0.27,,,,,,,,,CONS_SH.COICOP_CP01.ACQ_PURCH,SHARE,0.01,A,GNB_EHCVM2021_LEGACY_v1,
dataflow,WB.AFW360:AFW360_HH(0.3.0),R,A,GNB,_T,SURVEY,CONS_SH,_Z,_Z,_T,HHH_AGE_GE35,_T,_T,_T,_T,COICOP_CP01,_Z,_Z,_Z,_Z,2021,0.41,,,,,,,,,CONS_SH.COICOP_CP01,SHARE,0.01,A,GNB_EHCVM2021_LEGACY_v1,
dataflow,WB.AFW360:AFW360_HH(0.3.0),R,A,GNB,_T,SURVEY,CONS_SH,_Z,_Z,_T,HHH_AGE_GE35,_T,_T,_T,_T,COICOP_CP02,_Z,_Z,_Z,_Z,2021,0.01,,,,,,,,,CONS_SH.COICOP_CP02,SHARE,0.01,A,GNB_EHCVM2021_LEGACY_v1,
dataflow,WB.AFW360:AFW360_HH(0.3.0),R,A,GNB,_T,SURVEY,CONS_SH,_Z,_Z,_T,HHH_AGE_GE35,_T,_T,_T,_T,COICOP_CP03,_Z,_Z,_Z,_Z,2021,0.06,,,,,,,,,CONS_SH.COICOP_CP03,SHARE,0.01,A,GNB_EHCVM2021_LEGACY_v1,
dataflow,WB.AFW360:AFW360_HH(0.3.0),R,A,GNB,_T,SURVEY,CONS_SH,_Z,_Z,_T,HHH_AGE_GE35,_T,_T,_T,_T,COICOP_CP04,_Z,_Z,_Z,_Z,2021,0.14,,,,,,,,,CONS_SH.COICOP_CP04,SHARE,0.01,A,GNB_EHCVM2021_LEGACY_v1,
dataflow,WB.AFW360:AFW360_HH(0.3.0),R,A,GNB,_T,SURVEY,CONS_SH,_Z,_Z,_T,HHH_AGE_GE35,_T,_T,_T,_T,COICOP_CP05,_Z,_Z,_Z,_Z,2021,0.04,,,,,,,,,CONS_SH.COICOP_CP05,SHARE,0.01,A,GNB_EHCVM2021_LEGACY_v1,
dataflow,WB.AFW360:AFW360_HH(0.3.0),R,A,GNB,_T,SURVEY,CONS_SH,_Z,_Z,_T,HHH_AGE_GE35,_T,_T,_T,_T,COICOP_CP06,_Z,_Z,_Z,_Z,2021,0.03,,,,,,,,,CONS_SH.COICOP_CP06,SHARE,0.01,A,GNB_EHCVM2021_LEGACY_v1,
dataflow,WB.AFW360:AFW360_HH(0.3.0),R,A,GNB,_T,SURVEY,CONS_SH,_Z,_Z,_T,HHH_AGE_GE35,_T,_T,_T,_T,COICOP_CP07,_Z,_Z,_Z,_Z,2021,0.05,,,,,,,,,CONS_SH.COICOP_CP07,SHARE,0.01,A,GNB_EHCVM2021_LEGACY_v1,
dataflow,WB.AFW360:AFW360_HH(0.3.0),R,A,GNB,_T,SURVEY,CONS_SH,_Z,_Z,_T,HHH_AGE_GE35,_T,_T,_T,_T,COICOP_CP08,_Z,_Z,_Z,_Z,2021,0.08,,,,,,,,,CONS_SH.COICOP_CP08,SHARE,0.01,A,GNB_EHCVM2021_LEGACY_v1,
dataflow,WB.AFW360:AFW360_HH(0.3.0),R,A,GNB,_T,SURVEY,CONS_SH,_Z,_Z,_T,HHH_AGE_GE35,_T,_T,_T,_T,COICOP_CP09,_Z,_Z,_Z,_Z,2021,0,,,,,,,,,CONS_SH.COICOP_CP09,SHARE,0.01,A,GNB_EHCVM2021_LEGACY_v1,
dataflow,WB.AFW360:AFW360_HH(0.3.0),R,A,GNB,_T,SURVEY,CONS_SH,_Z,_Z,_T,HHH_AGE_GE35,_T,_T,_T,_T,COICOP_CP10,_Z,_Z,_Z,_Z,2021,0.03,,,,,,,,,CONS_SH.COICOP_CP10,SHARE,0.01,A,GNB_EHCVM2021_LEGACY_v1,
dataflow,WB.AFW360:AFW360_HH(0.3.0),R,A,GNB,_T,SURVEY,CONS_SH,_Z,_Z,_T,HHH_AGE_GE35,_T,_T,_T,_T,COICOP_CP11,_Z,_Z,_Z,_Z,2021,0.12,,,,,,,,,CONS_SH.COICOP_CP11,SHARE,0.01,A,GNB_EHCVM2021_LEGACY_v1,
dataflow,WB.AFW360:AFW360_HH(0.3.0),R,A,GNB,_T,SURVEY,CONS_SH,_Z,_Z,_T,HHH_AGE_GE35,_T,_T,_T,_T,COICOP_CP12,_Z,_Z,_Z,_Z,2021,0,,,,,,,,,CONS_SH.COICOP_CP12,SHARE,0.01,A,GNB_EHCVM2021_LEGACY_v1,
dataflow,WB.AFW360:AFW360_HH(0.3.0),R,A,GNB,_T,SURVEY,CONS_SH,_Z,_Z,_T,HHH_AGE_GE35,_T,_T,_T,_T,COICOP_CP13,_Z,_Z,_Z,_Z,2021,0.02,,,,,,,,,CONS_SH.COICOP_CP13,SHARE,0.01,A,GNB_EHCVM2021_LEGACY_v1,
dataflow,WB.AFW360:AFW360_HH(0.3.0),R,A,GNB,_T,SURVEY,CONS_SH,_Z,_Z,_T,HHH_AGE_LT35,_T,_T,_T,_T,COICOP_CP01,ACQ_OWNPROD,_Z,_Z,_Z,2021,0.11,,,,,,,,,CONS_SH.COICOP_CP01.ACQ_OWNPROD,SHARE,0.01,A,GNB_EHCVM2021_LEGACY_v1,
dataflow,WB.AFW360:AFW360_HH(0.3.0),R,A,GNB,_T,SURVEY,CONS_SH,_Z,_Z,_T,HHH_AGE_LT35,_T,_T,_T,_T,COICOP_CP01,ACQ_PURCH,_Z,_Z,_Z,2021,0.26,,,,,,,,,CONS_SH.COICOP_CP01.ACQ_PURCH,SHARE,0.01,A,GNB_EHCVM2021_LEGACY_v1,
dataflow,WB.AFW360:AFW360_HH(0.3.0),R,A,GNB,_T,SURVEY,CONS_SH,_Z,_Z,_T,HHH_AGE_LT35,_T,_T,_T,_T,COICOP_CP01,_Z,_Z,_Z,_Z,2021,0.42,,,,,,,,,CONS_SH.COICOP_CP01,SHARE,0.01,A,GNB_EHCVM2021_LEGACY_v1,
dataflow,WB.AFW360:AFW360_HH(0.3.0),R,A,GNB,_T,SURVEY,CONS_SH,_Z,_Z,_T,HHH_AGE_LT35,_T,_T,_T,_T,COICOP_CP02,_Z,_Z,_Z,_Z,2021,0.01,,,,,,,,,CONS_SH.COICOP_CP02,SHARE,0.01,A,GNB_EHCVM2021_LEGACY_v1,
dataflow,WB.AFW360:AFW360_HH(0.3.0),R,A,GNB,_T,SURVEY,CONS_SH,_Z,_Z,_T,HHH_AGE_LT35,_T,_T,_T,_T,COICOP_CP03,_Z,_Z,_Z,_Z,2021,0.05,,,,,,,,,CONS_SH.COICOP_CP03,SHARE,0.01,A,GNB_EHCVM2021_LEGACY_v1,
dataflow,WB.AFW360:AFW360_HH(0.3.0),R,A,GNB,_T,SURVEY,CONS_SH,_Z,_Z,_T,HHH_AGE_LT35,_T,_T,_T,_T,COICOP_CP04,_Z,_Z,_Z,_Z,2021,0.15,,,,,,,,,CONS_SH.COICOP_CP04,SHARE,0.01,A,GNB_EHCVM2021_LEGACY_v1,
dataflow,WB.AFW360:AFW360_HH(0.3.0),R,A,GNB,_T,SURVEY,CONS_SH,_Z,_Z,_T,HHH_AGE_LT35,_T,_T,_T,_T,COICOP_CP05,_Z,_Z,_Z,_Z,2021,0.04,,,,,,,,,CONS_SH.COICOP_CP05,SHARE,0.01,A,GNB_EHCVM2021_LEGACY_v1,
dataflow,WB.AFW360:AFW360_HH(0.3.0),R,A,GNB,_T,SURVEY,CONS_SH,_Z,_Z,_T,HHH_AGE_LT35,_T,_T,_T,_T,COICOP_CP06,_Z,_Z,_Z,_Z,2021,0.03,,,,,,,,,CONS_SH.COICOP_CP06,SHARE,0.01,A,GNB_EHCVM2021_LEGACY_v1,
dataflow,WB.AFW360:AFW360_HH(0.3.0),R,A,GNB,_T,SURVEY,CONS_SH,_Z,_Z,_T,HHH_AGE_LT35,_T,_T,_T,_T,COICOP_CP07,_Z,_Z,_Z,_Z,2021,0.04,,,,,,,,,CONS_SH.COICOP_CP07,SHARE,0.01,A,GNB_EHCVM2021_LEGACY_v1,
dataflow,WB.AFW360:AFW360_HH(0.3.0),R,A,GNB,_T,SURVEY,CONS_SH,_Z,_Z,_T,HHH_AGE_LT35,_T,_T,_T,_T,COICOP_CP08,_Z,_Z,_Z,_Z,2021,0.08,,,,,,,,,CONS_SH.COICOP_CP08,SHARE,0.01,A,GNB_EHCVM2021_LEGACY_v1,
dataflow,WB.AFW360:AFW360_HH(0.3.0),R,A,GNB,_T,SURVEY,CONS_SH,_Z,_Z,_T,HHH_AGE_LT35,_T,_T,_T,_T,COICOP_CP09,_Z,_Z,_Z,_Z,2021,0,,,,,,,,,CONS_SH.COICOP_CP09,SHARE,0.01,A,GNB_EHCVM2021_LEGACY_v1,
dataflow,WB.AFW360:AFW360_HH(0.3.0),R,A,GNB,_T,SURVEY,CONS_SH,_Z,_Z,_T,HHH_AGE_LT35,_T,_T,_T,_T,COICOP_CP10,_Z,_Z,_Z,_Z,2021,0.03,,,,,,,,,CONS_SH.COICOP_CP10,SHARE,0.01,A,GNB_EHCVM2021_LEGACY_v1,
dataflow,WB.AFW360:AFW360_HH(0.3.0),R,A,GNB,_T,SURVEY,CONS_SH,_Z,_Z,_T,HHH_AGE_LT35,_T,_T,_T,_T,COICOP_CP11,_Z,_Z,_Z,_Z,2021,0.12,,,,,,,,,CONS_SH.COICOP_CP11,SHARE,0.01,A,GNB_EHCVM2021_LEGACY_v1,
dataflow,WB.AFW360:AFW360_HH(0.3.0),R,A,GNB,_T,SURVEY,CONS_SH,_Z,_Z,_T,HHH_AGE_LT35,_T,_T,_T,_T,COICOP_CP12,_Z,_Z,_Z,_Z,2021,0,,,,,,,,,CONS_SH.COICOP_CP12,SHARE,0.01,A,GNB_EHCVM2021_LEGACY_v1,
dataflow,WB.AFW360:AFW360_HH(0.3.0),R,A,GNB,_T,SURVEY,CONS_SH,_Z,_Z,_T,HHH_AGE_LT35,_T,_T,_T,_T,COICOP_CP13,_Z,_Z,_Z,_Z,2021,0.02,,,,,,,,,CONS_SH.COICOP_CP13,SHARE,0.01,A,GNB_EHCVM2021_LEGACY_v1,
dataflow,WB.AFW360:AFW360_HH(0.3.0),R,A,GNB,_T,SURVEY,CONS_SH,_Z,_Z,_T,HHH_SEX_F,_T,_T,_T,_T,COICOP_CP01,ACQ_OWNPROD,_Z,_Z,_Z,2021,0.05,,,,,,,,,CONS_SH.COICOP_CP01.ACQ_OWNPROD,SHARE,0.01,A,GNB_EHCVM2021_LEGACY_v1,
dataflow,WB.AFW360:AFW360_HH(0.3.0),R,A,GNB,_T,SURVEY,CONS_SH,_Z,_Z,_T,HHH_SEX_F,_T,_T,_T,_T,COICOP_CP01,ACQ_PURCH,_Z,_Z,_Z,2021,0.29,,,,,,,,,CONS_SH.COICOP_CP01.ACQ_PURCH,SHARE,0.01,A,GNB_EHCVM2021_LEGACY_v1,
dataflow,WB.AFW360:AFW360_HH(0.3.0),R,A,GNB,_T,SURVEY,CONS_SH,_Z,_Z,_T,HHH_SEX_F,_T,_T,_T,_T,COICOP_CP01,_Z,_Z,_Z,_Z,2021,0.39,,,,,,,,,CONS_SH.COICOP_CP01,SHARE,0.01,A,GNB_EHCVM2021_LEGACY_v1,
dataflow,WB.AFW360:AFW360_HH(0.3.0),R,A,GNB,_T,SURVEY,CONS_SH,_Z,_Z,_T,HHH_SEX_F,_T,_T,_T,_T,COICOP_CP02,_Z,_Z,_Z,_Z,2021,0.01,,,,,,,,,CONS_SH.COICOP_CP02,SHARE,0.01,A,GNB_EHCVM2021_LEGACY_v1,
dataflow,WB.AFW360:AFW360_HH(0.3.0),R,A,GNB,_T,SURVEY,CONS_SH,_Z,_Z,_T,HHH_SEX_F,_T,_T,_T,_T,COICOP_CP03,_Z,_Z,_Z,_Z,2021,0.06,,,,,,,,,CONS_SH.COICOP_CP03,SHARE,0.01,A,GNB_EHCVM2021_LEGACY_v1,
dataflow,WB.AFW360:AFW360_HH(0.3.0),R,A,GNB,_T,SURVEY,CONS_SH,_Z,_Z,_T,HHH_SEX_F,_T,_T,_T,_T,COICOP_CP04,_Z,_Z,_Z,_Z,2021,0.16,,,,,,,,,CONS_SH.COICOP_CP04,SHARE,0.01,A,GNB_EHCVM2021_LEGACY_v1,
dataflow,WB.AFW360:AFW360_HH(0.3.0),R,A,GNB,_T,SURVEY,CONS_SH,_Z,_Z,_T,HHH_SEX_F,_T,_T,_T,_T,COICOP_CP05,_Z,_Z,_Z,_Z,2021,0.05,,,,,,,,,CONS_SH.COICOP_CP05,SHARE,0.01,A,GNB_EHCVM2021_LEGACY_v1,
dataflow,WB.AFW360:AFW360_HH(0.3.0),R,A,GNB,_T,SURVEY,CONS_SH,_Z,_Z,_T,HHH_SEX_F,_T,_T,_T,_T,COICOP_CP06,_Z,_Z,_Z,_Z,2021,0.03,,,,,,,,,CONS_SH.COICOP_CP06,SHARE,0.01,A,GNB_EHCVM2021_LEGACY_v1,
dataflow,WB.AFW360:AFW360_HH(0.3.0),R,A,GNB,_T,SURVEY,CONS_SH,_Z,_Z,_T,HHH_SEX_F,_T,_T,_T,_T,COICOP_CP07,_Z,_Z,_Z,_Z,2021,0.04,,,,,,,,,CONS_SH.COICOP_CP07,SHARE,0.01,A,GNB_EHCVM2021_LEGACY_v1,
dataflow,WB.AFW360:AFW360_HH(0.3.0),R,A,GNB,_T,SURVEY,CONS_SH,_Z,_Z,_T,HHH_SEX_F,_T,_T,_T,_T,COICOP_CP08,_Z,_Z,_Z,_Z,2021,0.07,,,,,,,,,CONS_SH.COICOP_CP08,SHARE,0.01,A,GNB_EHCVM2021_LEGACY_v1,
dataflow,WB.AFW360:AFW360_HH(0.3.0),R,A,GNB,_T,SURVEY,CONS_SH,_Z,_Z,_T,HHH_SEX_F,_T,_T,_T,_T,COICOP_CP09,_Z,_Z,_Z,_Z,2021,0,,,,,,,,,CONS_SH.COICOP_CP09,SHARE,0.01,A,GNB_EHCVM2021_LEGACY_v1,
dataflow,WB.AFW360:AFW360_HH(0.3.0),R,A,GNB,_T,SURVEY,CONS_SH,_Z,_Z,_T,HHH_SEX_F,_T,_T,_T,_T,COICOP_CP10,_Z,_Z,_Z,_Z,2021,0.04,,,,,,,,,CONS_SH.COICOP_CP10,SHARE,0.01,A,GNB_EHCVM2021_LEGACY_v1,
dataflow,WB.AFW360:AFW360_HH(0.3.0),R,A,GNB,_T,SURVEY,CONS_SH,_Z,_Z,_T,HHH_SEX_F,_T,_T,_T,_T,COICOP_CP11,_Z,_Z,_Z,_Z,2021,0.12,,,,,,,,,CONS_SH.COICOP_CP11,SHARE,0.01,A,GNB_EHCVM2021_LEGACY_v1,
dataflow,WB.AFW360:AFW360_HH(0.3.0),R,A,GNB,_T,SURVEY,CONS_SH,_Z,_Z,_T,HHH_SEX_F,_T,_T,_T,_T,COICOP_CP12,_Z,_Z,_Z,_Z,2021,0,,,,,,,,,CONS_SH.COICOP_CP12,SHARE,0.01,A,GNB_EHCVM2021_LEGACY_v1,
dataflow,WB.AFW360:AFW360_HH(0.3.0),R,A,GNB,_T,SURVEY,CONS_SH,_Z,_Z,_T,HHH_SEX_F,_T,_T,_T,_T,COICOP_CP13,_Z,_Z,_Z,_Z,2021,0.02,,,,,,,,,CONS_SH.COICOP_CP13,SHARE,0.01,A,GNB_EHCVM2021_LEGACY_v1,
dataflow,WB.AFW360:AFW360_HH(0.3.0),R,A,GNB,_T,SURVEY,CONS_SH,_Z,_Z,_T,HHH_SEX_M,_T,_T,_T,_T,COICOP_CP01,ACQ_OWNPROD,_Z,_Z,_Z,2021,0.12,,,,,,,,,CONS_SH.COICOP_CP01.ACQ_OWNPROD,SHARE,0.01,A,GNB_EHCVM2021_LEGACY_v1,
dataflow,WB.AFW360:AFW360_HH(0.3.0),R,A,GNB,_T,SURVEY,CONS_SH,_Z,_Z,_T,HHH_SEX_M,_T,_T,_T,_T,COICOP_CP01,ACQ_PURCH,_Z,_Z,_Z,2021,0.27,,,,,,,,,CONS_SH.COICOP_CP01.ACQ_PURCH,SHARE,0.01,A,GNB_EHCVM2021_LEGACY_v1,
dataflow,WB.AFW360:AFW360_HH(0.3.0),R,A,GNB,_T,SURVEY,CONS_SH,_Z,_Z,_T,HHH_SEX_M,_T,_T,_T,_T,COICOP_CP01,_Z,_Z,_Z,_Z,2021,0.42,,,,,,,,,CONS_SH.COICOP_CP01,SHARE,0.01,A,GNB_EHCVM2021_LEGACY_v1,
dataflow,WB.AFW360:AFW360_HH(0.3.0),R,A,GNB,_T,SURVEY,CONS_SH,_Z,_Z,_T,HHH_SEX_M,_T,_T,_T,_T,COICOP_CP02,_Z,_Z,_Z,_Z,2021,0.01,,,,,,,,,CONS_SH.COICOP_CP02,SHARE,0.01,A,GNB_EHCVM2021_LEGACY_v1,
dataflow,WB.AFW360:AFW360_HH(0.3.0),R,A,GNB,_T,SURVEY,CONS_SH,_Z,_Z,_T,HHH_SEX_M,_T,_T,_T,_T,COICOP_CP03,_Z,_Z,_Z,_Z,2021,0.06,,,,,,,,,CONS_SH.COICOP_CP03,SHARE,0.01,A,GNB_EHCVM2021_LEGACY_v1,
dataflow,WB.AFW360:AFW360_HH(0.3.0),R,A,GNB,_T,SURVEY,CONS_SH,_Z,_Z,_T,HHH_SEX_M,_T,_T,_T,_T,COICOP_CP04,_Z,_Z,_Z,_Z,2021,0.14,,,,,,,,,CONS_SH.COICOP_CP04,SHARE,0.01,A,GNB_EHCVM2021_LEGACY_v1,
dataflow,WB.AFW360:AFW360_HH(0.3.0),R,A,GNB,_T,SURVEY,CONS_SH,_Z,_Z,_T,HHH_SEX_M,_T,_T,_T,_T,COICOP_CP05,_Z,_Z,_Z,_Z,2021,0.04,,,,,,,,,CONS_SH.COICOP_CP05,SHARE,0.01,A,GNB_EHCVM2021_LEGACY_v1,
dataflow,WB.AFW360:AFW360_HH(0.3.0),R,A,GNB,_T,SURVEY,CONS_SH,_Z,_Z,_T,HHH_SEX_M,_T,_T,_T,_T,COICOP_CP06,_Z,_Z,_Z,_Z,2021,0.04,,,,,,,,,CONS_SH.COICOP_CP06,SHARE,0.01,A,GNB_EHCVM2021_LEGACY_v1,
dataflow,WB.AFW360:AFW360_HH(0.3.0),R,A,GNB,_T,SURVEY,CONS_SH,_Z,_Z,_T,HHH_SEX_M,_T,_T,_T,_T,COICOP_CP07,_Z,_Z,_Z,_Z,2021,0.05,,,,,,,,,CONS_SH.COICOP_CP07,SHARE,0.01,A,GNB_EHCVM2021_LEGACY_v1,
dataflow,WB.AFW360:AFW360_HH(0.3.0),R,A,GNB,_T,SURVEY,CONS_SH,_Z,_Z,_T,HHH_SEX_M,_T,_T,_T,_T,COICOP_CP08,_Z,_Z,_Z,_Z,2021,0.08,,,,,,,,,CONS_SH.COICOP_CP08,SHARE,0.01,A,GNB_EHCVM2021_LEGACY_v1,
dataflow,WB.AFW360:AFW360_HH(0.3.0),R,A,GNB,_T,SURVEY,CONS_SH,_Z,_Z,_T,HHH_SEX_M,_T,_T,_T,_T,COICOP_CP09,_Z,_Z,_Z,_Z,2021,0,,,,,,,,,CONS_SH.COICOP_CP09,SHARE,0.01,A,GNB_EHCVM2021_LEGACY_v1,
dataflow,WB.AFW360:AFW360_HH(0.3.0),R,A,GNB,_T,SURVEY,CONS_SH,_Z,_Z,_T,HHH_SEX_M,_T,_T,_T,_T,COICOP_CP10,_Z,_Z,_Z,_Z,2021,0.03,,,,,,,,,CONS_SH.COICOP_CP10,SHARE,0.01,A,GNB_EHCVM2021_LEGACY_v1,
dataflow,WB.AFW360:AFW360_HH(0.3.0),R,A,GNB,_T,SURVEY,CONS_SH,_Z,_Z,_T,HHH_SEX_M,_T,_T,_T,_T,COICOP_CP11,_Z,_Z,_Z,_Z,2021,0.12,,,,,,,,,CONS_SH.COICOP_CP11,SHARE,0.01,A,GNB_EHCVM2021_LEGACY_v1,
dataflow,WB.AFW360:AFW360_HH(0.3.0),R,A,GNB,_T,SURVEY,CONS_SH,_Z,_Z,_T,HHH_SEX_M,_T,_T,_T,_T,COICOP_CP12,_Z,_Z,_Z,_Z,2021,0,,,,,,,,,CONS_SH.COICOP_CP12,SHARE,0.01,A,GNB_EHCVM2021_LEGACY_v1,
dataflow,WB.AFW360:AFW360_HH(0.3.0),R,A,GNB,_T,SURVEY,CONS_SH,_Z,_Z,_T,HHH_SEX_M,_T,_T,_T,_T,COICOP_CP13,_Z,_Z,_Z,_Z,2021,0.02,,,,,,,,,CONS_SH.COICOP_CP13,SHARE,0.01,A,GNB_EHCVM2021_LEGACY_v1,
dataflow,WB.AFW360:AFW360_HH(0.3.0),R,A,GNB,_T,SURVEY,CONS_SH,_Z,_Z,_T,QUINT_Q1,_T,_T,_T,_T,COICOP_CP01,ACQ_OWNPROD,_Z,_Z,_Z,2021,0.16,,,,,,,,,CONS_SH.COICOP_CP01.ACQ_OWNPROD,SHARE,0.01,A,GNB_EHCVM2021_LEGACY_v1,
dataflow,WB.AFW360:AFW360_HH(0.3.0),R,A,GNB,_T,SURVEY,CONS_SH,_Z,_Z,_T,QUINT_Q1,_T,_T,_T,_T,COICOP_CP01,ACQ_PURCH,_Z,_Z,_Z,2021,0.26,,,,,,,,,CONS_SH.COICOP_CP01.ACQ_PURCH,SHARE,0.01,A,GNB_EHCVM2021_LEGACY_v1,
dataflow,WB.AFW360:AFW360_HH(0.3.0),R,A,GNB,_T,SURVEY,CONS_SH,_Z,_Z,_T,QUINT_Q1,_T,_T,_T,_T,COICOP_CP01,_Z,_Z,_Z,_Z,2021,0.47,,,,,,,,,CONS_SH.COICOP_CP01,SHARE,0.01,A,GNB_EHCVM2021_LEGACY_v1,
dataflow,WB.AFW360:AFW360_HH(0.3.0),R,A,GNB,_T,SURVEY,CONS_SH,_Z,_Z,_T,QUINT_Q1,_T,_T,_T,_T,COICOP_CP02,_Z,_Z,_Z,_Z,2021,0.01,,,,,,,,,CONS_SH.COICOP_CP02,SHARE,0.01,A,GNB_EHCVM2021_LEGACY_v1,
dataflow,WB.AFW360:AFW360_HH(0.3.0),R,A,GNB,_T,SURVEY,CONS_SH,_Z,_Z,_T,QUINT_Q1,_T,_T,_T,_T,COICOP_CP03,_Z,_Z,_Z,_Z,2021,0.06,,,,,,,,,CONS_SH.COICOP_CP03,SHARE,0.01,A,GNB_EHCVM2021_LEGACY_v1,
dataflow,WB.AFW360:AFW360_HH(0.3.0),R,A,GNB,_T,SURVEY,CONS_SH,_Z,_Z,_T,QUINT_Q1,_T,_T,_T,_T,COICOP_CP04,_Z,_Z,_Z,_Z,2021,0.15,,,,,,,,,CONS_SH.COICOP_CP04,SHARE,0.01,A,GNB_EHCVM2021_LEGACY_v1,
dataflow,WB.AFW360:AFW360_HH(0.3.0),R,A,GNB,_T,SURVEY,CONS_SH,_Z,_Z,_T,QUINT_Q1,_T,_T,_T,_T,COICOP_CP05,_Z,_Z,_Z,_Z,2021,0.05,,,,,,,,,CONS_SH.COICOP_CP05,SHARE,0.01,A,GNB_EHCVM2021_LEGACY_v1,
dataflow,WB.AFW360:AFW360_HH(0.3.0),R,A,GNB,_T,SURVEY,CONS_SH,_Z,_Z,_T,QUINT_Q1,_T,_T,_T,_T,COICOP_CP06,_Z,_Z,_Z,_Z,2021,0.04,,,,,,,,,CONS_SH.COICOP_CP06,SHARE,0.01,A,GNB_EHCVM2021_LEGACY_v1,
dataflow,WB.AFW360:AFW360_HH(0.3.0),R,A,GNB,_T,SURVEY,CONS_SH,_Z,_Z,_T,QUINT_Q1,_T,_T,_T,_T,COICOP_CP07,_Z,_Z,_Z,_Z,2021,0.03,,,,,,,,,CONS_SH.COICOP_CP07,SHARE,0.01,A,GNB_EHCVM2021_LEGACY_v1,
dataflow,WB.AFW360:AFW360_HH(0.3.0),R,A,GNB,_T,SURVEY,CONS_SH,_Z,_Z,_T,QUINT_Q1,_T,_T,_T,_T,COICOP_CP08,_Z,_Z,_Z,_Z,2021,0.07,,,,,,,,,CONS_SH.COICOP_CP08,SHARE,0.01,A,GNB_EHCVM2021_LEGACY_v1,
dataflow,WB.AFW360:AFW360_HH(0.3.0),R,A,GNB,_T,SURVEY,CONS_SH,_Z,_Z,_T,QUINT_Q1,_T,_T,_T,_T,COICOP_CP09,_Z,_Z,_Z,_Z,2021,0,,,,,,,,,CONS_SH.COICOP_CP09,SHARE,0.01,A,GNB_EHCVM2021_LEGACY_v1,
dataflow,WB.AFW360:AFW360_HH(0.3.0),R,A,GNB,_T,SURVEY,CONS_SH,_Z,_Z,_T,QUINT_Q1,_T,_T,_T,_T,COICOP_CP10,_Z,_Z,_Z,_Z,2021,0.03,,,,,,,,,CONS_SH.COICOP_CP10,SHARE,0.01,A,GNB_EHCVM2021_LEGACY_v1,
dataflow,WB.AFW360:AFW360_HH(0.3.0),R,A,GNB,_T,SURVEY,CONS_SH,_Z,_Z,_T,QUINT_Q1,_T,_T,_T,_T,COICOP_CP11,_Z,_Z,_Z,_Z,2021,0.08,,,,,,,,,CONS_SH.COICOP_CP11,SHARE,0.01,A,GNB_EHCVM2021_LEGACY_v1,
dataflow,WB.AFW360:AFW360_HH(0.3.0),R,A,GNB,_T,SURVEY,CONS_SH,_Z,_Z,_T,QUINT_Q1,_T,_T,_T,_T,COICOP_CP12,_Z,_Z,_Z,_Z,2021,0,,,,,,,,,CONS_SH.COICOP_CP12,SHARE,0.01,A,GNB_EHCVM2021_LEGACY_v1,
dataflow,WB.AFW360:AFW360_HH(0.3.0),R,A,GNB,_T,SURVEY,CONS_SH,_Z,_Z,_T,QUINT_Q1,_T,_T,_T,_T,COICOP_CP13,_Z,_Z,_Z,_Z,2021,0.01,,,,,,,,,CONS_SH.COICOP_CP13,SHARE,0.01,A,GNB_EHCVM2021_LEGACY_v1,
dataflow,WB.AFW360:AFW360_HH(0.3.0),R,A,GNB,_T,SURVEY,CONS_SH,_Z,_Z,_T,QUINT_Q2,_T,_T,_T,_T,COICOP_CP01,ACQ_OWNPROD,_Z,_Z,_Z,2021,0.13,,,,,,,,,CONS_SH.COICOP_CP01.ACQ_OWNPROD,SHARE,0.01,A,GNB_EHCVM2021_LEGACY_v1,
dataflow,WB.AFW360:AFW360_HH(0.3.0),R,A,GNB,_T,SURVEY,CONS_SH,_Z,_Z,_T,QUINT_Q2,_T,_T,_T,_T,COICOP_CP01,ACQ_PURCH,_Z,_Z,_Z,2021,0.26,,,,,,,,,CONS_SH.COICOP_CP01.ACQ_PURCH,SHARE,0.01,A,GNB_EHCVM2021_LEGACY_v1,
dataflow,WB.AFW360:AFW360_HH(0.3.0),R,A,GNB,_T,SURVEY,CONS_SH,_Z,_Z,_T,QUINT_Q2,_T,_T,_T,_T,COICOP_CP01,_Z,_Z,_Z,_Z,2021,0.44,,,,,,,,,CONS_SH.COICOP_CP01,SHARE,0.01,A,GNB_EHCVM2021_LEGACY_v1,
dataflow,WB.AFW360:AFW360_HH(0.3.0),R,A,GNB,_T,SURVEY,CONS_SH,_Z,_Z,_T,QUINT_Q2,_T,_T,_T,_T,COICOP_CP02,_Z,_Z,_Z,_Z,2021,0.01,,,,,,,,,CONS_SH.COICOP_CP02,SHARE,0.01,A,GNB_EHCVM2021_LEGACY_v1,
dataflow,WB.AFW360:AFW360_HH(0.3.0),R,A,GNB,_T,SURVEY,CONS_SH,_Z,_Z,_T,QUINT_Q2,_T,_T,_T,_T,COICOP_CP03,_Z,_Z,_Z,_Z,2021,0.06,,,,,,,,,CONS_SH.COICOP_CP03,SHARE,0.01,A,GNB_EHCVM2021_LEGACY_v1,
dataflow,WB.AFW360:AFW360_HH(0.3.0),R,A,GNB,_T,SURVEY,CONS_SH,_Z,_Z,_T,QUINT_Q2,_T,_T,_T,_T,COICOP_CP04,_Z,_Z,_Z,_Z,2021,0.14,,,,,,,,,CONS_SH.COICOP_CP04,SHARE,0.01,A,GNB_EHCVM2021_LEGACY_v1,
dataflow,WB.AFW360:AFW360_HH(0.3.0),R,A,GNB,_T,SURVEY,CONS_SH,_Z,_Z,_T,QUINT_Q2,_T,_T,_T,_T,COICOP_CP05,_Z,_Z,_Z,_Z,2021,0.04,,,,,,,,,CONS_SH.COICOP_CP05,SHARE,0.01,A,GNB_EHCVM2021_LEGACY_v1,
dataflow,WB.AFW360:AFW360_HH(0.3.0),R,A,GNB,_T,SURVEY,CONS_SH,_Z,_Z,_T,QUINT_Q2,_T,_T,_T,_T,COICOP_CP06,_Z,_Z,_Z,_Z,2021,0.04,,,,,,,,,CONS_SH.COICOP_CP06,SHARE,0.01,A,GNB_EHCVM2021_LEGACY_v1,
dataflow,WB.AFW360:AFW360_HH(0.3.0),R,A,GNB,_T,SURVEY,CONS_SH,_Z,_Z,_T,QUINT_Q2,_T,_T,_T,_T,COICOP_CP07,_Z,_Z,_Z,_Z,2021,0.04,,,,,,,,,CONS_SH.COICOP_CP07,SHARE,0.01,A,GNB_EHCVM2021_LEGACY_v1,
dataflow,WB.AFW360:AFW360_HH(0.3.0),R,A,GNB,_T,SURVEY,CONS_SH,_Z,_Z,_T,QUINT_Q2,_T,_T,_T,_T,COICOP_CP08,_Z,_Z,_Z,_Z,2021,0.08,,,,,,,,,CONS_SH.COICOP_CP08,SHARE,0.01,A,GNB_EHCVM2021_LEGACY_v1,
dataflow,WB.AFW360:AFW360_HH(0.3.0),R,A,GNB,_T,SURVEY,CONS_SH,_Z,_Z,_T,QUINT_Q2,_T,_T,_T,_T,COICOP_CP09,_Z,_Z,_Z,_Z,2021,0,,,,,,,,,CONS_SH.COICOP_CP09,SHARE,0.01,A,GNB_EHCVM2021_LEGACY_v1,
dataflow,WB.AFW360:AFW360_HH(0.3.0),R,A,GNB,_T,SURVEY,CONS_SH,_Z,_Z,_T,QUINT_Q2,_T,_T,_T,_T,COICOP_CP10,_Z,_Z,_Z,_Z,2021,0.03,,,,,,,,,CONS_SH.COICOP_CP10,SHARE,0.01,A,GNB_EHCVM2021_LEGACY_v1,
dataflow,WB.AFW360:AFW360_HH(0.3.0),R,A,GNB,_T,SURVEY,CONS_SH,_Z,_Z,_T,QUINT_Q2,_T,_T,_T,_T,COICOP_CP11,_Z,_Z,_Z,_Z,2021,0.11,,,,,,,,,CONS_SH.COICOP_CP11,SHARE,0.01,A,GNB_EHCVM2021_LEGACY_v1,
dataflow,WB.AFW360:AFW360_HH(0.3.0),R,A,GNB,_T,SURVEY,CONS_SH,_Z,_Z,_T,QUINT_Q2,_T,_T,_T,_T,COICOP_CP12,_Z,_Z,_Z,_Z,2021,0,,,,,,,,,CONS_SH.COICOP_CP12,SHARE,0.01,A,GNB_EHCVM2021_LEGACY_v1,
dataflow,WB.AFW360:AFW360_HH(0.3.0),R,A,GNB,_T,SURVEY,CONS_SH,_Z,_Z,_T,QUINT_Q2,_T,_T,_T,_T,COICOP_CP13,_Z,_Z,_Z,_Z,2021,0.02,,,,,,,,,CONS_SH.COICOP_CP13,SHARE,0.01,A,GNB_EHCVM2021_LEGACY_v1,
dataflow,WB.AFW360:AFW360_HH(0.3.0),R,A,GNB,_T,SURVEY,CONS_SH,_Z,_Z,_T,QUINT_Q3,_T,_T,_T,_T,COICOP_CP01,ACQ_OWNPROD,_Z,_Z,_Z,2021,0.11,,,,,,,,,CONS_SH.COICOP_CP01.ACQ_OWNPROD,SHARE,0.01,A,GNB_EHCVM2021_LEGACY_v1,
dataflow,WB.AFW360:AFW360_HH(0.3.0),R,A,GNB,_T,SURVEY,CONS_SH,_Z,_Z,_T,QUINT_Q3,_T,_T,_T,_T,COICOP_CP01,ACQ_PURCH,_Z,_Z,_Z,2021,0.27,,,,,,,,,CONS_SH.COICOP_CP01.ACQ_PURCH,SHARE,0.01,A,GNB_EHCVM2021_LEGACY_v1,
dataflow,WB.AFW360:AFW360_HH(0.3.0),R,A,GNB,_T,SURVEY,CONS_SH,_Z,_Z,_T,QUINT_Q3,_T,_T,_T,_T,COICOP_CP01,_Z,_Z,_Z,_Z,2021,0.42,,,,,,,,,CONS_SH.COICOP_CP01,SHARE,0.01,A,GNB_EHCVM2021_LEGACY_v1,
dataflow,WB.AFW360:AFW360_HH(0.3.0),R,A,GNB,_T,SURVEY,CONS_SH,_Z,_Z,_T,QUINT_Q3,_T,_T,_T,_T,COICOP_CP02,_Z,_Z,_Z,_Z,2021,0.01,,,,,,,,,CONS_SH.COICOP_CP02,SHARE,0.01,A,GNB_EHCVM2021_LEGACY_v1,
dataflow,WB.AFW360:AFW360_HH(0.3.0),R,A,GNB,_T,SURVEY,CONS_SH,_Z,_Z,_T,QUINT_Q3,_T,_T,_T,_T,COICOP_CP03,_Z,_Z,_Z,_Z,2021,0.06,,,,,,,,,CONS_SH.COICOP_CP03,SHARE,0.01,A,GNB_EHCVM2021_LEGACY_v1,
dataflow,WB.AFW360:AFW360_HH(0.3.0),R,A,GNB,_T,SURVEY,CONS_SH,_Z,_Z,_T,QUINT_Q3,_T,_T,_T,_T,COICOP_CP04,_Z,_Z,_Z,_Z,2021,0.14,,,,,,,,,CONS_SH.COICOP_CP04,SHARE,0.01,A,GNB_EHCVM2021_LEGACY_v1,
dataflow,WB.AFW360:AFW360_HH(0.3.0),R,A,GNB,_T,SURVEY,CONS_SH,_Z,_Z,_T,QUINT_Q3,_T,_T,_T,_T,COICOP_CP05,_Z,_Z,_Z,_Z,2021,0.04,,,,,,,,,CONS_SH.COICOP_CP05,SHARE,0.01,A,GNB_EHCVM2021_LEGACY_v1,
dataflow,WB.AFW360:AFW360_HH(0.3.0),R,A,GNB,_T,SURVEY,CONS_SH,_Z,_Z,_T,QUINT_Q3,_T,_T,_T,_T,COICOP_CP06,_Z,_Z,_Z,_Z,2021,0.03,,,,,,,,,CONS_SH.COICOP_CP06,SHARE,0.01,A,GNB_EHCVM2021_LEGACY_v1,
dataflow,WB.AFW360:AFW360_HH(0.3.0),R,A,GNB,_T,SURVEY,CONS_SH,_Z,_Z,_T,QUINT_Q3,_T,_T,_T,_T,COICOP_CP07,_Z,_Z,_Z,_Z,2021,0.04,,,,,,,,,CONS_SH.COICOP_CP07,SHARE,0.01,A,GNB_EHCVM2021_LEGACY_v1,
dataflow,WB.AFW360:AFW360_HH(0.3.0),R,A,GNB,_T,SURVEY,CONS_SH,_Z,_Z,_T,QUINT_Q3,_T,_T,_T,_T,COICOP_CP08,_Z,_Z,_Z,_Z,2021,0.07,,,,,,,,,CONS_SH.COICOP_CP08,SHARE,0.01,A,GNB_EHCVM2021_LEGACY_v1,
dataflow,WB.AFW360:AFW360_HH(0.3.0),R,A,GNB,_T,SURVEY,CONS_SH,_Z,_Z,_T,QUINT_Q3,_T,_T,_T,_T,COICOP_CP09,_Z,_Z,_Z,_Z,2021,0,,,,,,,,,CONS_SH.COICOP_CP09,SHARE,0.01,A,GNB_EHCVM2021_LEGACY_v1,
dataflow,WB.AFW360:AFW360_HH(0.3.0),R,A,GNB,_T,SURVEY,CONS_SH,_Z,_Z,_T,QUINT_Q3,_T,_T,_T,_T,COICOP_CP10,_Z,_Z,_Z,_Z,2021,0.03,,,,,,,,,CONS_SH.COICOP_CP10,SHARE,0.01,A,GNB_EHCVM2021_LEGACY_v1,
dataflow,WB.AFW360:AFW360_HH(0.3.0),R,A,GNB,_T,SURVEY,CONS_SH,_Z,_Z,_T,QUINT_Q3,_T,_T,_T,_T,COICOP_CP11,_Z,_Z,_Z,_Z,2021,0.13,,,,,,,,,CONS_SH.COICOP_CP11,SHARE,0.01,A,GNB_EHCVM2021_LEGACY_v1,
dataflow,WB.AFW360:AFW360_HH(0.3.0),R,A,GNB,_T,SURVEY,CONS_SH,_Z,_Z,_T,QUINT_Q3,_T,_T,_T,_T,COICOP_CP12,_Z,_Z,_Z,_Z,2021,0,,,,,,,,,CONS_SH.COICOP_CP12,SHARE,0.01,A,GNB_EHCVM2021_LEGACY_v1,
dataflow,WB.AFW360:AFW360_HH(0.3.0),R,A,GNB,_T,SURVEY,CONS_SH,_Z,_Z,_T,QUINT_Q3,_T,_T,_T,_T,COICOP_CP13,_Z,_Z,_Z,_Z,2021,0.02,,,,,,,,,CONS_SH.COICOP_CP13,SHARE,0.01,A,GNB_EHCVM2021_LEGACY_v1,
dataflow,WB.AFW360:AFW360_HH(0.3.0),R,A,GNB,_T,SURVEY,CONS_SH,_Z,_Z,_T,QUINT_Q4,_T,_T,_T,_T,COICOP_CP01,ACQ_OWNPROD,_Z,_Z,_Z,2021,0.08,,,,,,,,,CONS_SH.COICOP_CP01.ACQ_OWNPROD,SHARE,0.01,A,GNB_EHCVM2021_LEGACY_v1,
dataflow,WB.AFW360:AFW360_HH(0.3.0),R,A,GNB,_T,SURVEY,CONS_SH,_Z,_Z,_T,QUINT_Q4,_T,_T,_T,_T,COICOP_CP01,ACQ_PURCH,_Z,_Z,_Z,2021,0.28,,,,,,,,,CONS_SH.COICOP_CP01.ACQ_PURCH,SHARE,0.01,A,GNB_EHCVM2021_LEGACY_v1,
dataflow,WB.AFW360:AFW360_HH(0.3.0),R,A,GNB,_T,SURVEY,CONS_SH,_Z,_Z,_T,QUINT_Q4,_T,_T,_T,_T,COICOP_CP01,_Z,_Z,_Z,_Z,2021,0.4,,,,,,,,,CONS_SH.COICOP_CP01,SHARE,0.01,A,GNB_EHCVM2021_LEGACY_v1,
dataflow,WB.AFW360:AFW360_HH(0.3.0),R,A,GNB,_T,SURVEY,CONS_SH,_Z,_Z,_T,QUINT_Q4,_T,_T,_T,_T,COICOP_CP02,_Z,_Z,_Z,_Z,2021,0.01,,,,,,,,,CONS_SH.COICOP_CP02,SHARE,0.01,A,GNB_EHCVM2021_LEGACY_v1,
dataflow,WB.AFW360:AFW360_HH(0.3.0),R,A,GNB,_T,SURVEY,CONS_SH,_Z,_Z,_T,QUINT_Q4,_T,_T,_T,_T,COICOP_CP03,_Z,_Z,_Z,_Z,2021,0.06,,,,,,,,,CONS_SH.COICOP_CP03,SHARE,0.01,A,GNB_EHCVM2021_LEGACY_v1,
dataflow,WB.AFW360:AFW360_HH(0.3.0),R,A,GNB,_T,SURVEY,CONS_SH,_Z,_Z,_T,QUINT_Q4,_T,_T,_T,_T,COICOP_CP04,_Z,_Z,_Z,_Z,2021,0.14,,,,,,,,,CONS_SH.COICOP_CP04,SHARE,0.01,A,GNB_EHCVM2021_LEGACY_v1,
dataflow,WB.AFW360:AFW360_HH(0.3.0),R,A,GNB,_T,SURVEY,CONS_SH,_Z,_Z,_T,QUINT_Q4,_T,_T,_T,_T,COICOP_CP05,_Z,_Z,_Z,_Z,2021,0.04,,,,,,,,,CONS_SH.COICOP_CP05,SHARE,0.01,A,GNB_EHCVM2021_LEGACY_v1,
dataflow,WB.AFW360:AFW360_HH(0.3.0),R,A,GNB,_T,SURVEY,CONS_SH,_Z,_Z,_T,QUINT_Q4,_T,_T,_T,_T,COICOP_CP06,_Z,_Z,_Z,_Z,2021,0.03,,,,,,,,,CONS_SH.COICOP_CP06,SHARE,0.01,A,GNB_EHCVM2021_LEGACY_v1,
dataflow,WB.AFW360:AFW360_HH(0.3.0),R,A,GNB,_T,SURVEY,CONS_SH,_Z,_Z,_T,QUINT_Q4,_T,_T,_T,_T,COICOP_CP07,_Z,_Z,_Z,_Z,2021,0.05,,,,,,,,,CONS_SH.COICOP_CP07,SHARE,0.01,A,GNB_EHCVM2021_LEGACY_v1,
dataflow,WB.AFW360:AFW360_HH(0.3.0),R,A,GNB,_T,SURVEY,CONS_SH,_Z,_Z,_T,QUINT_Q4,_T,_T,_T,_T,COICOP_CP08,_Z,_Z,_Z,_Z,2021,0.08,,,,,,,,,CONS_SH.COICOP_CP08,SHARE,0.01,A,GNB_EHCVM2021_LEGACY_v1,
dataflow,WB.AFW360:AFW360_HH(0.3.0),R,A,GNB,_T,SURVEY,CONS_SH,_Z,_Z,_T,QUINT_Q4,_T,_T,_T,_T,COICOP_CP09,_Z,_Z,_Z,_Z,2021,0,,,,,,,,,CONS_SH.COICOP_CP09,SHARE,0.01,A,GNB_EHCVM2021_LEGACY_v1,
dataflow,WB.AFW360:AFW360_HH(0.3.0),R,A,GNB,_T,SURVEY,CONS_SH,_Z,_Z,_T,QUINT_Q4,_T,_T,_T,_T,COICOP_CP10,_Z,_Z,_Z,_Z,2021,0.04,,,,,,,,,CONS_SH.COICOP_CP10,SHARE,0.01,A,GNB_EHCVM2021_LEGACY_v1,
dataflow,WB.AFW360:AFW360_HH(0.3.0),R,A,GNB,_T,SURVEY,CONS_SH,_Z,_Z,_T,QUINT_Q4,_T,_T,_T,_T,COICOP_CP11,_Z,_Z,_Z,_Z,2021,0.13,,,,,,,,,CONS_SH.COICOP_CP11,SHARE,0.01,A,GNB_EHCVM2021_LEGACY_v1,
dataflow,WB.AFW360:AFW360_HH(0.3.0),R,A,GNB,_T,SURVEY,CONS_SH,_Z,_Z,_T,QUINT_Q4,_T,_T,_T,_T,COICOP_CP12,_Z,_Z,_Z,_Z,2021,0,,,,,,,,,CONS_SH.COICOP_CP12,SHARE,0.01,A,GNB_EHCVM2021_LEGACY_v1,
dataflow,WB.AFW360:AFW360_HH(0.3.0),R,A,GNB,_T,SURVEY,CONS_SH,_Z,_Z,_T,QUINT_Q4,_T,_T,_T,_T,COICOP_CP13,_Z,_Z,_Z,_Z,2021,0.02,,,,,,,,,CONS_SH.COICOP_CP13,SHARE,0.01,A,GNB_EHCVM2021_LEGACY_v1,
dataflow,WB.AFW360:AFW360_HH(0.3.0),R,A,GNB,_T,SURVEY,CONS_SH,_Z,_Z,_T,QUINT_Q5,_T,_T,_T,_T,COICOP_CP01,ACQ_OWNPROD,_Z,_Z,_Z,2021,0.04,,,,,,,,,CONS_SH.COICOP_CP01.ACQ_OWNPROD,SHARE,0.01,A,GNB_EHCVM2021_LEGACY_v1,
dataflow,WB.AFW360:AFW360_HH(0.3.0),R,A,GNB,_T,SURVEY,CONS_SH,_Z,_Z,_T,QUINT_Q5,_T,_T,_T,_T,COICOP_CP01,ACQ_PURCH,_Z,_Z,_Z,2021,0.28,,,,,,,,,CONS_SH.COICOP_CP01.ACQ_PURCH,SHARE,0.01,A,GNB_EHCVM2021_LEGACY_v1,
dataflow,WB.AFW360:AFW360_HH(0.3.0),R,A,GNB,_T,SURVEY,CONS_SH,_Z,_Z,_T,QUINT_Q5,_T,_T,_T,_T,COICOP_CP01,_Z,_Z,_Z,_Z,2021,0.36,,,,,,,,,CONS_SH.COICOP_CP01,SHARE,0.01,A,GNB_EHCVM2021_LEGACY_v1,
dataflow,WB.AFW360:AFW360_HH(0.3.0),R,A,GNB,_T,SURVEY,CONS_SH,_Z,_Z,_T,QUINT_Q5,_T,_T,_T,_T,COICOP_CP02,_Z,_Z,_Z,_Z,2021,0.01,,,,,,,,,CONS_SH.COICOP_CP02,SHARE,0.01,A,GNB_EHCVM2021_LEGACY_v1,
dataflow,WB.AFW360:AFW360_HH(0.3.0),R,A,GNB,_T,SURVEY,CONS_SH,_Z,_Z,_T,QUINT_Q5,_T,_T,_T,_T,COICOP_CP03,_Z,_Z,_Z,_Z,2021,0.05,,,,,,,,,CONS_SH.COICOP_CP03,SHARE,0.01,A,GNB_EHCVM2021_LEGACY_v1,
dataflow,WB.AFW360:AFW360_HH(0.3.0),R,A,GNB,_T,SURVEY,CONS_SH,_Z,_Z,_T,QUINT_Q5,_T,_T,_T,_T,COICOP_CP04,_Z,_Z,_Z,_Z,2021,0.15,,,,,,,,,CONS_SH.COICOP_CP04,SHARE,0.01,A,GNB_EHCVM2021_LEGACY_v1,
dataflow,WB.AFW360:AFW360_HH(0.3.0),R,A,GNB,_T,SURVEY,CONS_SH,_Z,_Z,_T,QUINT_Q5,_T,_T,_T,_T,COICOP_CP05,_Z,_Z,_Z,_Z,2021,0.05,,,,,,,,,CONS_SH.COICOP_CP05,SHARE,0.01,A,GNB_EHCVM2021_LEGACY_v1,
dataflow,WB.AFW360:AFW360_HH(0.3.0),R,A,GNB,_T,SURVEY,CONS_SH,_Z,_Z,_T,QUINT_Q5,_T,_T,_T,_T,COICOP_CP06,_Z,_Z,_Z,_Z,2021,0.03,,,,,,,,,CONS_SH.COICOP_CP06,SHARE,0.01,A,GNB_EHCVM2021_LEGACY_v1,
dataflow,WB.AFW360:AFW360_HH(0.3.0),R,A,GNB,_T,SURVEY,CONS_SH,_Z,_Z,_T,QUINT_Q5,_T,_T,_T,_T,COICOP_CP07,_Z,_Z,_Z,_Z,2021,0.07,,,,,,,,,CONS_SH.COICOP_CP07,SHARE,0.01,A,GNB_EHCVM2021_LEGACY_v1,
dataflow,WB.AFW360:AFW360_HH(0.3.0),R,A,GNB,_T,SURVEY,CONS_SH,_Z,_Z,_T,QUINT_Q5,_T,_T,_T,_T,COICOP_CP08,_Z,_Z,_Z,_Z,2021,0.09,,,,,,,,,CONS_SH.COICOP_CP08,SHARE,0.01,A,GNB_EHCVM2021_LEGACY_v1,
dataflow,WB.AFW360:AFW360_HH(0.3.0),R,A,GNB,_T,SURVEY,CONS_SH,_Z,_Z,_T,QUINT_Q5,_T,_T,_T,_T,COICOP_CP09,_Z,_Z,_Z,_Z,2021,0,,,,,,,,,CONS_SH.COICOP_CP09,SHARE,0.01,A,GNB_EHCVM2021_LEGACY_v1,
dataflow,WB.AFW360:AFW360_HH(0.3.0),R,A,GNB,_T,SURVEY,CONS_SH,_Z,_Z,_T,QUINT_Q5,_T,_T,_T,_T,COICOP_CP10,_Z,_Z,_Z,_Z,2021,0.03,,,,,,,,,CONS_SH.COICOP_CP10,SHARE,0.01,A,GNB_EHCVM2021_LEGACY_v1,
dataflow,WB.AFW360:AFW360_HH(0.3.0),R,A,GNB,_T,SURVEY,CONS_SH,_Z,_Z,_T,QUINT_Q5,_T,_T,_T,_T,COICOP_CP11,_Z,_Z,_Z,_Z,2021,0.15,,,,,,,,,CONS_SH.COICOP_CP11,SHARE,0.01,A,GNB_EHCVM2021_LEGACY_v1,
dataflow,WB.AFW360:AFW360_HH(0.3.0),R,A,GNB,_T,SURVEY,CONS_SH,_Z,_Z,_T,QUINT_Q5,_T,_T,_T,_T,COICOP_CP12,_Z,_Z,_Z,_Z,2021,0,,,,,,,,,CONS_SH.COICOP_CP12,SHARE,0.01,A,GNB_EHCVM2021_LEGACY_v1,
dataflow,WB.AFW360:AFW360_HH(0.3.0),R,A,GNB,_T,SURVEY,CONS_SH,_Z,_Z,_T,QUINT_Q5,_T,_T,_T,_T,COICOP_CP13,_Z,_Z,_Z,_Z,2021,0.02,,,,,,,,,CONS_SH.COICOP_CP13,SHARE,0.01,A,GNB_EHCVM2021_LEGACY_v1,
dataflow,WB.AFW360:AFW360_HH(0.3.0),R,A,GNB,_T,SURVEY,CONS_SH,_Z,_Z,_T,_T,_T,_T,_T,_T,COICOP_CP01,ACQ_OWNPROD,_Z,_Z,_Z,2021,0.1,,,,,,,,,CONS_SH.COICOP_CP01.ACQ_OWNPROD,SHARE,0.01,A,GNB_EHCVM2021_LEGACY_v1,
dataflow,WB.AFW360:AFW360_HH(0.3.0),R,A,GNB,_T,SURVEY,CONS_SH,_Z,_Z,_T,_T,_T,_T,_T,_T,COICOP_CP01,ACQ_PURCH,_Z,_Z,_Z,2021,0.27,,,,,,,,,CONS_SH.COICOP_CP01.ACQ_PURCH,SHARE,0.01,A,GNB_EHCVM2021_LEGACY_v1,
dataflow,WB.AFW360:AFW360_HH(0.3.0),R,A,GNB,_T,SURVEY,CONS_SH,_Z,_Z,_T,_T,_T,_T,_T,_T,COICOP_CP01,_Z,_Z,_Z,_Z,2021,0.42,,,,,,,,,CONS_SH.COICOP_CP01,SHARE,0.01,A,GNB_EHCVM2021_LEGACY_v1,
dataflow,WB.AFW360:AFW360_HH(0.3.0),R,A,GNB,_T,SURVEY,CONS_SH,_Z,_Z,_T,_T,_T,_T,_T,_T,COICOP_CP02,_Z,_Z,_Z,_Z,2021,0.01,,,,,,,,,CONS_SH.COICOP_CP02,SHARE,0.01,A,GNB_EHCVM2021_LEGACY_v1,
dataflow,WB.AFW360:AFW360_HH(0.3.0),R,A,GNB,_T,SURVEY,CONS_SH,_Z,_Z,_T,_T,_T,_T,_T,_T,COICOP_CP03,_Z,_Z,_Z,_Z,2021,0.06,,,,,,,,,CONS_SH.COICOP_CP03,SHARE,0.01,A,GNB_EHCVM2021_LEGACY_v1,
dataflow,WB.AFW360:AFW360_HH(0.3.0),R,A,GNB,_T,SURVEY,CONS_SH,_Z,_Z,_T,_T,_T,_T,_T,_T,COICOP_CP04,_Z,_Z,_Z,_Z,2021,0.14,,,,,,,,,CONS_SH.COICOP_CP04,SHARE,0.01,A,GNB_EHCVM2021_LEGACY_v1,
dataflow,WB.AFW360:AFW360_HH(0.3.0),R,A,GNB,_T,SURVEY,CONS_SH,_Z,_Z,_T,_T,_T,_T,_T,_T,COICOP_CP05,_Z,_Z,_Z,_Z,2021,0.04,,,,,,,,,CONS_SH.COICOP_CP05,SHARE,0.01,A,GNB_EHCVM2021_LEGACY_v1,
dataflow,WB.AFW360:AFW360_HH(0.3.0),R,A,GNB,_T,SURVEY,CONS_SH,_Z,_Z,_T,_T,_T,_T,_T,_T,COICOP_CP06,_Z,_Z,_Z,_Z,2021,0.03,,,,,,,,,CONS_SH.COICOP_CP06,SHARE,0.01,A,GNB_EHCVM2021_LEGACY_v1,
dataflow,WB.AFW360:AFW360_HH(0.3.0),R,A,GNB,_T,SURVEY,CONS_SH,_Z,_Z,_T,_T,_T,_T,_T,_T,COICOP_CP07,_Z,_Z,_Z,_Z,2021,0.05,,,,,,,,,CONS_SH.COICOP_CP07,SHARE,0.01,A,GNB_EHCVM2021_LEGACY_v1,
dataflow,WB.AFW360:AFW360_HH(0.3.0),R,A,GNB,_T,SURVEY,CONS_SH,_Z,_Z,_T,_T,_T,_T,_T,_T,COICOP_CP08,_Z,_Z,_Z,_Z,2021,0.08,,,,,,,,,CONS_SH.COICOP_CP08,SHARE,0.01,A,GNB_EHCVM2021_LEGACY_v1,
dataflow,WB.AFW360:AFW360_HH(0.3.0),R,A,GNB,_T,SURVEY,CONS_SH,_Z,_Z,_T,_T,_T,_T,_T,_T,COICOP_CP09,_Z,_Z,_Z,_Z,2021,0,,,,,,,,,CONS_SH.COICOP_CP09,SHARE,0.01,A,GNB_EHCVM2021_LEGACY_v1,
dataflow,WB.AFW360:AFW360_HH(0.3.0),R,A,GNB,_T,SURVEY,CONS_SH,_Z,_Z,_T,_T,_T,_T,_T,_T,COICOP_CP10,_Z,_Z,_Z,_Z,2021,0.03,,,,,,,,,CONS_SH.COICOP_CP10,SHARE,0.01,A,GNB_EHCVM2021_LEGACY_v1,
dataflow,WB.AFW360:AFW360_HH(0.3.0),R,A,GNB,_T,SURVEY,CONS_SH,_Z,_Z,_T,_T,_T,_T,_T,_T,COICOP_CP11,_Z,_Z,_Z,_Z,2021,0.12,,,,,,,,,CONS_SH.COICOP_CP11,SHARE,0.01,A,GNB_EHCVM2021_LEGACY_v1,
dataflow,WB.AFW360:AFW360_HH(0.3.0),R,A,GNB,_T,SURVEY,CONS_SH,_Z,_Z,_T,_T,_T,_T,_T,_T,COICOP_CP12,_Z,_Z,_Z,_Z,2021,0,,,,,,,,,CONS_SH.COICOP_CP12,SHARE,0.01,A,GNB_EHCVM2021_LEGACY_v1,
dataflow,WB.AFW360:AFW360_HH(0.3.0),R,A,GNB,_T,SURVEY,CONS_SH,_Z,_Z,_T,_T,_T,_T,_T,_T,COICOP_CP13,_Z,_Z,_Z,_Z,2021,0.02,,,,,,,,,CONS_SH.COICOP_CP13,SHARE,0.01,A,GNB_EHCVM2021_LEGACY_v1,
dataflow,WB.AFW360:AFW360_HH(0.3.0),R,A,GNB,_T,SURVEY,EN_ASSET_AC,_Z,_Z,OU,_T,_T,_T,_T,_T,_Z,_Z,_Z,_Z,_Z,2021,0.02,,,,,,,,,EN_ASSET_AC,SHARE,0.01,A,GNB_EHCVM2021_LEGACY_v1,
dataflow,WB.AFW360:AFW360_HH(0.3.0),R,A,GNB,_T,SURVEY,EN_ASSET_AC,_Z,_Z,R,_T,_T,_T,_T,_T,_Z,_Z,_Z,_Z,_Z,2021,0,,,,,,,,,EN_ASSET_AC,SHARE,0.01,A,GNB_EHCVM2021_LEGACY_v1,
dataflow,WB.AFW360:AFW360_HH(0.3.0),R,A,GNB,_T,SURVEY,EN_ASSET_AC,_Z,_Z,_T,HHH_AGE_GE35,_T,_T,_T,_T,_Z,_Z,_Z,_Z,_Z,2021,0.01,,,,,,,,,EN_ASSET_AC,SHARE,0.01,A,GNB_EHCVM2021_LEGACY_v1,
dataflow,WB.AFW360:AFW360_HH(0.3.0),R,A,GNB,_T,SURVEY,EN_ASSET_AC,_Z,_Z,_T,HHH_AGE_LT35,_T,_T,_T,_T,_Z,_Z,_Z,_Z,_Z,2021,0,,,,,,,,,EN_ASSET_AC,SHARE,0.01,A,GNB_EHCVM2021_LEGACY_v1,
dataflow,WB.AFW360:AFW360_HH(0.3.0),R,A,GNB,_T,SURVEY,EN_ASSET_AC,_Z,_Z,_T,HHH_SEX_F,_T,_T,_T,_T,_Z,_Z,_Z,_Z,_Z,2021,0,,,,,,,,,EN_ASSET_AC,SHARE,0.01,A,GNB_EHCVM2021_LEGACY_v1,
dataflow,WB.AFW360:AFW360_HH(0.3.0),R,A,GNB,_T,SURVEY,EN_ASSET_AC,_Z,_Z,_T,HHH_SEX_M,_T,_T,_T,_T,_Z,_Z,_Z,_Z,_Z,2021,0.01,,,,,,,,,EN_ASSET_AC,SHARE,0.01,A,GNB_EHCVM2021_LEGACY_v1,
dataflow,WB.AFW360:AFW360_HH(0.3.0),R,A,GNB,_T,SURVEY,EN_ASSET_AC,_Z,_Z,_T,QUINT_Q1,_T,_T,_T,_T,_Z,_Z,_Z,_Z,_Z,2021,0,,,,,,,,,EN_ASSET_AC,SHARE,0.01,A,GNB_EHCVM2021_LEGACY_v1,
dataflow,WB.AFW360:AFW360_HH(0.3.0),R,A,GNB,_T,SURVEY,EN_ASSET_AC,_Z,_Z,_T,QUINT_Q2,_T,_T,_T,_T,_Z,_Z,_Z,_Z,_Z,2021,0,,,,,,,,,EN_ASSET_AC,SHARE,0.01,A,GNB_EHCVM2021_LEGACY_v1,
dataflow,WB.AFW360:AFW360_HH(0.3.0),R,A,GNB,_T,SURVEY,EN_ASSET_AC,_Z,_Z,_T,QUINT_Q3,_T,_T,_T,_T,_Z,_Z,_Z,_Z,_Z,2021,0,,,,,,,,,EN_ASSET_AC,SHARE,0.01,A,GNB_EHCVM2021_LEGACY_v1,
dataflow,WB.AFW360:AFW360_HH(0.3.0),R,A,GNB,_T,SURVEY,EN_ASSET_AC,_Z,_Z,_T,QUINT_Q4,_T,_T,_T,_T,_Z,_Z,_Z,_Z,_Z,2021,0,,,,,,,,,EN_ASSET_AC,SHARE,0.01,A,GNB_EHCVM2021_LEGACY_v1,
dataflow,WB.AFW360:AFW360_HH(0.3.0),R,A,GNB,_T,SURVEY,EN_ASSET_AC,_Z,_Z,_T,QUINT_Q5,_T,_T,_T,_T,_Z,_Z,_Z,_Z,_Z,2021,0.04,,,,,,,,,EN_ASSET_AC,SHARE,0.01,A,GNB_EHCVM2021_LEGACY_v1,
dataflow,WB.AFW360:AFW360_HH(0.3.0),R,A,GNB,_T,SURVEY,EN_ASSET_AC,_Z,_Z,_T,_T,_T,_T,_T,_T,_Z,_Z,_Z,_Z,_Z,2021,0.01,,,,,,,,,EN_ASSET_AC,SHARE,0.01,A,GNB_EHCVM2021_LEGACY_v1,
dataflow,WB.AFW360:AFW360_HH(0.3.0),R,A,GNB,_T,SURVEY,EN_ASSET_COOKER,_Z,_Z,OU,_T,_T,_T,_T,_T,_Z,_Z,_Z,_Z,_Z,2021,0.1,,,,,,,,,EN_ASSET_COOKER,SHARE,0.01,A,GNB_EHCVM2021_LEGACY_v1,
dataflow,WB.AFW360:AFW360_HH(0.3.0),R,A,GNB,_T,SURVEY,EN_ASSET_COOKER,_Z,_Z,R,_T,_T,_T,_T,_T,_Z,_Z,_Z,_Z,_Z,2021,0,,,,,,,,,EN_ASSET_COOKER,SHARE,0.01,A,GNB_EHCVM2021_LEGACY_v1,
dataflow,WB.AFW360:AFW360_HH(0.3.0),R,A,GNB,_T,SURVEY,EN_ASSET_COOKER,_Z,_Z,_T,HHH_AGE_GE35,_T,_T,_T,_T,_Z,_Z,_Z,_Z,_Z,2021,0.05,,,,,,,,,EN_ASSET_COOKER,SHARE,0.01,A,GNB_EHCVM2021_LEGACY_v1,
dataflow,WB.AFW360:AFW360_HH(0.3.0),R,A,GNB,_T,SURVEY,EN_ASSET_COOKER,_Z,_Z,_T,HHH_AGE_LT35,_T,_T,_T,_T,_Z,_Z,_Z,_Z,_Z,2021,0.03,,,,,,,,,EN_ASSET_COOKER,SHARE,0.01,A,GNB_EHCVM2021_LEGACY_v1,
dataflow,WB.AFW360:AFW360_HH(0.3.0),R,A,GNB,_T,SURVEY,EN_ASSET_COOKER,_Z,_Z,_T,HHH_SEX_F,_T,_T,_T,_T,_Z,_Z,_Z,_Z,_Z,2021,0.07,,,,,,,,,EN_ASSET_COOKER,SHARE,0.01,A,GNB_EHCVM2021_LEGACY_v1,
dataflow,WB.AFW360:AFW360_HH(0.3.0),R,A,GNB,_T,SURVEY,EN_ASSET_COOKER,_Z,_Z,_T,HHH_SEX_M,_T,_T,_T,_T,_Z,_Z,_Z,_Z,_Z,2021,0.04,,,,,,,,,EN_ASSET_COOKER,SHARE,0.01,A,GNB_EHCVM2021_LEGACY_v1,
dataflow,WB.AFW360:AFW360_HH(0.3.0),R,A,GNB,_T,SURVEY,EN_ASSET_COOKER,_Z,_Z,_T,QUINT_Q1,_T,_T,_T,_T,_Z,_Z,_Z,_Z,_Z,2021,0,,,,,,,,,EN_ASSET_COOKER,SHARE,0.01,A,GNB_EHCVM2021_LEGACY_v1,
dataflow,WB.AFW360:AFW360_HH(0.3.0),R,A,GNB,_T,SURVEY,EN_ASSET_COOKER,_Z,_Z,_T,QUINT_Q2,_T,_T,_T,_T,_Z,_Z,_Z,_Z,_Z,2021,0.01,,,,,,,,,EN_ASSET_COOKER,SHARE,0.01,A,GNB_EHCVM2021_LEGACY_v1,
dataflow,WB.AFW360:AFW360_HH(0.3.0),R,A,GNB,_T,SURVEY,EN_ASSET_COOKER,_Z,_Z,_T,QUINT_Q3,_T,_T,_T,_T,_Z,_Z,_Z,_Z,_Z,2021,0.01,,,,,,,,,EN_ASSET_COOKER,SHARE,0.01,A,GNB_EHCVM2021_LEGACY_v1,
dataflow,WB.AFW360:AFW360_HH(0.3.0),R,A,GNB,_T,SURVEY,EN_ASSET_COOKER,_Z,_Z,_T,QUINT_Q4,_T,_T,_T,_T,_Z,_Z,_Z,_Z,_Z,2021,0.04,,,,,,,,,EN_ASSET_COOKER,SHARE,0.01,A,GNB_EHCVM2021_LEGACY_v1,
dataflow,WB.AFW360:AFW360_HH(0.3.0),R,A,GNB,_T,SURVEY,EN_ASSET_COOKER,_Z,_Z,_T,QUINT_Q5,_T,_T,_T,_T,_Z,_Z,_Z,_Z,_Z,2021,0.16,,,,,,,,,EN_ASSET_COOKER,SHARE,0.01,A,GNB_EHCVM2021_LEGACY_v1,
dataflow,WB.AFW360:AFW360_HH(0.3.0),R,A,GNB,_T,SURVEY,EN_ASSET_COOKER,_Z,_Z,_T,_T,_T,_T,_T,_T,_Z,_Z,_Z,_Z,_Z,2021,0.04,,,,,,,,,EN_ASSET_COOKER,SHARE,0.01,A,GNB_EHCVM2021_LEGACY_v1,
dataflow,WB.AFW360:AFW360_HH(0.3.0),R,A,GNB,_T,SURVEY,EN_ASSET_FAN,_Z,_Z,OU,_T,_T,_T,_T,_T,_Z,_Z,_Z,_Z,_Z,2021,0.05,,,,,,,,,EN_ASSET_FAN,SHARE,0.01,A,GNB_EHCVM2021_LEGACY_v1,
dataflow,WB.AFW360:AFW360_HH(0.3.0),R,A,GNB,_T,SURVEY,EN_ASSET_FAN,_Z,_Z,R,_T,_T,_T,_T,_T,_Z,_Z,_Z,_Z,_Z,2021,0,,,,,,,,,EN_ASSET_FAN,SHARE,0.01,A,GNB_EHCVM2021_LEGACY_v1,
dataflow,WB.AFW360:AFW360_HH(0.3.0),R,A,GNB,_T,SURVEY,EN_ASSET_FAN,_Z,_Z,_T,HHH_AGE_GE35,_T,_T,_T,_T,_Z,_Z,_Z,_Z,_Z,2021,0.02,,,,,,,,,EN_ASSET_FAN,SHARE,0.01,A,GNB_EHCVM2021_LEGACY_v1,
dataflow,WB.AFW360:AFW360_HH(0.3.0),R,A,GNB,_T,SURVEY,EN_ASSET_FAN,_Z,_Z,_T,HHH_AGE_LT35,_T,_T,_T,_T,_Z,_Z,_Z,_Z,_Z,2021,0.03,,,,,,,,,EN_ASSET_FAN,SHARE,0.01,A,GNB_EHCVM2021_LEGACY_v1,
dataflow,WB.AFW360:AFW360_HH(0.3.0),R,A,GNB,_T,SURVEY,EN_ASSET_FAN,_Z,_Z,_T,HHH_SEX_F,_T,_T,_T,_T,_Z,_Z,_Z,_Z,_Z,2021,0.03,,,,,,,,,EN_ASSET_FAN,SHARE,0.01,A,GNB_EHCVM2021_LEGACY_v1,
dataflow,WB.AFW360:AFW360_HH(0.3.0),R,A,GNB,_T,SURVEY,EN_ASSET_FAN,_Z,_Z,_T,HHH_SEX_M,_T,_T,_T,_T,_Z,_Z,_Z,_Z,_Z,2021,0.02,,,,,,,,,EN_ASSET_FAN,SHARE,0.01,A,GNB_EHCVM2021_LEGACY_v1,
dataflow,WB.AFW360:AFW360_HH(0.3.0),R,A,GNB,_T,SURVEY,EN_ASSET_FAN,_Z,_Z,_T,QUINT_Q1,_T,_T,_T,_T,_Z,_Z,_Z,_Z,_Z,2021,0,,,,,,,,,EN_ASSET_FAN,SHARE,0.01,A,GNB_EHCVM2021_LEGACY_v1,
dataflow,WB.AFW360:AFW360_HH(0.3.0),R,A,GNB,_T,SURVEY,EN_ASSET_FAN,_Z,_Z,_T,QUINT_Q2,_T,_T,_T,_T,_Z,_Z,_Z,_Z,_Z,2021,0,,,,,,,,,EN_ASSET_FAN,SHARE,0.01,A,GNB_EHCVM2021_LEGACY_v1,
dataflow,WB.AFW360:AFW360_HH(0.3.0),R,A,GNB,_T,SURVEY,EN_ASSET_FAN,_Z,_Z,_T,QUINT_Q3,_T,_T,_T,_T,_Z,_Z,_Z,_Z,_Z,2021,0.01,,,,,,,,,EN_ASSET_FAN,SHARE,0.01,A,GNB_EHCVM2021_LEGACY_v1,
dataflow,WB.AFW360:AFW360_HH(0.3.0),R,A,GNB,_T,SURVEY,EN_ASSET_FAN,_Z,_Z,_T,QUINT_Q4,_T,_T,_T,_T,_Z,_Z,_Z,_Z,_Z,2021,0.03,,,,,,,,,EN_ASSET_FAN,SHARE,0.01,A,GNB_EHCVM2021_LEGACY_v1,
dataflow,WB.AFW360:AFW360_HH(0.3.0),R,A,GNB,_T,SURVEY,EN_ASSET_FAN,_Z,_Z,_T,QUINT_Q5,_T,_T,_T,_T,_Z,_Z,_Z,_Z,_Z,2021,0.07,,,,,,,,,EN_ASSET_FAN,SHARE,0.01,A,GNB_EHCVM2021_LEGACY_v1,
dataflow,WB.AFW360:AFW360_HH(0.3.0),R,A,GNB,_T,SURVEY,EN_ASSET_FAN,_Z,_Z,_T,_T,_T,_T,_T,_T,_Z,_Z,_Z,_Z,_Z,2021,0.02,,,,,,,,,EN_ASSET_FAN,SHARE,0.01,A,GNB_EHCVM2021_LEGACY_v1,
dataflow,WB.AFW360:AFW360_HH(0.3.0),R,A,GNB,_T,SURVEY,EN_ASSET_WATER_HEATER,_Z,_Z,OU,_T,_T,_T,_T,_T,_Z,_Z,_Z,_Z,_Z,2021,0.05,,,,,,,,,EN_ASSET_WATER_HEATER,SHARE,0.01,A,GNB_EHCVM2021_LEGACY_v1,
dataflow,WB.AFW360:AFW360_HH(0.3.0),R,A,GNB,_T,SURVEY,EN_ASSET_WATER_HEATER,_Z,_Z,R,_T,_T,_T,_T,_T,_Z,_Z,_Z,_Z,_Z,2021,0,,,,,,,,,EN_ASSET_WATER_HEATER,SHARE,0.01,A,GNB_EHCVM2021_LEGACY_v1,
dataflow,WB.AFW360:AFW360_HH(0.3.0),R,A,GNB,_T,SURVEY,EN_ASSET_WATER_HEATER,_Z,_Z,_T,HHH_AGE_GE35,_T,_T,_T,_T,_Z,_Z,_Z,_Z,_Z,2021,0.02,,,,,,,,,EN_ASSET_WATER_HEATER,SHARE,0.01,A,GNB_EHCVM2021_LEGACY_v1,
dataflow,WB.AFW360:AFW360_HH(0.3.0),R,A,GNB,_T,SURVEY,EN_ASSET_WATER_HEATER,_Z,_Z,_T,HHH_AGE_LT35,_T,_T,_T,_T,_Z,_Z,_Z,_Z,_Z,2021,0.03,,,,,,,,,EN_ASSET_WATER_HEATER,SHARE,0.01,A,GNB_EHCVM2021_LEGACY_v1,
dataflow,WB.AFW360:AFW360_HH(0.3.0),R,A,GNB,_T,SURVEY,EN_ASSET_WATER_HEATER,_Z,_Z,_T,HHH_SEX_F,_T,_T,_T,_T,_Z,_Z,_Z,_Z,_Z,2021,0.05,,,,,,,,,EN_ASSET_WATER_HEATER,SHARE,0.01,A,GNB_EHCVM2021_LEGACY_v1,
dataflow,WB.AFW360:AFW360_HH(0.3.0),R,A,GNB,_T,SURVEY,EN_ASSET_WATER_HEATER,_Z,_Z,_T,HHH_SEX_M,_T,_T,_T,_T,_Z,_Z,_Z,_Z,_Z,2021,0.02,,,,,,,,,EN_ASSET_WATER_HEATER,SHARE,0.01,A,GNB_EHCVM2021_LEGACY_v1,
dataflow,WB.AFW360:AFW360_HH(0.3.0),R,A,GNB,_T,SURVEY,EN_ASSET_WATER_HEATER,_Z,_Z,_T,QUINT_Q1,_T,_T,_T,_T,_Z,_Z,_Z,_Z,_Z,2021,0,,,,,,,,,EN_ASSET_WATER_HEATER,SHARE,0.01,A,GNB_EHCVM2021_LEGACY_v1,
dataflow,WB.AFW360:AFW360_HH(0.3.0),R,A,GNB,_T,SURVEY,EN_ASSET_WATER_HEATER,_Z,_Z,_T,QUINT_Q2,_T,_T,_T,_T,_Z,_Z,_Z,_Z,_Z,2021,0.01,,,,,,,,,EN_ASSET_WATER_HEATER,SHARE,0.01,A,GNB_EHCVM2021_LEGACY_v1,
dataflow,WB.AFW360:AFW360_HH(0.3.0),R,A,GNB,_T,SURVEY,EN_ASSET_WATER_HEATER,_Z,_Z,_T,QUINT_Q3,_T,_T,_T,_T,_Z,_Z,_Z,_Z,_Z,2021,0.01,,,,,,,,,EN_ASSET_WATER_HEATER,SHARE,0.01,A,GNB_EHCVM2021_LEGACY_v1,
dataflow,WB.AFW360:AFW360_HH(0.3.0),R,A,GNB,_T,SURVEY,EN_ASSET_WATER_HEATER,_Z,_Z,_T,QUINT_Q4,_T,_T,_T,_T,_Z,_Z,_Z,_Z,_Z,2021,0.01,,,,,,,,,EN_ASSET_WATER_HEATER,SHARE,0.01,A,GNB_EHCVM2021_LEGACY_v1,
dataflow,WB.AFW360:AFW360_HH(0.3.0),R,A,GNB,_T,SURVEY,EN_ASSET_WATER_HEATER,_Z,_Z,_T,QUINT_Q5,_T,_T,_T,_T,_Z,_Z,_Z,_Z,_Z,2021,0.08,,,,,,,,,EN_ASSET_WATER_HEATER,SHARE,0.01,A,GNB_EHCVM2021_LEGACY_v1,
dataflow,WB.AFW360:AFW360_HH(0.3.0),R,A,GNB,_T,SURVEY,EN_ASSET_WATER_HEATER,_Z,_Z,_T,_T,_T,_T,_T,_T,_Z,_Z,_Z,_Z,_Z,2021,0.02,,,,,,,,,EN_ASSET_WATER_HEATER,SHARE,0.01,A,GNB_EHCVM2021_LEGACY_v1,
dataflow,WB.AFW360:AFW360_HH(0.3.0),R,A,GNB,_T,SURVEY,EN_COOK_BIOMASS,_Z,_Z,OU,_T,_T,_T,_T,_T,_Z,_Z,_Z,_Z,_Z,2021,0.95,,,,,,,,,EN_COOK_BIOMASS,SHARE,0.01,A,GNB_EHCVM2021_LEGACY_v1,
dataflow,WB.AFW360:AFW360_HH(0.3.0),R,A,GNB,_T,SURVEY,EN_COOK_BIOMASS,_Z,_Z,R,_T,_T,_T,_T,_T,_Z,_Z,_Z,_Z,_Z,2021,1,,,,,,,,,EN_COOK_BIOMASS,SHARE,0.01,A,GNB_EHCVM2021_LEGACY_v1,
dataflow,WB.AFW360:AFW360_HH(0.3.0),R,A,GNB,_T,SURVEY,EN_COOK_BIOMASS,_Z,_Z,_T,HHH_AGE_GE35,_T,_T,_T,_T,_Z,_Z,_Z,_Z,_Z,2021,0.98,,,,,,,,,EN_COOK_BIOMASS,SHARE,0.01,A,GNB_EHCVM2021_LEGACY_v1,
dataflow,WB.AFW360:AFW360_HH(0.3.0),R,A,GNB,_T,SURVEY,EN_COOK_BIOMASS,_Z,_Z,_T,HHH_AGE_LT35,_T,_T,_T,_T,_Z,_Z,_Z,_Z,_Z,2021,0.98,,,,,,,,,EN_COOK_BIOMASS,SHARE,0.01,A,GNB_EHCVM2021_LEGACY_v1,
dataflow,WB.AFW360:AFW360_HH(0.3.0),R,A,GNB,_T,SURVEY,EN_COOK_BIOMASS,_Z,_Z,_T,HHH_SEX_F,_T,_T,_T,_T,_Z,_Z,_Z,_Z,_Z,2021,0.97,,,,,,,,,EN_COOK_BIOMASS,SHARE,0.01,A,GNB_EHCVM2021_LEGACY_v1,
dataflow,WB.AFW360:AFW360_HH(0.3.0),R,A,GNB,_T,SURVEY,EN_COOK_BIOMASS,_Z,_Z,_T,HHH_SEX_M,_T,_T,_T,_T,_Z,_Z,_Z,_Z,_Z,2021,0.98,,,,,,,,,EN_COOK_BIOMASS,SHARE,0.01,A,GNB_EHCVM2021_LEGACY_v1,
dataflow,WB.AFW360:AFW360_HH(0.3.0),R,A,GNB,_T,SURVEY,EN_COOK_BIOMASS,_Z,_Z,_T,QUINT_Q1,_T,_T,_T,_T,_Z,_Z,_Z,_Z,_Z,2021,0.99,,,,,,,,,EN_COOK_BIOMASS,SHARE,0.01,A,GNB_EHCVM2021_LEGACY_v1,
dataflow,WB.AFW360:AFW360_HH(0.3.0),R,A,GNB,_T,SURVEY,EN_COOK_BIOMASS,_Z,_Z,_T,QUINT_Q2,_T,_T,_T,_T,_Z,_Z,_Z,_Z,_Z,2021,1,,,,,,,,,EN_COOK_BIOMASS,SHARE,0.01,A,GNB_EHCVM2021_LEGACY_v1,
dataflow,WB.AFW360:AFW360_HH(0.3.0),R,A,GNB,_T,SURVEY,EN_COOK_BIOMASS,_Z,_Z,_T,QUINT_Q3,_T,_T,_T,_T,_Z,_Z,_Z,_Z,_Z,2021,0.99,,,,,,,,,EN_COOK_BIOMASS,SHARE,0.01,A,GNB_EHCVM2021_LEGACY_v1,
dataflow,WB.AFW360:AFW360_HH(0.3.0),R,A,GNB,_T,SURVEY,EN_COOK_BIOMASS,_Z,_Z,_T,QUINT_Q4,_T,_T,_T,_T,_Z,_Z,_Z,_Z,_Z,2021,0.98,,,,,,,,,EN_COOK_BIOMASS,SHARE,0.01,A,GNB_EHCVM2021_LEGACY_v1,
dataflow,WB.AFW360:AFW360_HH(0.3.0),R,A,GNB,_T,SURVEY,EN_COOK_BIOMASS,_Z,_Z,_T,QUINT_Q5,_T,_T,_T,_T,_Z,_Z,_Z,_Z,_Z,2021,0.93,,,,,,,,,EN_COOK_BIOMASS,SHARE,0.01,A,GNB_EHCVM2021_LEGACY_v1,
dataflow,WB.AFW360:AFW360_HH(0.3.0),R,A,GNB,_T,SURVEY,EN_COOK_BIOMASS,_Z,_Z,_T,_T,_T,_T,_T,_T,_Z,_Z,_Z,_Z,_Z,2021,0.98,,,,,,,,,EN_COOK_BIOMASS,SHARE,0.01,A,GNB_EHCVM2021_LEGACY_v1,
dataflow,WB.AFW360:AFW360_HH(0.3.0),R,A,GNB,_T,SURVEY,EN_COOK_CLEAN,_Z,_Z,OU,_T,_T,_T,_T,_T,_Z,_Z,_Z,_Z,_Z,2021,0.04,,,,,,,,,EN_COOK_CLEAN,SHARE,0.01,A,GNB_EHCVM2021_LEGACY_v1,
dataflow,WB.AFW360:AFW360_HH(0.3.0),R,A,GNB,_T,SURVEY,EN_COOK_CLEAN,_Z,_Z,R,_T,_T,_T,_T,_T,_Z,_Z,_Z,_Z,_Z,2021,0,,,,,,,,,EN_COOK_CLEAN,SHARE,0.01,A,GNB_EHCVM2021_LEGACY_v1,
dataflow,WB.AFW360:AFW360_HH(0.3.0),R,A,GNB,_T,SURVEY,EN_COOK_CLEAN,_Z,_Z,_T,HHH_AGE_GE35,_T,_T,_T,_T,_Z,_Z,_Z,_Z,_Z,2021,0.02,,,,,,,,,EN_COOK_CLEAN,SHARE,0.01,A,GNB_EHCVM2021_LEGACY_v1,
dataflow,WB.AFW360:AFW360_HH(0.3.0),R,A,GNB,_T,SURVEY,EN_COOK_CLEAN,_Z,_Z,_T,HHH_AGE_LT35,_T,_T,_T,_T,_Z,_Z,_Z,_Z,_Z,2021,0.02,,,,,,,,,EN_COOK_CLEAN,SHARE,0.01,A,GNB_EHCVM2021_LEGACY_v1,
dataflow,WB.AFW360:AFW360_HH(0.3.0),R,A,GNB,_T,SURVEY,EN_COOK_CLEAN,_Z,_Z,_T,HHH_SEX_F,_T,_T,_T,_T,_Z,_Z,_Z,_Z,_Z,2021,0.02,,,,,,,,,EN_COOK_CLEAN,SHARE,0.01,A,GNB_EHCVM2021_LEGACY_v1,
dataflow,WB.AFW360:AFW360_HH(0.3.0),R,A,GNB,_T,SURVEY,EN_COOK_CLEAN,_Z,_Z,_T,HHH_SEX_M,_T,_T,_T,_T,_Z,_Z,_Z,_Z,_Z,2021,0.02,,,,,,,,,EN_COOK_CLEAN,SHARE,0.01,A,GNB_EHCVM2021_LEGACY_v1,
dataflow,WB.AFW360:AFW360_HH(0.3.0),R,A,GNB,_T,SURVEY,EN_COOK_CLEAN,_Z,_Z,_T,QUINT_Q1,_T,_T,_T,_T,_Z,_Z,_Z,_Z,_Z,2021,0,,,,,,,,,EN_COOK_CLEAN,SHARE,0.01,A,GNB_EHCVM2021_LEGACY_v1,
dataflow,WB.AFW360:AFW360_HH(0.3.0),R,A,GNB,_T,SURVEY,EN_COOK_CLEAN,_Z,_Z,_T,QUINT_Q2,_T,_T,_T,_T,_Z,_Z,_Z,_Z,_Z,2021,0,,,,,,,,,EN_COOK_CLEAN,SHARE,0.01,A,GNB_EHCVM2021_LEGACY_v1,
dataflow,WB.AFW360:AFW360_HH(0.3.0),R,A,GNB,_T,SURVEY,EN_COOK_CLEAN,_Z,_Z,_T,QUINT_Q3,_T,_T,_T,_T,_Z,_Z,_Z,_Z,_Z,2021,0.01,,,,,,,,,EN_COOK_CLEAN,SHARE,0.01,A,GNB_EHCVM2021_LEGACY_v1,
dataflow,WB.AFW360:AFW360_HH(0.3.0),R,A,GNB,_T,SURVEY,EN_COOK_CLEAN,_Z,_Z,_T,QUINT_Q4,_T,_T,_T,_T,_Z,_Z,_Z,_Z,_Z,2021,0.02,,,,,,,,,EN_COOK_CLEAN,SHARE,0.01,A,GNB_EHCVM2021_LEGACY_v1,
dataflow,WB.AFW360:AFW360_HH(0.3.0),R,A,GNB,_T,SURVEY,EN_COOK_CLEAN,_Z,_Z,_T,QUINT_Q5,_T,_T,_T,_T,_Z,_Z,_Z,_Z,_Z,2021,0.06,,,,,,,,,EN_COOK_CLEAN,SHARE,0.01,A,GNB_EHCVM2021_LEGACY_v1,
dataflow,WB.AFW360:AFW360_HH(0.3.0),R,A,GNB,_T,SURVEY,EN_COOK_CLEAN,_Z,_Z,_T,_T,_T,_T,_T,_T,_Z,_Z,_Z,_Z,_Z,2021,0.02,,,,,,,,,EN_COOK_CLEAN,SHARE,0.01,A,GNB_EHCVM2021_LEGACY_v1,
dataflow,WB.AFW360:AFW360_HH(0.3.0),R,A,GNB,_T,SURVEY,EN_ELEC_ACCESS,_Z,_Z,OU,_T,_T,_T,_T,_T,_Z,_Z,_Z,_Z,_Z,2021,0.54,,,,,,,,,EN_ELEC_ACCESS,SHARE,0.01,A,GNB_EHCVM2021_LEGACY_v1,
dataflow,WB.AFW360:AFW360_HH(0.3.0),R,A,GNB,_T,SURVEY,EN_ELEC_ACCESS,_Z,_Z,R,_T,_T,_T,_T,_T,_Z,_Z,_Z,_Z,_Z,2021,0.01,,,,,,,,,EN_ELEC_ACCESS,SHARE,0.01,A,GNB_EHCVM2021_LEGACY_v1,
dataflow,WB.AFW360:AFW360_HH(0.3.0),R,A,GNB,_T,SURVEY,EN_ELEC_ACCESS,_Z,_Z,_T,HHH_AGE_GE35,_T,_T,_T,_T,_Z,_Z,_Z,_Z,_Z,2021,0.23,,,,,,,,,EN_ELEC_ACCESS,SHARE,0.01,A,GNB_EHCVM2021_LEGACY_v1,
dataflow,WB.AFW360:AFW360_HH(0.3.0),R,A,GNB,_T,SURVEY,EN_ELEC_ACCESS,_Z,_Z,_T,HHH_AGE_LT35,_T,_T,_T,_T,_Z,_Z,_Z,_Z,_Z,2021,0.22,,,,,,,,,EN_ELEC_ACCESS,SHARE,0.01,A,GNB_EHCVM2021_LEGACY_v1,
dataflow,WB.AFW360:AFW360_HH(0.3.0),R,A,GNB,_T,SURVEY,EN_ELEC_ACCESS,_Z,_Z,_T,HHH_SEX_F,_T,_T,_T,_T,_Z,_Z,_Z,_Z,_Z,2021,0.38,,,,,,,,,EN_ELEC_ACCESS,SHARE,0.01,A,GNB_EHCVM2021_LEGACY_v1,
dataflow,WB.AFW360:AFW360_HH(0.3.0),R,A,GNB,_T,SURVEY,EN_ELEC_ACCESS,_Z,_Z,_T,HHH_SEX_M,_T,_T,_T,_T,_Z,_Z,_Z,_Z,_Z,2021,0.19,,,,,,,,,EN_ELEC_ACCESS,SHARE,0.01,A,GNB_EHCVM2021_LEGACY_v1,
dataflow,WB.AFW360:AFW360_HH(0.3.0),R,A,GNB,_T,SURVEY,EN_ELEC_ACCESS,_Z,_Z,_T,QUINT_Q1,_T,_T,_T,_T,_Z,_Z,_Z,_Z,_Z,2021,0.02,,,,,,,,,EN_ELEC_ACCESS,SHARE,0.01,A,GNB_EHCVM2021_LEGACY_v1,
dataflow,WB.AFW360:AFW360_HH(0.3.0),R,A,GNB,_T,SURVEY,EN_ELEC_ACCESS,_Z,_Z,_T,QUINT_Q2,_T,_T,_T,_T,_Z,_Z,_Z,_Z,_Z,2021,0.1,,,,,,,,,EN_ELEC_ACCESS,SHARE,0.01,A,GNB_EHCVM2021_LEGACY_v1,
dataflow,WB.AFW360:AFW360_HH(0.3.0),R,A,GNB,_T,SURVEY,EN_ELEC_ACCESS,_Z,_Z,_T,QUINT_Q3,_T,_T,_T,_T,_Z,_Z,_Z,_Z,_Z,2021,0.18,,,,,,,,,EN_ELEC_ACCESS,SHARE,0.01,A,GNB_EHCVM2021_LEGACY_v1,
dataflow,WB.AFW360:AFW360_HH(0.3.0),R,A,GNB,_T,SURVEY,EN_ELEC_ACCESS,_Z,_Z,_T,QUINT_Q4,_T,_T,_T,_T,_Z,_Z,_Z,_Z,_Z,2021,0.3,,,,,,,,,EN_ELEC_ACCESS,SHARE,0.01,A,GNB_EHCVM2021_LEGACY_v1,
dataflow,WB.AFW360:AFW360_HH(0.3.0),R,A,GNB,_T,SURVEY,EN_ELEC_ACCESS,_Z,_Z,_T,QUINT_Q5,_T,_T,_T,_T,_Z,_Z,_Z,_Z,_Z,2021,0.53,,,,,,,,,EN_ELEC_ACCESS,SHARE,0.01,A,GNB_EHCVM2021_LEGACY_v1,
dataflow,WB.AFW360:AFW360_HH(0.3.0),R,A,GNB,_T,SURVEY,EN_ELEC_ACCESS,_Z,_Z,_T,_T,_T,_T,_T,_T,_Z,_Z,_Z,_Z,_Z,2021,0.23,,,,,,,,,EN_ELEC_ACCESS,SHARE,0.01,A,GNB_EHCVM2021_LEGACY_v1,
dataflow,WB.AFW360:AFW360_HH(0.3.0),R,A,GNB,_T,SURVEY,EN_ELEC_INFORMAL,_Z,_Z,OU,_T,_T,_T,_T,_T,_Z,_Z,_Z,_Z,_Z,2021,0.04,,,,,,,,,EN_ELEC_INFORMAL,SHARE,0.01,A,GNB_EHCVM2021_LEGACY_v1,
dataflow,WB.AFW360:AFW360_HH(0.3.0),R,A,GNB,_T,SURVEY,EN_ELEC_INFORMAL,_Z,_Z,R,_T,_T,_T,_T,_T,_Z,_Z,_Z,_Z,_Z,2021,0,,,,,,,,,EN_ELEC_INFORMAL,SHARE,0.01,A,GNB_EHCVM2021_LEGACY_v1,
dataflow,WB.AFW360:AFW360_HH(0.3.0),R,A,GNB,_T,SURVEY,EN_ELEC_INFORMAL,_Z,_Z,_T,HHH_AGE_GE35,_T,_T,_T,_T,_Z,_Z,_Z,_Z,_Z,2021,0.02,,,,,,,,,EN_ELEC_INFORMAL,SHARE,0.01,A,GNB_EHCVM2021_LEGACY_v1,
dataflow,WB.AFW360:AFW360_HH(0.3.0),R,A,GNB,_T,SURVEY,EN_ELEC_INFORMAL,_Z,_Z,_T,HHH_AGE_LT35,_T,_T,_T,_T,_Z,_Z,_Z,_Z,_Z,2021,0.01,,,,,,,,,EN_ELEC_INFORMAL,SHARE,0.01,A,GNB_EHCVM2021_LEGACY_v1,
dataflow,WB.AFW360:AFW360_HH(0.3.0),R,A,GNB,_T,SURVEY,EN_ELEC_INFORMAL,_Z,_Z,_T,HHH_SEX_F,_T,_T,_T,_T,_Z,_Z,_Z,_Z,_Z,2021,0.03,,,,,,,,,EN_ELEC_INFORMAL,SHARE,0.01,A,GNB_EHCVM2021_LEGACY_v1,
dataflow,WB.AFW360:AFW360_HH(0.3.0),R,A,GNB,_T,SURVEY,EN_ELEC_INFORMAL,_Z,_Z,_T,HHH_SEX_M,_T,_T,_T,_T,_Z,_Z,_Z,_Z,_Z,2021,0.02,,,,,,,,,EN_ELEC_INFORMAL,SHARE,0.01,A,GNB_EHCVM2021_LEGACY_v1,
dataflow,WB.AFW360:AFW360_HH(0.3.0),R,A,GNB,_T,SURVEY,EN_ELEC_INFORMAL,_Z,_Z,_T,QUINT_Q1,_T,_T,_T,_T,_Z,_Z,_Z,_Z,_Z,2021,0,,,,,,,,,EN_ELEC_INFORMAL,SHARE,0.01,A,GNB_EHCVM2021_LEGACY_v1,
dataflow,WB.AFW360:AFW360_HH(0.3.0),R,A,GNB,_T,SURVEY,EN_ELEC_INFORMAL,_Z,_Z,_T,QUINT_Q2,_T,_T,_T,_T,_Z,_Z,_Z,_Z,_Z,2021,0.01,,,,,,,,,EN_ELEC_INFORMAL,SHARE,0.01,A,GNB_EHCVM2021_LEGACY_v1,
dataflow,WB.AFW360:AFW360_HH(0.3.0),R,A,GNB,_T,SURVEY,EN_ELEC_INFORMAL,_Z,_Z,_T,QUINT_Q3,_T,_T,_T,_T,_Z,_Z,_Z,_Z,_Z,2021,0.02,,,,,,,,,EN_ELEC_INFORMAL,SHARE,0.01,A,GNB_EHCVM2021_LEGACY_v1,
dataflow,WB.AFW360:AFW360_HH(0.3.0),R,A,GNB,_T,SURVEY,EN_ELEC_INFORMAL,_Z,_Z,_T,QUINT_Q4,_T,_T,_T,_T,_Z,_Z,_Z,_Z,_Z,2021,0.05,,,,,,,,,EN_ELEC_INFORMAL,SHARE,0.01,A,GNB_EHCVM2021_LEGACY_v1,
dataflow,WB.AFW360:AFW360_HH(0.3.0),R,A,GNB,_T,SURVEY,EN_ELEC_INFORMAL,_Z,_Z,_T,QUINT_Q5,_T,_T,_T,_T,_Z,_Z,_Z,_Z,_Z,2021,0.02,,,,,,,,,EN_ELEC_INFORMAL,SHARE,0.01,A,GNB_EHCVM2021_LEGACY_v1,
dataflow,WB.AFW360:AFW360_HH(0.3.0),R,A,GNB,_T,SURVEY,EN_ELEC_INFORMAL,_Z,_Z,_T,_T,_T,_T,_T,_T,_Z,_Z,_Z,_Z,_Z,2021,0.02,,,,,,,,,EN_ELEC_INFORMAL,SHARE,0.01,A,GNB_EHCVM2021_LEGACY_v1,
dataflow,WB.AFW360:AFW360_HH(0.3.0),R,A,GNB,_T,SURVEY,EN_ELEC_SPEND,_Z,_Z,OU,_T,_T,_T,_T,_T,_Z,_Z,_Z,_Z,_Z,2021,14727.8,,,,,,,,,EN_ELEC_SPEND,XOF,0.01,A,GNB_EHCVM2021_LEGACY_v1,
dataflow,WB.AFW360:AFW360_HH(0.3.0),R,A,GNB,_T,SURVEY,EN_ELEC_SPEND,_Z,_Z,R,_T,_T,_T,_T,_T,_Z,_Z,_Z,_Z,_Z,2021,8697.89,,,,,,,,,EN_ELEC_SPEND,XOF,0.01,A,GNB_EHCVM2021_LEGACY_v1,
dataflow,WB.AFW360:AFW360_HH(0.3.0),R,A,GNB,_T,SURVEY,EN_ELEC_SPEND,_Z,_Z,_T,HHH_AGE_GE35,_T,_T,_T,_T,_Z,_Z,_Z,_Z,_Z,2021,15015.43,,,,,,,,,EN_ELEC_SPEND,XOF,0.01,A,GNB_EHCVM2021_LEGACY_v1,
dataflow,WB.AFW360:AFW360_HH(0.3.0),R,A,GNB,_T,SURVEY,EN_ELEC_SPEND,_Z,_Z,_T,HHH_AGE_LT35,_T,_T,_T,_T,_Z,_Z,_Z,_Z,_Z,2021,11907.48,,,,,,,,,EN_ELEC_SPEND,XOF,0.01,A,GNB_EHCVM2021_LEGACY_v1,
dataflow,WB.AFW360:AFW360_HH(0.3.0),R,A,GNB,_T,SURVEY,EN_ELEC_SPEND,_Z,_Z,_T,HHH_SEX_F,_T,_T,_T,_T,_Z,_Z,_Z,_Z,_Z,2021,13225.64,,,,,,,,,EN_ELEC_SPEND,XOF,0.01,A,GNB_EHCVM2021_LEGACY_v1,
dataflow,WB.AFW360:AFW360_HH(0.3.0),R,A,GNB,_T,SURVEY,EN_ELEC_SPEND,_Z,_Z,_T,HHH_SEX_M,_T,_T,_T,_T,_Z,_Z,_Z,_Z,_Z,2021,15299.65,,,,,,,,,EN_ELEC_SPEND,XOF,0.01,A,GNB_EHCVM2021_LEGACY_v1,
dataflow,WB.AFW360:AFW360_HH(0.3.0),R,A,GNB,_T,SURVEY,EN_ELEC_SPEND,_Z,_Z,_T,QUINT_Q1,_T,_T,_T,_T,_Z,_Z,_Z,_Z,_Z,2021,2802.41,,,,,,,,,EN_ELEC_SPEND,XOF,0.01,A,GNB_EHCVM2021_LEGACY_v1,
dataflow,WB.AFW360:AFW360_HH(0.3.0),R,A,GNB,_T,SURVEY,EN_ELEC_SPEND,_Z,_Z,_T,QUINT_Q2,_T,_T,_T,_T,_Z,_Z,_Z,_Z,_Z,2021,15434.52,,,,,,,,,EN_ELEC_SPEND,XOF,0.01,A,GNB_EHCVM2021_LEGACY_v1,
dataflow,WB.AFW360:AFW360_HH(0.3.0),R,A,GNB,_T,SURVEY,EN_ELEC_SPEND,_Z,_Z,_T,QUINT_Q3,_T,_T,_T,_T,_Z,_Z,_Z,_Z,_Z,2021,12146.92,,,,,,,,,EN_ELEC_SPEND,XOF,0.01,A,GNB_EHCVM2021_LEGACY_v1,
dataflow,WB.AFW360:AFW360_HH(0.3.0),R,A,GNB,_T,SURVEY,EN_ELEC_SPEND,_Z,_Z,_T,QUINT_Q4,_T,_T,_T,_T,_Z,_Z,_Z,_Z,_Z,2021,14634.03,,,,,,,,,EN_ELEC_SPEND,XOF,0.01,A,GNB_EHCVM2021_LEGACY_v1,
dataflow,WB.AFW360:AFW360_HH(0.3.0),R,A,GNB,_T,SURVEY,EN_ELEC_SPEND,_Z,_Z,_T,QUINT_Q5,_T,_T,_T,_T,_Z,_Z,_Z,_Z,_Z,2021,15426.35,,,,,,,,,EN_ELEC_SPEND,XOF,0.01,A,GNB_EHCVM2021_LEGACY_v1,
dataflow,WB.AFW360:AFW360_HH(0.3.0),R,A,GNB,_T,SURVEY,EN_ELEC_SPEND,_Z,_Z,_T,_T,_T,_T,_T,_T,_Z,_Z,_Z,_Z,_Z,2021,14608.7,,,,,,,,,EN_ELEC_SPEND,XOF,0.01,A,GNB_EHCVM2021_LEGACY_v1,
dataflow,WB.AFW360:AFW360_HH(0.3.0),R,A,GNB,_T,SURVEY,EN_GRID_CONN,_Z,_Z,OU,_T,_T,_T,_T,_T,_Z,_Z,_Z,_Z,_Z,2021,0.55,,,,,,,,,EN_GRID_CONN,SHARE,0.01,A,GNB_EHCVM2021_LEGACY_v1,
dataflow,WB.AFW360:AFW360_HH(0.3.0),R,A,GNB,_T,SURVEY,EN_GRID_CONN,_Z,_Z,R,_T,_T,_T,_T,_T,_Z,_Z,_Z,_Z,_Z,2021,0.01,,,,,,,,,EN_GRID_CONN,SHARE,0.01,A,GNB_EHCVM2021_LEGACY_v1,
dataflow,WB.AFW360:AFW360_HH(0.3.0),R,A,GNB,_T,SURVEY,EN_GRID_CONN,_Z,_Z,_T,HHH_AGE_GE35,_T,_T,_T,_T,_Z,_Z,_Z,_Z,_Z,2021,0.28,,,,,,,,,EN_GRID_CONN,SHARE,0.01,A,GNB_EHCVM2021_LEGACY_v1,
dataflow,WB.AFW360:AFW360_HH(0.3.0),R,A,GNB,_T,SURVEY,EN_GRID_CONN,_Z,_Z,_T,HHH_AGE_LT35,_T,_T,_T,_T,_Z,_Z,_Z,_Z,_Z,2021,0.24,,,,,,,,,EN_GRID_CONN,SHARE,0.01,A,GNB_EHCVM2021_LEGACY_v1,
dataflow,WB.AFW360:AFW360_HH(0.3.0),R,A,GNB,_T,SURVEY,EN_GRID_CONN,_Z,_Z,_T,HHH_SEX_F,_T,_T,_T,_T,_Z,_Z,_Z,_Z,_Z,2021,0.45,,,,,,,,,EN_GRID_CONN,SHARE,0.01,A,GNB_EHCVM2021_LEGACY_v1,
dataflow,WB.AFW360:AFW360_HH(0.3.0),R,A,GNB,_T,SURVEY,EN_GRID_CONN,_Z,_Z,_T,HHH_SEX_M,_T,_T,_T,_T,_Z,_Z,_Z,_Z,_Z,2021,0.23,,,,,,,,,EN_GRID_CONN,SHARE,0.01,A,GNB_EHCVM2021_LEGACY_v1,
dataflow,WB.AFW360:AFW360_HH(0.3.0),R,A,GNB,_T,SURVEY,EN_GRID_CONN,_Z,_Z,_T,QUINT_Q1,_T,_T,_T,_T,_Z,_Z,_Z,_Z,_Z,2021,0.03,,,,,,,,,EN_GRID_CONN,SHARE,0.01,A,GNB_EHCVM2021_LEGACY_v1,
dataflow,WB.AFW360:AFW360_HH(0.3.0),R,A,GNB,_T,SURVEY,EN_GRID_CONN,_Z,_Z,_T,QUINT_Q2,_T,_T,_T,_T,_Z,_Z,_Z,_Z,_Z,2021,0.11,,,,,,,,,EN_GRID_CONN,SHARE,0.01,A,GNB_EHCVM2021_LEGACY_v1,
dataflow,WB.AFW360:AFW360_HH(0.3.0),R,A,GNB,_T,SURVEY,EN_GRID_CONN,_Z,_Z,_T,QUINT_Q3,_T,_T,_T,_T,_Z,_Z,_Z,_Z,_Z,2021,0.16,,,,,,,,,EN_GRID_CONN,SHARE,0.01,A,GNB_EHCVM2021_LEGACY_v1,
dataflow,WB.AFW360:AFW360_HH(0.3.0),R,A,GNB,_T,SURVEY,EN_GRID_CONN,_Z,_Z,_T,QUINT_Q4,_T,_T,_T,_T,_Z,_Z,_Z,_Z,_Z,2021,0.34,,,,,,,,,EN_GRID_CONN,SHARE,0.01,A,GNB_EHCVM2021_LEGACY_v1,
dataflow,WB.AFW360:AFW360_HH(0.3.0),R,A,GNB,_T,SURVEY,EN_GRID_CONN,_Z,_Z,_T,QUINT_Q5,_T,_T,_T,_T,_Z,_Z,_Z,_Z,_Z,2021,0.61,,,,,,,,,EN_GRID_CONN,SHARE,0.01,A,GNB_EHCVM2021_LEGACY_v1,
dataflow,WB.AFW360:AFW360_HH(0.3.0),R,A,GNB,_T,SURVEY,EN_GRID_CONN,_Z,_Z,_T,_T,_T,_T,_T,_T,_Z,_Z,_Z,_Z,_Z,2021,0.27,,,,,,,,,EN_GRID_CONN,SHARE,0.01,A,GNB_EHCVM2021_LEGACY_v1,
dataflow,WB.AFW360:AFW360_HH(0.3.0),R,A,GNB,_T,SURVEY,EN_GRID_USE,_Z,_Z,OU,_T,_T,_T,_T,_T,_Z,_Z,_Z,_Z,_Z,2021,0.61,,,,,,,,,EN_GRID_USE,SHARE,0.01,A,GNB_EHCVM2021_LEGACY_v1,
dataflow,WB.AFW360:AFW360_HH(0.3.0),R,A,GNB,_T,SURVEY,EN_GRID_USE,_Z,_Z,R,_T,_T,_T,_T,_T,_Z,_Z,_Z,_Z,_Z,2021,0.01,,,,,,,,,EN_GRID_USE,SHARE,0.01,A,GNB_EHCVM2021_LEGACY_v1,
dataflow,WB.AFW360:AFW360_HH(0.3.0),R,A,GNB,_T,SURVEY,EN_GRID_USE,_Z,_Z,_T,HHH_AGE_GE35,_T,_T,_T,_T,_Z,_Z,_Z,_Z,_Z,2021,0.26,,,,,,,,,EN_GRID_USE,SHARE,0.01,A,GNB_EHCVM2021_LEGACY_v1,
dataflow,WB.AFW360:AFW360_HH(0.3.0),R,A,GNB,_T,SURVEY,EN_GRID_USE,_Z,_Z,_T,HHH_AGE_LT35,_T,_T,_T,_T,_Z,_Z,_Z,_Z,_Z,2021,0.25,,,,,,,,,EN_GRID_USE,SHARE,0.01,A,GNB_EHCVM2021_LEGACY_v1,
dataflow,WB.AFW360:AFW360_HH(0.3.0),R,A,GNB,_T,SURVEY,EN_GRID_USE,_Z,_Z,_T,HHH_SEX_F,_T,_T,_T,_T,_Z,_Z,_Z,_Z,_Z,2021,0.43,,,,,,,,,EN_GRID_USE,SHARE,0.01,A,GNB_EHCVM2021_LEGACY_v1,
dataflow,WB.AFW360:AFW360_HH(0.3.0),R,A,GNB,_T,SURVEY,EN_GRID_USE,_Z,_Z,_T,HHH_SEX_M,_T,_T,_T,_T,_Z,_Z,_Z,_Z,_Z,2021,0.22,,,,,,,,,EN_GRID_USE,SHARE,0.01,A,GNB_EHCVM2021_LEGACY_v1,
dataflow,WB.AFW360:AFW360_HH(0.3.0),R,A,GNB,_T,SURVEY,EN_GRID_USE,_Z,_Z,_T,QUINT_Q1,_T,_T,_T,_T,_Z,_Z,_Z,_Z,_Z,2021,0.03,,,,,,,,,EN_GRID_USE,SHARE,0.01,A,GNB_EHCVM2021_LEGACY_v1,
dataflow,WB.AFW360:AFW360_HH(0.3.0),R,A,GNB,_T,SURVEY,EN_GRID_USE,_Z,_Z,_T,QUINT_Q2,_T,_T,_T,_T,_Z,_Z,_Z,_Z,_Z,2021,0.11,,,,,,,,,EN_GRID_USE,SHARE,0.01,A,GNB_EHCVM2021_LEGACY_v1,
dataflow,WB.AFW360:AFW360_HH(0.3.0),R,A,GNB,_T,SURVEY,EN_GRID_USE,_Z,_Z,_T,QUINT_Q3,_T,_T,_T,_T,_Z,_Z,_Z,_Z,_Z,2021,0.21,,,,,,,,,EN_GRID_USE,SHARE,0.01,A,GNB_EHCVM2021_LEGACY_v1,
dataflow,WB.AFW360:AFW360_HH(0.3.0),R,A,GNB,_T,SURVEY,EN_GRID_USE,_Z,_Z,_T,QUINT_Q4,_T,_T,_T,_T,_Z,_Z,_Z,_Z,_Z,2021,0.35,,,,,,,,,EN_GRID_USE,SHARE,0.01,A,GNB_EHCVM2021_LEGACY_v1,
dataflow,WB.AFW360:AFW360_HH(0.3.0),R,A,GNB,_T,SURVEY,EN_GRID_USE,_Z,_Z,_T,QUINT_Q5,_T,_T,_T,_T,_Z,_Z,_Z,_Z,_Z,2021,0.59,,,,,,,,,EN_GRID_USE,SHARE,0.01,A,GNB_EHCVM2021_LEGACY_v1,
dataflow,WB.AFW360:AFW360_HH(0.3.0),R,A,GNB,_T,SURVEY,EN_GRID_USE,_Z,_Z,_T,_T,_T,_T,_T,_T,_Z,_Z,_Z,_Z,_Z,2021,0.26,,,,,,,,,EN_GRID_USE,SHARE,0.01,A,GNB_EHCVM2021_LEGACY_v1,
dataflow,WB.AFW360:AFW360_HH(0.3.0),R,A,GNB,_T,SURVEY,EN_LIGHT_IMPROVED,_Z,_Z,OU,_T,_T,_T,_T,_T,_Z,_Z,_Z,_Z,_Z,2021,0.63,,,,,,,,,EN_LIGHT_IMPROVED,SHARE,0.01,A,GNB_EHCVM2021_LEGACY_v1,
dataflow,WB.AFW360:AFW360_HH(0.3.0),R,A,GNB,_T,SURVEY,EN_LIGHT_IMPROVED,_Z,_Z,R,_T,_T,_T,_T,_T,_Z,_Z,_Z,_Z,_Z,2021,0.02,,,,,,,,,EN_LIGHT_IMPROVED,SHARE,0.01,A,GNB_EHCVM2021_LEGACY_v1,
dataflow,WB.AFW360:AFW360_HH(0.3.0),R,A,GNB,_T,SURVEY,EN_LIGHT_IMPROVED,_Z,_Z,_T,HHH_AGE_GE35,_T,_T,_T,_T,_Z,_Z,_Z,_Z,_Z,2021,0.32,,,,,,,,,EN_LIGHT_IMPROVED,SHARE,0.01,A,GNB_EHCVM2021_LEGACY_v1,
dataflow,WB.AFW360:AFW360_HH(0.3.0),R,A,GNB,_T,SURVEY,EN_LIGHT_IMPROVED,_Z,_Z,_T,HHH_AGE_LT35,_T,_T,_T,_T,_Z,_Z,_Z,_Z,_Z,2021,0.28,,,,,,,,,EN_LIGHT_IMPROVED,SHARE,0.01,A,GNB_EHCVM2021_LEGACY_v1,
dataflow,WB.AFW360:AFW360_HH(0.3.0),R,A,GNB,_T,SURVEY,EN_LIGHT_IMPROVED,_Z,_Z,_T,HHH_SEX_F,_T,_T,_T,_T,_Z,_Z,_Z,_Z,_Z,2021,0.5,,,,,,,,,EN_LIGHT_IMPROVED,SHARE,0.01,A,GNB_EHCVM2021_LEGACY_v1,
dataflow,WB.AFW360:AFW360_HH(0.3.0),R,A,GNB,_T,SURVEY,EN_LIGHT_IMPROVED,_Z,_Z,_T,HHH_SEX_M,_T,_T,_T,_T,_Z,_Z,_Z,_Z,_Z,2021,0.26,,,,,,,,,EN_LIGHT_IMPROVED,SHARE,0.01,A,GNB_EHCVM2021_LEGACY_v1,
dataflow,WB.AFW360:AFW360_HH(0.3.0),R,A,GNB,_T,SURVEY,EN_LIGHT_IMPROVED,_Z,_Z,_T,QUINT_Q1,_T,_T,_T,_T,_Z,_Z,_Z,_Z,_Z,2021,0.03,,,,,,,,,EN_LIGHT_IMPROVED,SHARE,0.01,A,GNB_EHCVM2021_LEGACY_v1,
dataflow,WB.AFW360:AFW360_HH(0.3.0),R,A,GNB,_T,SURVEY,EN_LIGHT_IMPROVED,_Z,_Z,_T,QUINT_Q2,_T,_T,_T,_T,_Z,_Z,_Z,_Z,_Z,2021,0.13,,,,,,,,,EN_LIGHT_IMPROVED,SHARE,0.01,A,GNB_EHCVM2021_LEGACY_v1,
dataflow,WB.AFW360:AFW360_HH(0.3.0),R,A,GNB,_T,SURVEY,EN_LIGHT_IMPROVED,_Z,_Z,_T,QUINT_Q3,_T,_T,_T,_T,_Z,_Z,_Z,_Z,_Z,2021,0.2,,,,,,,,,EN_LIGHT_IMPROVED,SHARE,0.01,A,GNB_EHCVM2021_LEGACY_v1,
dataflow,WB.AFW360:AFW360_HH(0.3.0),R,A,GNB,_T,SURVEY,EN_LIGHT_IMPROVED,_Z,_Z,_T,QUINT_Q4,_T,_T,_T,_T,_Z,_Z,_Z,_Z,_Z,2021,0.41,,,,,,,,,EN_LIGHT_IMPROVED,SHARE,0.01,A,GNB_EHCVM2021_LEGACY_v1,
dataflow,WB.AFW360:AFW360_HH(0.3.0),R,A,GNB,_T,SURVEY,EN_LIGHT_IMPROVED,_Z,_Z,_T,QUINT_Q5,_T,_T,_T,_T,_Z,_Z,_Z,_Z,_Z,2021,0.66,,,,,,,,,EN_LIGHT_IMPROVED,SHARE,0.01,A,GNB_EHCVM2021_LEGACY_v1,
dataflow,WB.AFW360:AFW360_HH(0.3.0),R,A,GNB,_T,SURVEY,EN_LIGHT_IMPROVED,_Z,_Z,_T,_T,_T,_T,_T,_T,_Z,_Z,_Z,_Z,_Z,2021,0.31,,,,,,,,,EN_LIGHT_IMPROVED,SHARE,0.01,A,GNB_EHCVM2021_LEGACY_v1,
dataflow,WB.AFW360:AFW360_HH(0.3.0),R,A,GNB,_T,SURVEY,EN_OFFGRID_USE,_Z,_Z,OU,_T,_T,_T,_T,_T,_Z,_Z,_Z,_Z,_Z,2021,0.18,,,,,,,,,EN_OFFGRID_USE,SHARE,0.01,A,GNB_EHCVM2021_LEGACY_v1,
dataflow,WB.AFW360:AFW360_HH(0.3.0),R,A,GNB,_T,SURVEY,EN_OFFGRID_USE,_Z,_Z,R,_T,_T,_T,_T,_T,_Z,_Z,_Z,_Z,_Z,2021,0.67,,,,,,,,,EN_OFFGRID_USE,SHARE,0.01,A,GNB_EHCVM2021_LEGACY_v1,
dataflow,WB.AFW360:AFW360_HH(0.3.0),R,A,GNB,_T,SURVEY,EN_OFFGRID_USE,_Z,_Z,_T,HHH_AGE_GE35,_T,_T,_T,_T,_Z,_Z,_Z,_Z,_Z,2021,0.46,,,,,,,,,EN_OFFGRID_USE,SHARE,0.01,A,GNB_EHCVM2021_LEGACY_v1,
dataflow,WB.AFW360:AFW360_HH(0.3.0),R,A,GNB,_T,SURVEY,EN_OFFGRID_USE,_Z,_Z,_T,HHH_AGE_LT35,_T,_T,_T,_T,_Z,_Z,_Z,_Z,_Z,2021,0.48,,,,,,,,,EN_OFFGRID_USE,SHARE,0.01,A,GNB_EHCVM2021_LEGACY_v1,
dataflow,WB.AFW360:AFW360_HH(0.3.0),R,A,GNB,_T,SURVEY,EN_OFFGRID_USE,_Z,_Z,_T,HHH_SEX_F,_T,_T,_T,_T,_Z,_Z,_Z,_Z,_Z,2021,0.28,,,,,,,,,EN_OFFGRID_USE,SHARE,0.01,A,GNB_EHCVM2021_LEGACY_v1,
dataflow,WB.AFW360:AFW360_HH(0.3.0),R,A,GNB,_T,SURVEY,EN_OFFGRID_USE,_Z,_Z,_T,HHH_SEX_M,_T,_T,_T,_T,_Z,_Z,_Z,_Z,_Z,2021,0.51,,,,,,,,,EN_OFFGRID_USE,SHARE,0.01,A,GNB_EHCVM2021_LEGACY_v1,
dataflow,WB.AFW360:AFW360_HH(0.3.0),R,A,GNB,_T,SURVEY,EN_OFFGRID_USE,_Z,_Z,_T,QUINT_Q1,_T,_T,_T,_T,_Z,_Z,_Z,_Z,_Z,2021,0.67,,,,,,,,,EN_OFFGRID_USE,SHARE,0.01,A,GNB_EHCVM2021_LEGACY_v1,
dataflow,WB.AFW360:AFW360_HH(0.3.0),R,A,GNB,_T,SURVEY,EN_OFFGRID_USE,_Z,_Z,_T,QUINT_Q2,_T,_T,_T,_T,_Z,_Z,_Z,_Z,_Z,2021,0.56,,,,,,,,,EN_OFFGRID_USE,SHARE,0.01,A,GNB_EHCVM2021_LEGACY_v1,
dataflow,WB.AFW360:AFW360_HH(0.3.0),R,A,GNB,_T,SURVEY,EN_OFFGRID_USE,_Z,_Z,_T,QUINT_Q3,_T,_T,_T,_T,_Z,_Z,_Z,_Z,_Z,2021,0.5,,,,,,,,,EN_OFFGRID_USE,SHARE,0.01,A,GNB_EHCVM2021_LEGACY_v1,
dataflow,WB.AFW360:AFW360_HH(0.3.0),R,A,GNB,_T,SURVEY,EN_OFFGRID_USE,_Z,_Z,_T,QUINT_Q4,_T,_T,_T,_T,_Z,_Z,_Z,_Z,_Z,2021,0.37,,,,,,,,,EN_OFFGRID_USE,SHARE,0.01,A,GNB_EHCVM2021_LEGACY_v1,
dataflow,WB.AFW360:AFW360_HH(0.3.0),R,A,GNB,_T,SURVEY,EN_OFFGRID_USE,_Z,_Z,_T,QUINT_Q5,_T,_T,_T,_T,_Z,_Z,_Z,_Z,_Z,2021,0.24,,,,,,,,,EN_OFFGRID_USE,SHARE,0.01,A,GNB_EHCVM2021_LEGACY_v1,
dataflow,WB.AFW360:AFW360_HH(0.3.0),R,A,GNB,_T,SURVEY,EN_OFFGRID_USE,_Z,_Z,_T,_T,_T,_T,_T,_T,_Z,_Z,_Z,_Z,_Z,2021,0.47,,,,,,,,,EN_OFFGRID_USE,SHARE,0.01,A,GNB_EHCVM2021_LEGACY_v1,
dataflow,WB.AFW360:AFW360_HH(0.3.0),R,A,GNB,_T,SURVEY,EN_OUTAGE_ANY,_Z,_Z,OU,_T,_T,_T,_T,_T,_Z,_Z,_Z,_Z,_Z,2021,0.29,,,,,,,,,EN_OUTAGE_ANY,SHARE,0.01,A,GNB_EHCVM2021_LEGACY_v1,
dataflow,WB.AFW360:AFW360_HH(0.3.0),R,A,GNB,_T,SURVEY,EN_OUTAGE_ANY,_Z,_Z,R,_T,_T,_T,_T,_T,_Z,_Z,_Z,_Z,_Z,2021,0.27,,,,,,,,,EN_OUTAGE_ANY,SHARE,0.01,A,GNB_EHCVM2021_LEGACY_v1,
dataflow,WB.AFW360:AFW360_HH(0.3.0),R,A,GNB,_T,SURVEY,EN_OUTAGE_ANY,_Z,_Z,_T,HHH_AGE_GE35,_T,_T,_T,_T,_Z,_Z,_Z,_Z,_Z,2021,0.3,,,,,,,,,EN_OUTAGE_ANY,SHARE,0.01,A,GNB_EHCVM2021_LEGACY_v1,
dataflow,WB.AFW360:AFW360_HH(0.3.0),R,A,GNB,_T,SURVEY,EN_OUTAGE_ANY,_Z,_Z,_T,HHH_AGE_LT35,_T,_T,_T,_T,_Z,_Z,_Z,_Z,_Z,2021,0.23,,,,,,,,,EN_OUTAGE_ANY,SHARE,0.01,A,GNB_EHCVM2021_LEGACY_v1,
dataflow,WB.AFW360:AFW360_HH(0.3.0),R,A,GNB,_T,SURVEY,EN_OUTAGE_ANY,_Z,_Z,_T,HHH_SEX_F,_T,_T,_T,_T,_Z,_Z,_Z,_Z,_Z,2021,0.3,,,,,,,,,EN_OUTAGE_ANY,SHARE,0.01,A,GNB_EHCVM2021_LEGACY_v1,
dataflow,WB.AFW360:AFW360_HH(0.3.0),R,A,GNB,_T,SURVEY,EN_OUTAGE_ANY,_Z,_Z,_T,HHH_SEX_M,_T,_T,_T,_T,_Z,_Z,_Z,_Z,_Z,2021,0.28,,,,,,,,,EN_OUTAGE_ANY,SHARE,0.01,A,GNB_EHCVM2021_LEGACY_v1,
dataflow,WB.AFW360:AFW360_HH(0.3.0),R,A,GNB,_T,SURVEY,EN_OUTAGE_ANY,_Z,_Z,_T,QUINT_Q1,_T,_T,_T,_T,_Z,_Z,_Z,_Z,_Z,2021,0.34,,,,,,,,,EN_OUTAGE_ANY,SHARE,0.01,A,GNB_EHCVM2021_LEGACY_v1,
dataflow,WB.AFW360:AFW360_HH(0.3.0),R,A,GNB,_T,SURVEY,EN_OUTAGE_ANY,_Z,_Z,_T,QUINT_Q2,_T,_T,_T,_T,_Z,_Z,_Z,_Z,_Z,2021,0.41,,,,,,,,,EN_OUTAGE_ANY,SHARE,0.01,A,GNB_EHCVM2021_LEGACY_v1,
dataflow,WB.AFW360:AFW360_HH(0.3.0),R,A,GNB,_T,SURVEY,EN_OUTAGE_ANY,_Z,_Z,_T,QUINT_Q3,_T,_T,_T,_T,_Z,_Z,_Z,_Z,_Z,2021,0.1,,,,,,,,,EN_OUTAGE_ANY,SHARE,0.01,A,GNB_EHCVM2021_LEGACY_v1,
dataflow,WB.AFW360:AFW360_HH(0.3.0),R,A,GNB,_T,SURVEY,EN_OUTAGE_ANY,_Z,_Z,_T,QUINT_Q4,_T,_T,_T,_T,_Z,_Z,_Z,_Z,_Z,2021,0.27,,,,,,,,,EN_OUTAGE_ANY,SHARE,0.01,A,GNB_EHCVM2021_LEGACY_v1,
dataflow,WB.AFW360:AFW360_HH(0.3.0),R,A,GNB,_T,SURVEY,EN_OUTAGE_ANY,_Z,_Z,_T,QUINT_Q5,_T,_T,_T,_T,_Z,_Z,_Z,_Z,_Z,2021,0.33,,,,,,,,,EN_OUTAGE_ANY,SHARE,0.01,A,GNB_EHCVM2021_LEGACY_v1,
dataflow,WB.AFW360:AFW360_HH(0.3.0),R,A,GNB,_T,SURVEY,EN_OUTAGE_ANY,_Z,_Z,_T,_T,_T,_T,_T,_T,_Z,_Z,_Z,_Z,_Z,2021,0.29,,,,,,,,,EN_OUTAGE_ANY,SHARE,0.01,A,GNB_EHCVM2021_LEGACY_v1,
dataflow,WB.AFW360:AFW360_HH(0.3.0),R,A,GNB,_T,SURVEY,EN_OUTAGE_DAYS,_Z,_Z,OU,_T,_T,_T,_T,_T,_Z,_Z,_Z,_Z,_Z,2021,2.32,,,,,,,,,EN_OUTAGE_DAYS,DAY,0.01,A,GNB_EHCVM2021_LEGACY_v1,
dataflow,WB.AFW360:AFW360_HH(0.3.0),R,A,GNB,_T,SURVEY,EN_OUTAGE_DAYS,_Z,_Z,R,_T,_T,_T,_T,_T,_Z,_Z,_Z,_Z,_Z,2021,4.07,,,,,,,,,EN_OUTAGE_DAYS,DAY,0.01,A,GNB_EHCVM2021_LEGACY_v1,
dataflow,WB.AFW360:AFW360_HH(0.3.0),R,A,GNB,_T,SURVEY,EN_OUTAGE_DAYS,_Z,_Z,_T,HHH_AGE_GE35,_T,_T,_T,_T,_Z,_Z,_Z,_Z,_Z,2021,2.39,,,,,,,,,EN_OUTAGE_DAYS,DAY,0.01,A,GNB_EHCVM2021_LEGACY_v1,
dataflow,WB.AFW360:AFW360_HH(0.3.0),R,A,GNB,_T,SURVEY,EN_OUTAGE_DAYS,_Z,_Z,_T,HHH_AGE_LT35,_T,_T,_T,_T,_Z,_Z,_Z,_Z,_Z,2021,2.19,,,,,,,,,EN_OUTAGE_DAYS,DAY,0.01,A,GNB_EHCVM2021_LEGACY_v1,
dataflow,WB.AFW360:AFW360_HH(0.3.0),R,A,GNB,_T,SURVEY,EN_OUTAGE_DAYS,_Z,_Z,_T,HHH_SEX_F,_T,_T,_T,_T,_Z,_Z,_Z,_Z,_Z,2021,2.38,,,,,,,,,EN_OUTAGE_DAYS,DAY,0.01,A,GNB_EHCVM2021_LEGACY_v1,
dataflow,WB.AFW360:AFW360_HH(0.3.0),R,A,GNB,_T,SURVEY,EN_OUTAGE_DAYS,_Z,_Z,_T,HHH_SEX_M,_T,_T,_T,_T,_Z,_Z,_Z,_Z,_Z,2021,2.36,,,,,,,,,EN_OUTAGE_DAYS,DAY,0.01,A,GNB_EHCVM2021_LEGACY_v1,
dataflow,WB.AFW360:AFW360_HH(0.3.0),R,A,GNB,_T,SURVEY,EN_OUTAGE_DAYS,_Z,_Z,_T,QUINT_Q1,_T,_T,_T,_T,_Z,_Z,_Z,_Z,_Z,2021,7,,,,,,,,,EN_OUTAGE_DAYS,DAY,0.01,A,GNB_EHCVM2021_LEGACY_v1,
dataflow,WB.AFW360:AFW360_HH(0.3.0),R,A,GNB,_T,SURVEY,EN_OUTAGE_DAYS,_Z,_Z,_T,QUINT_Q2,_T,_T,_T,_T,_Z,_Z,_Z,_Z,_Z,2021,2.47,,,,,,,,,EN_OUTAGE_DAYS,DAY,0.01,A,GNB_EHCVM2021_LEGACY_v1,
dataflow,WB.AFW360:AFW360_HH(0.3.0),R,A,GNB,_T,SURVEY,EN_OUTAGE_DAYS,_Z,_Z,_T,QUINT_Q3,_T,_T,_T,_T,_Z,_Z,_Z,_Z,_Z,2021,2,,,,,,,,,EN_OUTAGE_DAYS,DAY,0.01,A,GNB_EHCVM2021_LEGACY_v1,
dataflow,WB.AFW360:AFW360_HH(0.3.0),R,A,GNB,_T,SURVEY,EN_OUTAGE_DAYS,_Z,_Z,_T,QUINT_Q4,_T,_T,_T,_T,_Z,_Z,_Z,_Z,_Z,2021,2.23,,,,,,,,,EN_OUTAGE_DAYS,DAY,0.01,A,GNB_EHCVM2021_LEGACY_v1,
dataflow,WB.AFW360:AFW360_HH(0.3.0),R,A,GNB,_T,SURVEY,EN_OUTAGE_DAYS,_Z,_Z,_T,QUINT_Q5,_T,_T,_T,_T,_Z,_Z,_Z,_Z,_Z,2021,2.26,,,,,,,,,EN_OUTAGE_DAYS,DAY,0.01,A,GNB_EHCVM2021_LEGACY_v1,
dataflow,WB.AFW360:AFW360_HH(0.3.0),R,A,GNB,_T,SURVEY,EN_OUTAGE_DAYS,_Z,_Z,_T,_T,_T,_T,_T,_T,_Z,_Z,_Z,_Z,_Z,2021,2.37,,,,,,,,,EN_OUTAGE_DAYS,DAY,0.01,A,GNB_EHCVM2021_LEGACY_v1,
dataflow,WB.AFW360:AFW360_HH(0.3.0),R,A,GNB,_T,SURVEY,EN_OUTAGE_DUR_CODE,_Z,_Z,OU,_T,_T,_T,_T,_T,_Z,_Z,_Z,_Z,_Z,2021,2.8,,,,,,,,,EN_OUTAGE_DUR_CODE,INDEX,0.01,A,GNB_EHCVM2021_LEGACY_v1,
dataflow,WB.AFW360:AFW360_HH(0.3.0),R,A,GNB,_T,SURVEY,EN_OUTAGE_DUR_CODE,_Z,_Z,R,_T,_T,_T,_T,_T,_Z,_Z,_Z,_Z,_Z,2021,2.18,,,,,,,,,EN_OUTAGE_DUR_CODE,INDEX,0.01,A,GNB_EHCVM2021_LEGACY_v1,
dataflow,WB.AFW360:AFW360_HH(0.3.0),R,A,GNB,_T,SURVEY,EN_OUTAGE_DUR_CODE,_Z,_Z,_T,HHH_AGE_GE35,_T,_T,_T,_T,_Z,_Z,_Z,_Z,_Z,2021,2.69,,,,,,,,,EN_OUTAGE_DUR_CODE,INDEX,0.01,A,GNB_EHCVM2021_LEGACY_v1,
dataflow,WB.AFW360:AFW360_HH(0.3.0),R,A,GNB,_T,SURVEY,EN_OUTAGE_DUR_CODE,_Z,_Z,_T,HHH_AGE_LT35,_T,_T,_T,_T,_Z,_Z,_Z,_Z,_Z,2021,3.57,,,,,,,,,EN_OUTAGE_DUR_CODE,INDEX,0.01,A,GNB_EHCVM2021_LEGACY_v1,
dataflow,WB.AFW360:AFW360_HH(0.3.0),R,A,GNB,_T,SURVEY,EN_OUTAGE_DUR_CODE,_Z,_Z,_T,HHH_SEX_F,_T,_T,_T,_T,_Z,_Z,_Z,_Z,_Z,2021,2.37,,,,,,,,,EN_OUTAGE_DUR_CODE,INDEX,0.01,A,GNB_EHCVM2021_LEGACY_v1,
dataflow,WB.AFW360:AFW360_HH(0.3.0),R,A,GNB,_T,SURVEY,EN_OUTAGE_DUR_CODE,_Z,_Z,_T,HHH_SEX_M,_T,_T,_T,_T,_Z,_Z,_Z,_Z,_Z,2021,3.04,,,,,,,,,EN_OUTAGE_DUR_CODE,INDEX,0.01,A,GNB_EHCVM2021_LEGACY_v1,
dataflow,WB.AFW360:AFW360_HH(0.3.0),R,A,GNB,_T,SURVEY,EN_OUTAGE_DUR_CODE,_Z,_Z,_T,QUINT_Q1,_T,_T,_T,_T,_Z,_Z,_Z,_Z,_Z,2021,NaN,,,,,,,,,EN_OUTAGE_DUR_CODE,INDEX,0.01,O,GNB_EHCVM2021_LEGACY_v1,"LEGACY_EMPTY: empty cell in sheet 'National', column 'estimateQ1'"
dataflow,WB.AFW360:AFW360_HH(0.3.0),R,A,GNB,_T,SURVEY,EN_OUTAGE_DUR_CODE,_Z,_Z,_T,QUINT_Q2,_T,_T,_T,_T,_Z,_Z,_Z,_Z,_Z,2021,2.61,,,,,,,,,EN_OUTAGE_DUR_CODE,INDEX,0.01,A,GNB_EHCVM2021_LEGACY_v1,
dataflow,WB.AFW360:AFW360_HH(0.3.0),R,A,GNB,_T,SURVEY,EN_OUTAGE_DUR_CODE,_Z,_Z,_T,QUINT_Q3,_T,_T,_T,_T,_Z,_Z,_Z,_Z,_Z,2021,3.91,,,,,,,,,EN_OUTAGE_DUR_CODE,INDEX,0.01,A,GNB_EHCVM2021_LEGACY_v1,
dataflow,WB.AFW360:AFW360_HH(0.3.0),R,A,GNB,_T,SURVEY,EN_OUTAGE_DUR_CODE,_Z,_Z,_T,QUINT_Q4,_T,_T,_T,_T,_Z,_Z,_Z,_Z,_Z,2021,2.36,,,,,,,,,EN_OUTAGE_DUR_CODE,INDEX,0.01,A,GNB_EHCVM2021_LEGACY_v1,
dataflow,WB.AFW360:AFW360_HH(0.3.0),R,A,GNB,_T,SURVEY,EN_OUTAGE_DUR_CODE,_Z,_Z,_T,QUINT_Q5,_T,_T,_T,_T,_Z,_Z,_Z,_Z,_Z,2021,2.9,,,,,,,,,EN_OUTAGE_DUR_CODE,INDEX,0.01,A,GNB_EHCVM2021_LEGACY_v1,
dataflow,WB.AFW360:AFW360_HH(0.3.0),R,A,GNB,_T,SURVEY,EN_OUTAGE_DUR_CODE,_Z,_Z,_T,_T,_T,_T,_T,_T,_Z,_Z,_Z,_Z,_Z,2021,2.78,,,,,,,,,EN_OUTAGE_DUR_CODE,INDEX,0.01,A,GNB_EHCVM2021_LEGACY_v1,
dataflow,WB.AFW360:AFW360_HH(0.3.0),R,A,GNB,_T,SURVEY,EN_PREPAID_METER,_Z,_Z,OU,_T,_T,_T,_T,_T,_Z,_Z,_Z,_Z,_Z,2021,0.61,,,,,,,,,EN_PREPAID_METER,SHARE,0.01,A,GNB_EHCVM2021_LEGACY_v1,
dataflow,WB.AFW360:AFW360_HH(0.3.0),R,A,GNB,_T,SURVEY,EN_PREPAID_METER,_Z,_Z,R,_T,_T,_T,_T,_T,_Z,_Z,_Z,_Z,_Z,2021,0.44,,,,,,,,,EN_PREPAID_METER,SHARE,0.01,A,GNB_EHCVM2021_LEGACY_v1,
dataflow,WB.AFW360:AFW360_HH(0.3.0),R,A,GNB,_T,SURVEY,EN_PREPAID_METER,_Z,_Z,_T,HHH_AGE_GE35,_T,_T,_T,_T,_Z,_Z,_Z,_Z,_Z,2021,0.59,,,,,,,,,EN_PREPAID_METER,SHARE,0.01,A,GNB_EHCVM2021_LEGACY_v1,
dataflow,WB.AFW360:AFW360_HH(0.3.0),R,A,GNB,_T,SURVEY,EN_PREPAID_METER,_Z,_Z,_T,HHH_AGE_LT35,_T,_T,_T,_T,_Z,_Z,_Z,_Z,_Z,2021,0.71,,,,,,,,,EN_PREPAID_METER,SHARE,0.01,A,GNB_EHCVM2021_LEGACY_v1,
dataflow,WB.AFW360:AFW360_HH(0.3.0),R,A,GNB,_T,SURVEY,EN_PREPAID_METER,_Z,_Z,_T,HHH_SEX_F,_T,_T,_T,_T,_Z,_Z,_Z,_Z,_Z,2021,0.54,,,,,,,,,EN_PREPAID_METER,SHARE,0.01,A,GNB_EHCVM2021_LEGACY_v1,
dataflow,WB.AFW360:AFW360_HH(0.3.0),R,A,GNB,_T,SURVEY,EN_PREPAID_METER,_Z,_Z,_T,HHH_SEX_M,_T,_T,_T,_T,_Z,_Z,_Z,_Z,_Z,2021,0.64,,,,,,,,,EN_PREPAID_METER,SHARE,0.01,A,GNB_EHCVM2021_LEGACY_v1,
dataflow,WB.AFW360:AFW360_HH(0.3.0),R,A,GNB,_T,SURVEY,EN_PREPAID_METER,_Z,_Z,_T,QUINT_Q1,_T,_T,_T,_T,_Z,_Z,_Z,_Z,_Z,2021,0.55,,,,,,,,,EN_PREPAID_METER,SHARE,0.01,A,GNB_EHCVM2021_LEGACY_v1,
dataflow,WB.AFW360:AFW360_HH(0.3.0),R,A,GNB,_T,SURVEY,EN_PREPAID_METER,_Z,_Z,_T,QUINT_Q2,_T,_T,_T,_T,_Z,_Z,_Z,_Z,_Z,2021,0.51,,,,,,,,,EN_PREPAID_METER,SHARE,0.01,A,GNB_EHCVM2021_LEGACY_v1,
dataflow,WB.AFW360:AFW360_HH(0.3.0),R,A,GNB,_T,SURVEY,EN_PREPAID_METER,_Z,_Z,_T,QUINT_Q3,_T,_T,_T,_T,_Z,_Z,_Z,_Z,_Z,2021,0.61,,,,,,,,,EN_PREPAID_METER,SHARE,0.01,A,GNB_EHCVM2021_LEGACY_v1,
dataflow,WB.AFW360:AFW360_HH(0.3.0),R,A,GNB,_T,SURVEY,EN_PREPAID_METER,_Z,_Z,_T,QUINT_Q4,_T,_T,_T,_T,_Z,_Z,_Z,_Z,_Z,2021,0.59,,,,,,,,,EN_PREPAID_METER,SHARE,0.01,A,GNB_EHCVM2021_LEGACY_v1,
dataflow,WB.AFW360:AFW360_HH(0.3.0),R,A,GNB,_T,SURVEY,EN_PREPAID_METER,_Z,_Z,_T,QUINT_Q5,_T,_T,_T,_T,_Z,_Z,_Z,_Z,_Z,2021,0.63,,,,,,,,,EN_PREPAID_METER,SHARE,0.01,A,GNB_EHCVM2021_LEGACY_v1,
dataflow,WB.AFW360:AFW360_HH(0.3.0),R,A,GNB,_T,SURVEY,EN_PREPAID_METER,_Z,_Z,_T,_T,_T,_T,_T,_T,_Z,_Z,_Z,_Z,_Z,2021,0.61,,,,,,,,,EN_PREPAID_METER,SHARE,0.01,A,GNB_EHCVM2021_LEGACY_v1,
dataflow,WB.AFW360:AFW360_HH(0.3.0),R,A,GNB,_T,SURVEY,HE_ACCOUNTS,_Z,_Z,OU,_T,_T,_T,_T,_T,_Z,_Z,_Z,_Z,_Z,2021,0.07,,,,,,,,,HE_ACCOUNTS,SHARE,0.01,A,GNB_EHCVM2021_LEGACY_v1,
dataflow,WB.AFW360:AFW360_HH(0.3.0),R,A,GNB,_T,SURVEY,HE_ACCOUNTS,_Z,_Z,R,_T,_T,_T,_T,_T,_Z,_Z,_Z,_Z,_Z,2021,0.02,,,,,,,,,HE_ACCOUNTS,SHARE,0.01,A,GNB_EHCVM2021_LEGACY_v1,
dataflow,WB.AFW360:AFW360_HH(0.3.0),R,A,GNB,_T,SURVEY,HE_ACCOUNTS,_Z,_Z,_T,HHH_AGE_GE35,_T,_T,_T,_T,_Z,_Z,_Z,_Z,_Z,2021,0.05,,,,,,,,,HE_ACCOUNTS,SHARE,0.01,A,GNB_EHCVM2021_LEGACY_v1,
dataflow,WB.AFW360:AFW360_HH(0.3.0),R,A,GNB,_T,SURVEY,HE_ACCOUNTS,_Z,_Z,_T,HHH_AGE_LT35,_T,_T,_T,_T,_Z,_Z,_Z,_Z,_Z,2021,0.04,,,,,,,,,HE_ACCOUNTS,SHARE,0.01,A,GNB_EHCVM2021_LEGACY_v1,
dataflow,WB.AFW360:AFW360_HH(0.3.0),R,A,GNB,_T,SURVEY,HE_ACCOUNTS,_Z,_Z,_T,HHH_SEX_F,_T,_T,_T,_T,_Z,_Z,_Z,_Z,_Z,2021,0,,,,,,,,,HE_ACCOUNTS,SHARE,0.01,A,GNB_EHCVM2021_LEGACY_v1,
dataflow,WB.AFW360:AFW360_HH(0.3.0),R,A,GNB,_T,SURVEY,HE_ACCOUNTS,_Z,_Z,_T,HHH_SEX_M,_T,_T,_T,_T,_Z,_Z,_Z,_Z,_Z,2021,0.06,,,,,,,,,HE_ACCOUNTS,SHARE,0.01,A,GNB_EHCVM2021_LEGACY_v1,
dataflow,WB.AFW360:AFW360_HH(0.3.0),R,A,GNB,_T,SURVEY,HE_ACCOUNTS,_Z,_Z,_T,QUINT_Q1,_T,_T,_T,_T,_Z,_Z,_Z,_Z,_Z,2021,0.04,,,,,,,,,HE_ACCOUNTS,SHARE,0.01,A,GNB_EHCVM2021_LEGACY_v1,
dataflow,WB.AFW360:AFW360_HH(0.3.0),R,A,GNB,_T,SURVEY,HE_ACCOUNTS,_Z,_Z,_T,QUINT_Q2,_T,_T,_T,_T,_Z,_Z,_Z,_Z,_Z,2021,0.03,,,,,,,,,HE_ACCOUNTS,SHARE,0.01,A,GNB_EHCVM2021_LEGACY_v1,
dataflow,WB.AFW360:AFW360_HH(0.3.0),R,A,GNB,_T,SURVEY,HE_ACCOUNTS,_Z,_Z,_T,QUINT_Q3,_T,_T,_T,_T,_Z,_Z,_Z,_Z,_Z,2021,0,,,,,,,,,HE_ACCOUNTS,SHARE,0.01,A,GNB_EHCVM2021_LEGACY_v1,
dataflow,WB.AFW360:AFW360_HH(0.3.0),R,A,GNB,_T,SURVEY,HE_ACCOUNTS,_Z,_Z,_T,QUINT_Q4,_T,_T,_T,_T,_Z,_Z,_Z,_Z,_Z,2021,0.07,,,,,,,,,HE_ACCOUNTS,SHARE,0.01,A,GNB_EHCVM2021_LEGACY_v1,
dataflow,WB.AFW360:AFW360_HH(0.3.0),R,A,GNB,_T,SURVEY,HE_ACCOUNTS,_Z,_Z,_T,QUINT_Q5,_T,_T,_T,_T,_Z,_Z,_Z,_Z,_Z,2021,0.08,,,,,,,,,HE_ACCOUNTS,SHARE,0.01,A,GNB_EHCVM2021_LEGACY_v1,
dataflow,WB.AFW360:AFW360_HH(0.3.0),R,A,GNB,_T,SURVEY,HE_ACCOUNTS,_Z,_Z,_T,_T,_T,_T,_T,_T,_Z,_Z,_Z,_Z,_Z,2021,0.05,,,,,,,,,HE_ACCOUNTS,SHARE,0.01,A,GNB_EHCVM2021_LEGACY_v1,
dataflow,WB.AFW360:AFW360_HH(0.3.0),R,A,GNB,_T,SURVEY,HE_AGE,_Z,_Z,OU,_T,_T,_T,_T,_T,_Z,_Z,_Z,_Z,_Z,2021,5.9,,,,,,,,,HE_AGE,YEAR,0.01,A,GNB_EHCVM2021_LEGACY_v1,
dataflow,WB.AFW360:AFW360_HH(0.3.0),R,A,GNB,_T,SURVEY,HE_AGE,_Z,_Z,R,_T,_T,_T,_T,_T,_Z,_Z,_Z,_Z,_Z,2021,6.27,,,,,,,,,HE_AGE,YEAR,0.01,A,GNB_EHCVM2021_LEGACY_v1,
dataflow,WB.AFW360:AFW360_HH(0.3.0),R,A,GNB,_T,SURVEY,HE_AGE,_Z,_Z,_T,HHH_AGE_GE35,_T,_T,_T,_T,_Z,_Z,_Z,_Z,_Z,2021,6.33,,,,,,,,,HE_AGE,YEAR,0.01,A,GNB_EHCVM2021_LEGACY_v1,
dataflow,WB.AFW360:AFW360_HH(0.3.0),R,A,GNB,_T,SURVEY,HE_AGE,_Z,_Z,_T,HHH_AGE_LT35,_T,_T,_T,_T,_Z,_Z,_Z,_Z,_Z,2021,4.29,,,,,,,,,HE_AGE,YEAR,0.01,A,GNB_EHCVM2021_LEGACY_v1,
dataflow,WB.AFW360:AFW360_HH(0.3.0),R,A,GNB,_T,SURVEY,HE_AGE,_Z,_Z,_T,HHH_SEX_F,_T,_T,_T,_T,_Z,_Z,_Z,_Z,_Z,2021,6.12,,,,,,,,,HE_AGE,YEAR,0.01,A,GNB_EHCVM2021_LEGACY_v1,
dataflow,WB.AFW360:AFW360_HH(0.3.0),R,A,GNB,_T,SURVEY,HE_AGE,_Z,_Z,_T,HHH_SEX_M,_T,_T,_T,_T,_Z,_Z,_Z,_Z,_Z,2021,6.02,,,,,,,,,HE_AGE,YEAR,0.01,A,GNB_EHCVM2021_LEGACY_v1,
dataflow,WB.AFW360:AFW360_HH(0.3.0),R,A,GNB,_T,SURVEY,HE_AGE,_Z,_Z,_T,QUINT_Q1,_T,_T,_T,_T,_Z,_Z,_Z,_Z,_Z,2021,4.54,,,,,,,,,HE_AGE,YEAR,0.01,A,GNB_EHCVM2021_LEGACY_v1,
dataflow,WB.AFW360:AFW360_HH(0.3.0),R,A,GNB,_T,SURVEY,HE_AGE,_Z,_Z,_T,QUINT_Q2,_T,_T,_T,_T,_Z,_Z,_Z,_Z,_Z,2021,7.07,,,,,,,,,HE_AGE,YEAR,0.01,A,GNB_EHCVM2021_LEGACY_v1,
dataflow,WB.AFW360:AFW360_HH(0.3.0),R,A,GNB,_T,SURVEY,HE_AGE,_Z,_Z,_T,QUINT_Q3,_T,_T,_T,_T,_Z,_Z,_Z,_Z,_Z,2021,5.79,,,,,,,,,HE_AGE,YEAR,0.01,A,GNB_EHCVM2021_LEGACY_v1,
dataflow,WB.AFW360:AFW360_HH(0.3.0),R,A,GNB,_T,SURVEY,HE_AGE,_Z,_Z,_T,QUINT_Q4,_T,_T,_T,_T,_Z,_Z,_Z,_Z,_Z,2021,6.51,,,,,,,,,HE_AGE,YEAR,0.01,A,GNB_EHCVM2021_LEGACY_v1,
dataflow,WB.AFW360:AFW360_HH(0.3.0),R,A,GNB,_T,SURVEY,HE_AGE,_Z,_Z,_T,QUINT_Q5,_T,_T,_T,_T,_Z,_Z,_Z,_Z,_Z,2021,6.07,,,,,,,,,HE_AGE,YEAR,0.01,A,GNB_EHCVM2021_LEGACY_v1,
dataflow,WB.AFW360:AFW360_HH(0.3.0),R,A,GNB,_T,SURVEY,HE_AGE,_Z,_Z,_T,_T,_T,_T,_T,_T,_Z,_Z,_Z,_Z,_Z,2021,6.05,,,,,,,,,HE_AGE,YEAR,0.01,A,GNB_EHCVM2021_LEGACY_v1,
dataflow,WB.AFW360:AFW360_HH(0.3.0),R,A,GNB,_T,SURVEY,HE_BUY_FIRMS,_Z,_Z,OU,_T,_T,_T,_T,_T,_Z,_Z,_Z,_Z,_Z,2021,0.2,,,,,,,,,HE_BUY_FIRMS,SHARE,0.01,A,GNB_EHCVM2021_LEGACY_v1,
dataflow,WB.AFW360:AFW360_HH(0.3.0),R,A,GNB,_T,SURVEY,HE_BUY_FIRMS,_Z,_Z,R,_T,_T,_T,_T,_T,_Z,_Z,_Z,_Z,_Z,2021,0.08,,,,,,,,,HE_BUY_FIRMS,SHARE,0.01,A,GNB_EHCVM2021_LEGACY_v1,
dataflow,WB.AFW360:AFW360_HH(0.3.0),R,A,GNB,_T,SURVEY,HE_BUY_FIRMS,_Z,_Z,_T,HHH_AGE_GE35,_T,_T,_T,_T,_Z,_Z,_Z,_Z,_Z,2021,0.15,,,,,,,,,HE_BUY_FIRMS,SHARE,0.01,A,GNB_EHCVM2021_LEGACY_v1,
dataflow,WB.AFW360:AFW360_HH(0.3.0),R,A,GNB,_T,SURVEY,HE_BUY_FIRMS,_Z,_Z,_T,HHH_AGE_LT35,_T,_T,_T,_T,_Z,_Z,_Z,_Z,_Z,2021,0.18,,,,,,,,,HE_BUY_FIRMS,SHARE,0.01,A,GNB_EHCVM2021_LEGACY_v1,
dataflow,WB.AFW360:AFW360_HH(0.3.0),R,A,GNB,_T,SURVEY,HE_BUY_FIRMS,_Z,_Z,_T,HHH_SEX_F,_T,_T,_T,_T,_Z,_Z,_Z,_Z,_Z,2021,0.27,,,,,,,,,HE_BUY_FIRMS,SHARE,0.01,A,GNB_EHCVM2021_LEGACY_v1,
dataflow,WB.AFW360:AFW360_HH(0.3.0),R,A,GNB,_T,SURVEY,HE_BUY_FIRMS,_Z,_Z,_T,HHH_SEX_M,_T,_T,_T,_T,_Z,_Z,_Z,_Z,_Z,2021,0.12,,,,,,,,,HE_BUY_FIRMS,SHARE,0.01,A,GNB_EHCVM2021_LEGACY_v1,
dataflow,WB.AFW360:AFW360_HH(0.3.0),R,A,GNB,_T,SURVEY,HE_BUY_FIRMS,_Z,_Z,_T,QUINT_Q1,_T,_T,_T,_T,_Z,_Z,_Z,_Z,_Z,2021,0.09,,,,,,,,,HE_BUY_FIRMS,SHARE,0.01,A,GNB_EHCVM2021_LEGACY_v1,
dataflow,WB.AFW360:AFW360_HH(0.3.0),R,A,GNB,_T,SURVEY,HE_BUY_FIRMS,_Z,_Z,_T,QUINT_Q2,_T,_T,_T,_T,_Z,_Z,_Z,_Z,_Z,2021,0.12,,,,,,,,,HE_BUY_FIRMS,SHARE,0.01,A,GNB_EHCVM2021_LEGACY_v1,
dataflow,WB.AFW360:AFW360_HH(0.3.0),R,A,GNB,_T,SURVEY,HE_BUY_FIRMS,_Z,_Z,_T,QUINT_Q3,_T,_T,_T,_T,_Z,_Z,_Z,_Z,_Z,2021,0.07,,,,,,,,,HE_BUY_FIRMS,SHARE,0.01,A,GNB_EHCVM2021_LEGACY_v1,
dataflow,WB.AFW360:AFW360_HH(0.3.0),R,A,GNB,_T,SURVEY,HE_BUY_FIRMS,_Z,_Z,_T,QUINT_Q4,_T,_T,_T,_T,_Z,_Z,_Z,_Z,_Z,2021,0.23,,,,,,,,,HE_BUY_FIRMS,SHARE,0.01,A,GNB_EHCVM2021_LEGACY_v1,
dataflow,WB.AFW360:AFW360_HH(0.3.0),R,A,GNB,_T,SURVEY,HE_BUY_FIRMS,_Z,_Z,_T,QUINT_Q5,_T,_T,_T,_T,_Z,_Z,_Z,_Z,_Z,2021,0.21,,,,,,,,,HE_BUY_FIRMS,SHARE,0.01,A,GNB_EHCVM2021_LEGACY_v1,
dataflow,WB.AFW360:AFW360_HH(0.3.0),R,A,GNB,_T,SURVEY,HE_BUY_FIRMS,_Z,_Z,_T,_T,_T,_T,_T,_T,_Z,_Z,_Z,_Z,_Z,2021,0.16,,,,,,,,,HE_BUY_FIRMS,SHARE,0.01,A,GNB_EHCVM2021_LEGACY_v1,
dataflow,WB.AFW360:AFW360_HH(0.3.0),R,A,GNB,_T,SURVEY,HE_CAPITAL,_Z,_Z,OU,_T,_T,_T,_T,_T,_Z,_Z,_Z,_Z,_Z,2021,14897.92,,,,,,,,,HE_CAPITAL,XOF,0.01,A,GNB_EHCVM2021_LEGACY_v1,
dataflow,WB.AFW360:AFW360_HH(0.3.0),R,A,GNB,_T,SURVEY,HE_CAPITAL,_Z,_Z,R,_T,_T,_T,_T,_T,_Z,_Z,_Z,_Z,_Z,2021,37492.44,,,,,,,,,HE_CAPITAL,XOF,0.01,A,GNB_EHCVM2021_LEGACY_v1,
dataflow,WB.AFW360:AFW360_HH(0.3.0),R,A,GNB,_T,SURVEY,HE_CAPITAL,_Z,_Z,_T,HHH_AGE_GE35,_T,_T,_T,_T,_Z,_Z,_Z,_Z,_Z,2021,22252.42,,,,,,,,,HE_CAPITAL,XOF,0.01,A,GNB_EHCVM2021_LEGACY_v1,
dataflow,WB.AFW360:AFW360_HH(0.3.0),R,A,GNB,_T,SURVEY,HE_CAPITAL,_Z,_Z,_T,HHH_AGE_LT35,_T,_T,_T,_T,_Z,_Z,_Z,_Z,_Z,2021,19749.09,,,,,,,,,HE_CAPITAL,XOF,0.01,A,GNB_EHCVM2021_LEGACY_v1,
dataflow,WB.AFW360:AFW360_HH(0.3.0),R,A,GNB,_T,SURVEY,HE_CAPITAL,_Z,_Z,_T,HHH_SEX_F,_T,_T,_T,_T,_Z,_Z,_Z,_Z,_Z,2021,4538.88,,,,,,,,,HE_CAPITAL,XOF,0.01,A,GNB_EHCVM2021_LEGACY_v1,
dataflow,WB.AFW360:AFW360_HH(0.3.0),R,A,GNB,_T,SURVEY,HE_CAPITAL,_Z,_Z,_T,HHH_SEX_M,_T,_T,_T,_T,_Z,_Z,_Z,_Z,_Z,2021,27273.11,,,,,,,,,HE_CAPITAL,XOF,0.01,A,GNB_EHCVM2021_LEGACY_v1,
dataflow,WB.AFW360:AFW360_HH(0.3.0),R,A,GNB,_T,SURVEY,HE_CAPITAL,_Z,_Z,_T,QUINT_Q1,_T,_T,_T,_T,_Z,_Z,_Z,_Z,_Z,2021,66105.91,,,,,,,,,HE_CAPITAL,XOF,0.01,A,GNB_EHCVM2021_LEGACY_v1,
dataflow,WB.AFW360:AFW360_HH(0.3.0),R,A,GNB,_T,SURVEY,HE_CAPITAL,_Z,_Z,_T,QUINT_Q2,_T,_T,_T,_T,_Z,_Z,_Z,_Z,_Z,2021,12554.8,,,,,,,,,HE_CAPITAL,XOF,0.01,A,GNB_EHCVM2021_LEGACY_v1,
dataflow,WB.AFW360:AFW360_HH(0.3.0),R,A,GNB,_T,SURVEY,HE_CAPITAL,_Z,_Z,_T,QUINT_Q3,_T,_T,_T,_T,_Z,_Z,_Z,_Z,_Z,2021,11197.09,,,,,,,,,HE_CAPITAL,XOF,0.01,A,GNB_EHCVM2021_LEGACY_v1,
dataflow,WB.AFW360:AFW360_HH(0.3.0),R,A,GNB,_T,SURVEY,HE_CAPITAL,_Z,_Z,_T,QUINT_Q4,_T,_T,_T,_T,_Z,_Z,_Z,_Z,_Z,2021,11714.12,,,,,,,,,HE_CAPITAL,XOF,0.01,A,GNB_EHCVM2021_LEGACY_v1,
dataflow,WB.AFW360:AFW360_HH(0.3.0),R,A,GNB,_T,SURVEY,HE_CAPITAL,_Z,_Z,_T,QUINT_Q5,_T,_T,_T,_T,_Z,_Z,_Z,_Z,_Z,2021,20794.39,,,,,,,,,HE_CAPITAL,XOF,0.01,A,GNB_EHCVM2021_LEGACY_v1,
dataflow,WB.AFW360:AFW360_HH(0.3.0),R,A,GNB,_T,SURVEY,HE_CAPITAL,_Z,_Z,_T,_T,_T,_T,_T,_T,_Z,_Z,_Z,_Z,_Z,2021,21904.14,,,,,,,,,HE_CAPITAL,XOF,0.01,A,GNB_EHCVM2021_LEGACY_v1,
dataflow,WB.AFW360:AFW360_HH(0.3.0),R,A,GNB,_T,SURVEY,HE_COSTS,_Z,_Z,OU,_T,_T,_T,_T,_T,_Z,_Z,_Z,_Z,_Z,2021,5596.32,,,,,,,,,HE_COSTS,XOF,0.01,A,GNB_EHCVM2021_LEGACY_v1,
dataflow,WB.AFW360:AFW360_HH(0.3.0),R,A,GNB,_T,SURVEY,HE_COSTS,_Z,_Z,R,_T,_T,_T,_T,_T,_Z,_Z,_Z,_Z,_Z,2021,1403.83,,,,,,,,,HE_COSTS,XOF,0.01,A,GNB_EHCVM2021_LEGACY_v1,
dataflow,WB.AFW360:AFW360_HH(0.3.0),R,A,GNB,_T,SURVEY,HE_COSTS,_Z,_Z,_T,HHH_AGE_GE35,_T,_T,_T,_T,_Z,_Z,_Z,_Z,_Z,2021,3305.04,,,,,,,,,HE_COSTS,XOF,0.01,A,GNB_EHCVM2021_LEGACY_v1,
dataflow,WB.AFW360:AFW360_HH(0.3.0),R,A,GNB,_T,SURVEY,HE_COSTS,_Z,_Z,_T,HHH_AGE_LT35,_T,_T,_T,_T,_Z,_Z,_Z,_Z,_Z,2021,4343.62,,,,,,,,,HE_COSTS,XOF,0.01,A,GNB_EHCVM2021_LEGACY_v1,
dataflow,WB.AFW360:AFW360_HH(0.3.0),R,A,GNB,_T,SURVEY,HE_COSTS,_Z,_Z,_T,HHH_SEX_F,_T,_T,_T,_T,_Z,_Z,_Z,_Z,_Z,2021,4606.58,,,,,,,,,HE_COSTS,XOF,0.01,A,GNB_EHCVM2021_LEGACY_v1,
dataflow,WB.AFW360:AFW360_HH(0.3.0),R,A,GNB,_T,SURVEY,HE_COSTS,_Z,_Z,_T,HHH_SEX_M,_T,_T,_T,_T,_Z,_Z,_Z,_Z,_Z,2021,3156.63,,,,,,,,,HE_COSTS,XOF,0.01,A,GNB_EHCVM2021_LEGACY_v1,
dataflow,WB.AFW360:AFW360_HH(0.3.0),R,A,GNB,_T,SURVEY,HE_COSTS,_Z,_Z,_T,QUINT_Q1,_T,_T,_T,_T,_Z,_Z,_Z,_Z,_Z,2021,853.27,,,,,,,,,HE_COSTS,XOF,0.01,A,GNB_EHCVM2021_LEGACY_v1,
dataflow,WB.AFW360:AFW360_HH(0.3.0),R,A,GNB,_T,SURVEY,HE_COSTS,_Z,_Z,_T,QUINT_Q2,_T,_T,_T,_T,_Z,_Z,_Z,_Z,_Z,2021,2710.56,,,,,,,,,HE_COSTS,XOF,0.01,A,GNB_EHCVM2021_LEGACY_v1,
dataflow,WB.AFW360:AFW360_HH(0.3.0),R,A,GNB,_T,SURVEY,HE_COSTS,_Z,_Z,_T,QUINT_Q3,_T,_T,_T,_T,_Z,_Z,_Z,_Z,_Z,2021,3156.02,,,,,,,,,HE_COSTS,XOF,0.01,A,GNB_EHCVM2021_LEGACY_v1,
dataflow,WB.AFW360:AFW360_HH(0.3.0),R,A,GNB,_T,SURVEY,HE_COSTS,_Z,_Z,_T,QUINT_Q4,_T,_T,_T,_T,_Z,_Z,_Z,_Z,_Z,2021,3272.24,,,,,,,,,HE_COSTS,XOF,0.01,A,GNB_EHCVM2021_LEGACY_v1,
dataflow,WB.AFW360:AFW360_HH(0.3.0),R,A,GNB,_T,SURVEY,HE_COSTS,_Z,_Z,_T,QUINT_Q5,_T,_T,_T,_T,_Z,_Z,_Z,_Z,_Z,2021,6367.54,,,,,,,,,HE_COSTS,XOF,0.01,A,GNB_EHCVM2021_LEGACY_v1,
dataflow,WB.AFW360:AFW360_HH(0.3.0),R,A,GNB,_T,SURVEY,HE_COSTS,_Z,_Z,_T,_T,_T,_T,_T,_T,_Z,_Z,_Z,_Z,_Z,2021,3456.31,,,,,,,,,HE_COSTS,XOF,0.01,A,GNB_EHCVM2021_LEGACY_v1,
dataflow,WB.AFW360:AFW360_HH(0.3.0),R,A,GNB,_T,SURVEY,HE_CREDIT_ANY,_Z,_Z,OU,_T,_T,_T,_T,_T,_Z,_Z,_Z,_Z,_Z,2021,0.3,,,,,,,,,HE_CREDIT_ANY,SHARE,0.01,A,GNB_EHCVM2021_LEGACY_v1,
dataflow,WB.AFW360:AFW360_HH(0.3.0),R,A,GNB,_T,SURVEY,HE_CREDIT_ANY,_Z,_Z,R,_T,_T,_T,_T,_T,_Z,_Z,_Z,_Z,_Z,2021,0.25,,,,,,,,,HE_CREDIT_ANY,SHARE,0.01,A,GNB_EHCVM2021_LEGACY_v1,
dataflow,WB.AFW360:AFW360_HH(0.3.0),R,A,GNB,_T,SURVEY,HE_CREDIT_ANY,_Z,_Z,_T,HHH_AGE_GE35,_T,_T,_T,_T,_Z,_Z,_Z,_Z,_Z,2021,0.29,,,,,,,,,HE_CREDIT_ANY,SHARE,0.01,A,GNB_EHCVM2021_LEGACY_v1,
dataflow,WB.AFW360:AFW360_HH(0.3.0),R,A,GNB,_T,SURVEY,HE_CREDIT_ANY,_Z,_Z,_T,HHH_AGE_LT35,_T,_T,_T,_T,_Z,_Z,_Z,_Z,_Z,2021,0.26,,,,,,,,,HE_CREDIT_ANY,SHARE,0.01,A,GNB_EHCVM2021_LEGACY_v1,
dataflow,WB.AFW360:AFW360_HH(0.3.0),R,A,GNB,_T,SURVEY,HE_CREDIT_ANY,_Z,_Z,_T,HHH_SEX_F,_T,_T,_T,_T,_Z,_Z,_Z,_Z,_Z,2021,0.39,,,,,,,,,HE_CREDIT_ANY,SHARE,0.01,A,GNB_EHCVM2021_LEGACY_v1,
dataflow,WB.AFW360:AFW360_HH(0.3.0),R,A,GNB,_T,SURVEY,HE_CREDIT_ANY,_Z,_Z,_T,HHH_SEX_M,_T,_T,_T,_T,_Z,_Z,_Z,_Z,_Z,2021,0.25,,,,,,,,,HE_CREDIT_ANY,SHARE,0.01,A,GNB_EHCVM2021_LEGACY_v1,
dataflow,WB.AFW360:AFW360_HH(0.3.0),R,A,GNB,_T,SURVEY,HE_CREDIT_ANY,_Z,_Z,_T,QUINT_Q1,_T,_T,_T,_T,_Z,_Z,_Z,_Z,_Z,2021,0.27,,,,,,,,,HE_CREDIT_ANY,SHARE,0.01,A,GNB_EHCVM2021_LEGACY_v1,
dataflow,WB.AFW360:AFW360_HH(0.3.0),R,A,GNB,_T,SURVEY,HE_CREDIT_ANY,_Z,_Z,_T,QUINT_Q2,_T,_T,_T,_T,_Z,_Z,_Z,_Z,_Z,2021,0.27,,,,,,,,,HE_CREDIT_ANY,SHARE,0.01,A,GNB_EHCVM2021_LEGACY_v1,
dataflow,WB.AFW360:AFW360_HH(0.3.0),R,A,GNB,_T,SURVEY,HE_CREDIT_ANY,_Z,_Z,_T,QUINT_Q3,_T,_T,_T,_T,_Z,_Z,_Z,_Z,_Z,2021,0.19,,,,,,,,,HE_CREDIT_ANY,SHARE,0.01,A,GNB_EHCVM2021_LEGACY_v1,
dataflow,WB.AFW360:AFW360_HH(0.3.0),R,A,GNB,_T,SURVEY,HE_CREDIT_ANY,_Z,_Z,_T,QUINT_Q4,_T,_T,_T,_T,_Z,_Z,_Z,_Z,_Z,2021,0.36,,,,,,,,,HE_CREDIT_ANY,SHARE,0.01,A,GNB_EHCVM2021_LEGACY_v1,
dataflow,WB.AFW360:AFW360_HH(0.3.0),R,A,GNB,_T,SURVEY,HE_CREDIT_ANY,_Z,_Z,_T,QUINT_Q5,_T,_T,_T,_T,_Z,_Z,_Z,_Z,_Z,2021,0.31,,,,,,,,,HE_CREDIT_ANY,SHARE,0.01,A,GNB_EHCVM2021_LEGACY_v1,
dataflow,WB.AFW360:AFW360_HH(0.3.0),R,A,GNB,_T,SURVEY,HE_CREDIT_ANY,_Z,_Z,_T,_T,_T,_T,_T,_T,_Z,_Z,_Z,_Z,_Z,2021,0.28,,,,,,,,,HE_CREDIT_ANY,SHARE,0.01,A,GNB_EHCVM2021_LEGACY_v1,
dataflow,WB.AFW360:AFW360_HH(0.3.0),R,A,GNB,_T,SURVEY,HE_CREDIT_FORMAL,_Z,_Z,OU,_T,_T,_T,_T,_T,_Z,_Z,_Z,_Z,_Z,2021,0.02,,,,,,,,,HE_CREDIT_FORMAL,SHARE,0.01,A,GNB_EHCVM2021_LEGACY_v1,
dataflow,WB.AFW360:AFW360_HH(0.3.0),R,A,GNB,_T,SURVEY,HE_CREDIT_FORMAL,_Z,_Z,R,_T,_T,_T,_T,_T,_Z,_Z,_Z,_Z,_Z,2021,0.05,,,,,,,,,HE_CREDIT_FORMAL,SHARE,0.01,A,GNB_EHCVM2021_LEGACY_v1,
dataflow,WB.AFW360:AFW360_HH(0.3.0),R,A,GNB,_T,SURVEY,HE_CREDIT_FORMAL,_Z,_Z,_T,HHH_AGE_GE35,_T,_T,_T,_T,_Z,_Z,_Z,_Z,_Z,2021,0.03,,,,,,,,,HE_CREDIT_FORMAL,SHARE,0.01,A,GNB_EHCVM2021_LEGACY_v1,
dataflow,WB.AFW360:AFW360_HH(0.3.0),R,A,GNB,_T,SURVEY,HE_CREDIT_FORMAL,_Z,_Z,_T,HHH_AGE_LT35,_T,_T,_T,_T,_Z,_Z,_Z,_Z,_Z,2021,0,,,,,,,,,HE_CREDIT_FORMAL,SHARE,0.01,A,GNB_EHCVM2021_LEGACY_v1,
dataflow,WB.AFW360:AFW360_HH(0.3.0),R,A,GNB,_T,SURVEY,HE_CREDIT_FORMAL,_Z,_Z,_T,HHH_SEX_F,_T,_T,_T,_T,_Z,_Z,_Z,_Z,_Z,2021,0.02,,,,,,,,,HE_CREDIT_FORMAL,SHARE,0.01,A,GNB_EHCVM2021_LEGACY_v1,
dataflow,WB.AFW360:AFW360_HH(0.3.0),R,A,GNB,_T,SURVEY,HE_CREDIT_FORMAL,_Z,_Z,_T,HHH_SEX_M,_T,_T,_T,_T,_Z,_Z,_Z,_Z,_Z,2021,0.03,,,,,,,,,HE_CREDIT_FORMAL,SHARE,0.01,A,GNB_EHCVM2021_LEGACY_v1,
dataflow,WB.AFW360:AFW360_HH(0.3.0),R,A,GNB,_T,SURVEY,HE_CREDIT_FORMAL,_Z,_Z,_T,QUINT_Q1,_T,_T,_T,_T,_Z,_Z,_Z,_Z,_Z,2021,0.01,,,,,,,,,HE_CREDIT_FORMAL,SHARE,0.01,A,GNB_EHCVM2021_LEGACY_v1,
dataflow,WB.AFW360:AFW360_HH(0.3.0),R,A,GNB,_T,SURVEY,HE_CREDIT_FORMAL,_Z,_Z,_T,QUINT_Q2,_T,_T,_T,_T,_Z,_Z,_Z,_Z,_Z,2021,0.04,,,,,,,,,HE_CREDIT_FORMAL,SHARE,0.01,A,GNB_EHCVM2021_LEGACY_v1,
dataflow,WB.AFW360:AFW360_HH(0.3.0),R,A,GNB,_T,SURVEY,HE_CREDIT_FORMAL,_Z,_Z,_T,QUINT_Q3,_T,_T,_T,_T,_Z,_Z,_Z,_Z,_Z,2021,0.03,,,,,,,,,HE_CREDIT_FORMAL,SHARE,0.01,A,GNB_EHCVM2021_LEGACY_v1,
dataflow,WB.AFW360:AFW360_HH(0.3.0),R,A,GNB,_T,SURVEY,HE_CREDIT_FORMAL,_Z,_Z,_T,QUINT_Q4,_T,_T,_T,_T,_Z,_Z,_Z,_Z,_Z,2021,0.03,,,,,,,,,HE_CREDIT_FORMAL,SHARE,0.01,A,GNB_EHCVM2021_LEGACY_v1,
dataflow,WB.AFW360:AFW360_HH(0.3.0),R,A,GNB,_T,SURVEY,HE_CREDIT_FORMAL,_Z,_Z,_T,QUINT_Q5,_T,_T,_T,_T,_Z,_Z,_Z,_Z,_Z,2021,0.03,,,,,,,,,HE_CREDIT_FORMAL,SHARE,0.01,A,GNB_EHCVM2021_LEGACY_v1,
dataflow,WB.AFW360:AFW360_HH(0.3.0),R,A,GNB,_T,SURVEY,HE_CREDIT_FORMAL,_Z,_Z,_T,_T,_T,_T,_T,_T,_Z,_Z,_Z,_Z,_Z,2021,0.03,,,,,,,,,HE_CREDIT_FORMAL,SHARE,0.01,A,GNB_EHCVM2021_LEGACY_v1,
dataflow,WB.AFW360:AFW360_HH(0.3.0),R,A,GNB,_T,SURVEY,HE_CREDIT_INFORMAL,_Z,_Z,OU,_T,_T,_T,_T,_T,_Z,_Z,_Z,_Z,_Z,2021,0.29,,,,,,,,,HE_CREDIT_INFORMAL,SHARE,0.01,A,GNB_EHCVM2021_LEGACY_v1,
dataflow,WB.AFW360:AFW360_HH(0.3.0),R,A,GNB,_T,SURVEY,HE_CREDIT_INFORMAL,_Z,_Z,R,_T,_T,_T,_T,_T,_Z,_Z,_Z,_Z,_Z,2021,0.2,,,,,,,,,HE_CREDIT_INFORMAL,SHARE,0.01,A,GNB_EHCVM2021_LEGACY_v1,
dataflow,WB.AFW360:AFW360_HH(0.3.0),R,A,GNB,_T,SURVEY,HE_CREDIT_INFORMAL,_Z,_Z,_T,HHH_AGE_GE35,_T,_T,_T,_T,_Z,_Z,_Z,_Z,_Z,2021,0.26,,,,,,,,,HE_CREDIT_INFORMAL,SHARE,0.01,A,GNB_EHCVM2021_LEGACY_v1,
dataflow,WB.AFW360:AFW360_HH(0.3.0),R,A,GNB,_T,SURVEY,HE_CREDIT_INFORMAL,_Z,_Z,_T,HHH_AGE_LT35,_T,_T,_T,_T,_Z,_Z,_Z,_Z,_Z,2021,0.26,,,,,,,,,HE_CREDIT_INFORMAL,SHARE,0.01,A,GNB_EHCVM2021_LEGACY_v1,
dataflow,WB.AFW360:AFW360_HH(0.3.0),R,A,GNB,_T,SURVEY,HE_CREDIT_INFORMAL,_Z,_Z,_T,HHH_SEX_F,_T,_T,_T,_T,_Z,_Z,_Z,_Z,_Z,2021,0.38,,,,,,,,,HE_CREDIT_INFORMAL,SHARE,0.01,A,GNB_EHCVM2021_LEGACY_v1,
dataflow,WB.AFW360:AFW360_HH(0.3.0),R,A,GNB,_T,SURVEY,HE_CREDIT_INFORMAL,_Z,_Z,_T,HHH_SEX_M,_T,_T,_T,_T,_Z,_Z,_Z,_Z,_Z,2021,0.22,,,,,,,,,HE_CREDIT_INFORMAL,SHARE,0.01,A,GNB_EHCVM2021_LEGACY_v1,
dataflow,WB.AFW360:AFW360_HH(0.3.0),R,A,GNB,_T,SURVEY,HE_CREDIT_INFORMAL,_Z,_Z,_T,QUINT_Q1,_T,_T,_T,_T,_Z,_Z,_Z,_Z,_Z,2021,0.26,,,,,,,,,HE_CREDIT_INFORMAL,SHARE,0.01,A,GNB_EHCVM2021_LEGACY_v1,
dataflow,WB.AFW360:AFW360_HH(0.3.0),R,A,GNB,_T,SURVEY,HE_CREDIT_INFORMAL,_Z,_Z,_T,QUINT_Q2,_T,_T,_T,_T,_Z,_Z,_Z,_Z,_Z,2021,0.26,,,,,,,,,HE_CREDIT_INFORMAL,SHARE,0.01,A,GNB_EHCVM2021_LEGACY_v1,
dataflow,WB.AFW360:AFW360_HH(0.3.0),R,A,GNB,_T,SURVEY,HE_CREDIT_INFORMAL,_Z,_Z,_T,QUINT_Q3,_T,_T,_T,_T,_Z,_Z,_Z,_Z,_Z,2021,0.16,,,,,,,,,HE_CREDIT_INFORMAL,SHARE,0.01,A,GNB_EHCVM2021_LEGACY_v1,
dataflow,WB.AFW360:AFW360_HH(0.3.0),R,A,GNB,_T,SURVEY,HE_CREDIT_INFORMAL,_Z,_Z,_T,QUINT_Q4,_T,_T,_T,_T,_Z,_Z,_Z,_Z,_Z,2021,0.34,,,,,,,,,HE_CREDIT_INFORMAL,SHARE,0.01,A,GNB_EHCVM2021_LEGACY_v1,
dataflow,WB.AFW360:AFW360_HH(0.3.0),R,A,GNB,_T,SURVEY,HE_CREDIT_INFORMAL,_Z,_Z,_T,QUINT_Q5,_T,_T,_T,_T,_Z,_Z,_Z,_Z,_Z,2021,0.28,,,,,,,,,HE_CREDIT_INFORMAL,SHARE,0.01,A,GNB_EHCVM2021_LEGACY_v1,
dataflow,WB.AFW360:AFW360_HH(0.3.0),R,A,GNB,_T,SURVEY,HE_CREDIT_INFORMAL,_Z,_Z,_T,_T,_T,_T,_T,_T,_Z,_Z,_Z,_Z,_Z,2021,0.26,,,,,,,,,HE_CREDIT_INFORMAL,SHARE,0.01,A,GNB_EHCVM2021_LEGACY_v1,
dataflow,WB.AFW360:AFW360_HH(0.3.0),R,A,GNB,_T,SURVEY,HE_ELEC,_Z,_Z,OU,_T,_T,_T,_T,_T,_Z,_Z,_Z,_Z,_Z,2021,0.77,,,,,,,,,HE_ELEC,SHARE,0.01,A,GNB_EHCVM2021_LEGACY_v1,
dataflow,WB.AFW360:AFW360_HH(0.3.0),R,A,GNB,_T,SURVEY,HE_ELEC,_Z,_Z,R,_T,_T,_T,_T,_T,_Z,_Z,_Z,_Z,_Z,2021,0,,,,,,,,,HE_ELEC,SHARE,0.01,A,GNB_EHCVM2021_LEGACY_v1,
dataflow,WB.AFW360:AFW360_HH(0.3.0),R,A,GNB,_T,SURVEY,HE_ELEC,_Z,_Z,_T,HHH_AGE_GE35,_T,_T,_T,_T,_Z,_Z,_Z,_Z,_Z,2021,0.71,,,,,,,,,HE_ELEC,SHARE,0.01,A,GNB_EHCVM2021_LEGACY_v1,
dataflow,WB.AFW360:AFW360_HH(0.3.0),R,A,GNB,_T,SURVEY,HE_ELEC,_Z,_Z,_T,HHH_AGE_LT35,_T,_T,_T,_T,_Z,_Z,_Z,_Z,_Z,2021,1,,,,,,,,,HE_ELEC,SHARE,0.01,A,GNB_EHCVM2021_LEGACY_v1,
dataflow,WB.AFW360:AFW360_HH(0.3.0),R,A,GNB,_T,SURVEY,HE_ELEC,_Z,_Z,_T,HHH_SEX_F,_T,_T,_T,_T,_Z,_Z,_Z,_Z,_Z,2021,1,,,,,,,,,HE_ELEC,SHARE,0.01,A,GNB_EHCVM2021_LEGACY_v1,
dataflow,WB.AFW360:AFW360_HH(0.3.0),R,A,GNB,_T,SURVEY,HE_ELEC,_Z,_Z,_T,HHH_SEX_M,_T,_T,_T,_T,_Z,_Z,_Z,_Z,_Z,2021,0.69,,,,,,,,,HE_ELEC,SHARE,0.01,A,GNB_EHCVM2021_LEGACY_v1,
dataflow,WB.AFW360:AFW360_HH(0.3.0),R,A,GNB,_T,SURVEY,HE_ELEC,_Z,_Z,_T,QUINT_Q1,_T,_T,_T,_T,_Z,_Z,_Z,_Z,_Z,2021,NaN,,,,,,,,,HE_ELEC,SHARE,0.01,O,GNB_EHCVM2021_LEGACY_v1,"LEGACY_EMPTY: empty cell in sheet 'National', column 'estimateQ1'"
dataflow,WB.AFW360:AFW360_HH(0.3.0),R,A,GNB,_T,SURVEY,HE_ELEC,_Z,_Z,_T,QUINT_Q2,_T,_T,_T,_T,_Z,_Z,_Z,_Z,_Z,2021,1,,,,,,,,,HE_ELEC,SHARE,0.01,A,GNB_EHCVM2021_LEGACY_v1,
dataflow,WB.AFW360:AFW360_HH(0.3.0),R,A,GNB,_T,SURVEY,HE_ELEC,_Z,_Z,_T,QUINT_Q3,_T,_T,_T,_T,_Z,_Z,_Z,_Z,_Z,2021,0,,,,,,,,,HE_ELEC,SHARE,0.01,A,GNB_EHCVM2021_LEGACY_v1,
dataflow,WB.AFW360:AFW360_HH(0.3.0),R,A,GNB,_T,SURVEY,HE_ELEC,_Z,_Z,_T,QUINT_Q4,_T,_T,_T,_T,_Z,_Z,_Z,_Z,_Z,2021,1,,,,,,,,,HE_ELEC,SHARE,0.01,A,GNB_EHCVM2021_LEGACY_v1,
dataflow,WB.AFW360:AFW360_HH(0.3.0),R,A,GNB,_T,SURVEY,HE_ELEC,_Z,_Z,_T,QUINT_Q5,_T,_T,_T,_T,_Z,_Z,_Z,_Z,_Z,2021,0.68,,,,,,,,,HE_ELEC,SHARE,0.01,A,GNB_EHCVM2021_LEGACY_v1,
dataflow,WB.AFW360:AFW360_HH(0.3.0),R,A,GNB,_T,SURVEY,HE_ELEC,_Z,_Z,_T,_T,_T,_T,_T,_T,_Z,_Z,_Z,_Z,_Z,2021,0.72,,,,,,,,,HE_ELEC,SHARE,0.01,A,GNB_EHCVM2021_LEGACY_v1,
dataflow,WB.AFW360:AFW360_HH(0.3.0),R,A,GNB,_T,SURVEY,HE_EMP_EXT_ANY,_Z,_Z,OU,_T,_T,_T,_T,_T,_Z,_Z,_Z,_Z,_Z,2021,1,,,,,,,,,HE_EMP_EXT_ANY,SHARE,0.01,A,GNB_EHCVM2021_LEGACY_v1,LEGACY_SUSPECT: Implausible: share 1.00 while mean non-HH employees is 0.48.
dataflow,WB.AFW360:AFW360_HH(0.3.0),R,A,GNB,_T,SURVEY,HE_EMP_EXT_ANY,_Z,_Z,R,_T,_T,_T,_T,_T,_Z,_Z,_Z,_Z,_Z,2021,1,,,,,,,,,HE_EMP_EXT_ANY,SHARE,0.01,A,GNB_EHCVM2021_LEGACY_v1,LEGACY_SUSPECT: Implausible: share 1.00 while mean non-HH employees is 0.48.
dataflow,WB.AFW360:AFW360_HH(0.3.0),R,A,GNB,_T,SURVEY,HE_EMP_EXT_ANY,_Z,_Z,_T,HHH_AGE_GE35,_T,_T,_T,_T,_Z,_Z,_Z,_Z,_Z,2021,1,,,,,,,,,HE_EMP_EXT_ANY,SHARE,0.01,A,GNB_EHCVM2021_LEGACY_v1,LEGACY_SUSPECT: Implausible: share 1.00 while mean non-HH employees is 0.48.
dataflow,WB.AFW360:AFW360_HH(0.3.0),R,A,GNB,_T,SURVEY,HE_EMP_EXT_ANY,_Z,_Z,_T,HHH_AGE_LT35,_T,_T,_T,_T,_Z,_Z,_Z,_Z,_Z,2021,1,,,,,,,,,HE_EMP_EXT_ANY,SHARE,0.01,A,GNB_EHCVM2021_LEGACY_v1,LEGACY_SUSPECT: Implausible: share 1.00 while mean non-HH employees is 0.48.
dataflow,WB.AFW360:AFW360_HH(0.3.0),R,A,GNB,_T,SURVEY,HE_EMP_EXT_ANY,_Z,_Z,_T,HHH_SEX_F,_T,_T,_T,_T,_Z,_Z,_Z,_Z,_Z,2021,1,,,,,,,,,HE_EMP_EXT_ANY,SHARE,0.01,A,GNB_EHCVM2021_LEGACY_v1,LEGACY_SUSPECT: Implausible: share 1.00 while mean non-HH employees is 0.48.
dataflow,WB.AFW360:AFW360_HH(0.3.0),R,A,GNB,_T,SURVEY,HE_EMP_EXT_ANY,_Z,_Z,_T,HHH_SEX_M,_T,_T,_T,_T,_Z,_Z,_Z,_Z,_Z,2021,1,,,,,,,,,HE_EMP_EXT_ANY,SHARE,0.01,A,GNB_EHCVM2021_LEGACY_v1,LEGACY_SUSPECT: Implausible: share 1.00 while mean non-HH employees is 0.48.
dataflow,WB.AFW360:AFW360_HH(0.3.0),R,A,GNB,_T,SURVEY,HE_EMP_EXT_ANY,_Z,_Z,_T,QUINT_Q1,_T,_T,_T,_T,_Z,_Z,_Z,_Z,_Z,2021,1,,,,,,,,,HE_EMP_EXT_ANY,SHARE,0.01,A,GNB_EHCVM2021_LEGACY_v1,LEGACY_SUSPECT: Implausible: share 1.00 while mean non-HH employees is 0.48.
dataflow,WB.AFW360:AFW360_HH(0.3.0),R,A,GNB,_T,SURVEY,HE_EMP_EXT_ANY,_Z,_Z,_T,QUINT_Q2,_T,_T,_T,_T,_Z,_Z,_Z,_Z,_Z,2021,1,,,,,,,,,HE_EMP_EXT_ANY,SHARE,0.01,A,GNB_EHCVM2021_LEGACY_v1,LEGACY_SUSPECT: Implausible: share 1.00 while mean non-HH employees is 0.48.
dataflow,WB.AFW360:AFW360_HH(0.3.0),R,A,GNB,_T,SURVEY,HE_EMP_EXT_ANY,_Z,_Z,_T,QUINT_Q3,_T,_T,_T,_T,_Z,_Z,_Z,_Z,_Z,2021,1,,,,,,,,,HE_EMP_EXT_ANY,SHARE,0.01,A,GNB_EHCVM2021_LEGACY_v1,LEGACY_SUSPECT: Implausible: share 1.00 while mean non-HH employees is 0.48.
dataflow,WB.AFW360:AFW360_HH(0.3.0),R,A,GNB,_T,SURVEY,HE_EMP_EXT_ANY,_Z,_Z,_T,QUINT_Q4,_T,_T,_T,_T,_Z,_Z,_Z,_Z,_Z,2021,1,,,,,,,,,HE_EMP_EXT_ANY,SHARE,0.01,A,GNB_EHCVM2021_LEGACY_v1,LEGACY_SUSPECT: Implausible: share 1.00 while mean non-HH employees is 0.48.
dataflow,WB.AFW360:AFW360_HH(0.3.0),R,A,GNB,_T,SURVEY,HE_EMP_EXT_ANY,_Z,_Z,_T,QUINT_Q5,_T,_T,_T,_T,_Z,_Z,_Z,_Z,_Z,2021,1,,,,,,,,,HE_EMP_EXT_ANY,SHARE,0.01,A,GNB_EHCVM2021_LEGACY_v1,LEGACY_SUSPECT: Implausible: share 1.00 while mean non-HH employees is 0.48.
dataflow,WB.AFW360:AFW360_HH(0.3.0),R,A,GNB,_T,SURVEY,HE_EMP_EXT_ANY,_Z,_Z,_T,_T,_T,_T,_T,_T,_Z,_Z,_Z,_Z,_Z,2021,1,,,,,,,,,HE_EMP_EXT_ANY,SHARE,0.01,A,GNB_EHCVM2021_LEGACY_v1,LEGACY_SUSPECT: Implausible: share 1.00 while mean non-HH employees is 0.48.
dataflow,WB.AFW360:AFW360_HH(0.3.0),R,A,GNB,_T,SURVEY,HE_EMP_HH_NUM,_Z,_Z,OU,_T,_T,_T,_T,_T,_Z,_Z,_Z,_Z,_Z,2021,0,,,,,,,,,HE_EMP_HH_NUM,PERSON,0.01,A,GNB_EHCVM2021_LEGACY_v1,
dataflow,WB.AFW360:AFW360_HH(0.3.0),R,A,GNB,_T,SURVEY,HE_EMP_HH_NUM,_Z,_Z,R,_T,_T,_T,_T,_T,_Z,_Z,_Z,_Z,_Z,2021,0,,,,,,,,,HE_EMP_HH_NUM,PERSON,0.01,A,GNB_EHCVM2021_LEGACY_v1,
dataflow,WB.AFW360:AFW360_HH(0.3.0),R,A,GNB,_T,SURVEY,HE_EMP_HH_NUM,_Z,_Z,_T,HHH_AGE_GE35,_T,_T,_T,_T,_Z,_Z,_Z,_Z,_Z,2021,0,,,,,,,,,HE_EMP_HH_NUM,PERSON,0.01,A,GNB_EHCVM2021_LEGACY_v1,
dataflow,WB.AFW360:AFW360_HH(0.3.0),R,A,GNB,_T,SURVEY,HE_EMP_HH_NUM,_Z,_Z,_T,HHH_AGE_LT35,_T,_T,_T,_T,_Z,_Z,_Z,_Z,_Z,2021,0,,,,,,,,,HE_EMP_HH_NUM,PERSON,0.01,A,GNB_EHCVM2021_LEGACY_v1,
dataflow,WB.AFW360:AFW360_HH(0.3.0),R,A,GNB,_T,SURVEY,HE_EMP_HH_NUM,_Z,_Z,_T,HHH_SEX_F,_T,_T,_T,_T,_Z,_Z,_Z,_Z,_Z,2021,0,,,,,,,,,HE_EMP_HH_NUM,PERSON,0.01,A,GNB_EHCVM2021_LEGACY_v1,
dataflow,WB.AFW360:AFW360_HH(0.3.0),R,A,GNB,_T,SURVEY,HE_EMP_HH_NUM,_Z,_Z,_T,HHH_SEX_M,_T,_T,_T,_T,_Z,_Z,_Z,_Z,_Z,2021,0,,,,,,,,,HE_EMP_HH_NUM,PERSON,0.01,A,GNB_EHCVM2021_LEGACY_v1,
dataflow,WB.AFW360:AFW360_HH(0.3.0),R,A,GNB,_T,SURVEY,HE_EMP_HH_NUM,_Z,_Z,_T,QUINT_Q1,_T,_T,_T,_T,_Z,_Z,_Z,_Z,_Z,2021,0,,,,,,,,,HE_EMP_HH_NUM,PERSON,0.01,A,GNB_EHCVM2021_LEGACY_v1,
dataflow,WB.AFW360:AFW360_HH(0.3.0),R,A,GNB,_T,SURVEY,HE_EMP_HH_NUM,_Z,_Z,_T,QUINT_Q2,_T,_T,_T,_T,_Z,_Z,_Z,_Z,_Z,2021,0,,,,,,,,,HE_EMP_HH_NUM,PERSON,0.01,A,GNB_EHCVM2021_LEGACY_v1,
dataflow,WB.AFW360:AFW360_HH(0.3.0),R,A,GNB,_T,SURVEY,HE_EMP_HH_NUM,_Z,_Z,_T,QUINT_Q3,_T,_T,_T,_T,_Z,_Z,_Z,_Z,_Z,2021,0,,,,,,,,,HE_EMP_HH_NUM,PERSON,0.01,A,GNB_EHCVM2021_LEGACY_v1,
dataflow,WB.AFW360:AFW360_HH(0.3.0),R,A,GNB,_T,SURVEY,HE_EMP_HH_NUM,_Z,_Z,_T,QUINT_Q4,_T,_T,_T,_T,_Z,_Z,_Z,_Z,_Z,2021,0,,,,,,,,,HE_EMP_HH_NUM,PERSON,0.01,A,GNB_EHCVM2021_LEGACY_v1,
dataflow,WB.AFW360:AFW360_HH(0.3.0),R,A,GNB,_T,SURVEY,HE_EMP_HH_NUM,_Z,_Z,_T,QUINT_Q5,_T,_T,_T,_T,_Z,_Z,_Z,_Z,_Z,2021,0,,,,,,,,,HE_EMP_HH_NUM,PERSON,0.01,A,GNB_EHCVM2021_LEGACY_v1,
dataflow,WB.AFW360:AFW360_HH(0.3.0),R,A,GNB,_T,SURVEY,HE_EMP_HH_NUM,_Z,_Z,_T,_T,_T,_T,_T,_T,_Z,_Z,_Z,_Z,_Z,2021,0,,,,,,,,,HE_EMP_HH_NUM,PERSON,0.01,A,GNB_EHCVM2021_LEGACY_v1,
dataflow,WB.AFW360:AFW360_HH(0.3.0),R,A,GNB,_T,SURVEY,HE_EMP_NONHH_NUM,_Z,_Z,OU,_T,_T,_T,_T,_T,_Z,_Z,_Z,_Z,_Z,2021,0.53,,,,,,,,,HE_EMP_NONHH_NUM,PERSON,0.01,A,GNB_EHCVM2021_LEGACY_v1,
dataflow,WB.AFW360:AFW360_HH(0.3.0),R,A,GNB,_T,SURVEY,HE_EMP_NONHH_NUM,_Z,_Z,R,_T,_T,_T,_T,_T,_Z,_Z,_Z,_Z,_Z,2021,0.38,,,,,,,,,HE_EMP_NONHH_NUM,PERSON,0.01,A,GNB_EHCVM2021_LEGACY_v1,
dataflow,WB.AFW360:AFW360_HH(0.3.0),R,A,GNB,_T,SURVEY,HE_EMP_NONHH_NUM,_Z,_Z,_T,HHH_AGE_GE35,_T,_T,_T,_T,_Z,_Z,_Z,_Z,_Z,2021,0.5,,,,,,,,,HE_EMP_NONHH_NUM,PERSON,0.01,A,GNB_EHCVM2021_LEGACY_v1,
dataflow,WB.AFW360:AFW360_HH(0.3.0),R,A,GNB,_T,SURVEY,HE_EMP_NONHH_NUM,_Z,_Z,_T,HHH_AGE_LT35,_T,_T,_T,_T,_Z,_Z,_Z,_Z,_Z,2021,0.35,,,,,,,,,HE_EMP_NONHH_NUM,PERSON,0.01,A,GNB_EHCVM2021_LEGACY_v1,
dataflow,WB.AFW360:AFW360_HH(0.3.0),R,A,GNB,_T,SURVEY,HE_EMP_NONHH_NUM,_Z,_Z,_T,HHH_SEX_F,_T,_T,_T,_T,_Z,_Z,_Z,_Z,_Z,2021,0.07,,,,,,,,,HE_EMP_NONHH_NUM,PERSON,0.01,A,GNB_EHCVM2021_LEGACY_v1,
dataflow,WB.AFW360:AFW360_HH(0.3.0),R,A,GNB,_T,SURVEY,HE_EMP_NONHH_NUM,_Z,_Z,_T,HHH_SEX_M,_T,_T,_T,_T,_Z,_Z,_Z,_Z,_Z,2021,0.6,,,,,,,,,HE_EMP_NONHH_NUM,PERSON,0.01,A,GNB_EHCVM2021_LEGACY_v1,
dataflow,WB.AFW360:AFW360_HH(0.3.0),R,A,GNB,_T,SURVEY,HE_EMP_NONHH_NUM,_Z,_Z,_T,QUINT_Q1,_T,_T,_T,_T,_Z,_Z,_Z,_Z,_Z,2021,0.34,,,,,,,,,HE_EMP_NONHH_NUM,PERSON,0.01,A,GNB_EHCVM2021_LEGACY_v1,
dataflow,WB.AFW360:AFW360_HH(0.3.0),R,A,GNB,_T,SURVEY,HE_EMP_NONHH_NUM,_Z,_Z,_T,QUINT_Q2,_T,_T,_T,_T,_Z,_Z,_Z,_Z,_Z,2021,0.52,,,,,,,,,HE_EMP_NONHH_NUM,PERSON,0.01,A,GNB_EHCVM2021_LEGACY_v1,
dataflow,WB.AFW360:AFW360_HH(0.3.0),R,A,GNB,_T,SURVEY,HE_EMP_NONHH_NUM,_Z,_Z,_T,QUINT_Q3,_T,_T,_T,_T,_Z,_Z,_Z,_Z,_Z,2021,0.15,,,,,,,,,HE_EMP_NONHH_NUM,PERSON,0.01,A,GNB_EHCVM2021_LEGACY_v1,
dataflow,WB.AFW360:AFW360_HH(0.3.0),R,A,GNB,_T,SURVEY,HE_EMP_NONHH_NUM,_Z,_Z,_T,QUINT_Q4,_T,_T,_T,_T,_Z,_Z,_Z,_Z,_Z,2021,1,,,,,,,,,HE_EMP_NONHH_NUM,PERSON,0.01,A,GNB_EHCVM2021_LEGACY_v1,
dataflow,WB.AFW360:AFW360_HH(0.3.0),R,A,GNB,_T,SURVEY,HE_EMP_NONHH_NUM,_Z,_Z,_T,QUINT_Q5,_T,_T,_T,_T,_Z,_Z,_Z,_Z,_Z,2021,0.32,,,,,,,,,HE_EMP_NONHH_NUM,PERSON,0.01,A,GNB_EHCVM2021_LEGACY_v1,
dataflow,WB.AFW360:AFW360_HH(0.3.0),R,A,GNB,_T,SURVEY,HE_EMP_NONHH_NUM,_Z,_Z,_T,_T,_T,_T,_T,_T,_Z,_Z,_Z,_Z,_Z,2021,0.48,,,,,,,,,HE_EMP_NONHH_NUM,PERSON,0.01,A,GNB_EHCVM2021_LEGACY_v1,
dataflow,WB.AFW360:AFW360_HH(0.3.0),R,A,GNB,_T,SURVEY,HE_EMP_NUM,_Z,_Z,OU,_T,_T,_T,_T,_T,_Z,_Z,_Z,_Z,_Z,2021,0.29,,,,,,,,,HE_EMP_NUM,PERSON,0.01,A,GNB_EHCVM2021_LEGACY_v1,
dataflow,WB.AFW360:AFW360_HH(0.3.0),R,A,GNB,_T,SURVEY,HE_EMP_NUM,_Z,_Z,R,_T,_T,_T,_T,_T,_Z,_Z,_Z,_Z,_Z,2021,0,,,,,,,,,HE_EMP_NUM,PERSON,0.01,A,GNB_EHCVM2021_LEGACY_v1,
dataflow,WB.AFW360:AFW360_HH(0.3.0),R,A,GNB,_T,SURVEY,HE_EMP_NUM,_Z,_Z,_T,HHH_AGE_GE35,_T,_T,_T,_T,_Z,_Z,_Z,_Z,_Z,2021,0.19,,,,,,,,,HE_EMP_NUM,PERSON,0.01,A,GNB_EHCVM2021_LEGACY_v1,
dataflow,WB.AFW360:AFW360_HH(0.3.0),R,A,GNB,_T,SURVEY,HE_EMP_NUM,_Z,_Z,_T,HHH_AGE_LT35,_T,_T,_T,_T,_Z,_Z,_Z,_Z,_Z,2021,0.4,,,,,,,,,HE_EMP_NUM,PERSON,0.01,A,GNB_EHCVM2021_LEGACY_v1,
dataflow,WB.AFW360:AFW360_HH(0.3.0),R,A,GNB,_T,SURVEY,HE_EMP_NUM,_Z,_Z,_T,HHH_SEX_F,_T,_T,_T,_T,_Z,_Z,_Z,_Z,_Z,2021,0.06,,,,,,,,,HE_EMP_NUM,PERSON,0.01,A,GNB_EHCVM2021_LEGACY_v1,
dataflow,WB.AFW360:AFW360_HH(0.3.0),R,A,GNB,_T,SURVEY,HE_EMP_NUM,_Z,_Z,_T,HHH_SEX_M,_T,_T,_T,_T,_Z,_Z,_Z,_Z,_Z,2021,0.26,,,,,,,,,HE_EMP_NUM,PERSON,0.01,A,GNB_EHCVM2021_LEGACY_v1,
dataflow,WB.AFW360:AFW360_HH(0.3.0),R,A,GNB,_T,SURVEY,HE_EMP_NUM,_Z,_Z,_T,QUINT_Q1,_T,_T,_T,_T,_Z,_Z,_Z,_Z,_Z,2021,0,,,,,,,,,HE_EMP_NUM,PERSON,0.01,A,GNB_EHCVM2021_LEGACY_v1,
dataflow,WB.AFW360:AFW360_HH(0.3.0),R,A,GNB,_T,SURVEY,HE_EMP_NUM,_Z,_Z,_T,QUINT_Q2,_T,_T,_T,_T,_Z,_Z,_Z,_Z,_Z,2021,0,,,,,,,,,HE_EMP_NUM,PERSON,0.01,A,GNB_EHCVM2021_LEGACY_v1,
dataflow,WB.AFW360:AFW360_HH(0.3.0),R,A,GNB,_T,SURVEY,HE_EMP_NUM,_Z,_Z,_T,QUINT_Q3,_T,_T,_T,_T,_Z,_Z,_Z,_Z,_Z,2021,0,,,,,,,,,HE_EMP_NUM,PERSON,0.01,A,GNB_EHCVM2021_LEGACY_v1,
dataflow,WB.AFW360:AFW360_HH(0.3.0),R,A,GNB,_T,SURVEY,HE_EMP_NUM,_Z,_Z,_T,QUINT_Q4,_T,_T,_T,_T,_Z,_Z,_Z,_Z,_Z,2021,0.24,,,,,,,,,HE_EMP_NUM,PERSON,0.01,A,GNB_EHCVM2021_LEGACY_v1,
dataflow,WB.AFW360:AFW360_HH(0.3.0),R,A,GNB,_T,SURVEY,HE_EMP_NUM,_Z,_Z,_T,QUINT_Q5,_T,_T,_T,_T,_Z,_Z,_Z,_Z,_Z,2021,0.41,,,,,,,,,HE_EMP_NUM,PERSON,0.01,A,GNB_EHCVM2021_LEGACY_v1,
dataflow,WB.AFW360:AFW360_HH(0.3.0),R,A,GNB,_T,SURVEY,HE_EMP_NUM,_Z,_Z,_T,_T,_T,_T,_T,_T,_Z,_Z,_Z,_Z,_Z,2021,0.22,,,,,,,,,HE_EMP_NUM,PERSON,0.01,A,GNB_EHCVM2021_LEGACY_v1,
dataflow,WB.AFW360:AFW360_HH(0.3.0),R,A,GNB,_T,SURVEY,HE_HH_OWNER,_Z,_Z,OU,_T,_T,_T,_T,_T,_Z,_Z,_Z,_Z,_Z,2021,0.64,,,,,,,,,HE_HH_OWNER,SHARE,0.01,A,GNB_EHCVM2021_LEGACY_v1,
dataflow,WB.AFW360:AFW360_HH(0.3.0),R,A,GNB,_T,SURVEY,HE_HH_OWNER,_Z,_Z,R,_T,_T,_T,_T,_T,_Z,_Z,_Z,_Z,_Z,2021,0.24,,,,,,,,,HE_HH_OWNER,SHARE,0.01,A,GNB_EHCVM2021_LEGACY_v1,
dataflow,WB.AFW360:AFW360_HH(0.3.0),R,A,GNB,_T,SURVEY,HE_HH_OWNER,_Z,_Z,_T,HHH_AGE_GE35,_T,_T,_T,_T,_Z,_Z,_Z,_Z,_Z,2021,0.41,,,,,,,,,HE_HH_OWNER,SHARE,0.01,A,GNB_EHCVM2021_LEGACY_v1,
dataflow,WB.AFW360:AFW360_HH(0.3.0),R,A,GNB,_T,SURVEY,HE_HH_OWNER,_Z,_Z,_T,HHH_AGE_LT35,_T,_T,_T,_T,_Z,_Z,_Z,_Z,_Z,2021,0.38,,,,,,,,,HE_HH_OWNER,SHARE,0.01,A,GNB_EHCVM2021_LEGACY_v1,
dataflow,WB.AFW360:AFW360_HH(0.3.0),R,A,GNB,_T,SURVEY,HE_HH_OWNER,_Z,_Z,_T,HHH_SEX_F,_T,_T,_T,_T,_Z,_Z,_Z,_Z,_Z,2021,0.5,,,,,,,,,HE_HH_OWNER,SHARE,0.01,A,GNB_EHCVM2021_LEGACY_v1,
dataflow,WB.AFW360:AFW360_HH(0.3.0),R,A,GNB,_T,SURVEY,HE_HH_OWNER,_Z,_Z,_T,HHH_SEX_M,_T,_T,_T,_T,_Z,_Z,_Z,_Z,_Z,2021,0.38,,,,,,,,,HE_HH_OWNER,SHARE,0.01,A,GNB_EHCVM2021_LEGACY_v1,
dataflow,WB.AFW360:AFW360_HH(0.3.0),R,A,GNB,_T,SURVEY,HE_HH_OWNER,_Z,_Z,_T,QUINT_Q1,_T,_T,_T,_T,_Z,_Z,_Z,_Z,_Z,2021,0.27,,,,,,,,,HE_HH_OWNER,SHARE,0.01,A,GNB_EHCVM2021_LEGACY_v1,
dataflow,WB.AFW360:AFW360_HH(0.3.0),R,A,GNB,_T,SURVEY,HE_HH_OWNER,_Z,_Z,_T,QUINT_Q2,_T,_T,_T,_T,_Z,_Z,_Z,_Z,_Z,2021,0.37,,,,,,,,,HE_HH_OWNER,SHARE,0.01,A,GNB_EHCVM2021_LEGACY_v1,
dataflow,WB.AFW360:AFW360_HH(0.3.0),R,A,GNB,_T,SURVEY,HE_HH_OWNER,_Z,_Z,_T,QUINT_Q3,_T,_T,_T,_T,_Z,_Z,_Z,_Z,_Z,2021,0.4,,,,,,,,,HE_HH_OWNER,SHARE,0.01,A,GNB_EHCVM2021_LEGACY_v1,
dataflow,WB.AFW360:AFW360_HH(0.3.0),R,A,GNB,_T,SURVEY,HE_HH_OWNER,_Z,_Z,_T,QUINT_Q4,_T,_T,_T,_T,_Z,_Z,_Z,_Z,_Z,2021,0.49,,,,,,,,,HE_HH_OWNER,SHARE,0.01,A,GNB_EHCVM2021_LEGACY_v1,
dataflow,WB.AFW360:AFW360_HH(0.3.0),R,A,GNB,_T,SURVEY,HE_HH_OWNER,_Z,_Z,_T,QUINT_Q5,_T,_T,_T,_T,_Z,_Z,_Z,_Z,_Z,2021,0.5,,,,,,,,,HE_HH_OWNER,SHARE,0.01,A,GNB_EHCVM2021_LEGACY_v1,
dataflow,WB.AFW360:AFW360_HH(0.3.0),R,A,GNB,_T,SURVEY,HE_HH_OWNER,_Z,_Z,_T,_T,_T,_T,_T,_T,_Z,_Z,_Z,_Z,_Z,2021,0.4,,,,,,,,,HE_HH_OWNER,SHARE,0.01,A,GNB_EHCVM2021_LEGACY_v1,
dataflow,WB.AFW360:AFW360_HH(0.3.0),R,A,GNB,_T,SURVEY,HE_HOME_BASED,_Z,_Z,OU,_T,_T,_T,_T,_T,_Z,_Z,_Z,_Z,_Z,2021,0.56,,,,,,,,,HE_HOME_BASED,SHARE,0.01,A,GNB_EHCVM2021_LEGACY_v1,
dataflow,WB.AFW360:AFW360_HH(0.3.0),R,A,GNB,_T,SURVEY,HE_HOME_BASED,_Z,_Z,R,_T,_T,_T,_T,_T,_Z,_Z,_Z,_Z,_Z,2021,0.62,,,,,,,,,HE_HOME_BASED,SHARE,0.01,A,GNB_EHCVM2021_LEGACY_v1,
dataflow,WB.AFW360:AFW360_HH(0.3.0),R,A,GNB,_T,SURVEY,HE_HOME_BASED,_Z,_Z,_T,HHH_AGE_GE35,_T,_T,_T,_T,_Z,_Z,_Z,_Z,_Z,2021,0.57,,,,,,,,,HE_HOME_BASED,SHARE,0.01,A,GNB_EHCVM2021_LEGACY_v1,
dataflow,WB.AFW360:AFW360_HH(0.3.0),R,A,GNB,_T,SURVEY,HE_HOME_BASED,_Z,_Z,_T,HHH_AGE_LT35,_T,_T,_T,_T,_Z,_Z,_Z,_Z,_Z,2021,0.64,,,,,,,,,HE_HOME_BASED,SHARE,0.01,A,GNB_EHCVM2021_LEGACY_v1,
dataflow,WB.AFW360:AFW360_HH(0.3.0),R,A,GNB,_T,SURVEY,HE_HOME_BASED,_Z,_Z,_T,HHH_SEX_F,_T,_T,_T,_T,_Z,_Z,_Z,_Z,_Z,2021,0.62,,,,,,,,,HE_HOME_BASED,SHARE,0.01,A,GNB_EHCVM2021_LEGACY_v1,
dataflow,WB.AFW360:AFW360_HH(0.3.0),R,A,GNB,_T,SURVEY,HE_HOME_BASED,_Z,_Z,_T,HHH_SEX_M,_T,_T,_T,_T,_Z,_Z,_Z,_Z,_Z,2021,0.56,,,,,,,,,HE_HOME_BASED,SHARE,0.01,A,GNB_EHCVM2021_LEGACY_v1,
dataflow,WB.AFW360:AFW360_HH(0.3.0),R,A,GNB,_T,SURVEY,HE_HOME_BASED,_Z,_Z,_T,QUINT_Q1,_T,_T,_T,_T,_Z,_Z,_Z,_Z,_Z,2021,0.67,,,,,,,,,HE_HOME_BASED,SHARE,0.01,A,GNB_EHCVM2021_LEGACY_v1,
dataflow,WB.AFW360:AFW360_HH(0.3.0),R,A,GNB,_T,SURVEY,HE_HOME_BASED,_Z,_Z,_T,QUINT_Q2,_T,_T,_T,_T,_Z,_Z,_Z,_Z,_Z,2021,0.49,,,,,,,,,HE_HOME_BASED,SHARE,0.01,A,GNB_EHCVM2021_LEGACY_v1,
dataflow,WB.AFW360:AFW360_HH(0.3.0),R,A,GNB,_T,SURVEY,HE_HOME_BASED,_Z,_Z,_T,QUINT_Q3,_T,_T,_T,_T,_Z,_Z,_Z,_Z,_Z,2021,0.6,,,,,,,,,HE_HOME_BASED,SHARE,0.01,A,GNB_EHCVM2021_LEGACY_v1,
dataflow,WB.AFW360:AFW360_HH(0.3.0),R,A,GNB,_T,SURVEY,HE_HOME_BASED,_Z,_Z,_T,QUINT_Q4,_T,_T,_T,_T,_Z,_Z,_Z,_Z,_Z,2021,0.55,,,,,,,,,HE_HOME_BASED,SHARE,0.01,A,GNB_EHCVM2021_LEGACY_v1,
dataflow,WB.AFW360:AFW360_HH(0.3.0),R,A,GNB,_T,SURVEY,HE_HOME_BASED,_Z,_Z,_T,QUINT_Q5,_T,_T,_T,_T,_Z,_Z,_Z,_Z,_Z,2021,0.58,,,,,,,,,HE_HOME_BASED,SHARE,0.01,A,GNB_EHCVM2021_LEGACY_v1,
dataflow,WB.AFW360:AFW360_HH(0.3.0),R,A,GNB,_T,SURVEY,HE_HOME_BASED,_Z,_Z,_T,_T,_T,_T,_T,_T,_Z,_Z,_Z,_Z,_Z,2021,0.58,,,,,,,,,HE_HOME_BASED,SHARE,0.01,A,GNB_EHCVM2021_LEGACY_v1,
dataflow,WB.AFW360:AFW360_HH(0.3.0),R,A,GNB,_T,SURVEY,HE_PHONE,_Z,_Z,OU,_T,_T,_T,_T,_T,_Z,_Z,_Z,_Z,_Z,2021,0.99,,,,,,,,,HE_PHONE,SHARE,0.01,A,GNB_EHCVM2021_LEGACY_v1,
dataflow,WB.AFW360:AFW360_HH(0.3.0),R,A,GNB,_T,SURVEY,HE_PHONE,_Z,_Z,R,_T,_T,_T,_T,_T,_Z,_Z,_Z,_Z,_Z,2021,0.98,,,,,,,,,HE_PHONE,SHARE,0.01,A,GNB_EHCVM2021_LEGACY_v1,
dataflow,WB.AFW360:AFW360_HH(0.3.0),R,A,GNB,_T,SURVEY,HE_PHONE,_Z,_Z,_T,HHH_AGE_GE35,_T,_T,_T,_T,_Z,_Z,_Z,_Z,_Z,2021,0.99,,,,,,,,,HE_PHONE,SHARE,0.01,A,GNB_EHCVM2021_LEGACY_v1,
dataflow,WB.AFW360:AFW360_HH(0.3.0),R,A,GNB,_T,SURVEY,HE_PHONE,_Z,_Z,_T,HHH_AGE_LT35,_T,_T,_T,_T,_Z,_Z,_Z,_Z,_Z,2021,0.99,,,,,,,,,HE_PHONE,SHARE,0.01,A,GNB_EHCVM2021_LEGACY_v1,
dataflow,WB.AFW360:AFW360_HH(0.3.0),R,A,GNB,_T,SURVEY,HE_PHONE,_Z,_Z,_T,HHH_SEX_F,_T,_T,_T,_T,_Z,_Z,_Z,_Z,_Z,2021,0.98,,,,,,,,,HE_PHONE,SHARE,0.01,A,GNB_EHCVM2021_LEGACY_v1,
dataflow,WB.AFW360:AFW360_HH(0.3.0),R,A,GNB,_T,SURVEY,HE_PHONE,_Z,_Z,_T,HHH_SEX_M,_T,_T,_T,_T,_Z,_Z,_Z,_Z,_Z,2021,0.99,,,,,,,,,HE_PHONE,SHARE,0.01,A,GNB_EHCVM2021_LEGACY_v1,
dataflow,WB.AFW360:AFW360_HH(0.3.0),R,A,GNB,_T,SURVEY,HE_PHONE,_Z,_Z,_T,QUINT_Q1,_T,_T,_T,_T,_Z,_Z,_Z,_Z,_Z,2021,0.99,,,,,,,,,HE_PHONE,SHARE,0.01,A,GNB_EHCVM2021_LEGACY_v1,
dataflow,WB.AFW360:AFW360_HH(0.3.0),R,A,GNB,_T,SURVEY,HE_PHONE,_Z,_Z,_T,QUINT_Q2,_T,_T,_T,_T,_Z,_Z,_Z,_Z,_Z,2021,0.95,,,,,,,,,HE_PHONE,SHARE,0.01,A,GNB_EHCVM2021_LEGACY_v1,
dataflow,WB.AFW360:AFW360_HH(0.3.0),R,A,GNB,_T,SURVEY,HE_PHONE,_Z,_Z,_T,QUINT_Q3,_T,_T,_T,_T,_Z,_Z,_Z,_Z,_Z,2021,1,,,,,,,,,HE_PHONE,SHARE,0.01,A,GNB_EHCVM2021_LEGACY_v1,
dataflow,WB.AFW360:AFW360_HH(0.3.0),R,A,GNB,_T,SURVEY,HE_PHONE,_Z,_Z,_T,QUINT_Q4,_T,_T,_T,_T,_Z,_Z,_Z,_Z,_Z,2021,1,,,,,,,,,HE_PHONE,SHARE,0.01,A,GNB_EHCVM2021_LEGACY_v1,
dataflow,WB.AFW360:AFW360_HH(0.3.0),R,A,GNB,_T,SURVEY,HE_PHONE,_Z,_Z,_T,QUINT_Q5,_T,_T,_T,_T,_Z,_Z,_Z,_Z,_Z,2021,0.99,,,,,,,,,HE_PHONE,SHARE,0.01,A,GNB_EHCVM2021_LEGACY_v1,
dataflow,WB.AFW360:AFW360_HH(0.3.0),R,A,GNB,_T,SURVEY,HE_PHONE,_Z,_Z,_T,_T,_T,_T,_T,_T,_Z,_Z,_Z,_Z,_Z,2021,0.99,,,,,,,,,HE_PHONE,SHARE,0.01,A,GNB_EHCVM2021_LEGACY_v1,
dataflow,WB.AFW360:AFW360_HH(0.3.0),R,A,GNB,_T,SURVEY,HE_PREMISES_FORMAL,_Z,_Z,OU,_T,_T,_T,_T,_T,_Z,_Z,_Z,_Z,_Z,2021,0.05,,,,,,,,,HE_PREMISES_FORMAL,SHARE,0.01,A,GNB_EHCVM2021_LEGACY_v1,
dataflow,WB.AFW360:AFW360_HH(0.3.0),R,A,GNB,_T,SURVEY,HE_PREMISES_FORMAL,_Z,_Z,R,_T,_T,_T,_T,_T,_Z,_Z,_Z,_Z,_Z,2021,0.02,,,,,,,,,HE_PREMISES_FORMAL,SHARE,0.01,A,GNB_EHCVM2021_LEGACY_v1,
dataflow,WB.AFW360:AFW360_HH(0.3.0),R,A,GNB,_T,SURVEY,HE_PREMISES_FORMAL,_Z,_Z,_T,HHH_AGE_GE35,_T,_T,_T,_T,_Z,_Z,_Z,_Z,_Z,2021,0.05,,,,,,,,,HE_PREMISES_FORMAL,SHARE,0.01,A,GNB_EHCVM2021_LEGACY_v1,
dataflow,WB.AFW360:AFW360_HH(0.3.0),R,A,GNB,_T,SURVEY,HE_PREMISES_FORMAL,_Z,_Z,_T,HHH_AGE_LT35,_T,_T,_T,_T,_Z,_Z,_Z,_Z,_Z,2021,0.01,,,,,,,,,HE_PREMISES_FORMAL,SHARE,0.01,A,GNB_EHCVM2021_LEGACY_v1,
dataflow,WB.AFW360:AFW360_HH(0.3.0),R,A,GNB,_T,SURVEY,HE_PREMISES_FORMAL,_Z,_Z,_T,HHH_SEX_F,_T,_T,_T,_T,_Z,_Z,_Z,_Z,_Z,2021,0.02,,,,,,,,,HE_PREMISES_FORMAL,SHARE,0.01,A,GNB_EHCVM2021_LEGACY_v1,
dataflow,WB.AFW360:AFW360_HH(0.3.0),R,A,GNB,_T,SURVEY,HE_PREMISES_FORMAL,_Z,_Z,_T,HHH_SEX_M,_T,_T,_T,_T,_Z,_Z,_Z,_Z,_Z,2021,0.05,,,,,,,,,HE_PREMISES_FORMAL,SHARE,0.01,A,GNB_EHCVM2021_LEGACY_v1,
dataflow,WB.AFW360:AFW360_HH(0.3.0),R,A,GNB,_T,SURVEY,HE_PREMISES_FORMAL,_Z,_Z,_T,QUINT_Q1,_T,_T,_T,_T,_Z,_Z,_Z,_Z,_Z,2021,0,,,,,,,,,HE_PREMISES_FORMAL,SHARE,0.01,A,GNB_EHCVM2021_LEGACY_v1,
dataflow,WB.AFW360:AFW360_HH(0.3.0),R,A,GNB,_T,SURVEY,HE_PREMISES_FORMAL,_Z,_Z,_T,QUINT_Q2,_T,_T,_T,_T,_Z,_Z,_Z,_Z,_Z,2021,0.04,,,,,,,,,HE_PREMISES_FORMAL,SHARE,0.01,A,GNB_EHCVM2021_LEGACY_v1,
dataflow,WB.AFW360:AFW360_HH(0.3.0),R,A,GNB,_T,SURVEY,HE_PREMISES_FORMAL,_Z,_Z,_T,QUINT_Q3,_T,_T,_T,_T,_Z,_Z,_Z,_Z,_Z,2021,0.02,,,,,,,,,HE_PREMISES_FORMAL,SHARE,0.01,A,GNB_EHCVM2021_LEGACY_v1,
dataflow,WB.AFW360:AFW360_HH(0.3.0),R,A,GNB,_T,SURVEY,HE_PREMISES_FORMAL,_Z,_Z,_T,QUINT_Q4,_T,_T,_T,_T,_Z,_Z,_Z,_Z,_Z,2021,0.05,,,,,,,,,HE_PREMISES_FORMAL,SHARE,0.01,A,GNB_EHCVM2021_LEGACY_v1,
dataflow,WB.AFW360:AFW360_HH(0.3.0),R,A,GNB,_T,SURVEY,HE_PREMISES_FORMAL,_Z,_Z,_T,QUINT_Q5,_T,_T,_T,_T,_Z,_Z,_Z,_Z,_Z,2021,0.07,,,,,,,,,HE_PREMISES_FORMAL,SHARE,0.01,A,GNB_EHCVM2021_LEGACY_v1,
dataflow,WB.AFW360:AFW360_HH(0.3.0),R,A,GNB,_T,SURVEY,HE_PREMISES_FORMAL,_Z,_Z,_T,_T,_T,_T,_T,_T,_Z,_Z,_Z,_Z,_Z,2021,0.04,,,,,,,,,HE_PREMISES_FORMAL,SHARE,0.01,A,GNB_EHCVM2021_LEGACY_v1,
dataflow,WB.AFW360:AFW360_HH(0.3.0),R,A,GNB,_T,SURVEY,HE_PROFIT,_Z,_Z,OU,_T,_T,_T,_T,_T,_Z,_Z,_Z,_Z,_Z,2021,7917.1,,,,,,,,,HE_PROFIT,XOF,0.01,A,GNB_EHCVM2021_LEGACY_v1,
dataflow,WB.AFW360:AFW360_HH(0.3.0),R,A,GNB,_T,SURVEY,HE_PROFIT,_Z,_Z,R,_T,_T,_T,_T,_T,_Z,_Z,_Z,_Z,_Z,2021,1216.85,,,,,,,,,HE_PROFIT,XOF,0.01,A,GNB_EHCVM2021_LEGACY_v1,
dataflow,WB.AFW360:AFW360_HH(0.3.0),R,A,GNB,_T,SURVEY,HE_PROFIT,_Z,_Z,_T,HHH_AGE_GE35,_T,_T,_T,_T,_Z,_Z,_Z,_Z,_Z,2021,4045.56,,,,,,,,,HE_PROFIT,XOF,0.01,A,GNB_EHCVM2021_LEGACY_v1,
dataflow,WB.AFW360:AFW360_HH(0.3.0),R,A,GNB,_T,SURVEY,HE_PROFIT,_Z,_Z,_T,HHH_AGE_LT35,_T,_T,_T,_T,_Z,_Z,_Z,_Z,_Z,2021,6915.83,,,,,,,,,HE_PROFIT,XOF,0.01,A,GNB_EHCVM2021_LEGACY_v1,
dataflow,WB.AFW360:AFW360_HH(0.3.0),R,A,GNB,_T,SURVEY,HE_PROFIT,_Z,_Z,_T,HHH_SEX_F,_T,_T,_T,_T,_Z,_Z,_Z,_Z,_Z,2021,3152.54,,,,,,,,,HE_PROFIT,XOF,0.01,A,GNB_EHCVM2021_LEGACY_v1,
dataflow,WB.AFW360:AFW360_HH(0.3.0),R,A,GNB,_T,SURVEY,HE_PROFIT,_Z,_Z,_T,HHH_SEX_M,_T,_T,_T,_T,_Z,_Z,_Z,_Z,_Z,2021,4805.19,,,,,,,,,HE_PROFIT,XOF,0.01,A,GNB_EHCVM2021_LEGACY_v1,
dataflow,WB.AFW360:AFW360_HH(0.3.0),R,A,GNB,_T,SURVEY,HE_PROFIT,_Z,_Z,_T,QUINT_Q1,_T,_T,_T,_T,_Z,_Z,_Z,_Z,_Z,2021,756.28,,,,,,,,,HE_PROFIT,XOF,0.01,A,GNB_EHCVM2021_LEGACY_v1,
dataflow,WB.AFW360:AFW360_HH(0.3.0),R,A,GNB,_T,SURVEY,HE_PROFIT,_Z,_Z,_T,QUINT_Q2,_T,_T,_T,_T,_Z,_Z,_Z,_Z,_Z,2021,3182.22,,,,,,,,,HE_PROFIT,XOF,0.01,A,GNB_EHCVM2021_LEGACY_v1,
dataflow,WB.AFW360:AFW360_HH(0.3.0),R,A,GNB,_T,SURVEY,HE_PROFIT,_Z,_Z,_T,QUINT_Q3,_T,_T,_T,_T,_Z,_Z,_Z,_Z,_Z,2021,2703.5,,,,,,,,,HE_PROFIT,XOF,0.01,A,GNB_EHCVM2021_LEGACY_v1,
dataflow,WB.AFW360:AFW360_HH(0.3.0),R,A,GNB,_T,SURVEY,HE_PROFIT,_Z,_Z,_T,QUINT_Q4,_T,_T,_T,_T,_Z,_Z,_Z,_Z,_Z,2021,4321.15,,,,,,,,,HE_PROFIT,XOF,0.01,A,GNB_EHCVM2021_LEGACY_v1,
dataflow,WB.AFW360:AFW360_HH(0.3.0),R,A,GNB,_T,SURVEY,HE_PROFIT,_Z,_Z,_T,QUINT_Q5,_T,_T,_T,_T,_Z,_Z,_Z,_Z,_Z,2021,9861.84,,,,,,,,,HE_PROFIT,XOF,0.01,A,GNB_EHCVM2021_LEGACY_v1,
dataflow,WB.AFW360:AFW360_HH(0.3.0),R,A,GNB,_T,SURVEY,HE_PROFIT,_Z,_Z,_T,_T,_T,_T,_T,_T,_Z,_Z,_Z,_Z,_Z,2021,4463.61,,,,,,,,,HE_PROFIT,XOF,0.01,A,GNB_EHCVM2021_LEGACY_v1,
dataflow,WB.AFW360:AFW360_HH(0.3.0),R,A,GNB,_T,SURVEY,HE_RENT,_Z,_Z,OU,_T,_T,_T,_T,_T,_Z,_Z,_Z,_Z,_Z,2021,1,,,,,,,,,HE_RENT,SHARE,0.01,A,GNB_EHCVM2021_LEGACY_v1,
dataflow,WB.AFW360:AFW360_HH(0.3.0),R,A,GNB,_T,SURVEY,HE_RENT,_Z,_Z,R,_T,_T,_T,_T,_T,_Z,_Z,_Z,_Z,_Z,2021,1,,,,,,,,,HE_RENT,SHARE,0.01,A,GNB_EHCVM2021_LEGACY_v1,
dataflow,WB.AFW360:AFW360_HH(0.3.0),R,A,GNB,_T,SURVEY,HE_RENT,_Z,_Z,_T,HHH_AGE_GE35,_T,_T,_T,_T,_Z,_Z,_Z,_Z,_Z,2021,1,,,,,,,,,HE_RENT,SHARE,0.01,A,GNB_EHCVM2021_LEGACY_v1,
dataflow,WB.AFW360:AFW360_HH(0.3.0),R,A,GNB,_T,SURVEY,HE_RENT,_Z,_Z,_T,HHH_AGE_LT35,_T,_T,_T,_T,_Z,_Z,_Z,_Z,_Z,2021,1,,,,,,,,,HE_RENT,SHARE,0.01,A,GNB_EHCVM2021_LEGACY_v1,
dataflow,WB.AFW360:AFW360_HH(0.3.0),R,A,GNB,_T,SURVEY,HE_RENT,_Z,_Z,_T,HHH_SEX_F,_T,_T,_T,_T,_Z,_Z,_Z,_Z,_Z,2021,1,,,,,,,,,HE_RENT,SHARE,0.01,A,GNB_EHCVM2021_LEGACY_v1,
dataflow,WB.AFW360:AFW360_HH(0.3.0),R,A,GNB,_T,SURVEY,HE_RENT,_Z,_Z,_T,HHH_SEX_M,_T,_T,_T,_T,_Z,_Z,_Z,_Z,_Z,2021,1,,,,,,,,,HE_RENT,SHARE,0.01,A,GNB_EHCVM2021_LEGACY_v1,
dataflow,WB.AFW360:AFW360_HH(0.3.0),R,A,GNB,_T,SURVEY,HE_RENT,_Z,_Z,_T,QUINT_Q1,_T,_T,_T,_T,_Z,_Z,_Z,_Z,_Z,2021,NaN,,,,,,,,,HE_RENT,SHARE,0.01,O,GNB_EHCVM2021_LEGACY_v1,"LEGACY_EMPTY: empty cell in sheet 'National', column 'estimateQ1'"
dataflow,WB.AFW360:AFW360_HH(0.3.0),R,A,GNB,_T,SURVEY,HE_RENT,_Z,_Z,_T,QUINT_Q2,_T,_T,_T,_T,_Z,_Z,_Z,_Z,_Z,2021,1,,,,,,,,,HE_RENT,SHARE,0.01,A,GNB_EHCVM2021_LEGACY_v1,
dataflow,WB.AFW360:AFW360_HH(0.3.0),R,A,GNB,_T,SURVEY,HE_RENT,_Z,_Z,_T,QUINT_Q3,_T,_T,_T,_T,_Z,_Z,_Z,_Z,_Z,2021,1,,,,,,,,,HE_RENT,SHARE,0.01,A,GNB_EHCVM2021_LEGACY_v1,
dataflow,WB.AFW360:AFW360_HH(0.3.0),R,A,GNB,_T,SURVEY,HE_RENT,_Z,_Z,_T,QUINT_Q4,_T,_T,_T,_T,_Z,_Z,_Z,_Z,_Z,2021,1,,,,,,,,,HE_RENT,SHARE,0.01,A,GNB_EHCVM2021_LEGACY_v1,
dataflow,WB.AFW360:AFW360_HH(0.3.0),R,A,GNB,_T,SURVEY,HE_RENT,_Z,_Z,_T,QUINT_Q5,_T,_T,_T,_T,_Z,_Z,_Z,_Z,_Z,2021,1,,,,,,,,,HE_RENT,SHARE,0.01,A,GNB_EHCVM2021_LEGACY_v1,
dataflow,WB.AFW360:AFW360_HH(0.3.0),R,A,GNB,_T,SURVEY,HE_RENT,_Z,_Z,_T,_T,_T,_T,_T,_T,_Z,_Z,_Z,_Z,_Z,2021,1,,,,,,,,,HE_RENT,SHARE,0.01,A,GNB_EHCVM2021_LEGACY_v1,
dataflow,WB.AFW360:AFW360_HH(0.3.0),R,A,GNB,_T,SURVEY,HE_REV_PER_WORKER,_Z,_Z,OU,_T,_T,_T,_T,_T,_Z,_Z,_Z,_Z,_Z,2021,202208.48,,,,,,,,,HE_REV_PER_WORKER,XOF,0.01,A,GNB_EHCVM2021_LEGACY_v1,
dataflow,WB.AFW360:AFW360_HH(0.3.0),R,A,GNB,_T,SURVEY,HE_REV_PER_WORKER,_Z,_Z,R,_T,_T,_T,_T,_T,_Z,_Z,_Z,_Z,_Z,2021,NaN,,,,,,,,,HE_REV_PER_WORKER,XOF,0.01,O,GNB_EHCVM2021_LEGACY_v1,"LEGACY_EMPTY: empty cell in sheet 'National', column 'estimateRural'"
dataflow,WB.AFW360:AFW360_HH(0.3.0),R,A,GNB,_T,SURVEY,HE_REV_PER_WORKER,_Z,_Z,_T,HHH_AGE_GE35,_T,_T,_T,_T,_Z,_Z,_Z,_Z,_Z,2021,111984.42,,,,,,,,,HE_REV_PER_WORKER,XOF,0.01,A,GNB_EHCVM2021_LEGACY_v1,
dataflow,WB.AFW360:AFW360_HH(0.3.0),R,A,GNB,_T,SURVEY,HE_REV_PER_WORKER,_Z,_Z,_T,HHH_AGE_LT35,_T,_T,_T,_T,_Z,_Z,_Z,_Z,_Z,2021,440710.92,,,,,,,,,HE_REV_PER_WORKER,XOF,0.01,A,GNB_EHCVM2021_LEGACY_v1,
dataflow,WB.AFW360:AFW360_HH(0.3.0),R,A,GNB,_T,SURVEY,HE_REV_PER_WORKER,_Z,_Z,_T,HHH_SEX_F,_T,_T,_T,_T,_Z,_Z,_Z,_Z,_Z,2021,2375,,,,,,,,,HE_REV_PER_WORKER,XOF,0.01,A,GNB_EHCVM2021_LEGACY_v1,
dataflow,WB.AFW360:AFW360_HH(0.3.0),R,A,GNB,_T,SURVEY,HE_REV_PER_WORKER,_Z,_Z,_T,HHH_SEX_M,_T,_T,_T,_T,_Z,_Z,_Z,_Z,_Z,2021,212554.64,,,,,,,,,HE_REV_PER_WORKER,XOF,0.01,A,GNB_EHCVM2021_LEGACY_v1,
dataflow,WB.AFW360:AFW360_HH(0.3.0),R,A,GNB,_T,SURVEY,HE_REV_PER_WORKER,_Z,_Z,_T,QUINT_Q1,_T,_T,_T,_T,_Z,_Z,_Z,_Z,_Z,2021,NaN,,,,,,,,,HE_REV_PER_WORKER,XOF,0.01,O,GNB_EHCVM2021_LEGACY_v1,"LEGACY_EMPTY: empty cell in sheet 'National', column 'estimateQ1'"
dataflow,WB.AFW360:AFW360_HH(0.3.0),R,A,GNB,_T,SURVEY,HE_REV_PER_WORKER,_Z,_Z,_T,QUINT_Q2,_T,_T,_T,_T,_Z,_Z,_Z,_Z,_Z,2021,NaN,,,,,,,,,HE_REV_PER_WORKER,XOF,0.01,O,GNB_EHCVM2021_LEGACY_v1,"LEGACY_EMPTY: empty cell in sheet 'National', column 'estimateQ2'"
dataflow,WB.AFW360:AFW360_HH(0.3.0),R,A,GNB,_T,SURVEY,HE_REV_PER_WORKER,_Z,_Z,_T,QUINT_Q3,_T,_T,_T,_T,_Z,_Z,_Z,_Z,_Z,2021,NaN,,,,,,,,,HE_REV_PER_WORKER,XOF,0.01,O,GNB_EHCVM2021_LEGACY_v1,"LEGACY_EMPTY: empty cell in sheet 'National', column 'estimateQ3'"
dataflow,WB.AFW360:AFW360_HH(0.3.0),R,A,GNB,_T,SURVEY,HE_REV_PER_WORKER,_Z,_Z,_T,QUINT_Q4,_T,_T,_T,_T,_Z,_Z,_Z,_Z,_Z,2021,29948.58,,,,,,,,,HE_REV_PER_WORKER,XOF,0.01,A,GNB_EHCVM2021_LEGACY_v1,
dataflow,WB.AFW360:AFW360_HH(0.3.0),R,A,GNB,_T,SURVEY,HE_REV_PER_WORKER,_Z,_Z,_T,QUINT_Q5,_T,_T,_T,_T,_Z,_Z,_Z,_Z,_Z,2021,333622.57,,,,,,,,,HE_REV_PER_WORKER,XOF,0.01,A,GNB_EHCVM2021_LEGACY_v1,
dataflow,WB.AFW360:AFW360_HH(0.3.0),R,A,GNB,_T,SURVEY,HE_REV_PER_WORKER,_Z,_Z,_T,_T,_T,_T,_T,_T,_Z,_Z,_Z,_Z,_Z,2021,202208.48,,,,,,,,,HE_REV_PER_WORKER,XOF,0.01,A,GNB_EHCVM2021_LEGACY_v1,
dataflow,WB.AFW360:AFW360_HH(0.3.0),R,A,GNB,_T,SURVEY,HE_SELL_FIRMS,_Z,_Z,OU,_T,_T,_T,_T,_T,_Z,_Z,_Z,_Z,_Z,2021,0.08,,,,,,,,,HE_SELL_FIRMS,SHARE,0.01,A,GNB_EHCVM2021_LEGACY_v1,
dataflow,WB.AFW360:AFW360_HH(0.3.0),R,A,GNB,_T,SURVEY,HE_SELL_FIRMS,_Z,_Z,R,_T,_T,_T,_T,_T,_Z,_Z,_Z,_Z,_Z,2021,0.05,,,,,,,,,HE_SELL_FIRMS,SHARE,0.01,A,GNB_EHCVM2021_LEGACY_v1,
dataflow,WB.AFW360:AFW360_HH(0.3.0),R,A,GNB,_T,SURVEY,HE_SELL_FIRMS,_Z,_Z,_T,HHH_AGE_GE35,_T,_T,_T,_T,_Z,_Z,_Z,_Z,_Z,2021,0.08,,,,,,,,,HE_SELL_FIRMS,SHARE,0.01,A,GNB_EHCVM2021_LEGACY_v1,
dataflow,WB.AFW360:AFW360_HH(0.3.0),R,A,GNB,_T,SURVEY,HE_SELL_FIRMS,_Z,_Z,_T,HHH_AGE_LT35,_T,_T,_T,_T,_Z,_Z,_Z,_Z,_Z,2021,0.04,,,,,,,,,HE_SELL_FIRMS,SHARE,0.01,A,GNB_EHCVM2021_LEGACY_v1,
dataflow,WB.AFW360:AFW360_HH(0.3.0),R,A,GNB,_T,SURVEY,HE_SELL_FIRMS,_Z,_Z,_T,HHH_SEX_F,_T,_T,_T,_T,_Z,_Z,_Z,_Z,_Z,2021,0.15,,,,,,,,,HE_SELL_FIRMS,SHARE,0.01,A,GNB_EHCVM2021_LEGACY_v1,
dataflow,WB.AFW360:AFW360_HH(0.3.0),R,A,GNB,_T,SURVEY,HE_SELL_FIRMS,_Z,_Z,_T,HHH_SEX_M,_T,_T,_T,_T,_Z,_Z,_Z,_Z,_Z,2021,0.05,,,,,,,,,HE_SELL_FIRMS,SHARE,0.01,A,GNB_EHCVM2021_LEGACY_v1,
dataflow,WB.AFW360:AFW360_HH(0.3.0),R,A,GNB,_T,SURVEY,HE_SELL_FIRMS,_Z,_Z,_T,QUINT_Q1,_T,_T,_T,_T,_Z,_Z,_Z,_Z,_Z,2021,0.09,,,,,,,,,HE_SELL_FIRMS,SHARE,0.01,A,GNB_EHCVM2021_LEGACY_v1,
dataflow,WB.AFW360:AFW360_HH(0.3.0),R,A,GNB,_T,SURVEY,HE_SELL_FIRMS,_Z,_Z,_T,QUINT_Q2,_T,_T,_T,_T,_Z,_Z,_Z,_Z,_Z,2021,0.06,,,,,,,,,HE_SELL_FIRMS,SHARE,0.01,A,GNB_EHCVM2021_LEGACY_v1,
dataflow,WB.AFW360:AFW360_HH(0.3.0),R,A,GNB,_T,SURVEY,HE_SELL_FIRMS,_Z,_Z,_T,QUINT_Q3,_T,_T,_T,_T,_Z,_Z,_Z,_Z,_Z,2021,0.05,,,,,,,,,HE_SELL_FIRMS,SHARE,0.01,A,GNB_EHCVM2021_LEGACY_v1,
dataflow,WB.AFW360:AFW360_HH(0.3.0),R,A,GNB,_T,SURVEY,HE_SELL_FIRMS,_Z,_Z,_T,QUINT_Q4,_T,_T,_T,_T,_Z,_Z,_Z,_Z,_Z,2021,0.13,,,,,,,,,HE_SELL_FIRMS,SHARE,0.01,A,GNB_EHCVM2021_LEGACY_v1,
dataflow,WB.AFW360:AFW360_HH(0.3.0),R,A,GNB,_T,SURVEY,HE_SELL_FIRMS,_Z,_Z,_T,QUINT_Q5,_T,_T,_T,_T,_Z,_Z,_Z,_Z,_Z,2021,0.04,,,,,,,,,HE_SELL_FIRMS,SHARE,0.01,A,GNB_EHCVM2021_LEGACY_v1,
dataflow,WB.AFW360:AFW360_HH(0.3.0),R,A,GNB,_T,SURVEY,HE_SELL_FIRMS,_Z,_Z,_T,_T,_T,_T,_T,_T,_Z,_Z,_Z,_Z,_Z,2021,0.07,,,,,,,,,HE_SELL_FIRMS,SHARE,0.01,A,GNB_EHCVM2021_LEGACY_v1,
dataflow,WB.AFW360:AFW360_HH(0.3.0),R,A,GNB,_T,SURVEY,HE_TAX_ID,_Z,_Z,OU,_T,_T,_T,_T,_T,_Z,_Z,_Z,_Z,_Z,2021,0.1,,,,,,,,,HE_TAX_ID,SHARE,0.01,A,GNB_EHCVM2021_LEGACY_v1,
dataflow,WB.AFW360:AFW360_HH(0.3.0),R,A,GNB,_T,SURVEY,HE_TAX_ID,_Z,_Z,R,_T,_T,_T,_T,_T,_Z,_Z,_Z,_Z,_Z,2021,0.04,,,,,,,,,HE_TAX_ID,SHARE,0.01,A,GNB_EHCVM2021_LEGACY_v1,
dataflow,WB.AFW360:AFW360_HH(0.3.0),R,A,GNB,_T,SURVEY,HE_TAX_ID,_Z,_Z,_T,HHH_AGE_GE35,_T,_T,_T,_T,_Z,_Z,_Z,_Z,_Z,2021,0.08,,,,,,,,,HE_TAX_ID,SHARE,0.01,A,GNB_EHCVM2021_LEGACY_v1,
dataflow,WB.AFW360:AFW360_HH(0.3.0),R,A,GNB,_T,SURVEY,HE_TAX_ID,_Z,_Z,_T,HHH_AGE_LT35,_T,_T,_T,_T,_Z,_Z,_Z,_Z,_Z,2021,0.07,,,,,,,,,HE_TAX_ID,SHARE,0.01,A,GNB_EHCVM2021_LEGACY_v1,
dataflow,WB.AFW360:AFW360_HH(0.3.0),R,A,GNB,_T,SURVEY,HE_TAX_ID,_Z,_Z,_T,HHH_SEX_F,_T,_T,_T,_T,_Z,_Z,_Z,_Z,_Z,2021,0.08,,,,,,,,,HE_TAX_ID,SHARE,0.01,A,GNB_EHCVM2021_LEGACY_v1,
dataflow,WB.AFW360:AFW360_HH(0.3.0),R,A,GNB,_T,SURVEY,HE_TAX_ID,_Z,_Z,_T,HHH_SEX_M,_T,_T,_T,_T,_Z,_Z,_Z,_Z,_Z,2021,0.08,,,,,,,,,HE_TAX_ID,SHARE,0.01,A,GNB_EHCVM2021_LEGACY_v1,
dataflow,WB.AFW360:AFW360_HH(0.3.0),R,A,GNB,_T,SURVEY,HE_TAX_ID,_Z,_Z,_T,QUINT_Q1,_T,_T,_T,_T,_Z,_Z,_Z,_Z,_Z,2021,0,,,,,,,,,HE_TAX_ID,SHARE,0.01,A,GNB_EHCVM2021_LEGACY_v1,
dataflow,WB.AFW360:AFW360_HH(0.3.0),R,A,GNB,_T,SURVEY,HE_TAX_ID,_Z,_Z,_T,QUINT_Q2,_T,_T,_T,_T,_Z,_Z,_Z,_Z,_Z,2021,0.07,,,,,,,,,HE_TAX_ID,SHARE,0.01,A,GNB_EHCVM2021_LEGACY_v1,
dataflow,WB.AFW360:AFW360_HH(0.3.0),R,A,GNB,_T,SURVEY,HE_TAX_ID,_Z,_Z,_T,QUINT_Q3,_T,_T,_T,_T,_Z,_Z,_Z,_Z,_Z,2021,0.08,,,,,,,,,HE_TAX_ID,SHARE,0.01,A,GNB_EHCVM2021_LEGACY_v1,
dataflow,WB.AFW360:AFW360_HH(0.3.0),R,A,GNB,_T,SURVEY,HE_TAX_ID,_Z,_Z,_T,QUINT_Q4,_T,_T,_T,_T,_Z,_Z,_Z,_Z,_Z,2021,0.15,,,,,,,,,HE_TAX_ID,SHARE,0.01,A,GNB_EHCVM2021_LEGACY_v1,
dataflow,WB.AFW360:AFW360_HH(0.3.0),R,A,GNB,_T,SURVEY,HE_TAX_ID,_Z,_Z,_T,QUINT_Q5,_T,_T,_T,_T,_Z,_Z,_Z,_Z,_Z,2021,0.07,,,,,,,,,HE_TAX_ID,SHARE,0.01,A,GNB_EHCVM2021_LEGACY_v1,
dataflow,WB.AFW360:AFW360_HH(0.3.0),R,A,GNB,_T,SURVEY,HE_TAX_ID,_Z,_Z,_T,_T,_T,_T,_T,_T,_Z,_Z,_Z,_Z,_Z,2021,0.08,,,,,,,,,HE_TAX_ID,SHARE,0.01,A,GNB_EHCVM2021_LEGACY_v1,
dataflow,WB.AFW360:AFW360_HH(0.3.0),R,A,GNB,_T,SURVEY,HE_WATER,_Z,_Z,OU,_T,_T,_T,_T,_T,_Z,_Z,_Z,_Z,_Z,2021,0.37,,,,,,,,,HE_WATER,SHARE,0.01,A,GNB_EHCVM2021_LEGACY_v1,
dataflow,WB.AFW360:AFW360_HH(0.3.0),R,A,GNB,_T,SURVEY,HE_WATER,_Z,_Z,R,_T,_T,_T,_T,_T,_Z,_Z,_Z,_Z,_Z,2021,0,,,,,,,,,HE_WATER,SHARE,0.01,A,GNB_EHCVM2021_LEGACY_v1,
dataflow,WB.AFW360:AFW360_HH(0.3.0),R,A,GNB,_T,SURVEY,HE_WATER,_Z,_Z,_T,HHH_AGE_GE35,_T,_T,_T,_T,_Z,_Z,_Z,_Z,_Z,2021,0.32,,,,,,,,,HE_WATER,SHARE,0.01,A,GNB_EHCVM2021_LEGACY_v1,
dataflow,WB.AFW360:AFW360_HH(0.3.0),R,A,GNB,_T,SURVEY,HE_WATER,_Z,_Z,_T,HHH_AGE_LT35,_T,_T,_T,_T,_Z,_Z,_Z,_Z,_Z,2021,1,,,,,,,,,HE_WATER,SHARE,0.01,A,GNB_EHCVM2021_LEGACY_v1,
dataflow,WB.AFW360:AFW360_HH(0.3.0),R,A,GNB,_T,SURVEY,HE_WATER,_Z,_Z,_T,HHH_SEX_F,_T,_T,_T,_T,_Z,_Z,_Z,_Z,_Z,2021,1,,,,,,,,,HE_WATER,SHARE,0.01,A,GNB_EHCVM2021_LEGACY_v1,
dataflow,WB.AFW360:AFW360_HH(0.3.0),R,A,GNB,_T,SURVEY,HE_WATER,_Z,_Z,_T,HHH_SEX_M,_T,_T,_T,_T,_Z,_Z,_Z,_Z,_Z,2021,0.27,,,,,,,,,HE_WATER,SHARE,0.01,A,GNB_EHCVM2021_LEGACY_v1,
dataflow,WB.AFW360:AFW360_HH(0.3.0),R,A,GNB,_T,SURVEY,HE_WATER,_Z,_Z,_T,QUINT_Q1,_T,_T,_T,_T,_Z,_Z,_Z,_Z,_Z,2021,NaN,,,,,,,,,HE_WATER,SHARE,0.01,O,GNB_EHCVM2021_LEGACY_v1,"LEGACY_EMPTY: empty cell in sheet 'National', column 'estimateQ1'"
dataflow,WB.AFW360:AFW360_HH(0.3.0),R,A,GNB,_T,SURVEY,HE_WATER,_Z,_Z,_T,QUINT_Q2,_T,_T,_T,_T,_Z,_Z,_Z,_Z,_Z,2021,1,,,,,,,,,HE_WATER,SHARE,0.01,A,GNB_EHCVM2021_LEGACY_v1,
dataflow,WB.AFW360:AFW360_HH(0.3.0),R,A,GNB,_T,SURVEY,HE_WATER,_Z,_Z,_T,QUINT_Q3,_T,_T,_T,_T,_Z,_Z,_Z,_Z,_Z,2021,0,,,,,,,,,HE_WATER,SHARE,0.01,A,GNB_EHCVM2021_LEGACY_v1,
dataflow,WB.AFW360:AFW360_HH(0.3.0),R,A,GNB,_T,SURVEY,HE_WATER,_Z,_Z,_T,QUINT_Q4,_T,_T,_T,_T,_Z,_Z,_Z,_Z,_Z,2021,0.74,,,,,,,,,HE_WATER,SHARE,0.01,A,GNB_EHCVM2021_LEGACY_v1,
dataflow,WB.AFW360:AFW360_HH(0.3.0),R,A,GNB,_T,SURVEY,HE_WATER,_Z,_Z,_T,QUINT_Q5,_T,_T,_T,_T,_Z,_Z,_Z,_Z,_Z,2021,0.09,,,,,,,,,HE_WATER,SHARE,0.01,A,GNB_EHCVM2021_LEGACY_v1,
dataflow,WB.AFW360:AFW360_HH(0.3.0),R,A,GNB,_T,SURVEY,HE_WATER,_Z,_Z,_T,_T,_T,_T,_T,_T,_Z,_Z,_Z,_Z,_Z,2021,0.35,,,,,,,,,HE_WATER,SHARE,0.01,A,GNB_EHCVM2021_LEGACY_v1,
dataflow,WB.AFW360:AFW360_HH(0.3.0),R,A,GNB,_T,SURVEY,HOUS_FLOOR_DURABLE,_Z,_Z,OU,_T,_T,_T,_T,_T,_Z,_Z,_Z,_Z,_Z,2021,0.94,,,,,,,,,HOUS_FLOOR_DURABLE,SHARE,0.01,A,GNB_EHCVM2021_LEGACY_v1,
dataflow,WB.AFW360:AFW360_HH(0.3.0),R,A,GNB,_T,SURVEY,HOUS_FLOOR_DURABLE,_Z,_Z,R,_T,_T,_T,_T,_T,_Z,_Z,_Z,_Z,_Z,2021,0.31,,,,,,,,,HOUS_FLOOR_DURABLE,SHARE,0.01,A,GNB_EHCVM2021_LEGACY_v1,
dataflow,WB.AFW360:AFW360_HH(0.3.0),R,A,GNB,_T,SURVEY,HOUS_FLOOR_DURABLE,_Z,_Z,_T,HHH_AGE_GE35,_T,_T,_T,_T,_Z,_Z,_Z,_Z,_Z,2021,0.58,,,,,,,,,HOUS_FLOOR_DURABLE,SHARE,0.01,A,GNB_EHCVM2021_LEGACY_v1,
dataflow,WB.AFW360:AFW360_HH(0.3.0),R,A,GNB,_T,SURVEY,HOUS_FLOOR_DURABLE,_Z,_Z,_T,HHH_AGE_LT35,_T,_T,_T,_T,_Z,_Z,_Z,_Z,_Z,2021,0.52,,,,,,,,,HOUS_FLOOR_DURABLE,SHARE,0.01,A,GNB_EHCVM2021_LEGACY_v1,
dataflow,WB.AFW360:AFW360_HH(0.3.0),R,A,GNB,_T,SURVEY,HOUS_FLOOR_DURABLE,_Z,_Z,_T,HHH_SEX_F,_T,_T,_T,_T,_Z,_Z,_Z,_Z,_Z,2021,0.74,,,,,,,,,HOUS_FLOOR_DURABLE,SHARE,0.01,A,GNB_EHCVM2021_LEGACY_v1,
dataflow,WB.AFW360:AFW360_HH(0.3.0),R,A,GNB,_T,SURVEY,HOUS_FLOOR_DURABLE,_Z,_Z,_T,HHH_SEX_M,_T,_T,_T,_T,_Z,_Z,_Z,_Z,_Z,2021,0.54,,,,,,,,,HOUS_FLOOR_DURABLE,SHARE,0.01,A,GNB_EHCVM2021_LEGACY_v1,
dataflow,WB.AFW360:AFW360_HH(0.3.0),R,A,GNB,_T,SURVEY,HOUS_FLOOR_DURABLE,_Z,_Z,_T,QUINT_Q1,_T,_T,_T,_T,_Z,_Z,_Z,_Z,_Z,2021,0.29,,,,,,,,,HOUS_FLOOR_DURABLE,SHARE,0.01,A,GNB_EHCVM2021_LEGACY_v1,
dataflow,WB.AFW360:AFW360_HH(0.3.0),R,A,GNB,_T,SURVEY,HOUS_FLOOR_DURABLE,_Z,_Z,_T,QUINT_Q2,_T,_T,_T,_T,_Z,_Z,_Z,_Z,_Z,2021,0.46,,,,,,,,,HOUS_FLOOR_DURABLE,SHARE,0.01,A,GNB_EHCVM2021_LEGACY_v1,
dataflow,WB.AFW360:AFW360_HH(0.3.0),R,A,GNB,_T,SURVEY,HOUS_FLOOR_DURABLE,_Z,_Z,_T,QUINT_Q3,_T,_T,_T,_T,_Z,_Z,_Z,_Z,_Z,2021,0.58,,,,,,,,,HOUS_FLOOR_DURABLE,SHARE,0.01,A,GNB_EHCVM2021_LEGACY_v1,
dataflow,WB.AFW360:AFW360_HH(0.3.0),R,A,GNB,_T,SURVEY,HOUS_FLOOR_DURABLE,_Z,_Z,_T,QUINT_Q4,_T,_T,_T,_T,_Z,_Z,_Z,_Z,_Z,2021,0.71,,,,,,,,,HOUS_FLOOR_DURABLE,SHARE,0.01,A,GNB_EHCVM2021_LEGACY_v1,
dataflow,WB.AFW360:AFW360_HH(0.3.0),R,A,GNB,_T,SURVEY,HOUS_FLOOR_DURABLE,_Z,_Z,_T,QUINT_Q5,_T,_T,_T,_T,_Z,_Z,_Z,_Z,_Z,2021,0.84,,,,,,,,,HOUS_FLOOR_DURABLE,SHARE,0.01,A,GNB_EHCVM2021_LEGACY_v1,
dataflow,WB.AFW360:AFW360_HH(0.3.0),R,A,GNB,_T,SURVEY,HOUS_FLOOR_DURABLE,_Z,_Z,_T,_T,_T,_T,_T,_T,_Z,_Z,_Z,_Z,_Z,2021,0.57,,,,,,,,,HOUS_FLOOR_DURABLE,SHARE,0.01,A,GNB_EHCVM2021_LEGACY_v1,
dataflow,WB.AFW360:AFW360_HH(0.3.0),R,A,GNB,_T,SURVEY,HOUS_ROOF_DURABLE,_Z,_Z,OU,_T,_T,_T,_T,_T,_Z,_Z,_Z,_Z,_Z,2021,0.99,,,,,,,,,HOUS_ROOF_DURABLE,SHARE,0.01,A,GNB_EHCVM2021_LEGACY_v1,
dataflow,WB.AFW360:AFW360_HH(0.3.0),R,A,GNB,_T,SURVEY,HOUS_ROOF_DURABLE,_Z,_Z,R,_T,_T,_T,_T,_T,_Z,_Z,_Z,_Z,_Z,2021,0.88,,,,,,,,,HOUS_ROOF_DURABLE,SHARE,0.01,A,GNB_EHCVM2021_LEGACY_v1,
dataflow,WB.AFW360:AFW360_HH(0.3.0),R,A,GNB,_T,SURVEY,HOUS_ROOF_DURABLE,_Z,_Z,_T,HHH_AGE_GE35,_T,_T,_T,_T,_Z,_Z,_Z,_Z,_Z,2021,0.93,,,,,,,,,HOUS_ROOF_DURABLE,SHARE,0.01,A,GNB_EHCVM2021_LEGACY_v1,
dataflow,WB.AFW360:AFW360_HH(0.3.0),R,A,GNB,_T,SURVEY,HOUS_ROOF_DURABLE,_Z,_Z,_T,HHH_AGE_LT35,_T,_T,_T,_T,_Z,_Z,_Z,_Z,_Z,2021,0.9,,,,,,,,,HOUS_ROOF_DURABLE,SHARE,0.01,A,GNB_EHCVM2021_LEGACY_v1,
dataflow,WB.AFW360:AFW360_HH(0.3.0),R,A,GNB,_T,SURVEY,HOUS_ROOF_DURABLE,_Z,_Z,_T,HHH_SEX_F,_T,_T,_T,_T,_Z,_Z,_Z,_Z,_Z,2021,0.96,,,,,,,,,HOUS_ROOF_DURABLE,SHARE,0.01,A,GNB_EHCVM2021_LEGACY_v1,
dataflow,WB.AFW360:AFW360_HH(0.3.0),R,A,GNB,_T,SURVEY,HOUS_ROOF_DURABLE,_Z,_Z,_T,HHH_SEX_M,_T,_T,_T,_T,_Z,_Z,_Z,_Z,_Z,2021,0.92,,,,,,,,,HOUS_ROOF_DURABLE,SHARE,0.01,A,GNB_EHCVM2021_LEGACY_v1,
dataflow,WB.AFW360:AFW360_HH(0.3.0),R,A,GNB,_T,SURVEY,HOUS_ROOF_DURABLE,_Z,_Z,_T,QUINT_Q1,_T,_T,_T,_T,_Z,_Z,_Z,_Z,_Z,2021,0.91,,,,,,,,,HOUS_ROOF_DURABLE,SHARE,0.01,A,GNB_EHCVM2021_LEGACY_v1,
dataflow,WB.AFW360:AFW360_HH(0.3.0),R,A,GNB,_T,SURVEY,HOUS_ROOF_DURABLE,_Z,_Z,_T,QUINT_Q2,_T,_T,_T,_T,_Z,_Z,_Z,_Z,_Z,2021,0.92,,,,,,,,,HOUS_ROOF_DURABLE,SHARE,0.01,A,GNB_EHCVM2021_LEGACY_v1,
dataflow,WB.AFW360:AFW360_HH(0.3.0),R,A,GNB,_T,SURVEY,HOUS_ROOF_DURABLE,_Z,_Z,_T,QUINT_Q3,_T,_T,_T,_T,_Z,_Z,_Z,_Z,_Z,2021,0.92,,,,,,,,,HOUS_ROOF_DURABLE,SHARE,0.01,A,GNB_EHCVM2021_LEGACY_v1,
dataflow,WB.AFW360:AFW360_HH(0.3.0),R,A,GNB,_T,SURVEY,HOUS_ROOF_DURABLE,_Z,_Z,_T,QUINT_Q4,_T,_T,_T,_T,_Z,_Z,_Z,_Z,_Z,2021,0.93,,,,,,,,,HOUS_ROOF_DURABLE,SHARE,0.01,A,GNB_EHCVM2021_LEGACY_v1,
dataflow,WB.AFW360:AFW360_HH(0.3.0),R,A,GNB,_T,SURVEY,HOUS_ROOF_DURABLE,_Z,_Z,_T,QUINT_Q5,_T,_T,_T,_T,_Z,_Z,_Z,_Z,_Z,2021,0.97,,,,,,,,,HOUS_ROOF_DURABLE,SHARE,0.01,A,GNB_EHCVM2021_LEGACY_v1,
dataflow,WB.AFW360:AFW360_HH(0.3.0),R,A,GNB,_T,SURVEY,HOUS_ROOF_DURABLE,_Z,_Z,_T,_T,_T,_T,_T,_T,_Z,_Z,_Z,_Z,_Z,2021,0.93,,,,,,,,,HOUS_ROOF_DURABLE,SHARE,0.01,A,GNB_EHCVM2021_LEGACY_v1,
dataflow,WB.AFW360:AFW360_HH(0.3.0),R,A,GNB,_T,SURVEY,HOUS_SANIT_IMPROVED,_Z,_Z,OU,_T,_T,_T,_T,_T,_Z,_Z,_Z,_Z,_Z,2021,0.49,,,,,,,,,HOUS_SANIT_IMPROVED,SHARE,0.01,A,GNB_EHCVM2021_LEGACY_v1,
dataflow,WB.AFW360:AFW360_HH(0.3.0),R,A,GNB,_T,SURVEY,HOUS_SANIT_IMPROVED,_Z,_Z,R,_T,_T,_T,_T,_T,_Z,_Z,_Z,_Z,_Z,2021,0.09,,,,,,,,,HOUS_SANIT_IMPROVED,SHARE,0.01,A,GNB_EHCVM2021_LEGACY_v1,
dataflow,WB.AFW360:AFW360_HH(0.3.0),R,A,GNB,_T,SURVEY,HOUS_SANIT_IMPROVED,_Z,_Z,_T,HHH_AGE_GE35,_T,_T,_T,_T,_Z,_Z,_Z,_Z,_Z,2021,0.25,,,,,,,,,HOUS_SANIT_IMPROVED,SHARE,0.01,A,GNB_EHCVM2021_LEGACY_v1,
dataflow,WB.AFW360:AFW360_HH(0.3.0),R,A,GNB,_T,SURVEY,HOUS_SANIT_IMPROVED,_Z,_Z,_T,HHH_AGE_LT35,_T,_T,_T,_T,_Z,_Z,_Z,_Z,_Z,2021,0.25,,,,,,,,,HOUS_SANIT_IMPROVED,SHARE,0.01,A,GNB_EHCVM2021_LEGACY_v1,
dataflow,WB.AFW360:AFW360_HH(0.3.0),R,A,GNB,_T,SURVEY,HOUS_SANIT_IMPROVED,_Z,_Z,_T,HHH_SEX_F,_T,_T,_T,_T,_Z,_Z,_Z,_Z,_Z,2021,0.37,,,,,,,,,HOUS_SANIT_IMPROVED,SHARE,0.01,A,GNB_EHCVM2021_LEGACY_v1,
dataflow,WB.AFW360:AFW360_HH(0.3.0),R,A,GNB,_T,SURVEY,HOUS_SANIT_IMPROVED,_Z,_Z,_T,HHH_SEX_M,_T,_T,_T,_T,_Z,_Z,_Z,_Z,_Z,2021,0.22,,,,,,,,,HOUS_SANIT_IMPROVED,SHARE,0.01,A,GNB_EHCVM2021_LEGACY_v1,
dataflow,WB.AFW360:AFW360_HH(0.3.0),R,A,GNB,_T,SURVEY,HOUS_SANIT_IMPROVED,_Z,_Z,_T,QUINT_Q1,_T,_T,_T,_T,_Z,_Z,_Z,_Z,_Z,2021,0.1,,,,,,,,,HOUS_SANIT_IMPROVED,SHARE,0.01,A,GNB_EHCVM2021_LEGACY_v1,
dataflow,WB.AFW360:AFW360_HH(0.3.0),R,A,GNB,_T,SURVEY,HOUS_SANIT_IMPROVED,_Z,_Z,_T,QUINT_Q2,_T,_T,_T,_T,_Z,_Z,_Z,_Z,_Z,2021,0.11,,,,,,,,,HOUS_SANIT_IMPROVED,SHARE,0.01,A,GNB_EHCVM2021_LEGACY_v1,
dataflow,WB.AFW360:AFW360_HH(0.3.0),R,A,GNB,_T,SURVEY,HOUS_SANIT_IMPROVED,_Z,_Z,_T,QUINT_Q3,_T,_T,_T,_T,_Z,_Z,_Z,_Z,_Z,2021,0.23,,,,,,,,,HOUS_SANIT_IMPROVED,SHARE,0.01,A,GNB_EHCVM2021_LEGACY_v1,
dataflow,WB.AFW360:AFW360_HH(0.3.0),R,A,GNB,_T,SURVEY,HOUS_SANIT_IMPROVED,_Z,_Z,_T,QUINT_Q4,_T,_T,_T,_T,_Z,_Z,_Z,_Z,_Z,2021,0.3,,,,,,,,,HOUS_SANIT_IMPROVED,SHARE,0.01,A,GNB_EHCVM2021_LEGACY_v1,
dataflow,WB.AFW360:AFW360_HH(0.3.0),R,A,GNB,_T,SURVEY,HOUS_SANIT_IMPROVED,_Z,_Z,_T,QUINT_Q5,_T,_T,_T,_T,_Z,_Z,_Z,_Z,_Z,2021,0.53,,,,,,,,,HOUS_SANIT_IMPROVED,SHARE,0.01,A,GNB_EHCVM2021_LEGACY_v1,
dataflow,WB.AFW360:AFW360_HH(0.3.0),R,A,GNB,_T,SURVEY,HOUS_SANIT_IMPROVED,_Z,_Z,_T,_T,_T,_T,_T,_T,_Z,_Z,_Z,_Z,_Z,2021,0.25,,,,,,,,,HOUS_SANIT_IMPROVED,SHARE,0.01,A,GNB_EHCVM2021_LEGACY_v1,
dataflow,WB.AFW360:AFW360_HH(0.3.0),R,A,GNB,_T,SURVEY,HOUS_WALL_DURABLE,_Z,_Z,OU,_T,_T,_T,_T,_T,_Z,_Z,_Z,_Z,_Z,2021,0.43,,,,,,,,,HOUS_WALL_DURABLE,SHARE,0.01,A,GNB_EHCVM2021_LEGACY_v1,
dataflow,WB.AFW360:AFW360_HH(0.3.0),R,A,GNB,_T,SURVEY,HOUS_WALL_DURABLE,_Z,_Z,R,_T,_T,_T,_T,_T,_Z,_Z,_Z,_Z,_Z,2021,0.25,,,,,,,,,HOUS_WALL_DURABLE,SHARE,0.01,A,GNB_EHCVM2021_LEGACY_v1,
dataflow,WB.AFW360:AFW360_HH(0.3.0),R,A,GNB,_T,SURVEY,HOUS_WALL_DURABLE,_Z,_Z,_T,HHH_AGE_GE35,_T,_T,_T,_T,_Z,_Z,_Z,_Z,_Z,2021,0.33,,,,,,,,,HOUS_WALL_DURABLE,SHARE,0.01,A,GNB_EHCVM2021_LEGACY_v1,
dataflow,WB.AFW360:AFW360_HH(0.3.0),R,A,GNB,_T,SURVEY,HOUS_WALL_DURABLE,_Z,_Z,_T,HHH_AGE_LT35,_T,_T,_T,_T,_Z,_Z,_Z,_Z,_Z,2021,0.31,,,,,,,,,HOUS_WALL_DURABLE,SHARE,0.01,A,GNB_EHCVM2021_LEGACY_v1,
dataflow,WB.AFW360:AFW360_HH(0.3.0),R,A,GNB,_T,SURVEY,HOUS_WALL_DURABLE,_Z,_Z,_T,HHH_SEX_F,_T,_T,_T,_T,_Z,_Z,_Z,_Z,_Z,2021,0.36,,,,,,,,,HOUS_WALL_DURABLE,SHARE,0.01,A,GNB_EHCVM2021_LEGACY_v1,
dataflow,WB.AFW360:AFW360_HH(0.3.0),R,A,GNB,_T,SURVEY,HOUS_WALL_DURABLE,_Z,_Z,_T,HHH_SEX_M,_T,_T,_T,_T,_Z,_Z,_Z,_Z,_Z,2021,0.32,,,,,,,,,HOUS_WALL_DURABLE,SHARE,0.01,A,GNB_EHCVM2021_LEGACY_v1,
dataflow,WB.AFW360:AFW360_HH(0.3.0),R,A,GNB,_T,SURVEY,HOUS_WALL_DURABLE,_Z,_Z,_T,QUINT_Q1,_T,_T,_T,_T,_Z,_Z,_Z,_Z,_Z,2021,0.29,,,,,,,,,HOUS_WALL_DURABLE,SHARE,0.01,A,GNB_EHCVM2021_LEGACY_v1,
dataflow,WB.AFW360:AFW360_HH(0.3.0),R,A,GNB,_T,SURVEY,HOUS_WALL_DURABLE,_Z,_Z,_T,QUINT_Q2,_T,_T,_T,_T,_Z,_Z,_Z,_Z,_Z,2021,0.26,,,,,,,,,HOUS_WALL_DURABLE,SHARE,0.01,A,GNB_EHCVM2021_LEGACY_v1,
dataflow,WB.AFW360:AFW360_HH(0.3.0),R,A,GNB,_T,SURVEY,HOUS_WALL_DURABLE,_Z,_Z,_T,QUINT_Q3,_T,_T,_T,_T,_Z,_Z,_Z,_Z,_Z,2021,0.32,,,,,,,,,HOUS_WALL_DURABLE,SHARE,0.01,A,GNB_EHCVM2021_LEGACY_v1,
dataflow,WB.AFW360:AFW360_HH(0.3.0),R,A,GNB,_T,SURVEY,HOUS_WALL_DURABLE,_Z,_Z,_T,QUINT_Q4,_T,_T,_T,_T,_Z,_Z,_Z,_Z,_Z,2021,0.35,,,,,,,,,HOUS_WALL_DURABLE,SHARE,0.01,A,GNB_EHCVM2021_LEGACY_v1,
dataflow,WB.AFW360:AFW360_HH(0.3.0),R,A,GNB,_T,SURVEY,HOUS_WALL_DURABLE,_Z,_Z,_T,QUINT_Q5,_T,_T,_T,_T,_Z,_Z,_Z,_Z,_Z,2021,0.41,,,,,,,,,HOUS_WALL_DURABLE,SHARE,0.01,A,GNB_EHCVM2021_LEGACY_v1,
dataflow,WB.AFW360:AFW360_HH(0.3.0),R,A,GNB,_T,SURVEY,HOUS_WALL_DURABLE,_Z,_Z,_T,_T,_T,_T,_T,_T,_Z,_Z,_Z,_Z,_Z,2021,0.32,,,,,,,,,HOUS_WALL_DURABLE,SHARE,0.01,A,GNB_EHCVM2021_LEGACY_v1,
dataflow,WB.AFW360:AFW360_HH(0.3.0),R,A,GNB,_T,SURVEY,HOUS_WATER_SAFE_DRY,_Z,_Z,OU,_T,_T,_T,_T,_T,_Z,_Z,_Z,_Z,_Z,2021,0.9,,,,,,,,,HOUS_WATER_SAFE_DRY,SHARE,0.01,A,GNB_EHCVM2021_LEGACY_v1,
dataflow,WB.AFW360:AFW360_HH(0.3.0),R,A,GNB,_T,SURVEY,HOUS_WATER_SAFE_DRY,_Z,_Z,R,_T,_T,_T,_T,_T,_Z,_Z,_Z,_Z,_Z,2021,0.64,,,,,,,,,HOUS_WATER_SAFE_DRY,SHARE,0.01,A,GNB_EHCVM2021_LEGACY_v1,
dataflow,WB.AFW360:AFW360_HH(0.3.0),R,A,GNB,_T,SURVEY,HOUS_WATER_SAFE_DRY,_Z,_Z,_T,HHH_AGE_GE35,_T,_T,_T,_T,_Z,_Z,_Z,_Z,_Z,2021,0.75,,,,,,,,,HOUS_WATER_SAFE_DRY,SHARE,0.01,A,GNB_EHCVM2021_LEGACY_v1,
dataflow,WB.AFW360:AFW360_HH(0.3.0),R,A,GNB,_T,SURVEY,HOUS_WATER_SAFE_DRY,_Z,_Z,_T,HHH_AGE_LT35,_T,_T,_T,_T,_Z,_Z,_Z,_Z,_Z,2021,0.73,,,,,,,,,HOUS_WATER_SAFE_DRY,SHARE,0.01,A,GNB_EHCVM2021_LEGACY_v1,
dataflow,WB.AFW360:AFW360_HH(0.3.0),R,A,GNB,_T,SURVEY,HOUS_WATER_SAFE_DRY,_Z,_Z,_T,HHH_SEX_F,_T,_T,_T,_T,_Z,_Z,_Z,_Z,_Z,2021,0.82,,,,,,,,,HOUS_WATER_SAFE_DRY,SHARE,0.01,A,GNB_EHCVM2021_LEGACY_v1,
dataflow,WB.AFW360:AFW360_HH(0.3.0),R,A,GNB,_T,SURVEY,HOUS_WATER_SAFE_DRY,_Z,_Z,_T,HHH_SEX_M,_T,_T,_T,_T,_Z,_Z,_Z,_Z,_Z,2021,0.73,,,,,,,,,HOUS_WATER_SAFE_DRY,SHARE,0.01,A,GNB_EHCVM2021_LEGACY_v1,
dataflow,WB.AFW360:AFW360_HH(0.3.0),R,A,GNB,_T,SURVEY,HOUS_WATER_SAFE_DRY,_Z,_Z,_T,QUINT_Q1,_T,_T,_T,_T,_Z,_Z,_Z,_Z,_Z,2021,0.64,,,,,,,,,HOUS_WATER_SAFE_DRY,SHARE,0.01,A,GNB_EHCVM2021_LEGACY_v1,
dataflow,WB.AFW360:AFW360_HH(0.3.0),R,A,GNB,_T,SURVEY,HOUS_WATER_SAFE_DRY,_Z,_Z,_T,QUINT_Q2,_T,_T,_T,_T,_Z,_Z,_Z,_Z,_Z,2021,0.69,,,,,,,,,HOUS_WATER_SAFE_DRY,SHARE,0.01,A,GNB_EHCVM2021_LEGACY_v1,
dataflow,WB.AFW360:AFW360_HH(0.3.0),R,A,GNB,_T,SURVEY,HOUS_WATER_SAFE_DRY,_Z,_Z,_T,QUINT_Q3,_T,_T,_T,_T,_Z,_Z,_Z,_Z,_Z,2021,0.73,,,,,,,,,HOUS_WATER_SAFE_DRY,SHARE,0.01,A,GNB_EHCVM2021_LEGACY_v1,
dataflow,WB.AFW360:AFW360_HH(0.3.0),R,A,GNB,_T,SURVEY,HOUS_WATER_SAFE_DRY,_Z,_Z,_T,QUINT_Q4,_T,_T,_T,_T,_Z,_Z,_Z,_Z,_Z,2021,0.79,,,,,,,,,HOUS_WATER_SAFE_DRY,SHARE,0.01,A,GNB_EHCVM2021_LEGACY_v1,
dataflow,WB.AFW360:AFW360_HH(0.3.0),R,A,GNB,_T,SURVEY,HOUS_WATER_SAFE_DRY,_Z,_Z,_T,QUINT_Q5,_T,_T,_T,_T,_Z,_Z,_Z,_Z,_Z,2021,0.88,,,,,,,,,HOUS_WATER_SAFE_DRY,SHARE,0.01,A,GNB_EHCVM2021_LEGACY_v1,
dataflow,WB.AFW360:AFW360_HH(0.3.0),R,A,GNB,_T,SURVEY,HOUS_WATER_SAFE_DRY,_Z,_Z,_T,_T,_T,_T,_T,_T,_Z,_Z,_Z,_Z,_Z,2021,0.75,,,,,,,,,HOUS_WATER_SAFE_DRY,SHARE,0.01,A,GNB_EHCVM2021_LEGACY_v1,
dataflow,WB.AFW360:AFW360_HH(0.3.0),R,A,GNB,_T,SURVEY,POP_HE_SH,_Z,_Z,OU,HEO_MSTAT_MARRIED,_T,_T,_T,_T,_Z,_Z,_Z,_Z,_Z,2021,0.31,,,,,,,,,POP_HE_SH.HEO_MSTAT_MARRIED,SHARE,0.01,A,GNB_EHCVM2021_LEGACY_v1,
dataflow,WB.AFW360:AFW360_HH(0.3.0),R,A,GNB,_T,SURVEY,POP_HE_SH,_Z,_Z,OU,HEO_SEX_F,_T,_T,_T,_T,_Z,_Z,_Z,_Z,_Z,2021,0.65,,,,,,,,,POP_HE_SH.HEO_SEX_F,SHARE,0.01,A,GNB_EHCVM2021_LEGACY_v1,
dataflow,WB.AFW360:AFW360_HH(0.3.0),R,A,GNB,_T,SURVEY,POP_HE_SH,_Z,_Z,R,HEO_MSTAT_MARRIED,_T,_T,_T,_T,_Z,_Z,_Z,_Z,_Z,2021,0.46,,,,,,,,,POP_HE_SH.HEO_MSTAT_MARRIED,SHARE,0.01,A,GNB_EHCVM2021_LEGACY_v1,
dataflow,WB.AFW360:AFW360_HH(0.3.0),R,A,GNB,_T,SURVEY,POP_HE_SH,_Z,_Z,R,HEO_SEX_F,_T,_T,_T,_T,_Z,_Z,_Z,_Z,_Z,2021,0.58,,,,,,,,,POP_HE_SH.HEO_SEX_F,SHARE,0.01,A,GNB_EHCVM2021_LEGACY_v1,
dataflow,WB.AFW360:AFW360_HH(0.3.0),R,A,GNB,_T,SURVEY,POP_HE_SH,_Z,_Z,_T,HEO_MSTAT_MARRIED,_T,_T,_T,_T,_Z,_Z,_Z,_Z,_Z,2021,0.36,,,,,,,,,POP_HE_SH.HEO_MSTAT_MARRIED,SHARE,0.01,A,GNB_EHCVM2021_LEGACY_v1,
dataflow,WB.AFW360:AFW360_HH(0.3.0),R,A,GNB,_T,SURVEY,POP_HE_SH,_Z,_Z,_T,HEO_SEX_F,_T,_T,_T,_T,_Z,_Z,_Z,_Z,_Z,2021,0.62,,,,,,,,,POP_HE_SH.HEO_SEX_F,SHARE,0.01,A,GNB_EHCVM2021_LEGACY_v1,
dataflow,WB.AFW360:AFW360_HH(0.3.0),R,A,GNB,_T,SURVEY,POP_HE_SH,_Z,_Z,_T,HHH_AGE_GE35,HEO_MSTAT_MARRIED,_T,_T,_T,_Z,_Z,_Z,_Z,_Z,2021,0.37,,,,,,,,,POP_HE_SH.HEO_MSTAT_MARRIED,SHARE,0.01,A,GNB_EHCVM2021_LEGACY_v1,
dataflow,WB.AFW360:AFW360_HH(0.3.0),R,A,GNB,_T,SURVEY,POP_HE_SH,_Z,_Z,_T,HHH_AGE_GE35,HEO_SEX_F,_T,_T,_T,_Z,_Z,_Z,_Z,_Z,2021,0.64,,,,,,,,,POP_HE_SH.HEO_SEX_F,SHARE,0.01,A,GNB_EHCVM2021_LEGACY_v1,
dataflow,WB.AFW360:AFW360_HH(0.3.0),R,A,GNB,_T,SURVEY,POP_HE_SH,_Z,_Z,_T,HHH_AGE_LT35,HEO_MSTAT_MARRIED,_T,_T,_T,_Z,_Z,_Z,_Z,_Z,2021,0.3,,,,,,,,,POP_HE_SH.HEO_MSTAT_MARRIED,SHARE,0.01,A,GNB_EHCVM2021_LEGACY_v1,
dataflow,WB.AFW360:AFW360_HH(0.3.0),R,A,GNB,_T,SURVEY,POP_HE_SH,_Z,_Z,_T,HHH_AGE_LT35,HEO_SEX_F,_T,_T,_T,_Z,_Z,_Z,_Z,_Z,2021,0.54,,,,,,,,,POP_HE_SH.HEO_SEX_F,SHARE,0.01,A,GNB_EHCVM2021_LEGACY_v1,
dataflow,WB.AFW360:AFW360_HH(0.3.0),R,A,GNB,_T,SURVEY,POP_HE_SH,_Z,_Z,_T,HHH_SEX_F,HEO_MSTAT_MARRIED,_T,_T,_T,_Z,_Z,_Z,_Z,_Z,2021,0.06,,,,,,,,,POP_HE_SH.HEO_MSTAT_MARRIED,SHARE,0.01,A,GNB_EHCVM2021_LEGACY_v1,
dataflow,WB.AFW360:AFW360_HH(0.3.0),R,A,GNB,_T,SURVEY,POP_HE_SH,_Z,_Z,_T,HHH_SEX_F,HEO_SEX_F,_T,_T,_T,_Z,_Z,_Z,_Z,_Z,2021,0.7,,,,,,,,,POP_HE_SH.HEO_SEX_F,SHARE,0.01,A,GNB_EHCVM2021_LEGACY_v1,
dataflow,WB.AFW360:AFW360_HH(0.3.0),R,A,GNB,_T,SURVEY,POP_HE_SH,_Z,_Z,_T,HHH_SEX_M,HEO_MSTAT_MARRIED,_T,_T,_T,_Z,_Z,_Z,_Z,_Z,2021,0.45,,,,,,,,,POP_HE_SH.HEO_MSTAT_MARRIED,SHARE,0.01,A,GNB_EHCVM2021_LEGACY_v1,
dataflow,WB.AFW360:AFW360_HH(0.3.0),R,A,GNB,_T,SURVEY,POP_HE_SH,_Z,_Z,_T,HHH_SEX_M,HEO_SEX_F,_T,_T,_T,_Z,_Z,_Z,_Z,_Z,2021,0.6,,,,,,,,,POP_HE_SH.HEO_SEX_F,SHARE,0.01,A,GNB_EHCVM2021_LEGACY_v1,
dataflow,WB.AFW360:AFW360_HH(0.3.0),R,A,GNB,_T,SURVEY,POP_HE_SH,_Z,_Z,_T,QUINT_Q1,HEO_MSTAT_MARRIED,_T,_T,_T,_Z,_Z,_Z,_Z,_Z,2021,0.47,,,,,,,,,POP_HE_SH.HEO_MSTAT_MARRIED,SHARE,0.01,A,GNB_EHCVM2021_LEGACY_v1,
dataflow,WB.AFW360:AFW360_HH(0.3.0),R,A,GNB,_T,SURVEY,POP_HE_SH,_Z,_Z,_T,QUINT_Q1,HEO_SEX_F,_T,_T,_T,_Z,_Z,_Z,_Z,_Z,2021,0.65,,,,,,,,,POP_HE_SH.HEO_SEX_F,SHARE,0.01,A,GNB_EHCVM2021_LEGACY_v1,
dataflow,WB.AFW360:AFW360_HH(0.3.0),R,A,GNB,_T,SURVEY,POP_HE_SH,_Z,_Z,_T,QUINT_Q2,HEO_MSTAT_MARRIED,_T,_T,_T,_Z,_Z,_Z,_Z,_Z,2021,0.45,,,,,,,,,POP_HE_SH.HEO_MSTAT_MARRIED,SHARE,0.01,A,GNB_EHCVM2021_LEGACY_v1,
dataflow,WB.AFW360:AFW360_HH(0.3.0),R,A,GNB,_T,SURVEY,POP_HE_SH,_Z,_Z,_T,QUINT_Q2,HEO_SEX_F,_T,_T,_T,_Z,_Z,_Z,_Z,_Z,2021,0.67,,,,,,,,,POP_HE_SH.HEO_SEX_F,SHARE,0.01,A,GNB_EHCVM2021_LEGACY_v1,
dataflow,WB.AFW360:AFW360_HH(0.3.0),R,A,GNB,_T,SURVEY,POP_HE_SH,_Z,_Z,_T,QUINT_Q3,HEO_MSTAT_MARRIED,_T,_T,_T,_Z,_Z,_Z,_Z,_Z,2021,0.25,,,,,,,,,POP_HE_SH.HEO_MSTAT_MARRIED,SHARE,0.01,A,GNB_EHCVM2021_LEGACY_v1,
dataflow,WB.AFW360:AFW360_HH(0.3.0),R,A,GNB,_T,SURVEY,POP_HE_SH,_Z,_Z,_T,QUINT_Q3,HEO_SEX_F,_T,_T,_T,_Z,_Z,_Z,_Z,_Z,2021,0.62,,,,,,,,,POP_HE_SH.HEO_SEX_F,SHARE,0.01,A,GNB_EHCVM2021_LEGACY_v1,
dataflow,WB.AFW360:AFW360_HH(0.3.0),R,A,GNB,_T,SURVEY,POP_HE_SH,_Z,_Z,_T,QUINT_Q4,HEO_MSTAT_MARRIED,_T,_T,_T,_Z,_Z,_Z,_Z,_Z,2021,0.34,,,,,,,,,POP_HE_SH.HEO_MSTAT_MARRIED,SHARE,0.01,A,GNB_EHCVM2021_LEGACY_v1,
dataflow,WB.AFW360:AFW360_HH(0.3.0),R,A,GNB,_T,SURVEY,POP_HE_SH,_Z,_Z,_T,QUINT_Q4,HEO_SEX_F,_T,_T,_T,_Z,_Z,_Z,_Z,_Z,2021,0.71,,,,,,,,,POP_HE_SH.HEO_SEX_F,SHARE,0.01,A,GNB_EHCVM2021_LEGACY_v1,
dataflow,WB.AFW360:AFW360_HH(0.3.0),R,A,GNB,_T,SURVEY,POP_HE_SH,_Z,_Z,_T,QUINT_Q5,HEO_MSTAT_MARRIED,_T,_T,_T,_Z,_Z,_Z,_Z,_Z,2021,0.35,,,,,,,,,POP_HE_SH.HEO_MSTAT_MARRIED,SHARE,0.01,A,GNB_EHCVM2021_LEGACY_v1,
dataflow,WB.AFW360:AFW360_HH(0.3.0),R,A,GNB,_T,SURVEY,POP_HE_SH,_Z,_Z,_T,QUINT_Q5,HEO_SEX_F,_T,_T,_T,_Z,_Z,_Z,_Z,_Z,2021,0.52,,,,,,,,,POP_HE_SH.HEO_SEX_F,SHARE,0.01,A,GNB_EHCVM2021_LEGACY_v1,
dataflow,WB.AFW360:AFW360_HH(0.3.0),R,A,GNB,_T,SURVEY,POP_HH_SH,_Z,_Z,OU,HE_COUNT_0,_T,_T,_T,_T,_Z,_Z,_Z,_Z,_Z,2021,0.3,,,,,,,,,POP_HH_SH.HE_COUNT_0,SHARE,0.01,A,GNB_EHCVM2021_LEGACY_v1,
dataflow,WB.AFW360:AFW360_HH(0.3.0),R,A,GNB,_T,SURVEY,POP_HH_SH,_Z,_Z,OU,HE_COUNT_1,_T,_T,_T,_T,_Z,_Z,_Z,_Z,_Z,2021,0.53,,,,,,,,,POP_HH_SH.HE_COUNT_1,SHARE,0.01,A,GNB_EHCVM2021_LEGACY_v1,
dataflow,WB.AFW360:AFW360_HH(0.3.0),R,A,GNB,_T,SURVEY,POP_HH_SH,_Z,_Z,OU,HE_COUNT_2,_T,_T,_T,_T,_Z,_Z,_Z,_Z,_Z,2021,0.15,,,,,,,,,POP_HH_SH.HE_COUNT_2,SHARE,0.01,A,GNB_EHCVM2021_LEGACY_v1,
dataflow,WB.AFW360:AFW360_HH(0.3.0),R,A,GNB,_T,SURVEY,POP_HH_SH,_Z,_Z,OU,HE_COUNT_3,_T,_T,_T,_T,_Z,_Z,_Z,_Z,_Z,2021,0.02,,,,,,,,,POP_HH_SH.HE_COUNT_3,SHARE,0.01,A,GNB_EHCVM2021_LEGACY_v1,
dataflow,WB.AFW360:AFW360_HH(0.3.0),R,A,GNB,_T,SURVEY,POP_HH_SH,_Z,_Z,OU,HE_COUNT_4P,_T,_T,_T,_T,_Z,_Z,_Z,_Z,_Z,2021,0,,,,,,,,,POP_HH_SH.HE_COUNT_4P,SHARE,0.01,A,GNB_EHCVM2021_LEGACY_v1,
dataflow,WB.AFW360:AFW360_HH(0.3.0),R,A,GNB,_T,SURVEY,POP_HH_SH,_Z,_Z,R,HE_COUNT_0,_T,_T,_T,_T,_Z,_Z,_Z,_Z,_Z,2021,0.52,,,,,,,,,POP_HH_SH.HE_COUNT_0,SHARE,0.01,A,GNB_EHCVM2021_LEGACY_v1,
dataflow,WB.AFW360:AFW360_HH(0.3.0),R,A,GNB,_T,SURVEY,POP_HH_SH,_Z,_Z,R,HE_COUNT_1,_T,_T,_T,_T,_Z,_Z,_Z,_Z,_Z,2021,0.4,,,,,,,,,POP_HH_SH.HE_COUNT_1,SHARE,0.01,A,GNB_EHCVM2021_LEGACY_v1,
dataflow,WB.AFW360:AFW360_HH(0.3.0),R,A,GNB,_T,SURVEY,POP_HH_SH,_Z,_Z,R,HE_COUNT_2,_T,_T,_T,_T,_Z,_Z,_Z,_Z,_Z,2021,0.08,,,,,,,,,POP_HH_SH.HE_COUNT_2,SHARE,0.01,A,GNB_EHCVM2021_LEGACY_v1,
dataflow,WB.AFW360:AFW360_HH(0.3.0),R,A,GNB,_T,SURVEY,POP_HH_SH,_Z,_Z,R,HE_COUNT_3,_T,_T,_T,_T,_Z,_Z,_Z,_Z,_Z,2021,0,,,,,,,,,POP_HH_SH.HE_COUNT_3,SHARE,0.01,A,GNB_EHCVM2021_LEGACY_v1,
dataflow,WB.AFW360:AFW360_HH(0.3.0),R,A,GNB,_T,SURVEY,POP_HH_SH,_Z,_Z,R,HE_COUNT_4P,_T,_T,_T,_T,_Z,_Z,_Z,_Z,_Z,2021,0,,,,,,,,,POP_HH_SH.HE_COUNT_4P,SHARE,0.01,A,GNB_EHCVM2021_LEGACY_v1,
dataflow,WB.AFW360:AFW360_HH(0.3.0),R,A,GNB,_T,SURVEY,POP_HH_SH,_Z,_Z,_T,HE_COUNT_0,_T,_T,_T,_T,_Z,_Z,_Z,_Z,_Z,2021,0.41,,,,,,,,,POP_HH_SH.HE_COUNT_0,SHARE,0.01,A,GNB_EHCVM2021_LEGACY_v1,
dataflow,WB.AFW360:AFW360_HH(0.3.0),R,A,GNB,_T,SURVEY,POP_HH_SH,_Z,_Z,_T,HE_COUNT_1,_T,_T,_T,_T,_Z,_Z,_Z,_Z,_Z,2021,0.46,,,,,,,,,POP_HH_SH.HE_COUNT_1,SHARE,0.01,A,GNB_EHCVM2021_LEGACY_v1,
dataflow,WB.AFW360:AFW360_HH(0.3.0),R,A,GNB,_T,SURVEY,POP_HH_SH,_Z,_Z,_T,HE_COUNT_2,_T,_T,_T,_T,_Z,_Z,_Z,_Z,_Z,2021,0.11,,,,,,,,,POP_HH_SH.HE_COUNT_2,SHARE,0.01,A,GNB_EHCVM2021_LEGACY_v1,
dataflow,WB.AFW360:AFW360_HH(0.3.0),R,A,GNB,_T,SURVEY,POP_HH_SH,_Z,_Z,_T,HE_COUNT_3,_T,_T,_T,_T,_Z,_Z,_Z,_Z,_Z,2021,0.01,,,,,,,,,POP_HH_SH.HE_COUNT_3,SHARE,0.01,A,GNB_EHCVM2021_LEGACY_v1,
dataflow,WB.AFW360:AFW360_HH(0.3.0),R,A,GNB,_T,SURVEY,POP_HH_SH,_Z,_Z,_T,HE_COUNT_4P,_T,_T,_T,_T,_Z,_Z,_Z,_Z,_Z,2021,0,,,,,,,,,POP_HH_SH.HE_COUNT_4P,SHARE,0.01,A,GNB_EHCVM2021_LEGACY_v1,
dataflow,WB.AFW360:AFW360_HH(0.3.0),R,A,GNB,_T,SURVEY,POP_HH_SH,_Z,_Z,_T,HHH_AGE_GE35,HE_COUNT_0,_T,_T,_T,_Z,_Z,_Z,_Z,_Z,2021,0.41,,,,,,,,,POP_HH_SH.HE_COUNT_0,SHARE,0.01,A,GNB_EHCVM2021_LEGACY_v1,
dataflow,WB.AFW360:AFW360_HH(0.3.0),R,A,GNB,_T,SURVEY,POP_HH_SH,_Z,_Z,_T,HHH_AGE_GE35,HE_COUNT_1,_T,_T,_T,_Z,_Z,_Z,_Z,_Z,2021,0.46,,,,,,,,,POP_HH_SH.HE_COUNT_1,SHARE,0.01,A,GNB_EHCVM2021_LEGACY_v1,
dataflow,WB.AFW360:AFW360_HH(0.3.0),R,A,GNB,_T,SURVEY,POP_HH_SH,_Z,_Z,_T,HHH_AGE_GE35,HE_COUNT_2,_T,_T,_T,_Z,_Z,_Z,_Z,_Z,2021,0.12,,,,,,,,,POP_HH_SH.HE_COUNT_2,SHARE,0.01,A,GNB_EHCVM2021_LEGACY_v1,
dataflow,WB.AFW360:AFW360_HH(0.3.0),R,A,GNB,_T,SURVEY,POP_HH_SH,_Z,_Z,_T,HHH_AGE_GE35,HE_COUNT_3,_T,_T,_T,_Z,_Z,_Z,_Z,_Z,2021,0.01,,,,,,,,,POP_HH_SH.HE_COUNT_3,SHARE,0.01,A,GNB_EHCVM2021_LEGACY_v1,
dataflow,WB.AFW360:AFW360_HH(0.3.0),R,A,GNB,_T,SURVEY,POP_HH_SH,_Z,_Z,_T,HHH_AGE_GE35,HE_COUNT_4P,_T,_T,_T,_Z,_Z,_Z,_Z,_Z,2021,0,,,,,,,,,POP_HH_SH.HE_COUNT_4P,SHARE,0.01,A,GNB_EHCVM2021_LEGACY_v1,
dataflow,WB.AFW360:AFW360_HH(0.3.0),R,A,GNB,_T,SURVEY,POP_HH_SH,_Z,_Z,_T,HHH_AGE_LT35,HE_COUNT_0,_T,_T,_T,_Z,_Z,_Z,_Z,_Z,2021,0.44,,,,,,,,,POP_HH_SH.HE_COUNT_0,SHARE,0.01,A,GNB_EHCVM2021_LEGACY_v1,
dataflow,WB.AFW360:AFW360_HH(0.3.0),R,A,GNB,_T,SURVEY,POP_HH_SH,_Z,_Z,_T,HHH_AGE_LT35,HE_COUNT_1,_T,_T,_T,_Z,_Z,_Z,_Z,_Z,2021,0.49,,,,,,,,,POP_HH_SH.HE_COUNT_1,SHARE,0.01,A,GNB_EHCVM2021_LEGACY_v1,
dataflow,WB.AFW360:AFW360_HH(0.3.0),R,A,GNB,_T,SURVEY,POP_HH_SH,_Z,_Z,_T,HHH_AGE_LT35,HE_COUNT_2,_T,_T,_T,_Z,_Z,_Z,_Z,_Z,2021,0.05,,,,,,,,,POP_HH_SH.HE_COUNT_2,SHARE,0.01,A,GNB_EHCVM2021_LEGACY_v1,
dataflow,WB.AFW360:AFW360_HH(0.3.0),R,A,GNB,_T,SURVEY,POP_HH_SH,_Z,_Z,_T,HHH_AGE_LT35,HE_COUNT_3,_T,_T,_T,_Z,_Z,_Z,_Z,_Z,2021,0.01,,,,,,,,,POP_HH_SH.HE_COUNT_3,SHARE,0.01,A,GNB_EHCVM2021_LEGACY_v1,
dataflow,WB.AFW360:AFW360_HH(0.3.0),R,A,GNB,_T,SURVEY,POP_HH_SH,_Z,_Z,_T,HHH_AGE_LT35,HE_COUNT_4P,_T,_T,_T,_Z,_Z,_Z,_Z,_Z,2021,0,,,,,,,,,POP_HH_SH.HE_COUNT_4P,SHARE,0.01,A,GNB_EHCVM2021_LEGACY_v1,
dataflow,WB.AFW360:AFW360_HH(0.3.0),R,A,GNB,_T,SURVEY,POP_HH_SH,_Z,_Z,_T,HHH_SEX_F,HE_COUNT_0,_T,_T,_T,_Z,_Z,_Z,_Z,_Z,2021,0.37,,,,,,,,,POP_HH_SH.HE_COUNT_0,SHARE,0.01,A,GNB_EHCVM2021_LEGACY_v1,
dataflow,WB.AFW360:AFW360_HH(0.3.0),R,A,GNB,_T,SURVEY,POP_HH_SH,_Z,_Z,_T,HHH_SEX_F,HE_COUNT_1,_T,_T,_T,_Z,_Z,_Z,_Z,_Z,2021,0.53,,,,,,,,,POP_HH_SH.HE_COUNT_1,SHARE,0.01,A,GNB_EHCVM2021_LEGACY_v1,
dataflow,WB.AFW360:AFW360_HH(0.3.0),R,A,GNB,_T,SURVEY,POP_HH_SH,_Z,_Z,_T,HHH_SEX_F,HE_COUNT_2,_T,_T,_T,_Z,_Z,_Z,_Z,_Z,2021,0.09,,,,,,,,,POP_HH_SH.HE_COUNT_2,SHARE,0.01,A,GNB_EHCVM2021_LEGACY_v1,
dataflow,WB.AFW360:AFW360_HH(0.3.0),R,A,GNB,_T,SURVEY,POP_HH_SH,_Z,_Z,_T,HHH_SEX_F,HE_COUNT_3,_T,_T,_T,_Z,_Z,_Z,_Z,_Z,2021,0.01,,,,,,,,,POP_HH_SH.HE_COUNT_3,SHARE,0.01,A,GNB_EHCVM2021_LEGACY_v1,
dataflow,WB.AFW360:AFW360_HH(0.3.0),R,A,GNB,_T,SURVEY,POP_HH_SH,_Z,_Z,_T,HHH_SEX_F,HE_COUNT_4P,_T,_T,_T,_Z,_Z,_Z,_Z,_Z,2021,0,,,,,,,,,POP_HH_SH.HE_COUNT_4P,SHARE,0.01,A,GNB_EHCVM2021_LEGACY_v1,
dataflow,WB.AFW360:AFW360_HH(0.3.0),R,A,GNB,_T,SURVEY,POP_HH_SH,_Z,_Z,_T,HHH_SEX_M,HE_COUNT_0,_T,_T,_T,_Z,_Z,_Z,_Z,_Z,2021,0.42,,,,,,,,,POP_HH_SH.HE_COUNT_0,SHARE,0.01,A,GNB_EHCVM2021_LEGACY_v1,
dataflow,WB.AFW360:AFW360_HH(0.3.0),R,A,GNB,_T,SURVEY,POP_HH_SH,_Z,_Z,_T,HHH_SEX_M,HE_COUNT_1,_T,_T,_T,_Z,_Z,_Z,_Z,_Z,2021,0.45,,,,,,,,,POP_HH_SH.HE_COUNT_1,SHARE,0.01,A,GNB_EHCVM2021_LEGACY_v1,
dataflow,WB.AFW360:AFW360_HH(0.3.0),R,A,GNB,_T,SURVEY,POP_HH_SH,_Z,_Z,_T,HHH_SEX_M,HE_COUNT_2,_T,_T,_T,_Z,_Z,_Z,_Z,_Z,2021,0.12,,,,,,,,,POP_HH_SH.HE_COUNT_2,SHARE,0.01,A,GNB_EHCVM2021_LEGACY_v1,
dataflow,WB.AFW360:AFW360_HH(0.3.0),R,A,GNB,_T,SURVEY,POP_HH_SH,_Z,_Z,_T,HHH_SEX_M,HE_COUNT_3,_T,_T,_T,_Z,_Z,_Z,_Z,_Z,2021,0.01,,,,,,,,,POP_HH_SH.HE_COUNT_3,SHARE,0.01,A,GNB_EHCVM2021_LEGACY_v1,
dataflow,WB.AFW360:AFW360_HH(0.3.0),R,A,GNB,_T,SURVEY,POP_HH_SH,_Z,_Z,_T,HHH_SEX_M,HE_COUNT_4P,_T,_T,_T,_Z,_Z,_Z,_Z,_Z,2021,0,,,,,,,,,POP_HH_SH.HE_COUNT_4P,SHARE,0.01,A,GNB_EHCVM2021_LEGACY_v1,
dataflow,WB.AFW360:AFW360_HH(0.3.0),R,A,GNB,_T,SURVEY,POP_HH_SH,_Z,_Z,_T,QUINT_Q1,HE_COUNT_0,_T,_T,_T,_Z,_Z,_Z,_Z,_Z,2021,0.51,,,,,,,,,POP_HH_SH.HE_COUNT_0,SHARE,0.01,A,GNB_EHCVM2021_LEGACY_v1,
dataflow,WB.AFW360:AFW360_HH(0.3.0),R,A,GNB,_T,SURVEY,POP_HH_SH,_Z,_Z,_T,QUINT_Q1,HE_COUNT_1,_T,_T,_T,_Z,_Z,_Z,_Z,_Z,2021,0.39,,,,,,,,,POP_HH_SH.HE_COUNT_1,SHARE,0.01,A,GNB_EHCVM2021_LEGACY_v1,
dataflow,WB.AFW360:AFW360_HH(0.3.0),R,A,GNB,_T,SURVEY,POP_HH_SH,_Z,_Z,_T,QUINT_Q1,HE_COUNT_2,_T,_T,_T,_Z,_Z,_Z,_Z,_Z,2021,0.1,,,,,,,,,POP_HH_SH.HE_COUNT_2,SHARE,0.01,A,GNB_EHCVM2021_LEGACY_v1,
dataflow,WB.AFW360:AFW360_HH(0.3.0),R,A,GNB,_T,SURVEY,POP_HH_SH,_Z,_Z,_T,QUINT_Q1,HE_COUNT_3,_T,_T,_T,_Z,_Z,_Z,_Z,_Z,2021,0,,,,,,,,,POP_HH_SH.HE_COUNT_3,SHARE,0.01,A,GNB_EHCVM2021_LEGACY_v1,
dataflow,WB.AFW360:AFW360_HH(0.3.0),R,A,GNB,_T,SURVEY,POP_HH_SH,_Z,_Z,_T,QUINT_Q1,HE_COUNT_4P,_T,_T,_T,_Z,_Z,_Z,_Z,_Z,2021,0,,,,,,,,,POP_HH_SH.HE_COUNT_4P,SHARE,0.01,A,GNB_EHCVM2021_LEGACY_v1,
dataflow,WB.AFW360:AFW360_HH(0.3.0),R,A,GNB,_T,SURVEY,POP_HH_SH,_Z,_Z,_T,QUINT_Q2,HE_COUNT_0,_T,_T,_T,_Z,_Z,_Z,_Z,_Z,2021,0.4,,,,,,,,,POP_HH_SH.HE_COUNT_0,SHARE,0.01,A,GNB_EHCVM2021_LEGACY_v1,
dataflow,WB.AFW360:AFW360_HH(0.3.0),R,A,GNB,_T,SURVEY,POP_HH_SH,_Z,_Z,_T,QUINT_Q2,HE_COUNT_1,_T,_T,_T,_Z,_Z,_Z,_Z,_Z,2021,0.47,,,,,,,,,POP_HH_SH.HE_COUNT_1,SHARE,0.01,A,GNB_EHCVM2021_LEGACY_v1,
dataflow,WB.AFW360:AFW360_HH(0.3.0),R,A,GNB,_T,SURVEY,POP_HH_SH,_Z,_Z,_T,QUINT_Q2,HE_COUNT_2,_T,_T,_T,_Z,_Z,_Z,_Z,_Z,2021,0.1,,,,,,,,,POP_HH_SH.HE_COUNT_2,SHARE,0.01,A,GNB_EHCVM2021_LEGACY_v1,
dataflow,WB.AFW360:AFW360_HH(0.3.0),R,A,GNB,_T,SURVEY,POP_HH_SH,_Z,_Z,_T,QUINT_Q2,HE_COUNT_3,_T,_T,_T,_Z,_Z,_Z,_Z,_Z,2021,0.02,,,,,,,,,POP_HH_SH.HE_COUNT_3,SHARE,0.01,A,GNB_EHCVM2021_LEGACY_v1,
dataflow,WB.AFW360:AFW360_HH(0.3.0),R,A,GNB,_T,SURVEY,POP_HH_SH,_Z,_Z,_T,QUINT_Q2,HE_COUNT_4P,_T,_T,_T,_Z,_Z,_Z,_Z,_Z,2021,0,,,,,,,,,POP_HH_SH.HE_COUNT_4P,SHARE,0.01,A,GNB_EHCVM2021_LEGACY_v1,
dataflow,WB.AFW360:AFW360_HH(0.3.0),R,A,GNB,_T,SURVEY,POP_HH_SH,_Z,_Z,_T,QUINT_Q3,HE_COUNT_0,_T,_T,_T,_Z,_Z,_Z,_Z,_Z,2021,0.42,,,,,,,,,POP_HH_SH.HE_COUNT_0,SHARE,0.01,A,GNB_EHCVM2021_LEGACY_v1,
dataflow,WB.AFW360:AFW360_HH(0.3.0),R,A,GNB,_T,SURVEY,POP_HH_SH,_Z,_Z,_T,QUINT_Q3,HE_COUNT_1,_T,_T,_T,_Z,_Z,_Z,_Z,_Z,2021,0.47,,,,,,,,,POP_HH_SH.HE_COUNT_1,SHARE,0.01,A,GNB_EHCVM2021_LEGACY_v1,
dataflow,WB.AFW360:AFW360_HH(0.3.0),R,A,GNB,_T,SURVEY,POP_HH_SH,_Z,_Z,_T,QUINT_Q3,HE_COUNT_2,_T,_T,_T,_Z,_Z,_Z,_Z,_Z,2021,0.1,,,,,,,,,POP_HH_SH.HE_COUNT_2,SHARE,0.01,A,GNB_EHCVM2021_LEGACY_v1,
dataflow,WB.AFW360:AFW360_HH(0.3.0),R,A,GNB,_T,SURVEY,POP_HH_SH,_Z,_Z,_T,QUINT_Q3,HE_COUNT_3,_T,_T,_T,_Z,_Z,_Z,_Z,_Z,2021,0.01,,,,,,,,,POP_HH_SH.HE_COUNT_3,SHARE,0.01,A,GNB_EHCVM2021_LEGACY_v1,
dataflow,WB.AFW360:AFW360_HH(0.3.0),R,A,GNB,_T,SURVEY,POP_HH_SH,_Z,_Z,_T,QUINT_Q3,HE_COUNT_4P,_T,_T,_T,_Z,_Z,_Z,_Z,_Z,2021,0,,,,,,,,,POP_HH_SH.HE_COUNT_4P,SHARE,0.01,A,GNB_EHCVM2021_LEGACY_v1,
dataflow,WB.AFW360:AFW360_HH(0.3.0),R,A,GNB,_T,SURVEY,POP_HH_SH,_Z,_Z,_T,QUINT_Q4,HE_COUNT_0,_T,_T,_T,_Z,_Z,_Z,_Z,_Z,2021,0.36,,,,,,,,,POP_HH_SH.HE_COUNT_0,SHARE,0.01,A,GNB_EHCVM2021_LEGACY_v1,
dataflow,WB.AFW360:AFW360_HH(0.3.0),R,A,GNB,_T,SURVEY,POP_HH_SH,_Z,_Z,_T,QUINT_Q4,HE_COUNT_1,_T,_T,_T,_Z,_Z,_Z,_Z,_Z,2021,0.51,,,,,,,,,POP_HH_SH.HE_COUNT_1,SHARE,0.01,A,GNB_EHCVM2021_LEGACY_v1,
dataflow,WB.AFW360:AFW360_HH(0.3.0),R,A,GNB,_T,SURVEY,POP_HH_SH,_Z,_Z,_T,QUINT_Q4,HE_COUNT_2,_T,_T,_T,_Z,_Z,_Z,_Z,_Z,2021,0.12,,,,,,,,,POP_HH_SH.HE_COUNT_2,SHARE,0.01,A,GNB_EHCVM2021_LEGACY_v1,
dataflow,WB.AFW360:AFW360_HH(0.3.0),R,A,GNB,_T,SURVEY,POP_HH_SH,_Z,_Z,_T,QUINT_Q4,HE_COUNT_3,_T,_T,_T,_Z,_Z,_Z,_Z,_Z,2021,0.01,,,,,,,,,POP_HH_SH.HE_COUNT_3,SHARE,0.01,A,GNB_EHCVM2021_LEGACY_v1,
dataflow,WB.AFW360:AFW360_HH(0.3.0),R,A,GNB,_T,SURVEY,POP_HH_SH,_Z,_Z,_T,QUINT_Q4,HE_COUNT_4P,_T,_T,_T,_Z,_Z,_Z,_Z,_Z,2021,0,,,,,,,,,POP_HH_SH.HE_COUNT_4P,SHARE,0.01,A,GNB_EHCVM2021_LEGACY_v1,
dataflow,WB.AFW360:AFW360_HH(0.3.0),R,A,GNB,_T,SURVEY,POP_HH_SH,_Z,_Z,_T,QUINT_Q5,HE_COUNT_0,_T,_T,_T,_Z,_Z,_Z,_Z,_Z,2021,0.38,,,,,,,,,POP_HH_SH.HE_COUNT_0,SHARE,0.01,A,GNB_EHCVM2021_LEGACY_v1,
dataflow,WB.AFW360:AFW360_HH(0.3.0),R,A,GNB,_T,SURVEY,POP_HH_SH,_Z,_Z,_T,QUINT_Q5,HE_COUNT_1,_T,_T,_T,_Z,_Z,_Z,_Z,_Z,2021,0.46,,,,,,,,,POP_HH_SH.HE_COUNT_1,SHARE,0.01,A,GNB_EHCVM2021_LEGACY_v1,
dataflow,WB.AFW360:AFW360_HH(0.3.0),R,A,GNB,_T,SURVEY,POP_HH_SH,_Z,_Z,_T,QUINT_Q5,HE_COUNT_2,_T,_T,_T,_Z,_Z,_Z,_Z,_Z,2021,0.14,,,,,,,,,POP_HH_SH.HE_COUNT_2,SHARE,0.01,A,GNB_EHCVM2021_LEGACY_v1,
dataflow,WB.AFW360:AFW360_HH(0.3.0),R,A,GNB,_T,SURVEY,POP_HH_SH,_Z,_Z,_T,QUINT_Q5,HE_COUNT_3,_T,_T,_T,_Z,_Z,_Z,_Z,_Z,2021,0.01,,,,,,,,,POP_HH_SH.HE_COUNT_3,SHARE,0.01,A,GNB_EHCVM2021_LEGACY_v1,
dataflow,WB.AFW360:AFW360_HH(0.3.0),R,A,GNB,_T,SURVEY,POP_HH_SH,_Z,_Z,_T,QUINT_Q5,HE_COUNT_4P,_T,_T,_T,_Z,_Z,_Z,_Z,_Z,2021,0,,,,,,,,,POP_HH_SH.HE_COUNT_4P,SHARE,0.01,A,GNB_EHCVM2021_LEGACY_v1,
dataflow,WB.AFW360:AFW360_HH(0.3.0),R,A,GNB,_T,SURVEY,POP_SH,_T,_T,OU,EMP_FORMAL_N,_T,_T,_T,_T,_Z,_Z,_Z,_Z,_Z,2021,0.51,,,,,,,,,POP_SH.EMP_FORMAL_N,SHARE,0.01,A,GNB_EHCVM2021_LEGACY_v1,
dataflow,WB.AFW360:AFW360_HH(0.3.0),R,A,GNB,_T,SURVEY,POP_SH,_T,_T,OU,EMP_ISIC_G,_T,_T,_T,_T,_Z,_Z,_Z,_Z,_Z,2021,0.25,,,,,,,,,POP_SH.EMP_ISIC_G,SHARE,0.01,A,GNB_EHCVM2021_LEGACY_v1,
dataflow,WB.AFW360:AFW360_HH(0.3.0),R,A,GNB,_T,SURVEY,POP_SH,_T,_T,OU,EMP_ISIC_H,_T,_T,_T,_T,_Z,_Z,_Z,_Z,_Z,2021,0.06,,,,,,,,,POP_SH.EMP_ISIC_H,SHARE,0.01,A,GNB_EHCVM2021_LEGACY_v1,
dataflow,WB.AFW360:AFW360_HH(0.3.0),R,A,GNB,_T,SURVEY,POP_SH,_T,_T,OU,EMP_SECTOR_AGR,_T,_T,_T,_T,_Z,_Z,_Z,_Z,_Z,2021,0.17,,,,,,,,,POP_SH.EMP_SECTOR_AGR,SHARE,0.01,A,GNB_EHCVM2021_LEGACY_v1,
dataflow,WB.AFW360:AFW360_HH(0.3.0),R,A,GNB,_T,SURVEY,POP_SH,_T,_T,OU,EMP_SECTOR_IND,_T,_T,_T,_T,_Z,_Z,_Z,_Z,_Z,2021,0.23,,,,,,,,,POP_SH.EMP_SECTOR_IND,SHARE,0.01,A,GNB_EHCVM2021_LEGACY_v1,
dataflow,WB.AFW360:AFW360_HH(0.3.0),R,A,GNB,_T,SURVEY,POP_SH,_T,_T,OU,EMP_SECTOR_SER,_T,_T,_T,_T,_Z,_Z,_Z,_Z,_Z,2021,0.6,,,,,,,,,POP_SH.EMP_SECTOR_SER,SHARE,0.01,A,GNB_EHCVM2021_LEGACY_v1,
dataflow,WB.AFW360:AFW360_HH(0.3.0),R,A,GNB,_T,SURVEY,POP_SH,_T,_T,OU,EMP_STATUS_EMPLOYED,_T,_T,_T,_T,_Z,_Z,_Z,_Z,_Z,2021,0.51,,,,,,,,,POP_SH.EMP_STATUS_EMPLOYED,SHARE,0.01,A,GNB_EHCVM2021_LEGACY_v1,
dataflow,WB.AFW360:AFW360_HH(0.3.0),R,A,GNB,_T,SURVEY,POP_SH,_T,_T,OU,EMP_TYPE_NONWAGE,_T,_T,_T,_T,_Z,_Z,_Z,_Z,_Z,2021,0.52,,,,,,,,,POP_SH.EMP_TYPE_NONWAGE,SHARE,0.01,A,GNB_EHCVM2021_LEGACY_v1,
dataflow,WB.AFW360:AFW360_HH(0.3.0),R,A,GNB,_T,SURVEY,POP_SH,_T,_T,OU,EMP_TYPE_WAGE,_T,_T,_T,_T,_Z,_Z,_Z,_Z,_Z,2021,0.48,,,,,,,,,POP_SH.EMP_TYPE_WAGE,SHARE,0.01,A,GNB_EHCVM2021_LEGACY_v1,
dataflow,WB.AFW360:AFW360_HH(0.3.0),R,A,GNB,_T,SURVEY,POP_SH,_T,_T,R,EMP_FORMAL_N,_T,_T,_T,_T,_Z,_Z,_Z,_Z,_Z,2021,0.9,,,,,,,,,POP_SH.EMP_FORMAL_N,SHARE,0.01,A,GNB_EHCVM2021_LEGACY_v1,
dataflow,WB.AFW360:AFW360_HH(0.3.0),R,A,GNB,_T,SURVEY,POP_SH,_T,_T,R,EMP_ISIC_G,_T,_T,_T,_T,_Z,_Z,_Z,_Z,_Z,2021,0.04,,,,,,,,,POP_SH.EMP_ISIC_G,SHARE,0.01,A,GNB_EHCVM2021_LEGACY_v1,
dataflow,WB.AFW360:AFW360_HH(0.3.0),R,A,GNB,_T,SURVEY,POP_SH,_T,_T,R,EMP_ISIC_H,_T,_T,_T,_T,_Z,_Z,_Z,_Z,_Z,2021,0.01,,,,,,,,,POP_SH.EMP_ISIC_H,SHARE,0.01,A,GNB_EHCVM2021_LEGACY_v1,
dataflow,WB.AFW360:AFW360_HH(0.3.0),R,A,GNB,_T,SURVEY,POP_SH,_T,_T,R,EMP_SECTOR_AGR,_T,_T,_T,_T,_Z,_Z,_Z,_Z,_Z,2021,0.88,,,,,,,,,POP_SH.EMP_SECTOR_AGR,SHARE,0.01,A,GNB_EHCVM2021_LEGACY_v1,
dataflow,WB.AFW360:AFW360_HH(0.3.0),R,A,GNB,_T,SURVEY,POP_SH,_T,_T,R,EMP_SECTOR_IND,_T,_T,_T,_T,_Z,_Z,_Z,_Z,_Z,2021,0.04,,,,,,,,,POP_SH.EMP_SECTOR_IND,SHARE,0.01,A,GNB_EHCVM2021_LEGACY_v1,
dataflow,WB.AFW360:AFW360_HH(0.3.0),R,A,GNB,_T,SURVEY,POP_SH,_T,_T,R,EMP_SECTOR_SER,_T,_T,_T,_T,_Z,_Z,_Z,_Z,_Z,2021,0.08,,,,,,,,,POP_SH.EMP_SECTOR_SER,SHARE,0.01,A,GNB_EHCVM2021_LEGACY_v1,
dataflow,WB.AFW360:AFW360_HH(0.3.0),R,A,GNB,_T,SURVEY,POP_SH,_T,_T,R,EMP_STATUS_EMPLOYED,_T,_T,_T,_T,_Z,_Z,_Z,_Z,_Z,2021,0.83,,,,,,,,,POP_SH.EMP_STATUS_EMPLOYED,SHARE,0.01,A,GNB_EHCVM2021_LEGACY_v1,
dataflow,WB.AFW360:AFW360_HH(0.3.0),R,A,GNB,_T,SURVEY,POP_SH,_T,_T,R,EMP_TYPE_NONWAGE,_T,_T,_T,_T,_Z,_Z,_Z,_Z,_Z,2021,0.91,,,,,,,,,POP_SH.EMP_TYPE_NONWAGE,SHARE,0.01,A,GNB_EHCVM2021_LEGACY_v1,
dataflow,WB.AFW360:AFW360_HH(0.3.0),R,A,GNB,_T,SURVEY,POP_SH,_T,_T,R,EMP_TYPE_WAGE,_T,_T,_T,_T,_Z,_Z,_Z,_Z,_Z,2021,0.09,,,,,,,,,POP_SH.EMP_TYPE_WAGE,SHARE,0.01,A,GNB_EHCVM2021_LEGACY_v1,
dataflow,WB.AFW360:AFW360_HH(0.3.0),R,A,GNB,_T,SURVEY,POP_SH,_T,_T,_T,EMP_FORMAL_N,_T,_T,_T,_T,_Z,_Z,_Z,_Z,_Z,2021,0.74,,,,,,,,,POP_SH.EMP_FORMAL_N,SHARE,0.01,A,GNB_EHCVM2021_LEGACY_v1,
dataflow,WB.AFW360:AFW360_HH(0.3.0),R,A,GNB,_T,SURVEY,POP_SH,_T,_T,_T,EMP_ISIC_G,_T,_T,_T,_T,_Z,_Z,_Z,_Z,_Z,2021,0.13,,,,,,,,,POP_SH.EMP_ISIC_G,SHARE,0.01,A,GNB_EHCVM2021_LEGACY_v1,
dataflow,WB.AFW360:AFW360_HH(0.3.0),R,A,GNB,_T,SURVEY,POP_SH,_T,_T,_T,EMP_ISIC_H,_T,_T,_T,_T,_Z,_Z,_Z,_Z,_Z,2021,0.03,,,,,,,,,POP_SH.EMP_ISIC_H,SHARE,0.01,A,GNB_EHCVM2021_LEGACY_v1,
dataflow,WB.AFW360:AFW360_HH(0.3.0),R,A,GNB,_T,SURVEY,POP_SH,_T,_T,_T,EMP_SECTOR_AGR,_T,_T,_T,_T,_Z,_Z,_Z,_Z,_Z,2021,0.63,,,,,,,,,POP_SH.EMP_SECTOR_AGR,SHARE,0.01,A,GNB_EHCVM2021_LEGACY_v1,
dataflow,WB.AFW360:AFW360_HH(0.3.0),R,A,GNB,_T,SURVEY,POP_SH,_T,_T,_T,EMP_SECTOR_IND,_T,_T,_T,_T,_Z,_Z,_Z,_Z,_Z,2021,0.11,,,,,,,,,POP_SH.EMP_SECTOR_IND,SHARE,0.01,A,GNB_EHCVM2021_LEGACY_v1,
dataflow,WB.AFW360:AFW360_HH(0.3.0),R,A,GNB,_T,SURVEY,POP_SH,_T,_T,_T,EMP_SECTOR_SER,_T,_T,_T,_T,_Z,_Z,_Z,_Z,_Z,2021,0.26,,,,,,,,,POP_SH.EMP_SECTOR_SER,SHARE,0.01,A,GNB_EHCVM2021_LEGACY_v1,
dataflow,WB.AFW360:AFW360_HH(0.3.0),R,A,GNB,_T,SURVEY,POP_SH,_T,_T,_T,EMP_STATUS_EMPLOYED,_T,_T,_T,_T,_Z,_Z,_Z,_Z,_Z,2021,0.68,,,,,,,,,POP_SH.EMP_STATUS_EMPLOYED,SHARE,0.01,A,GNB_EHCVM2021_LEGACY_v1,
dataflow,WB.AFW360:AFW360_HH(0.3.0),R,A,GNB,_T,SURVEY,POP_SH,_T,_T,_T,EMP_TYPE_NONWAGE,_T,_T,_T,_T,_Z,_Z,_Z,_Z,_Z,2021,0.78,,,,,,,,,POP_SH.EMP_TYPE_NONWAGE,SHARE,0.01,A,GNB_EHCVM2021_LEGACY_v1,
dataflow,WB.AFW360:AFW360_HH(0.3.0),R,A,GNB,_T,SURVEY,POP_SH,_T,_T,_T,EMP_TYPE_WAGE,_T,_T,_T,_T,_Z,_Z,_Z,_Z,_Z,2021,0.22,,,,,,,,,POP_SH.EMP_TYPE_WAGE,SHARE,0.01,A,GNB_EHCVM2021_LEGACY_v1,
dataflow,WB.AFW360:AFW360_HH(0.3.0),R,A,GNB,_T,SURVEY,POP_SH,_T,_T,_T,HHH_AGE_GE35,EMP_FORMAL_N,_T,_T,_T,_Z,_Z,_Z,_Z,_Z,2021,0.74,,,,,,,,,POP_SH.EMP_FORMAL_N,SHARE,0.01,A,GNB_EHCVM2021_LEGACY_v1,
dataflow,WB.AFW360:AFW360_HH(0.3.0),R,A,GNB,_T,SURVEY,POP_SH,_T,_T,_T,HHH_AGE_GE35,EMP_ISIC_G,_T,_T,_T,_Z,_Z,_Z,_Z,_Z,2021,0.13,,,,,,,,,POP_SH.EMP_ISIC_G,SHARE,0.01,A,GNB_EHCVM2021_LEGACY_v1,
dataflow,WB.AFW360:AFW360_HH(0.3.0),R,A,GNB,_T,SURVEY,POP_SH,_T,_T,_T,HHH_AGE_GE35,EMP_ISIC_H,_T,_T,_T,_Z,_Z,_Z,_Z,_Z,2021,0.03,,,,,,,,,POP_SH.EMP_ISIC_H,SHARE,0.01,A,GNB_EHCVM2021_LEGACY_v1,
dataflow,WB.AFW360:AFW360_HH(0.3.0),R,A,GNB,_T,SURVEY,POP_SH,_T,_T,_T,HHH_AGE_GE35,EMP_SECTOR_AGR,_T,_T,_T,_Z,_Z,_Z,_Z,_Z,2021,0.58,,,,,,,,,POP_SH.EMP_SECTOR_AGR,SHARE,0.01,A,GNB_EHCVM2021_LEGACY_v1,
dataflow,WB.AFW360:AFW360_HH(0.3.0),R,A,GNB,_T,SURVEY,POP_SH,_T,_T,_T,HHH_AGE_GE35,EMP_SECTOR_IND,_T,_T,_T,_Z,_Z,_Z,_Z,_Z,2021,0.11,,,,,,,,,POP_SH.EMP_SECTOR_IND,SHARE,0.01,A,GNB_EHCVM2021_LEGACY_v1,
dataflow,WB.AFW360:AFW360_HH(0.3.0),R,A,GNB,_T,SURVEY,POP_SH,_T,_T,_T,HHH_AGE_GE35,EMP_SECTOR_SER,_T,_T,_T,_Z,_Z,_Z,_Z,_Z,2021,0.31,,,,,,,,,POP_SH.EMP_SECTOR_SER,SHARE,0.01,A,GNB_EHCVM2021_LEGACY_v1,
dataflow,WB.AFW360:AFW360_HH(0.3.0),R,A,GNB,_T,SURVEY,POP_SH,_T,_T,_T,HHH_AGE_GE35,EMP_STATUS_EMPLOYED,_T,_T,_T,_Z,_Z,_Z,_Z,_Z,2021,0.84,,,,,,,,,POP_SH.EMP_STATUS_EMPLOYED,SHARE,0.01,A,GNB_EHCVM2021_LEGACY_v1,
dataflow,WB.AFW360:AFW360_HH(0.3.0),R,A,GNB,_T,SURVEY,POP_SH,_T,_T,_T,HHH_AGE_GE35,EMP_TYPE_NONWAGE,_T,_T,_T,_Z,_Z,_Z,_Z,_Z,2021,0.76,,,,,,,,,POP_SH.EMP_TYPE_NONWAGE,SHARE,0.01,A,GNB_EHCVM2021_LEGACY_v1,
dataflow,WB.AFW360:AFW360_HH(0.3.0),R,A,GNB,_T,SURVEY,POP_SH,_T,_T,_T,HHH_AGE_GE35,EMP_TYPE_WAGE,_T,_T,_T,_Z,_Z,_Z,_Z,_Z,2021,0.24,,,,,,,,,POP_SH.EMP_TYPE_WAGE,SHARE,0.01,A,GNB_EHCVM2021_LEGACY_v1,
dataflow,WB.AFW360:AFW360_HH(0.3.0),R,A,GNB,_T,SURVEY,POP_SH,_T,_T,_T,HHH_AGE_LT35,EMP_FORMAL_N,_T,_T,_T,_Z,_Z,_Z,_Z,_Z,2021,0.75,,,,,,,,,POP_SH.EMP_FORMAL_N,SHARE,0.01,A,GNB_EHCVM2021_LEGACY_v1,
dataflow,WB.AFW360:AFW360_HH(0.3.0),R,A,GNB,_T,SURVEY,POP_SH,_T,_T,_T,HHH_AGE_LT35,EMP_ISIC_G,_T,_T,_T,_Z,_Z,_Z,_Z,_Z,2021,0.14,,,,,,,,,POP_SH.EMP_ISIC_G,SHARE,0.01,A,GNB_EHCVM2021_LEGACY_v1,
dataflow,WB.AFW360:AFW360_HH(0.3.0),R,A,GNB,_T,SURVEY,POP_SH,_T,_T,_T,HHH_AGE_LT35,EMP_ISIC_H,_T,_T,_T,_Z,_Z,_Z,_Z,_Z,2021,0.03,,,,,,,,,POP_SH.EMP_ISIC_H,SHARE,0.01,A,GNB_EHCVM2021_LEGACY_v1,
dataflow,WB.AFW360:AFW360_HH(0.3.0),R,A,GNB,_T,SURVEY,POP_SH,_T,_T,_T,HHH_AGE_LT35,EMP_SECTOR_AGR,_T,_T,_T,_Z,_Z,_Z,_Z,_Z,2021,0.66,,,,,,,,,POP_SH.EMP_SECTOR_AGR,SHARE,0.01,A,GNB_EHCVM2021_LEGACY_v1,
dataflow,WB.AFW360:AFW360_HH(0.3.0),R,A,GNB,_T,SURVEY,POP_SH,_T,_T,_T,HHH_AGE_LT35,EMP_SECTOR_IND,_T,_T,_T,_Z,_Z,_Z,_Z,_Z,2021,0.11,,,,,,,,,POP_SH.EMP_SECTOR_IND,SHARE,0.01,A,GNB_EHCVM2021_LEGACY_v1,
dataflow,WB.AFW360:AFW360_HH(0.3.0),R,A,GNB,_T,SURVEY,POP_SH,_T,_T,_T,HHH_AGE_LT35,EMP_SECTOR_SER,_T,_T,_T,_Z,_Z,_Z,_Z,_Z,2021,0.23,,,,,,,,,POP_SH.EMP_SECTOR_SER,SHARE,0.01,A,GNB_EHCVM2021_LEGACY_v1,
dataflow,WB.AFW360:AFW360_HH(0.3.0),R,A,GNB,_T,SURVEY,POP_SH,_T,_T,_T,HHH_AGE_LT35,EMP_STATUS_EMPLOYED,_T,_T,_T,_Z,_Z,_Z,_Z,_Z,2021,0.6,,,,,,,,,POP_SH.EMP_STATUS_EMPLOYED,SHARE,0.01,A,GNB_EHCVM2021_LEGACY_v1,
dataflow,WB.AFW360:AFW360_HH(0.3.0),R,A,GNB,_T,SURVEY,POP_SH,_T,_T,_T,HHH_AGE_LT35,EMP_TYPE_NONWAGE,_T,_T,_T,_Z,_Z,_Z,_Z,_Z,2021,0.79,,,,,,,,,POP_SH.EMP_TYPE_NONWAGE,SHARE,0.01,A,GNB_EHCVM2021_LEGACY_v1,
dataflow,WB.AFW360:AFW360_HH(0.3.0),R,A,GNB,_T,SURVEY,POP_SH,_T,_T,_T,HHH_AGE_LT35,EMP_TYPE_WAGE,_T,_T,_T,_Z,_Z,_Z,_Z,_Z,2021,0.21,,,,,,,,,POP_SH.EMP_TYPE_WAGE,SHARE,0.01,A,GNB_EHCVM2021_LEGACY_v1,
dataflow,WB.AFW360:AFW360_HH(0.3.0),R,A,GNB,_T,SURVEY,POP_SH,_T,_T,_T,HHH_SEX_F,EMP_FORMAL_N,_T,_T,_T,_Z,_Z,_Z,_Z,_Z,2021,0.65,,,,,,,,,POP_SH.EMP_FORMAL_N,SHARE,0.01,A,GNB_EHCVM2021_LEGACY_v1,
dataflow,WB.AFW360:AFW360_HH(0.3.0),R,A,GNB,_T,SURVEY,POP_SH,_T,_T,_T,HHH_SEX_F,EMP_ISIC_G,_T,_T,_T,_Z,_Z,_Z,_Z,_Z,2021,0.21,,,,,,,,,POP_SH.EMP_ISIC_G,SHARE,0.01,A,GNB_EHCVM2021_LEGACY_v1,
dataflow,WB.AFW360:AFW360_HH(0.3.0),R,A,GNB,_T,SURVEY,POP_SH,_T,_T,_T,HHH_SEX_F,EMP_ISIC_H,_T,_T,_T,_Z,_Z,_Z,_Z,_Z,2021,0.04,,,,,,,,,POP_SH.EMP_ISIC_H,SHARE,0.01,A,GNB_EHCVM2021_LEGACY_v1,
dataflow,WB.AFW360:AFW360_HH(0.3.0),R,A,GNB,_T,SURVEY,POP_SH,_T,_T,_T,HHH_SEX_F,EMP_SECTOR_AGR,_T,_T,_T,_Z,_Z,_Z,_Z,_Z,2021,0.68,,,,,,,,,POP_SH.EMP_SECTOR_AGR,SHARE,0.01,A,GNB_EHCVM2021_LEGACY_v1,
dataflow,WB.AFW360:AFW360_HH(0.3.0),R,A,GNB,_T,SURVEY,POP_SH,_T,_T,_T,HHH_SEX_F,EMP_SECTOR_IND,_T,_T,_T,_Z,_Z,_Z,_Z,_Z,2021,0.07,,,,,,,,,POP_SH.EMP_SECTOR_IND,SHARE,0.01,A,GNB_EHCVM2021_LEGACY_v1,
dataflow,WB.AFW360:AFW360_HH(0.3.0),R,A,GNB,_T,SURVEY,POP_SH,_T,_T,_T,HHH_SEX_F,EMP_SECTOR_SER,_T,_T,_T,_Z,_Z,_Z,_Z,_Z,2021,0.25,,,,,,,,,POP_SH.EMP_SECTOR_SER,SHARE,0.01,A,GNB_EHCVM2021_LEGACY_v1,
dataflow,WB.AFW360:AFW360_HH(0.3.0),R,A,GNB,_T,SURVEY,POP_SH,_T,_T,_T,HHH_SEX_F,EMP_STATUS_EMPLOYED,_T,_T,_T,_Z,_Z,_Z,_Z,_Z,2021,0.65,,,,,,,,,POP_SH.EMP_STATUS_EMPLOYED,SHARE,0.01,A,GNB_EHCVM2021_LEGACY_v1,
dataflow,WB.AFW360:AFW360_HH(0.3.0),R,A,GNB,_T,SURVEY,POP_SH,_T,_T,_T,HHH_SEX_F,EMP_TYPE_NONWAGE,_T,_T,_T,_Z,_Z,_Z,_Z,_Z,2021,0.86,,,,,,,,,POP_SH.EMP_TYPE_NONWAGE,SHARE,0.01,A,GNB_EHCVM2021_LEGACY_v1,
dataflow,WB.AFW360:AFW360_HH(0.3.0),R,A,GNB,_T,SURVEY,POP_SH,_T,_T,_T,HHH_SEX_F,EMP_TYPE_WAGE,_T,_T,_T,_Z,_Z,_Z,_Z,_Z,2021,0.14,,,,,,,,,POP_SH.EMP_TYPE_WAGE,SHARE,0.01,A,GNB_EHCVM2021_LEGACY_v1,
dataflow,WB.AFW360:AFW360_HH(0.3.0),R,A,GNB,_T,SURVEY,POP_SH,_T,_T,_T,HHH_SEX_M,EMP_FORMAL_N,_T,_T,_T,_Z,_Z,_Z,_Z,_Z,2021,0.76,,,,,,,,,POP_SH.EMP_FORMAL_N,SHARE,0.01,A,GNB_EHCVM2021_LEGACY_v1,
dataflow,WB.AFW360:AFW360_HH(0.3.0),R,A,GNB,_T,SURVEY,POP_SH,_T,_T,_T,HHH_SEX_M,EMP_ISIC_G,_T,_T,_T,_Z,_Z,_Z,_Z,_Z,2021,0.11,,,,,,,,,POP_SH.EMP_ISIC_G,SHARE,0.01,A,GNB_EHCVM2021_LEGACY_v1,
dataflow,WB.AFW360:AFW360_HH(0.3.0),R,A,GNB,_T,SURVEY,POP_SH,_T,_T,_T,HHH_SEX_M,EMP_ISIC_H,_T,_T,_T,_Z,_Z,_Z,_Z,_Z,2021,0.03,,,,,,,,,POP_SH.EMP_ISIC_H,SHARE,0.01,A,GNB_EHCVM2021_LEGACY_v1,
dataflow,WB.AFW360:AFW360_HH(0.3.0),R,A,GNB,_T,SURVEY,POP_SH,_T,_T,_T,HHH_SEX_M,EMP_SECTOR_AGR,_T,_T,_T,_Z,_Z,_Z,_Z,_Z,2021,0.58,,,,,,,,,POP_SH.EMP_SECTOR_AGR,SHARE,0.01,A,GNB_EHCVM2021_LEGACY_v1,
dataflow,WB.AFW360:AFW360_HH(0.3.0),R,A,GNB,_T,SURVEY,POP_SH,_T,_T,_T,HHH_SEX_M,EMP_SECTOR_IND,_T,_T,_T,_Z,_Z,_Z,_Z,_Z,2021,0.15,,,,,,,,,POP_SH.EMP_SECTOR_IND,SHARE,0.01,A,GNB_EHCVM2021_LEGACY_v1,
dataflow,WB.AFW360:AFW360_HH(0.3.0),R,A,GNB,_T,SURVEY,POP_SH,_T,_T,_T,HHH_SEX_M,EMP_SECTOR_SER,_T,_T,_T,_Z,_Z,_Z,_Z,_Z,2021,0.27,,,,,,,,,POP_SH.EMP_SECTOR_SER,SHARE,0.01,A,GNB_EHCVM2021_LEGACY_v1,
dataflow,WB.AFW360:AFW360_HH(0.3.0),R,A,GNB,_T,SURVEY,POP_SH,_T,_T,_T,HHH_SEX_M,EMP_STATUS_EMPLOYED,_T,_T,_T,_Z,_Z,_Z,_Z,_Z,2021,0.72,,,,,,,,,POP_SH.EMP_STATUS_EMPLOYED,SHARE,0.01,A,GNB_EHCVM2021_LEGACY_v1,
dataflow,WB.AFW360:AFW360_HH(0.3.0),R,A,GNB,_T,SURVEY,POP_SH,_T,_T,_T,HHH_SEX_M,EMP_TYPE_NONWAGE,_T,_T,_T,_Z,_Z,_Z,_Z,_Z,2021,0.69,,,,,,,,,POP_SH.EMP_TYPE_NONWAGE,SHARE,0.01,A,GNB_EHCVM2021_LEGACY_v1,
dataflow,WB.AFW360:AFW360_HH(0.3.0),R,A,GNB,_T,SURVEY,POP_SH,_T,_T,_T,HHH_SEX_M,EMP_TYPE_WAGE,_T,_T,_T,_Z,_Z,_Z,_Z,_Z,2021,0.31,,,,,,,,,POP_SH.EMP_TYPE_WAGE,SHARE,0.01,A,GNB_EHCVM2021_LEGACY_v1,
dataflow,WB.AFW360:AFW360_HH(0.3.0),R,A,GNB,_T,SURVEY,POP_SH,_T,_T,_T,QUINT_Q1,EMP_FORMAL_N,_T,_T,_T,_Z,_Z,_Z,_Z,_Z,2021,0.88,,,,,,,,,POP_SH.EMP_FORMAL_N,SHARE,0.01,A,GNB_EHCVM2021_LEGACY_v1,
dataflow,WB.AFW360:AFW360_HH(0.3.0),R,A,GNB,_T,SURVEY,POP_SH,_T,_T,_T,QUINT_Q1,EMP_ISIC_G,_T,_T,_T,_Z,_Z,_Z,_Z,_Z,2021,0.06,,,,,,,,,POP_SH.EMP_ISIC_G,SHARE,0.01,A,GNB_EHCVM2021_LEGACY_v1,
dataflow,WB.AFW360:AFW360_HH(0.3.0),R,A,GNB,_T,SURVEY,POP_SH,_T,_T,_T,QUINT_Q1,EMP_ISIC_H,_T,_T,_T,_Z,_Z,_Z,_Z,_Z,2021,0.01,,,,,,,,,POP_SH.EMP_ISIC_H,SHARE,0.01,A,GNB_EHCVM2021_LEGACY_v1,
dataflow,WB.AFW360:AFW360_HH(0.3.0),R,A,GNB,_T,SURVEY,POP_SH,_T,_T,_T,QUINT_Q1,EMP_SECTOR_AGR,_T,_T,_T,_Z,_Z,_Z,_Z,_Z,2021,0.87,,,,,,,,,POP_SH.EMP_SECTOR_AGR,SHARE,0.01,A,GNB_EHCVM2021_LEGACY_v1,
dataflow,WB.AFW360:AFW360_HH(0.3.0),R,A,GNB,_T,SURVEY,POP_SH,_T,_T,_T,QUINT_Q1,EMP_SECTOR_IND,_T,_T,_T,_Z,_Z,_Z,_Z,_Z,2021,0.04,,,,,,,,,POP_SH.EMP_SECTOR_IND,SHARE,0.01,A,GNB_EHCVM2021_LEGACY_v1,
dataflow,WB.AFW360:AFW360_HH(0.3.0),R,A,GNB,_T,SURVEY,POP_SH,_T,_T,_T,QUINT_Q1,EMP_SECTOR_SER,_T,_T,_T,_Z,_Z,_Z,_Z,_Z,2021,0.09,,,,,,,,,POP_SH.EMP_SECTOR_SER,SHARE,0.01,A,GNB_EHCVM2021_LEGACY_v1,
dataflow,WB.AFW360:AFW360_HH(0.3.0),R,A,GNB,_T,SURVEY,POP_SH,_T,_T,_T,QUINT_Q1,EMP_STATUS_EMPLOYED,_T,_T,_T,_Z,_Z,_Z,_Z,_Z,2021,0.78,,,,,,,,,POP_SH.EMP_STATUS_EMPLOYED,SHARE,0.01,A,GNB_EHCVM2021_LEGACY_v1,
dataflow,WB.AFW360:AFW360_HH(0.3.0),R,A,GNB,_T,SURVEY,POP_SH,_T,_T,_T,QUINT_Q1,EMP_TYPE_NONWAGE,_T,_T,_T,_Z,_Z,_Z,_Z,_Z,2021,0.9,,,,,,,,,POP_SH.EMP_TYPE_NONWAGE,SHARE,0.01,A,GNB_EHCVM2021_LEGACY_v1,
dataflow,WB.AFW360:AFW360_HH(0.3.0),R,A,GNB,_T,SURVEY,POP_SH,_T,_T,_T,QUINT_Q1,EMP_TYPE_WAGE,_T,_T,_T,_Z,_Z,_Z,_Z,_Z,2021,0.1,,,,,,,,,POP_SH.EMP_TYPE_WAGE,SHARE,0.01,A,GNB_EHCVM2021_LEGACY_v1,
dataflow,WB.AFW360:AFW360_HH(0.3.0),R,A,GNB,_T,SURVEY,POP_SH,_T,_T,_T,QUINT_Q2,EMP_FORMAL_N,_T,_T,_T,_Z,_Z,_Z,_Z,_Z,2021,0.82,,,,,,,,,POP_SH.EMP_FORMAL_N,SHARE,0.01,A,GNB_EHCVM2021_LEGACY_v1,
dataflow,WB.AFW360:AFW360_HH(0.3.0),R,A,GNB,_T,SURVEY,POP_SH,_T,_T,_T,QUINT_Q2,EMP_ISIC_G,_T,_T,_T,_Z,_Z,_Z,_Z,_Z,2021,0.1,,,,,,,,,POP_SH.EMP_ISIC_G,SHARE,0.01,A,GNB_EHCVM2021_LEGACY_v1,
dataflow,WB.AFW360:AFW360_HH(0.3.0),R,A,GNB,_T,SURVEY,POP_SH,_T,_T,_T,QUINT_Q2,EMP_ISIC_H,_T,_T,_T,_Z,_Z,_Z,_Z,_Z,2021,0.03,,,,,,,,,POP_SH.EMP_ISIC_H,SHARE,0.01,A,GNB_EHCVM2021_LEGACY_v1,
dataflow,WB.AFW360:AFW360_HH(0.3.0),R,A,GNB,_T,SURVEY,POP_SH,_T,_T,_T,QUINT_Q2,EMP_SECTOR_AGR,_T,_T,_T,_Z,_Z,_Z,_Z,_Z,2021,0.77,,,,,,,,,POP_SH.EMP_SECTOR_AGR,SHARE,0.01,A,GNB_EHCVM2021_LEGACY_v1,
dataflow,WB.AFW360:AFW360_HH(0.3.0),R,A,GNB,_T,SURVEY,POP_SH,_T,_T,_T,QUINT_Q2,EMP_SECTOR_IND,_T,_T,_T,_Z,_Z,_Z,_Z,_Z,2021,0.08,,,,,,,,,POP_SH.EMP_SECTOR_IND,SHARE,0.01,A,GNB_EHCVM2021_LEGACY_v1,
dataflow,WB.AFW360:AFW360_HH(0.3.0),R,A,GNB,_T,SURVEY,POP_SH,_T,_T,_T,QUINT_Q2,EMP_SECTOR_SER,_T,_T,_T,_Z,_Z,_Z,_Z,_Z,2021,0.15,,,,,,,,,POP_SH.EMP_SECTOR_SER,SHARE,0.01,A,GNB_EHCVM2021_LEGACY_v1,
dataflow,WB.AFW360:AFW360_HH(0.3.0),R,A,GNB,_T,SURVEY,POP_SH,_T,_T,_T,QUINT_Q2,EMP_STATUS_EMPLOYED,_T,_T,_T,_Z,_Z,_Z,_Z,_Z,2021,0.75,,,,,,,,,POP_SH.EMP_STATUS_EMPLOYED,SHARE,0.01,A,GNB_EHCVM2021_LEGACY_v1,
dataflow,WB.AFW360:AFW360_HH(0.3.0),R,A,GNB,_T,SURVEY,POP_SH,_T,_T,_T,QUINT_Q2,EMP_TYPE_NONWAGE,_T,_T,_T,_Z,_Z,_Z,_Z,_Z,2021,0.85,,,,,,,,,POP_SH.EMP_TYPE_NONWAGE,SHARE,0.01,A,GNB_EHCVM2021_LEGACY_v1,
dataflow,WB.AFW360:AFW360_HH(0.3.0),R,A,GNB,_T,SURVEY,POP_SH,_T,_T,_T,QUINT_Q2,EMP_TYPE_WAGE,_T,_T,_T,_Z,_Z,_Z,_Z,_Z,2021,0.15,,,,,,,,,POP_SH.EMP_TYPE_WAGE,SHARE,0.01,A,GNB_EHCVM2021_LEGACY_v1,
dataflow,WB.AFW360:AFW360_HH(0.3.0),R,A,GNB,_T,SURVEY,POP_SH,_T,_T,_T,QUINT_Q3,EMP_FORMAL_N,_T,_T,_T,_Z,_Z,_Z,_Z,_Z,2021,0.75,,,,,,,,,POP_SH.EMP_FORMAL_N,SHARE,0.01,A,GNB_EHCVM2021_LEGACY_v1,
dataflow,WB.AFW360:AFW360_HH(0.3.0),R,A,GNB,_T,SURVEY,POP_SH,_T,_T,_T,QUINT_Q3,EMP_ISIC_G,_T,_T,_T,_Z,_Z,_Z,_Z,_Z,2021,0.14,,,,,,,,,POP_SH.EMP_ISIC_G,SHARE,0.01,A,GNB_EHCVM2021_LEGACY_v1,
dataflow,WB.AFW360:AFW360_HH(0.3.0),R,A,GNB,_T,SURVEY,POP_SH,_T,_T,_T,QUINT_Q3,EMP_ISIC_H,_T,_T,_T,_Z,_Z,_Z,_Z,_Z,2021,0.03,,,,,,,,,POP_SH.EMP_ISIC_H,SHARE,0.01,A,GNB_EHCVM2021_LEGACY_v1,
dataflow,WB.AFW360:AFW360_HH(0.3.0),R,A,GNB,_T,SURVEY,POP_SH,_T,_T,_T,QUINT_Q3,EMP_SECTOR_AGR,_T,_T,_T,_Z,_Z,_Z,_Z,_Z,2021,0.67,,,,,,,,,POP_SH.EMP_SECTOR_AGR,SHARE,0.01,A,GNB_EHCVM2021_LEGACY_v1,
dataflow,WB.AFW360:AFW360_HH(0.3.0),R,A,GNB,_T,SURVEY,POP_SH,_T,_T,_T,QUINT_Q3,EMP_SECTOR_IND,_T,_T,_T,_Z,_Z,_Z,_Z,_Z,2021,0.11,,,,,,,,,POP_SH.EMP_SECTOR_IND,SHARE,0.01,A,GNB_EHCVM2021_LEGACY_v1,
dataflow,WB.AFW360:AFW360_HH(0.3.0),R,A,GNB,_T,SURVEY,POP_SH,_T,_T,_T,QUINT_Q3,EMP_SECTOR_SER,_T,_T,_T,_Z,_Z,_Z,_Z,_Z,2021,0.23,,,,,,,,,POP_SH.EMP_SECTOR_SER,SHARE,0.01,A,GNB_EHCVM2021_LEGACY_v1,
dataflow,WB.AFW360:AFW360_HH(0.3.0),R,A,GNB,_T,SURVEY,POP_SH,_T,_T,_T,QUINT_Q3,EMP_STATUS_EMPLOYED,_T,_T,_T,_Z,_Z,_Z,_Z,_Z,2021,0.68,,,,,,,,,POP_SH.EMP_STATUS_EMPLOYED,SHARE,0.01,A,GNB_EHCVM2021_LEGACY_v1,
dataflow,WB.AFW360:AFW360_HH(0.3.0),R,A,GNB,_T,SURVEY,POP_SH,_T,_T,_T,QUINT_Q3,EMP_TYPE_NONWAGE,_T,_T,_T,_Z,_Z,_Z,_Z,_Z,2021,0.79,,,,,,,,,POP_SH.EMP_TYPE_NONWAGE,SHARE,0.01,A,GNB_EHCVM2021_LEGACY_v1,
dataflow,WB.AFW360:AFW360_HH(0.3.0),R,A,GNB,_T,SURVEY,POP_SH,_T,_T,_T,QUINT_Q3,EMP_TYPE_WAGE,_T,_T,_T,_Z,_Z,_Z,_Z,_Z,2021,0.21,,,,,,,,,POP_SH.EMP_TYPE_WAGE,SHARE,0.01,A,GNB_EHCVM2021_LEGACY_v1,
dataflow,WB.AFW360:AFW360_HH(0.3.0),R,A,GNB,_T,SURVEY,POP_SH,_T,_T,_T,QUINT_Q4,EMP_FORMAL_N,_T,_T,_T,_Z,_Z,_Z,_Z,_Z,2021,0.69,,,,,,,,,POP_SH.EMP_FORMAL_N,SHARE,0.01,A,GNB_EHCVM2021_LEGACY_v1,
dataflow,WB.AFW360:AFW360_HH(0.3.0),R,A,GNB,_T,SURVEY,POP_SH,_T,_T,_T,QUINT_Q4,EMP_ISIC_G,_T,_T,_T,_Z,_Z,_Z,_Z,_Z,2021,0.17,,,,,,,,,POP_SH.EMP_ISIC_G,SHARE,0.01,A,GNB_EHCVM2021_LEGACY_v1,
dataflow,WB.AFW360:AFW360_HH(0.3.0),R,A,GNB,_T,SURVEY,POP_SH,_T,_T,_T,QUINT_Q4,EMP_ISIC_H,_T,_T,_T,_Z,_Z,_Z,_Z,_Z,2021,0.04,,,,,,,,,POP_SH.EMP_ISIC_H,SHARE,0.01,A,GNB_EHCVM2021_LEGACY_v1,
dataflow,WB.AFW360:AFW360_HH(0.3.0),R,A,GNB,_T,SURVEY,POP_SH,_T,_T,_T,QUINT_Q4,EMP_SECTOR_AGR,_T,_T,_T,_Z,_Z,_Z,_Z,_Z,2021,0.52,,,,,,,,,POP_SH.EMP_SECTOR_AGR,SHARE,0.01,A,GNB_EHCVM2021_LEGACY_v1,
dataflow,WB.AFW360:AFW360_HH(0.3.0),R,A,GNB,_T,SURVEY,POP_SH,_T,_T,_T,QUINT_Q4,EMP_SECTOR_IND,_T,_T,_T,_Z,_Z,_Z,_Z,_Z,2021,0.14,,,,,,,,,POP_SH.EMP_SECTOR_IND,SHARE,0.01,A,GNB_EHCVM2021_LEGACY_v1,
dataflow,WB.AFW360:AFW360_HH(0.3.0),R,A,GNB,_T,SURVEY,POP_SH,_T,_T,_T,QUINT_Q4,EMP_SECTOR_SER,_T,_T,_T,_Z,_Z,_Z,_Z,_Z,2021,0.33,,,,,,,,,POP_SH.EMP_SECTOR_SER,SHARE,0.01,A,GNB_EHCVM2021_LEGACY_v1,
dataflow,WB.AFW360:AFW360_HH(0.3.0),R,A,GNB,_T,SURVEY,POP_SH,_T,_T,_T,QUINT_Q4,EMP_STATUS_EMPLOYED,_T,_T,_T,_Z,_Z,_Z,_Z,_Z,2021,0.62,,,,,,,,,POP_SH.EMP_STATUS_EMPLOYED,SHARE,0.01,A,GNB_EHCVM2021_LEGACY_v1,
dataflow,WB.AFW360:AFW360_HH(0.3.0),R,A,GNB,_T,SURVEY,POP_SH,_T,_T,_T,QUINT_Q4,EMP_TYPE_NONWAGE,_T,_T,_T,_Z,_Z,_Z,_Z,_Z,2021,0.74,,,,,,,,,POP_SH.EMP_TYPE_NONWAGE,SHARE,0.01,A,GNB_EHCVM2021_LEGACY_v1,
dataflow,WB.AFW360:AFW360_HH(0.3.0),R,A,GNB,_T,SURVEY,POP_SH,_T,_T,_T,QUINT_Q4,EMP_TYPE_WAGE,_T,_T,_T,_Z,_Z,_Z,_Z,_Z,2021,0.26,,,,,,,,,POP_SH.EMP_TYPE_WAGE,SHARE,0.01,A,GNB_EHCVM2021_LEGACY_v1,
dataflow,WB.AFW360:AFW360_HH(0.3.0),R,A,GNB,_T,SURVEY,POP_SH,_T,_T,_T,QUINT_Q5,EMP_FORMAL_N,_T,_T,_T,_Z,_Z,_Z,_Z,_Z,2021,0.55,,,,,,,,,POP_SH.EMP_FORMAL_N,SHARE,0.01,A,GNB_EHCVM2021_LEGACY_v1,
dataflow,WB.AFW360:AFW360_HH(0.3.0),R,A,GNB,_T,SURVEY,POP_SH,_T,_T,_T,QUINT_Q5,EMP_ISIC_G,_T,_T,_T,_Z,_Z,_Z,_Z,_Z,2021,0.2,,,,,,,,,POP_SH.EMP_ISIC_G,SHARE,0.01,A,GNB_EHCVM2021_LEGACY_v1,
dataflow,WB.AFW360:AFW360_HH(0.3.0),R,A,GNB,_T,SURVEY,POP_SH,_T,_T,_T,QUINT_Q5,EMP_ISIC_H,_T,_T,_T,_Z,_Z,_Z,_Z,_Z,2021,0.05,,,,,,,,,POP_SH.EMP_ISIC_H,SHARE,0.01,A,GNB_EHCVM2021_LEGACY_v1,
dataflow,WB.AFW360:AFW360_HH(0.3.0),R,A,GNB,_T,SURVEY,POP_SH,_T,_T,_T,QUINT_Q5,EMP_SECTOR_AGR,_T,_T,_T,_Z,_Z,_Z,_Z,_Z,2021,0.31,,,,,,,,,POP_SH.EMP_SECTOR_AGR,SHARE,0.01,A,GNB_EHCVM2021_LEGACY_v1,
dataflow,WB.AFW360:AFW360_HH(0.3.0),R,A,GNB,_T,SURVEY,POP_SH,_T,_T,_T,QUINT_Q5,EMP_SECTOR_IND,_T,_T,_T,_Z,_Z,_Z,_Z,_Z,2021,0.18,,,,,,,,,POP_SH.EMP_SECTOR_IND,SHARE,0.01,A,GNB_EHCVM2021_LEGACY_v1,
dataflow,WB.AFW360:AFW360_HH(0.3.0),R,A,GNB,_T,SURVEY,POP_SH,_T,_T,_T,QUINT_Q5,EMP_SECTOR_SER,_T,_T,_T,_Z,_Z,_Z,_Z,_Z,2021,0.51,,,,,,,,,POP_SH.EMP_SECTOR_SER,SHARE,0.01,A,GNB_EHCVM2021_LEGACY_v1,
dataflow,WB.AFW360:AFW360_HH(0.3.0),R,A,GNB,_T,SURVEY,POP_SH,_T,_T,_T,QUINT_Q5,EMP_STATUS_EMPLOYED,_T,_T,_T,_Z,_Z,_Z,_Z,_Z,2021,0.6,,,,,,,,,POP_SH.EMP_STATUS_EMPLOYED,SHARE,0.01,A,GNB_EHCVM2021_LEGACY_v1,
dataflow,WB.AFW360:AFW360_HH(0.3.0),R,A,GNB,_T,SURVEY,POP_SH,_T,_T,_T,QUINT_Q5,EMP_TYPE_NONWAGE,_T,_T,_T,_Z,_Z,_Z,_Z,_Z,2021,0.6,,,,,,,,,POP_SH.EMP_TYPE_NONWAGE,SHARE,0.01,A,GNB_EHCVM2021_LEGACY_v1,
dataflow,WB.AFW360:AFW360_HH(0.3.0),R,A,GNB,_T,SURVEY,POP_SH,_T,_T,_T,QUINT_Q5,EMP_TYPE_WAGE,_T,_T,_T,_Z,_Z,_Z,_Z,_Z,2021,0.4,,,,,,,,,POP_SH.EMP_TYPE_WAGE,SHARE,0.01,A,GNB_EHCVM2021_LEGACY_v1,
dataflow,WB.AFW360:AFW360_HH(0.3.0),R,A,GNB,_T,SURVEY,POV_HC,_T,_T,OU,_T,_T,_T,_T,_T,POVLINE_PL300,PPP_2021,_Z,_Z,_Z,2021,0.11,,,,,,,,,POV_HC.POVLINE_PL300.PPP_2021,SHARE,0.01,A,GNB_EHCVM2021_LEGACY_v1,
dataflow,WB.AFW360:AFW360_HH(0.3.0),R,A,GNB,_T,SURVEY,POV_HC,_T,_T,OU,_T,_T,_T,_T,_T,POVLINE_PL420,PPP_2021,_Z,_Z,_Z,2021,0.31,,,,,,,,,POV_HC.POVLINE_PL420.PPP_2021,SHARE,0.01,A,GNB_EHCVM2021_LEGACY_v1,
dataflow,WB.AFW360:AFW360_HH(0.3.0),R,A,GNB,_T,SURVEY,POV_HC,_T,_T,R,_T,_T,_T,_T,_T,POVLINE_PL300,PPP_2021,_Z,_Z,_Z,2021,0.6,,,,,,,,,POV_HC.POVLINE_PL300.PPP_2021,SHARE,0.01,A,GNB_EHCVM2021_LEGACY_v1,
dataflow,WB.AFW360:AFW360_HH(0.3.0),R,A,GNB,_T,SURVEY,POV_HC,_T,_T,R,_T,_T,_T,_T,_T,POVLINE_PL420,PPP_2021,_Z,_Z,_Z,2021,0.84,,,,,,,,,POV_HC.POVLINE_PL420.PPP_2021,SHARE,0.01,A,GNB_EHCVM2021_LEGACY_v1,
dataflow,WB.AFW360:AFW360_HH(0.3.0),R,A,GNB,_T,SURVEY,POV_HC,_T,_T,_T,HHH_AGE_GE35,_T,_T,_T,_T,POVLINE_PL300,PPP_2021,_Z,_Z,_Z,2021,0.4,,,,,,,,,POV_HC.POVLINE_PL300.PPP_2021,SHARE,0.01,A,GNB_EHCVM2021_LEGACY_v1,
dataflow,WB.AFW360:AFW360_HH(0.3.0),R,A,GNB,_T,SURVEY,POV_HC,_T,_T,_T,HHH_AGE_GE35,_T,_T,_T,_T,POVLINE_PL420,PPP_2021,_Z,_Z,_Z,2021,0.62,,,,,,,,,POV_HC.POVLINE_PL420.PPP_2021,SHARE,0.01,A,GNB_EHCVM2021_LEGACY_v1,
dataflow,WB.AFW360:AFW360_HH(0.3.0),R,A,GNB,_T,SURVEY,POV_HC,_T,_T,_T,HHH_AGE_LT35,_T,_T,_T,_T,POVLINE_PL300,PPP_2021,_Z,_Z,_Z,2021,0.4,,,,,,,,,POV_HC.POVLINE_PL300.PPP_2021,SHARE,0.01,A,GNB_EHCVM2021_LEGACY_v1,
dataflow,WB.AFW360:AFW360_HH(0.3.0),R,A,GNB,_T,SURVEY,POV_HC,_T,_T,_T,HHH_AGE_LT35,_T,_T,_T,_T,POVLINE_PL420,PPP_2021,_Z,_Z,_Z,2021,0.61,,,,,,,,,POV_HC.POVLINE_PL420.PPP_2021,SHARE,0.01,A,GNB_EHCVM2021_LEGACY_v1,
dataflow,WB.AFW360:AFW360_HH(0.3.0),R,A,GNB,_T,SURVEY,POV_HC,_T,_T,_T,HHH_SEX_F,_T,_T,_T,_T,POVLINE_PL300,PPP_2021,_Z,_Z,_Z,2021,0.22,,,,,,,,,POV_HC.POVLINE_PL300.PPP_2021,SHARE,0.01,A,GNB_EHCVM2021_LEGACY_v1,
dataflow,WB.AFW360:AFW360_HH(0.3.0),R,A,GNB,_T,SURVEY,POV_HC,_T,_T,_T,HHH_SEX_F,_T,_T,_T,_T,POVLINE_PL420,PPP_2021,_Z,_Z,_Z,2021,0.44,,,,,,,,,POV_HC.POVLINE_PL420.PPP_2021,SHARE,0.01,A,GNB_EHCVM2021_LEGACY_v1,
dataflow,WB.AFW360:AFW360_HH(0.3.0),R,A,GNB,_T,SURVEY,POV_HC,_T,_T,_T,HHH_SEX_M,_T,_T,_T,_T,POVLINE_PL300,PPP_2021,_Z,_Z,_Z,2021,0.44,,,,,,,,,POV_HC.POVLINE_PL300.PPP_2021,SHARE,0.01,A,GNB_EHCVM2021_LEGACY_v1,
dataflow,WB.AFW360:AFW360_HH(0.3.0),R,A,GNB,_T,SURVEY,POV_HC,_T,_T,_T,HHH_SEX_M,_T,_T,_T,_T,POVLINE_PL420,PPP_2021,_Z,_Z,_Z,2021,0.66,,,,,,,,,POV_HC.POVLINE_PL420.PPP_2021,SHARE,0.01,A,GNB_EHCVM2021_LEGACY_v1,
dataflow,WB.AFW360:AFW360_HH(0.3.0),R,A,GNB,_T,SURVEY,POV_HC,_T,_T,_T,QUINT_Q1,_T,_T,_T,_T,POVLINE_PL300,PPP_2021,_Z,_Z,_Z,2021,1,,,,,,,,,POV_HC.POVLINE_PL300.PPP_2021,SHARE,0.01,A,GNB_EHCVM2021_LEGACY_v1,
dataflow,WB.AFW360:AFW360_HH(0.3.0),R,A,GNB,_T,SURVEY,POV_HC,_T,_T,_T,QUINT_Q1,_T,_T,_T,_T,POVLINE_PL420,PPP_2021,_Z,_Z,_Z,2021,1,,,,,,,,,POV_HC.POVLINE_PL420.PPP_2021,SHARE,0.01,A,GNB_EHCVM2021_LEGACY_v1,
dataflow,WB.AFW360:AFW360_HH(0.3.0),R,A,GNB,_T,SURVEY,POV_HC,_T,_T,_T,QUINT_Q2,_T,_T,_T,_T,POVLINE_PL300,PPP_2021,_Z,_Z,_Z,2021,0.84,,,,,,,,,POV_HC.POVLINE_PL300.PPP_2021,SHARE,0.01,A,GNB_EHCVM2021_LEGACY_v1,
dataflow,WB.AFW360:AFW360_HH(0.3.0),R,A,GNB,_T,SURVEY,POV_HC,_T,_T,_T,QUINT_Q2,_T,_T,_T,_T,POVLINE_PL420,PPP_2021,_Z,_Z,_Z,2021,1,,,,,,,,,POV_HC.POVLINE_PL420.PPP_2021,SHARE,0.01,A,GNB_EHCVM2021_LEGACY_v1,
dataflow,WB.AFW360:AFW360_HH(0.3.0),R,A,GNB,_T,SURVEY,POV_HC,_T,_T,_T,QUINT_Q3,_T,_T,_T,_T,POVLINE_PL300,PPP_2021,_Z,_Z,_Z,2021,0.15,,,,,,,,,POV_HC.POVLINE_PL300.PPP_2021,SHARE,0.01,A,GNB_EHCVM2021_LEGACY_v1,
dataflow,WB.AFW360:AFW360_HH(0.3.0),R,A,GNB,_T,SURVEY,POV_HC,_T,_T,_T,QUINT_Q3,_T,_T,_T,_T,POVLINE_PL420,PPP_2021,_Z,_Z,_Z,2021,0.85,,,,,,,,,POV_HC.POVLINE_PL420.PPP_2021,SHARE,0.01,A,GNB_EHCVM2021_LEGACY_v1,
dataflow,WB.AFW360:AFW360_HH(0.3.0),R,A,GNB,_T,SURVEY,POV_HC,_T,_T,_T,QUINT_Q4,_T,_T,_T,_T,POVLINE_PL300,PPP_2021,_Z,_Z,_Z,2021,0,,,,,,,,,POV_HC.POVLINE_PL300.PPP_2021,SHARE,0.01,A,GNB_EHCVM2021_LEGACY_v1,
dataflow,WB.AFW360:AFW360_HH(0.3.0),R,A,GNB,_T,SURVEY,POV_HC,_T,_T,_T,QUINT_Q4,_T,_T,_T,_T,POVLINE_PL420,PPP_2021,_Z,_Z,_Z,2021,0.26,,,,,,,,,POV_HC.POVLINE_PL420.PPP_2021,SHARE,0.01,A,GNB_EHCVM2021_LEGACY_v1,
dataflow,WB.AFW360:AFW360_HH(0.3.0),R,A,GNB,_T,SURVEY,POV_HC,_T,_T,_T,QUINT_Q5,_T,_T,_T,_T,POVLINE_PL300,PPP_2021,_Z,_Z,_Z,2021,0,,,,,,,,,POV_HC.POVLINE_PL300.PPP_2021,SHARE,0.01,A,GNB_EHCVM2021_LEGACY_v1,
dataflow,WB.AFW360:AFW360_HH(0.3.0),R,A,GNB,_T,SURVEY,POV_HC,_T,_T,_T,QUINT_Q5,_T,_T,_T,_T,POVLINE_PL420,PPP_2021,_Z,_Z,_Z,2021,0,,,,,,,,,POV_HC.POVLINE_PL420.PPP_2021,SHARE,0.01,A,GNB_EHCVM2021_LEGACY_v1,
dataflow,WB.AFW360:AFW360_HH(0.3.0),R,A,GNB,_T,SURVEY,POV_HC,_T,_T,_T,_T,_T,_T,_T,_T,POVLINE_PL300,PPP_2021,_Z,_Z,_Z,2021,0.4,,,,,,,,,POV_HC.POVLINE_PL300.PPP_2021,SHARE,0.01,A,GNB_EHCVM2021_LEGACY_v1,
dataflow,WB.AFW360:AFW360_HH(0.3.0),R,A,GNB,_T,SURVEY,POV_HC,_T,_T,_T,_T,_T,_T,_T,_T,POVLINE_PL420,PPP_2021,_Z,_Z,_Z,2021,0.62,,,,,,,,,POV_HC.POVLINE_PL420.PPP_2021,SHARE,0.01,A,GNB_EHCVM2021_LEGACY_v1,
dataflow,WB.AFW360:AFW360_HH(0.3.0),R,A,GNB,_T,SURVEY,POV_NUM,_T,_T,OU,_T,_T,_T,_T,_T,POVLINE_PL300,PPP_2021,_Z,_Z,_Z,2021,80000,,,,,,,,,POV_NUM.POVLINE_PL300.PPP_2021,PERSON,10000,A,GNB_EHCVM2021_LEGACY_v1,
dataflow,WB.AFW360:AFW360_HH(0.3.0),R,A,GNB,_T,SURVEY,POV_NUM,_T,_T,OU,_T,_T,_T,_T,_T,POVLINE_PL420,PPP_2021,_Z,_Z,_Z,2021,220000,,,,,,,,,POV_NUM.POVLINE_PL420.PPP_2021,PERSON,10000,A,GNB_EHCVM2021_LEGACY_v1,
dataflow,WB.AFW360:AFW360_HH(0.3.0),R,A,GNB,_T,SURVEY,POV_NUM,_T,_T,R,_T,_T,_T,_T,_T,POVLINE_PL300,PPP_2021,_Z,_Z,_Z,2021,610000,,,,,,,,,POV_NUM.POVLINE_PL300.PPP_2021,PERSON,10000,A,GNB_EHCVM2021_LEGACY_v1,
dataflow,WB.AFW360:AFW360_HH(0.3.0),R,A,GNB,_T,SURVEY,POV_NUM,_T,_T,R,_T,_T,_T,_T,_T,POVLINE_PL420,PPP_2021,_Z,_Z,_Z,2021,850000,,,,,,,,,POV_NUM.POVLINE_PL420.PPP_2021,PERSON,10000,A,GNB_EHCVM2021_LEGACY_v1,
dataflow,WB.AFW360:AFW360_HH(0.3.0),R,A,GNB,_T,SURVEY,POV_NUM,_T,_T,_T,HHH_AGE_GE35,_T,_T,_T,_T,POVLINE_PL300,PPP_2021,_Z,_Z,_Z,2021,600000,,,,,,,,,POV_NUM.POVLINE_PL300.PPP_2021,PERSON,10000,A,GNB_EHCVM2021_LEGACY_v1,
dataflow,WB.AFW360:AFW360_HH(0.3.0),R,A,GNB,_T,SURVEY,POV_NUM,_T,_T,_T,HHH_AGE_GE35,_T,_T,_T,_T,POVLINE_PL420,PPP_2021,_Z,_Z,_Z,2021,940000,,,,,,,,,POV_NUM.POVLINE_PL420.PPP_2021,PERSON,10000,A,GNB_EHCVM2021_LEGACY_v1,
dataflow,WB.AFW360:AFW360_HH(0.3.0),R,A,GNB,_T,SURVEY,POV_NUM,_T,_T,_T,HHH_AGE_LT35,_T,_T,_T,_T,POVLINE_PL300,PPP_2021,_Z,_Z,_Z,2021,100000,,,,,,,,,POV_NUM.POVLINE_PL300.PPP_2021,PERSON,10000,A,GNB_EHCVM2021_LEGACY_v1,
dataflow,WB.AFW360:AFW360_HH(0.3.0),R,A,GNB,_T,SURVEY,POV_NUM,_T,_T,_T,HHH_AGE_LT35,_T,_T,_T,_T,POVLINE_PL420,PPP_2021,_Z,_Z,_Z,2021,150000,,,,,,,,,POV_NUM.POVLINE_PL420.PPP_2021,PERSON,10000,A,GNB_EHCVM2021_LEGACY_v1,
dataflow,WB.AFW360:AFW360_HH(0.3.0),R,A,GNB,_T,SURVEY,POV_NUM,_T,_T,_T,HHH_SEX_F,_T,_T,_T,_T,POVLINE_PL300,PPP_2021,_Z,_Z,_Z,2021,70000,,,,,,,,,POV_NUM.POVLINE_PL300.PPP_2021,PERSON,10000,A,GNB_EHCVM2021_LEGACY_v1,
dataflow,WB.AFW360:AFW360_HH(0.3.0),R,A,GNB,_T,SURVEY,POV_NUM,_T,_T,_T,HHH_SEX_F,_T,_T,_T,_T,POVLINE_PL420,PPP_2021,_Z,_Z,_Z,2021,150000,,,,,,,,,POV_NUM.POVLINE_PL420.PPP_2021,PERSON,10000,A,GNB_EHCVM2021_LEGACY_v1,
dataflow,WB.AFW360:AFW360_HH(0.3.0),R,A,GNB,_T,SURVEY,POV_NUM,_T,_T,_T,HHH_SEX_M,_T,_T,_T,_T,POVLINE_PL300,PPP_2021,_Z,_Z,_Z,2021,620000,,,,,,,,,POV_NUM.POVLINE_PL300.PPP_2021,PERSON,10000,A,GNB_EHCVM2021_LEGACY_v1,
dataflow,WB.AFW360:AFW360_HH(0.3.0),R,A,GNB,_T,SURVEY,POV_NUM,_T,_T,_T,HHH_SEX_M,_T,_T,_T,_T,POVLINE_PL420,PPP_2021,_Z,_Z,_Z,2021,940000,,,,,,,,,POV_NUM.POVLINE_PL420.PPP_2021,PERSON,10000,A,GNB_EHCVM2021_LEGACY_v1,
dataflow,WB.AFW360:AFW360_HH(0.3.0),R,A,GNB,_T,SURVEY,POV_NUM,_T,_T,_T,QUINT_Q1,_T,_T,_T,_T,POVLINE_PL300,PPP_2021,_Z,_Z,_Z,2021,350000.0000000001,,,,,,,,,POV_NUM.POVLINE_PL300.PPP_2021,PERSON,10000,A,GNB_EHCVM2021_LEGACY_v1,
dataflow,WB.AFW360:AFW360_HH(0.3.0),R,A,GNB,_T,SURVEY,POV_NUM,_T,_T,_T,QUINT_Q1,_T,_T,_T,_T,POVLINE_PL420,PPP_2021,_Z,_Z,_Z,2021,350000.0000000001,,,,,,,,,POV_NUM.POVLINE_PL420.PPP_2021,PERSON,10000,A,GNB_EHCVM2021_LEGACY_v1,
dataflow,WB.AFW360:AFW360_HH(0.3.0),R,A,GNB,_T,SURVEY,POV_NUM,_T,_T,_T,QUINT_Q2,_T,_T,_T,_T,POVLINE_PL300,PPP_2021,_Z,_Z,_Z,2021,300000,,,,,,,,,POV_NUM.POVLINE_PL300.PPP_2021,PERSON,10000,A,GNB_EHCVM2021_LEGACY_v1,
dataflow,WB.AFW360:AFW360_HH(0.3.0),R,A,GNB,_T,SURVEY,POV_NUM,_T,_T,_T,QUINT_Q2,_T,_T,_T,_T,POVLINE_PL420,PPP_2021,_Z,_Z,_Z,2021,350000.0000000001,,,,,,,,,POV_NUM.POVLINE_PL420.PPP_2021,PERSON,10000,A,GNB_EHCVM2021_LEGACY_v1,
dataflow,WB.AFW360:AFW360_HH(0.3.0),R,A,GNB,_T,SURVEY,POV_NUM,_T,_T,_T,QUINT_Q3,_T,_T,_T,_T,POVLINE_PL300,PPP_2021,_Z,_Z,_Z,2021,50000,,,,,,,,,POV_NUM.POVLINE_PL300.PPP_2021,PERSON,10000,A,GNB_EHCVM2021_LEGACY_v1,
dataflow,WB.AFW360:AFW360_HH(0.3.0),R,A,GNB,_T,SURVEY,POV_NUM,_T,_T,_T,QUINT_Q3,_T,_T,_T,_T,POVLINE_PL420,PPP_2021,_Z,_Z,_Z,2021,300000,,,,,,,,,POV_NUM.POVLINE_PL420.PPP_2021,PERSON,10000,A,GNB_EHCVM2021_LEGACY_v1,
dataflow,WB.AFW360:AFW360_HH(0.3.0),R,A,GNB,_T,SURVEY,POV_NUM,_T,_T,_T,QUINT_Q4,_T,_T,_T,_T,POVLINE_PL300,PPP_2021,_Z,_Z,_Z,2021,0,,,,,,,,,POV_NUM.POVLINE_PL300.PPP_2021,PERSON,10000,A,GNB_EHCVM2021_LEGACY_v1,
dataflow,WB.AFW360:AFW360_HH(0.3.0),R,A,GNB,_T,SURVEY,POV_NUM,_T,_T,_T,QUINT_Q4,_T,_T,_T,_T,POVLINE_PL420,PPP_2021,_Z,_Z,_Z,2021,90000,,,,,,,,,POV_NUM.POVLINE_PL420.PPP_2021,PERSON,10000,A,GNB_EHCVM2021_LEGACY_v1,
dataflow,WB.AFW360:AFW360_HH(0.3.0),R,A,GNB,_T,SURVEY,POV_NUM,_T,_T,_T,QUINT_Q5,_T,_T,_T,_T,POVLINE_PL300,PPP_2021,_Z,_Z,_Z,2021,0,,,,,,,,,POV_NUM.POVLINE_PL300.PPP_2021,PERSON,10000,A,GNB_EHCVM2021_LEGACY_v1,
dataflow,WB.AFW360:AFW360_HH(0.3.0),R,A,GNB,_T,SURVEY,POV_NUM,_T,_T,_T,QUINT_Q5,_T,_T,_T,_T,POVLINE_PL420,PPP_2021,_Z,_Z,_Z,2021,0,,,,,,,,,POV_NUM.POVLINE_PL420.PPP_2021,PERSON,10000,A,GNB_EHCVM2021_LEGACY_v1,
dataflow,WB.AFW360:AFW360_HH(0.3.0),R,A,GNB,_T,SURVEY,POV_NUM,_T,_T,_T,_T,_T,_T,_T,_T,POVLINE_PL300,PPP_2021,_Z,_Z,_Z,2021,700000.0000000001,,,,,,,,,POV_NUM.POVLINE_PL300.PPP_2021,PERSON,10000,A,GNB_EHCVM2021_LEGACY_v1,
dataflow,WB.AFW360:AFW360_HH(0.3.0),R,A,GNB,_T,SURVEY,POV_NUM,_T,_T,_T,_T,_T,_T,_T,_T,POVLINE_PL420,PPP_2021,_Z,_Z,_Z,2021,1090000,,,,,,,,,POV_NUM.POVLINE_PL420.PPP_2021,PERSON,10000,A,GNB_EHCVM2021_LEGACY_v1,
dataflow,WB.AFW360:AFW360_HH(0.3.0),R,A,GNB,_T,SURVEY,SHK_ANY,_Z,_Z,OU,_T,_T,_T,_T,_T,_Z,_Z,_Z,_Z,_Z,2021,0.88,,,,,,,,,SHK_ANY,SHARE,0.01,A,GNB_EHCVM2021_LEGACY_v1,
dataflow,WB.AFW360:AFW360_HH(0.3.0),R,A,GNB,_T,SURVEY,SHK_ANY,_Z,_Z,R,_T,_T,_T,_T,_T,_Z,_Z,_Z,_Z,_Z,2021,0.91,,,,,,,,,SHK_ANY,SHARE,0.01,A,GNB_EHCVM2021_LEGACY_v1,
dataflow,WB.AFW360:AFW360_HH(0.3.0),R,A,GNB,_T,SURVEY,SHK_ANY,_Z,_Z,_T,HHH_AGE_GE35,_T,_T,_T,_T,_Z,_Z,_Z,_Z,_Z,2021,0.89,,,,,,,,,SHK_ANY,SHARE,0.01,A,GNB_EHCVM2021_LEGACY_v1,
dataflow,WB.AFW360:AFW360_HH(0.3.0),R,A,GNB,_T,SURVEY,SHK_ANY,_Z,_Z,_T,HHH_AGE_LT35,_T,_T,_T,_T,_Z,_Z,_Z,_Z,_Z,2021,0.89,,,,,,,,,SHK_ANY,SHARE,0.01,A,GNB_EHCVM2021_LEGACY_v1,
dataflow,WB.AFW360:AFW360_HH(0.3.0),R,A,GNB,_T,SURVEY,SHK_ANY,_Z,_Z,_T,HHH_SEX_F,_T,_T,_T,_T,_Z,_Z,_Z,_Z,_Z,2021,0.91,,,,,,,,,SHK_ANY,SHARE,0.01,A,GNB_EHCVM2021_LEGACY_v1,
dataflow,WB.AFW360:AFW360_HH(0.3.0),R,A,GNB,_T,SURVEY,SHK_ANY,_Z,_Z,_T,HHH_SEX_M,_T,_T,_T,_T,_Z,_Z,_Z,_Z,_Z,2021,0.89,,,,,,,,,SHK_ANY,SHARE,0.01,A,GNB_EHCVM2021_LEGACY_v1,
dataflow,WB.AFW360:AFW360_HH(0.3.0),R,A,GNB,_T,SURVEY,SHK_ANY,_Z,_Z,_T,QUINT_Q1,_T,_T,_T,_T,_Z,_Z,_Z,_Z,_Z,2021,0.9,,,,,,,,,SHK_ANY,SHARE,0.01,A,GNB_EHCVM2021_LEGACY_v1,
dataflow,WB.AFW360:AFW360_HH(0.3.0),R,A,GNB,_T,SURVEY,SHK_ANY,_Z,_Z,_T,QUINT_Q2,_T,_T,_T,_T,_Z,_Z,_Z,_Z,_Z,2021,0.91,,,,,,,,,SHK_ANY,SHARE,0.01,A,GNB_EHCVM2021_LEGACY_v1,
dataflow,WB.AFW360:AFW360_HH(0.3.0),R,A,GNB,_T,SURVEY,SHK_ANY,_Z,_Z,_T,QUINT_Q3,_T,_T,_T,_T,_Z,_Z,_Z,_Z,_Z,2021,0.9,,,,,,,,,SHK_ANY,SHARE,0.01,A,GNB_EHCVM2021_LEGACY_v1,
dataflow,WB.AFW360:AFW360_HH(0.3.0),R,A,GNB,_T,SURVEY,SHK_ANY,_Z,_Z,_T,QUINT_Q4,_T,_T,_T,_T,_Z,_Z,_Z,_Z,_Z,2021,0.88,,,,,,,,,SHK_ANY,SHARE,0.01,A,GNB_EHCVM2021_LEGACY_v1,
dataflow,WB.AFW360:AFW360_HH(0.3.0),R,A,GNB,_T,SURVEY,SHK_ANY,_Z,_Z,_T,QUINT_Q5,_T,_T,_T,_T,_Z,_Z,_Z,_Z,_Z,2021,0.88,,,,,,,,,SHK_ANY,SHARE,0.01,A,GNB_EHCVM2021_LEGACY_v1,
dataflow,WB.AFW360:AFW360_HH(0.3.0),R,A,GNB,_T,SURVEY,SHK_ANY,_Z,_Z,_T,_T,_T,_T,_T,_T,_Z,_Z,_Z,_Z,_Z,2021,0.89,,,,,,,,,SHK_ANY,SHARE,0.01,A,GNB_EHCVM2021_LEGACY_v1,
dataflow,WB.AFW360:AFW360_HH(0.3.0),R,A,GNB,_T,SURVEY,SHK_COV_CONFLICT,_Z,_Z,OU,_T,_T,_T,_T,_T,_Z,_Z,_Z,_Z,_Z,2021,0.01,,,,,,,,,SHK_COV_CONFLICT,SHARE,0.01,A,GNB_EHCVM2021_LEGACY_v1,
dataflow,WB.AFW360:AFW360_HH(0.3.0),R,A,GNB,_T,SURVEY,SHK_COV_CONFLICT,_Z,_Z,R,_T,_T,_T,_T,_T,_Z,_Z,_Z,_Z,_Z,2021,0.07,,,,,,,,,SHK_COV_CONFLICT,SHARE,0.01,A,GNB_EHCVM2021_LEGACY_v1,
dataflow,WB.AFW360:AFW360_HH(0.3.0),R,A,GNB,_T,SURVEY,SHK_COV_CONFLICT,_Z,_Z,_T,HHH_AGE_GE35,_T,_T,_T,_T,_Z,_Z,_Z,_Z,_Z,2021,0.05,,,,,,,,,SHK_COV_CONFLICT,SHARE,0.01,A,GNB_EHCVM2021_LEGACY_v1,
dataflow,WB.AFW360:AFW360_HH(0.3.0),R,A,GNB,_T,SURVEY,SHK_COV_CONFLICT,_Z,_Z,_T,HHH_AGE_LT35,_T,_T,_T,_T,_Z,_Z,_Z,_Z,_Z,2021,0.04,,,,,,,,,SHK_COV_CONFLICT,SHARE,0.01,A,GNB_EHCVM2021_LEGACY_v1,
dataflow,WB.AFW360:AFW360_HH(0.3.0),R,A,GNB,_T,SURVEY,SHK_COV_CONFLICT,_Z,_Z,_T,HHH_SEX_F,_T,_T,_T,_T,_Z,_Z,_Z,_Z,_Z,2021,0.02,,,,,,,,,SHK_COV_CONFLICT,SHARE,0.01,A,GNB_EHCVM2021_LEGACY_v1,
dataflow,WB.AFW360:AFW360_HH(0.3.0),R,A,GNB,_T,SURVEY,SHK_COV_CONFLICT,_Z,_Z,_T,HHH_SEX_M,_T,_T,_T,_T,_Z,_Z,_Z,_Z,_Z,2021,0.05,,,,,,,,,SHK_COV_CONFLICT,SHARE,0.01,A,GNB_EHCVM2021_LEGACY_v1,
dataflow,WB.AFW360:AFW360_HH(0.3.0),R,A,GNB,_T,SURVEY,SHK_COV_CONFLICT,_Z,_Z,_T,QUINT_Q1,_T,_T,_T,_T,_Z,_Z,_Z,_Z,_Z,2021,0.04,,,,,,,,,SHK_COV_CONFLICT,SHARE,0.01,A,GNB_EHCVM2021_LEGACY_v1,
dataflow,WB.AFW360:AFW360_HH(0.3.0),R,A,GNB,_T,SURVEY,SHK_COV_CONFLICT,_Z,_Z,_T,QUINT_Q2,_T,_T,_T,_T,_Z,_Z,_Z,_Z,_Z,2021,0.08,,,,,,,,,SHK_COV_CONFLICT,SHARE,0.01,A,GNB_EHCVM2021_LEGACY_v1,
dataflow,WB.AFW360:AFW360_HH(0.3.0),R,A,GNB,_T,SURVEY,SHK_COV_CONFLICT,_Z,_Z,_T,QUINT_Q3,_T,_T,_T,_T,_Z,_Z,_Z,_Z,_Z,2021,0.04,,,,,,,,,SHK_COV_CONFLICT,SHARE,0.01,A,GNB_EHCVM2021_LEGACY_v1,
dataflow,WB.AFW360:AFW360_HH(0.3.0),R,A,GNB,_T,SURVEY,SHK_COV_CONFLICT,_Z,_Z,_T,QUINT_Q4,_T,_T,_T,_T,_Z,_Z,_Z,_Z,_Z,2021,0.04,,,,,,,,,SHK_COV_CONFLICT,SHARE,0.01,A,GNB_EHCVM2021_LEGACY_v1,
dataflow,WB.AFW360:AFW360_HH(0.3.0),R,A,GNB,_T,SURVEY,SHK_COV_CONFLICT,_Z,_Z,_T,QUINT_Q5,_T,_T,_T,_T,_Z,_Z,_Z,_Z,_Z,2021,0.03,,,,,,,,,SHK_COV_CONFLICT,SHARE,0.01,A,GNB_EHCVM2021_LEGACY_v1,
dataflow,WB.AFW360:AFW360_HH(0.3.0),R,A,GNB,_T,SURVEY,SHK_COV_CONFLICT,_Z,_Z,_T,_T,_T,_T,_T,_T,_Z,_Z,_Z,_Z,_Z,2021,0.05,,,,,,,,,SHK_COV_CONFLICT,SHARE,0.01,A,GNB_EHCVM2021_LEGACY_v1,
dataflow,WB.AFW360:AFW360_HH(0.3.0),R,A,GNB,_T,SURVEY,SHK_COV_ECON,_Z,_Z,OU,_T,_T,_T,_T,_T,_Z,_Z,_Z,_Z,_Z,2021,0.67,,,,,,,,,SHK_COV_ECON,SHARE,0.01,A,GNB_EHCVM2021_LEGACY_v1,
dataflow,WB.AFW360:AFW360_HH(0.3.0),R,A,GNB,_T,SURVEY,SHK_COV_ECON,_Z,_Z,R,_T,_T,_T,_T,_T,_Z,_Z,_Z,_Z,_Z,2021,0.62,,,,,,,,,SHK_COV_ECON,SHARE,0.01,A,GNB_EHCVM2021_LEGACY_v1,
dataflow,WB.AFW360:AFW360_HH(0.3.0),R,A,GNB,_T,SURVEY,SHK_COV_ECON,_Z,_Z,_T,HHH_AGE_GE35,_T,_T,_T,_T,_Z,_Z,_Z,_Z,_Z,2021,0.65,,,,,,,,,SHK_COV_ECON,SHARE,0.01,A,GNB_EHCVM2021_LEGACY_v1,
dataflow,WB.AFW360:AFW360_HH(0.3.0),R,A,GNB,_T,SURVEY,SHK_COV_ECON,_Z,_Z,_T,HHH_AGE_LT35,_T,_T,_T,_T,_Z,_Z,_Z,_Z,_Z,2021,0.58,,,,,,,,,SHK_COV_ECON,SHARE,0.01,A,GNB_EHCVM2021_LEGACY_v1,
dataflow,WB.AFW360:AFW360_HH(0.3.0),R,A,GNB,_T,SURVEY,SHK_COV_ECON,_Z,_Z,_T,HHH_SEX_F,_T,_T,_T,_T,_Z,_Z,_Z,_Z,_Z,2021,0.66,,,,,,,,,SHK_COV_ECON,SHARE,0.01,A,GNB_EHCVM2021_LEGACY_v1,
dataflow,WB.AFW360:AFW360_HH(0.3.0),R,A,GNB,_T,SURVEY,SHK_COV_ECON,_Z,_Z,_T,HHH_SEX_M,_T,_T,_T,_T,_Z,_Z,_Z,_Z,_Z,2021,0.63,,,,,,,,,SHK_COV_ECON,SHARE,0.01,A,GNB_EHCVM2021_LEGACY_v1,
dataflow,WB.AFW360:AFW360_HH(0.3.0),R,A,GNB,_T,SURVEY,SHK_COV_ECON,_Z,_Z,_T,QUINT_Q1,_T,_T,_T,_T,_Z,_Z,_Z,_Z,_Z,2021,0.59,,,,,,,,,SHK_COV_ECON,SHARE,0.01,A,GNB_EHCVM2021_LEGACY_v1,
dataflow,WB.AFW360:AFW360_HH(0.3.0),R,A,GNB,_T,SURVEY,SHK_COV_ECON,_Z,_Z,_T,QUINT_Q2,_T,_T,_T,_T,_Z,_Z,_Z,_Z,_Z,2021,0.62,,,,,,,,,SHK_COV_ECON,SHARE,0.01,A,GNB_EHCVM2021_LEGACY_v1,
dataflow,WB.AFW360:AFW360_HH(0.3.0),R,A,GNB,_T,SURVEY,SHK_COV_ECON,_Z,_Z,_T,QUINT_Q3,_T,_T,_T,_T,_Z,_Z,_Z,_Z,_Z,2021,0.65,,,,,,,,,SHK_COV_ECON,SHARE,0.01,A,GNB_EHCVM2021_LEGACY_v1,
dataflow,WB.AFW360:AFW360_HH(0.3.0),R,A,GNB,_T,SURVEY,SHK_COV_ECON,_Z,_Z,_T,QUINT_Q4,_T,_T,_T,_T,_Z,_Z,_Z,_Z,_Z,2021,0.67,,,,,,,,,SHK_COV_ECON,SHARE,0.01,A,GNB_EHCVM2021_LEGACY_v1,
dataflow,WB.AFW360:AFW360_HH(0.3.0),R,A,GNB,_T,SURVEY,SHK_COV_ECON,_Z,_Z,_T,QUINT_Q5,_T,_T,_T,_T,_Z,_Z,_Z,_Z,_Z,2021,0.67,,,,,,,,,SHK_COV_ECON,SHARE,0.01,A,GNB_EHCVM2021_LEGACY_v1,
dataflow,WB.AFW360:AFW360_HH(0.3.0),R,A,GNB,_T,SURVEY,SHK_COV_ECON,_Z,_Z,_T,_T,_T,_T,_T,_T,_Z,_Z,_Z,_Z,_Z,2021,0.64,,,,,,,,,SHK_COV_ECON,SHARE,0.01,A,GNB_EHCVM2021_LEGACY_v1,
dataflow,WB.AFW360:AFW360_HH(0.3.0),R,A,GNB,_T,SURVEY,SHK_COV_NATURAL,_Z,_Z,OU,_T,_T,_T,_T,_T,_Z,_Z,_Z,_Z,_Z,2021,0.15,,,,,,,,,SHK_COV_NATURAL,SHARE,0.01,A,GNB_EHCVM2021_LEGACY_v1,
dataflow,WB.AFW360:AFW360_HH(0.3.0),R,A,GNB,_T,SURVEY,SHK_COV_NATURAL,_Z,_Z,R,_T,_T,_T,_T,_T,_Z,_Z,_Z,_Z,_Z,2021,0.49,,,,,,,,,SHK_COV_NATURAL,SHARE,0.01,A,GNB_EHCVM2021_LEGACY_v1,
dataflow,WB.AFW360:AFW360_HH(0.3.0),R,A,GNB,_T,SURVEY,SHK_COV_NATURAL,_Z,_Z,_T,HHH_AGE_GE35,_T,_T,_T,_T,_Z,_Z,_Z,_Z,_Z,2021,0.35,,,,,,,,,SHK_COV_NATURAL,SHARE,0.01,A,GNB_EHCVM2021_LEGACY_v1,
dataflow,WB.AFW360:AFW360_HH(0.3.0),R,A,GNB,_T,SURVEY,SHK_COV_NATURAL,_Z,_Z,_T,HHH_AGE_LT35,_T,_T,_T,_T,_Z,_Z,_Z,_Z,_Z,2021,0.33,,,,,,,,,SHK_COV_NATURAL,SHARE,0.01,A,GNB_EHCVM2021_LEGACY_v1,
dataflow,WB.AFW360:AFW360_HH(0.3.0),R,A,GNB,_T,SURVEY,SHK_COV_NATURAL,_Z,_Z,_T,HHH_SEX_F,_T,_T,_T,_T,_Z,_Z,_Z,_Z,_Z,2021,0.25,,,,,,,,,SHK_COV_NATURAL,SHARE,0.01,A,GNB_EHCVM2021_LEGACY_v1,
dataflow,WB.AFW360:AFW360_HH(0.3.0),R,A,GNB,_T,SURVEY,SHK_COV_NATURAL,_Z,_Z,_T,HHH_SEX_M,_T,_T,_T,_T,_Z,_Z,_Z,_Z,_Z,2021,0.37,,,,,,,,,SHK_COV_NATURAL,SHARE,0.01,A,GNB_EHCVM2021_LEGACY_v1,
dataflow,WB.AFW360:AFW360_HH(0.3.0),R,A,GNB,_T,SURVEY,SHK_COV_NATURAL,_Z,_Z,_T,QUINT_Q1,_T,_T,_T,_T,_Z,_Z,_Z,_Z,_Z,2021,0.43,,,,,,,,,SHK_COV_NATURAL,SHARE,0.01,A,GNB_EHCVM2021_LEGACY_v1,
dataflow,WB.AFW360:AFW360_HH(0.3.0),R,A,GNB,_T,SURVEY,SHK_COV_NATURAL,_Z,_Z,_T,QUINT_Q2,_T,_T,_T,_T,_Z,_Z,_Z,_Z,_Z,2021,0.43,,,,,,,,,SHK_COV_NATURAL,SHARE,0.01,A,GNB_EHCVM2021_LEGACY_v1,
dataflow,WB.AFW360:AFW360_HH(0.3.0),R,A,GNB,_T,SURVEY,SHK_COV_NATURAL,_Z,_Z,_T,QUINT_Q3,_T,_T,_T,_T,_Z,_Z,_Z,_Z,_Z,2021,0.37,,,,,,,,,SHK_COV_NATURAL,SHARE,0.01,A,GNB_EHCVM2021_LEGACY_v1,
dataflow,WB.AFW360:AFW360_HH(0.3.0),R,A,GNB,_T,SURVEY,SHK_COV_NATURAL,_Z,_Z,_T,QUINT_Q4,_T,_T,_T,_T,_Z,_Z,_Z,_Z,_Z,2021,0.3,,,,,,,,,SHK_COV_NATURAL,SHARE,0.01,A,GNB_EHCVM2021_LEGACY_v1,
dataflow,WB.AFW360:AFW360_HH(0.3.0),R,A,GNB,_T,SURVEY,SHK_COV_NATURAL,_Z,_Z,_T,QUINT_Q5,_T,_T,_T,_T,_Z,_Z,_Z,_Z,_Z,2021,0.21,,,,,,,,,SHK_COV_NATURAL,SHARE,0.01,A,GNB_EHCVM2021_LEGACY_v1,
dataflow,WB.AFW360:AFW360_HH(0.3.0),R,A,GNB,_T,SURVEY,SHK_COV_NATURAL,_Z,_Z,_T,_T,_T,_T,_T,_T,_Z,_Z,_Z,_Z,_Z,2021,0.35,,,,,,,,,SHK_COV_NATURAL,SHARE,0.01,A,GNB_EHCVM2021_LEGACY_v1,
dataflow,WB.AFW360:AFW360_HH(0.3.0),R,A,GNB,_T,SURVEY,SHK_IDIO_ECON,_Z,_Z,OU,_T,_T,_T,_T,_T,_Z,_Z,_Z,_Z,_Z,2021,0.31,,,,,,,,,SHK_IDIO_ECON,SHARE,0.01,A,GNB_EHCVM2021_LEGACY_v1,
dataflow,WB.AFW360:AFW360_HH(0.3.0),R,A,GNB,_T,SURVEY,SHK_IDIO_ECON,_Z,_Z,R,_T,_T,_T,_T,_T,_Z,_Z,_Z,_Z,_Z,2021,0.31,,,,,,,,,SHK_IDIO_ECON,SHARE,0.01,A,GNB_EHCVM2021_LEGACY_v1,
dataflow,WB.AFW360:AFW360_HH(0.3.0),R,A,GNB,_T,SURVEY,SHK_IDIO_ECON,_Z,_Z,_T,HHH_AGE_GE35,_T,_T,_T,_T,_Z,_Z,_Z,_Z,_Z,2021,0.31,,,,,,,,,SHK_IDIO_ECON,SHARE,0.01,A,GNB_EHCVM2021_LEGACY_v1,
dataflow,WB.AFW360:AFW360_HH(0.3.0),R,A,GNB,_T,SURVEY,SHK_IDIO_ECON,_Z,_Z,_T,HHH_AGE_LT35,_T,_T,_T,_T,_Z,_Z,_Z,_Z,_Z,2021,0.29,,,,,,,,,SHK_IDIO_ECON,SHARE,0.01,A,GNB_EHCVM2021_LEGACY_v1,
dataflow,WB.AFW360:AFW360_HH(0.3.0),R,A,GNB,_T,SURVEY,SHK_IDIO_ECON,_Z,_Z,_T,HHH_SEX_F,_T,_T,_T,_T,_Z,_Z,_Z,_Z,_Z,2021,0.28,,,,,,,,,SHK_IDIO_ECON,SHARE,0.01,A,GNB_EHCVM2021_LEGACY_v1,
dataflow,WB.AFW360:AFW360_HH(0.3.0),R,A,GNB,_T,SURVEY,SHK_IDIO_ECON,_Z,_Z,_T,HHH_SEX_M,_T,_T,_T,_T,_Z,_Z,_Z,_Z,_Z,2021,0.31,,,,,,,,,SHK_IDIO_ECON,SHARE,0.01,A,GNB_EHCVM2021_LEGACY_v1,
dataflow,WB.AFW360:AFW360_HH(0.3.0),R,A,GNB,_T,SURVEY,SHK_IDIO_ECON,_Z,_Z,_T,QUINT_Q1,_T,_T,_T,_T,_Z,_Z,_Z,_Z,_Z,2021,0.28,,,,,,,,,SHK_IDIO_ECON,SHARE,0.01,A,GNB_EHCVM2021_LEGACY_v1,
dataflow,WB.AFW360:AFW360_HH(0.3.0),R,A,GNB,_T,SURVEY,SHK_IDIO_ECON,_Z,_Z,_T,QUINT_Q2,_T,_T,_T,_T,_Z,_Z,_Z,_Z,_Z,2021,0.32,,,,,,,,,SHK_IDIO_ECON,SHARE,0.01,A,GNB_EHCVM2021_LEGACY_v1,
dataflow,WB.AFW360:AFW360_HH(0.3.0),R,A,GNB,_T,SURVEY,SHK_IDIO_ECON,_Z,_Z,_T,QUINT_Q3,_T,_T,_T,_T,_Z,_Z,_Z,_Z,_Z,2021,0.3,,,,,,,,,SHK_IDIO_ECON,SHARE,0.01,A,GNB_EHCVM2021_LEGACY_v1,
dataflow,WB.AFW360:AFW360_HH(0.3.0),R,A,GNB,_T,SURVEY,SHK_IDIO_ECON,_Z,_Z,_T,QUINT_Q4,_T,_T,_T,_T,_Z,_Z,_Z,_Z,_Z,2021,0.31,,,,,,,,,SHK_IDIO_ECON,SHARE,0.01,A,GNB_EHCVM2021_LEGACY_v1,
dataflow,WB.AFW360:AFW360_HH(0.3.0),R,A,GNB,_T,SURVEY,SHK_IDIO_ECON,_Z,_Z,_T,QUINT_Q5,_T,_T,_T,_T,_Z,_Z,_Z,_Z,_Z,2021,0.32,,,,,,,,,SHK_IDIO_ECON,SHARE,0.01,A,GNB_EHCVM2021_LEGACY_v1,
dataflow,WB.AFW360:AFW360_HH(0.3.0),R,A,GNB,_T,SURVEY,SHK_IDIO_ECON,_Z,_Z,_T,_T,_T,_T,_T,_T,_Z,_Z,_Z,_Z,_Z,2021,0.31,,,,,,,,,SHK_IDIO_ECON,SHARE,0.01,A,GNB_EHCVM2021_LEGACY_v1,
dataflow,WB.AFW360:AFW360_HH(0.3.0),R,A,GNB,_T,SURVEY,SP_HEALTH_COV,_T,_T,OU,_T,_T,_T,_T,_T,_Z,_Z,_Z,_Z,_Z,2021,0.01,,,,,,,,,SP_HEALTH_COV,SHARE,0.01,A,GNB_EHCVM2021_LEGACY_v1,
dataflow,WB.AFW360:AFW360_HH(0.3.0),R,A,GNB,_T,SURVEY,SP_HEALTH_COV,_T,_T,R,_T,_T,_T,_T,_T,_Z,_Z,_Z,_Z,_Z,2021,0,,,,,,,,,SP_HEALTH_COV,SHARE,0.01,A,GNB_EHCVM2021_LEGACY_v1,
dataflow,WB.AFW360:AFW360_HH(0.3.0),R,A,GNB,_T,SURVEY,SP_HEALTH_COV,_T,_T,_T,HHH_AGE_GE35,_T,_T,_T,_T,_Z,_Z,_Z,_Z,_Z,2021,0,,,,,,,,,SP_HEALTH_COV,SHARE,0.01,A,GNB_EHCVM2021_LEGACY_v1,
dataflow,WB.AFW360:AFW360_HH(0.3.0),R,A,GNB,_T,SURVEY,SP_HEALTH_COV,_T,_T,_T,HHH_AGE_LT35,_T,_T,_T,_T,_Z,_Z,_Z,_Z,_Z,2021,0,,,,,,,,,SP_HEALTH_COV,SHARE,0.01,A,GNB_EHCVM2021_LEGACY_v1,
dataflow,WB.AFW360:AFW360_HH(0.3.0),R,A,GNB,_T,SURVEY,SP_HEALTH_COV,_T,_T,_T,HHH_SEX_F,_T,_T,_T,_T,_Z,_Z,_Z,_Z,_Z,2021,0,,,,,,,,,SP_HEALTH_COV,SHARE,0.01,A,GNB_EHCVM2021_LEGACY_v1,
dataflow,WB.AFW360:AFW360_HH(0.3.0),R,A,GNB,_T,SURVEY,SP_HEALTH_COV,_T,_T,_T,HHH_SEX_M,_T,_T,_T,_T,_Z,_Z,_Z,_Z,_Z,2021,0,,,,,,,,,SP_HEALTH_COV,SHARE,0.01,A,GNB_EHCVM2021_LEGACY_v1,
dataflow,WB.AFW360:AFW360_HH(0.3.0),R,A,GNB,_T,SURVEY,SP_HEALTH_COV,_T,_T,_T,QUINT_Q1,_T,_T,_T,_T,_Z,_Z,_Z,_Z,_Z,2021,0,,,,,,,,,SP_HEALTH_COV,SHARE,0.01,A,GNB_EHCVM2021_LEGACY_v1,
dataflow,WB.AFW360:AFW360_HH(0.3.0),R,A,GNB,_T,SURVEY,SP_HEALTH_COV,_T,_T,_T,QUINT_Q2,_T,_T,_T,_T,_Z,_Z,_Z,_Z,_Z,2021,0,,,,,,,,,SP_HEALTH_COV,SHARE,0.01,A,GNB_EHCVM2021_LEGACY_v1,
dataflow,WB.AFW360:AFW360_HH(0.3.0),R,A,GNB,_T,SURVEY,SP_HEALTH_COV,_T,_T,_T,QUINT_Q3,_T,_T,_T,_T,_Z,_Z,_Z,_Z,_Z,2021,0,,,,,,,,,SP_HEALTH_COV,SHARE,0.01,A,GNB_EHCVM2021_LEGACY_v1,
dataflow,WB.AFW360:AFW360_HH(0.3.0),R,A,GNB,_T,SURVEY,SP_HEALTH_COV,_T,_T,_T,QUINT_Q4,_T,_T,_T,_T,_Z,_Z,_Z,_Z,_Z,2021,0,,,,,,,,,SP_HEALTH_COV,SHARE,0.01,A,GNB_EHCVM2021_LEGACY_v1,
dataflow,WB.AFW360:AFW360_HH(0.3.0),R,A,GNB,_T,SURVEY,SP_HEALTH_COV,_T,_T,_T,QUINT_Q5,_T,_T,_T,_T,_Z,_Z,_Z,_Z,_Z,2021,0.01,,,,,,,,,SP_HEALTH_COV,SHARE,0.01,A,GNB_EHCVM2021_LEGACY_v1,
dataflow,WB.AFW360:AFW360_HH(0.3.0),R,A,GNB,_T,SURVEY,SP_HEALTH_COV,_T,_T,_T,_T,_T,_T,_T,_T,_Z,_Z,_Z,_Z,_Z,2021,0,,,,,,,,,SP_HEALTH_COV,SHARE,0.01,A,GNB_EHCVM2021_LEGACY_v1,
dataflow,WB.AFW360:AFW360_HH(0.3.0),R,A,GNB,_T,SURVEY,SP_HEALTH_COV_HH,_Z,_Z,OU,_T,_T,_T,_T,_T,_Z,_Z,_Z,_Z,_Z,2021,0.02,,,,,,,,,SP_HEALTH_COV_HH,SHARE,0.01,A,GNB_EHCVM2021_LEGACY_v1,
dataflow,WB.AFW360:AFW360_HH(0.3.0),R,A,GNB,_T,SURVEY,SP_HEALTH_COV_HH,_Z,_Z,R,_T,_T,_T,_T,_T,_Z,_Z,_Z,_Z,_Z,2021,0,,,,,,,,,SP_HEALTH_COV_HH,SHARE,0.01,A,GNB_EHCVM2021_LEGACY_v1,
dataflow,WB.AFW360:AFW360_HH(0.3.0),R,A,GNB,_T,SURVEY,SP_HEALTH_COV_HH,_Z,_Z,_T,HHH_AGE_GE35,_T,_T,_T,_T,_Z,_Z,_Z,_Z,_Z,2021,0.01,,,,,,,,,SP_HEALTH_COV_HH,SHARE,0.01,A,GNB_EHCVM2021_LEGACY_v1,
dataflow,WB.AFW360:AFW360_HH(0.3.0),R,A,GNB,_T,SURVEY,SP_HEALTH_COV_HH,_Z,_Z,_T,HHH_AGE_LT35,_T,_T,_T,_T,_Z,_Z,_Z,_Z,_Z,2021,0,,,,,,,,,SP_HEALTH_COV_HH,SHARE,0.01,A,GNB_EHCVM2021_LEGACY_v1,
dataflow,WB.AFW360:AFW360_HH(0.3.0),R,A,GNB,_T,SURVEY,SP_HEALTH_COV_HH,_Z,_Z,_T,HHH_SEX_F,_T,_T,_T,_T,_Z,_Z,_Z,_Z,_Z,2021,0.01,,,,,,,,,SP_HEALTH_COV_HH,SHARE,0.01,A,GNB_EHCVM2021_LEGACY_v1,
dataflow,WB.AFW360:AFW360_HH(0.3.0),R,A,GNB,_T,SURVEY,SP_HEALTH_COV_HH,_Z,_Z,_T,HHH_SEX_M,_T,_T,_T,_T,_Z,_Z,_Z,_Z,_Z,2021,0.01,,,,,,,,,SP_HEALTH_COV_HH,SHARE,0.01,A,GNB_EHCVM2021_LEGACY_v1,
dataflow,WB.AFW360:AFW360_HH(0.3.0),R,A,GNB,_T,SURVEY,SP_HEALTH_COV_HH,_Z,_Z,_T,QUINT_Q1,_T,_T,_T,_T,_Z,_Z,_Z,_Z,_Z,2021,0,,,,,,,,,SP_HEALTH_COV_HH,SHARE,0.01,A,GNB_EHCVM2021_LEGACY_v1,
dataflow,WB.AFW360:AFW360_HH(0.3.0),R,A,GNB,_T,SURVEY,SP_HEALTH_COV_HH,_Z,_Z,_T,QUINT_Q2,_T,_T,_T,_T,_Z,_Z,_Z,_Z,_Z,2021,0,,,,,,,,,SP_HEALTH_COV_HH,SHARE,0.01,A,GNB_EHCVM2021_LEGACY_v1,
dataflow,WB.AFW360:AFW360_HH(0.3.0),R,A,GNB,_T,SURVEY,SP_HEALTH_COV_HH,_Z,_Z,_T,QUINT_Q3,_T,_T,_T,_T,_Z,_Z,_Z,_Z,_Z,2021,0,,,,,,,,,SP_HEALTH_COV_HH,SHARE,0.01,A,GNB_EHCVM2021_LEGACY_v1,
dataflow,WB.AFW360:AFW360_HH(0.3.0),R,A,GNB,_T,SURVEY,SP_HEALTH_COV_HH,_Z,_Z,_T,QUINT_Q4,_T,_T,_T,_T,_Z,_Z,_Z,_Z,_Z,2021,0,,,,,,,,,SP_HEALTH_COV_HH,SHARE,0.01,A,GNB_EHCVM2021_LEGACY_v1,
dataflow,WB.AFW360:AFW360_HH(0.3.0),R,A,GNB,_T,SURVEY,SP_HEALTH_COV_HH,_Z,_Z,_T,QUINT_Q5,_T,_T,_T,_T,_Z,_Z,_Z,_Z,_Z,2021,0.03,,,,,,,,,SP_HEALTH_COV_HH,SHARE,0.01,A,GNB_EHCVM2021_LEGACY_v1,
dataflow,WB.AFW360:AFW360_HH(0.3.0),R,A,GNB,_T,SURVEY,SP_HEALTH_COV_HH,_Z,_Z,_T,_T,_T,_T,_T,_T,_Z,_Z,_Z,_Z,_Z,2021,0.01,,,,,,,,,SP_HEALTH_COV_HH,SHARE,0.01,A,GNB_EHCVM2021_LEGACY_v1,
